﻿,youtube_id,comment,like_num
0,강지현,정찬성이 그랬지 ... 은가누를 처음보고 아...이사람이랑 붙으면 죽을거 같다고 ㅋㅋㅋㅋㅋㅋㅋㅋㅋㅋㅋ,132개
1,CausticSodaNaOH,사람같이 생긴 덤프트럭인건가?,18개
2,5PERCENT,0:22 가장 많이 한분이 요청함 ㅋㅋㅋㅋ,5개
3,0교시자취영역0CLASS,UFC 오기 과정 자체가 야생이였네,64개
4,대령통,저 상황에  나쁜길로 안 간게 대단하다,75개
5,진짜가렌RealGaren,은가누는 진짜 볼 때마다 질 거 같지가 않아요 ㅋㅋㅋ 워낙 괴수라서... 김동현이랑 붙던 우들리도 처음 봤을 때 엄청 세 보였는데 은가누를 처음 봤을 때의 피지컬은 어우,5개
6,황상철,펀치 한방한방이 오함마 ㅋㅋㅋㅋ,21개
7,운동부족,미오치치가 얼마나 대단한지 증명해주는 은가누 선수,66개
8,미스터지져스,으아아아아아아아 드디어 예,82개
9,SvoocOh,0:23 가장 많은 요청을 한사람이 했네ㅋㅋㅋ,40개
10,팩트에요,4:45 이때는 로젠스트루이크가 이겼네,6개
11,클리어,저사람 펀치력 기네스북 보유자로 1.3t 이라고 하죠,104개
12,신율담,20살때부터 훈련했으면... 진짜 상대가 없을텐데..,2개
13,갓핑거주식TV,시작부터 오줌 지릴꺼같다... 개무섭게 생겼다 진짜,3개
14,금성제,더 일찍 시작했으면 역대급 선수였을듯,69개
15,goingk,1:32 아이고난1 아이고난2,3개
16,김인생,은가누 진짜 경기 너무 시원하고 재밌고 그래서 은가누 너무 좋은데 지난번 미오치치와의 경기를 본 뒤로는 은가누가 미오치치를 잡는게 상상이 안감... 물론 그래도 둘의 리매치가 너무나도 보고싶음... 제발 얼른 다시 붙으면 좋겠다ㅠㅠㅠ,15개
17,정진욱,9:15 너무나도 무시(?)했기 때문에...,3개
18,거침없이미들킥,은가누 드뎌 나왔네요 감사함둥😍😍😍,6개
19,유신,제일 많은 요청인데 한사람이야 ㅋㅋㅋㅋㅋㅋㅋ 얼마나 간절했으면 ㅋㅋㅋㅋㅋ,30개
20,은준영,0:23 왜 다 똑같은 사람ㅋㅋㅋ,16개
21,시나브로,진짜 은가누가 하루라도 격투기 더 빨리 체계적으로 훈련했으면 진짜 엄청난 선수일텐데... 진정 신이 내린 몸,39개
22,서울이TV,미국흑인들은 돈 되는 스포츠로빠져서 ufc는 안올거같고 앞으로는 숨은보석이 많은 아프리카흑인에게 주목해도 좋을듯.,12개
23,RainMaker,"로젠과의 경기에서 같은 헤비급 선수의 카운터 2방을 무시하고 무지막지하게 들어가서 KO시키는걸 보고 느꼈습니다.





이 사람은 사람이 아니구나 ㅋㅋㅋㅋ",22개
24,김재웅,은가누 미오치치에게 쳐맞고 쫄보되서 슬픔ㅠㅠ,2개
25,Jokpangmae,리치+파워가 너무 사기얌,2개
26,료마리,"격투기만큼 타고난 재능이 중요한 스포츠가 없죠
단순타격만해도 오년 배운사람보다 오개월배운사람이 더 잘하는게 허다합니다 
그라운드야 숙련이 필요하지만 역시나 오래한다고 잘하는게 아니지요",16개
27,AlexYoon,오 은가누! 선수편 기대했었는데 올려주셔서 고맙습니다 차도르! 빠샤!,2개
28,조재준,케나다 아이스하키 리그에서 나는 싸움을 해설해주실수 있나요?,26개
29,박태희,은가누 엘보우 배우면 진짜 너무 끔찍하다,1개
30,취퀸배그,앤서니존슨이 헤비급에서 뛰는걸 보고싶었는데 그 욕구를 은가누가 해소시켜줌 ㅋㅋ 앤존 헤비급버전=은가누,6개
31,혿쥬,0:23 다 같은 사람이야 ㅋㅋㅋㅋㅋㅋㅋㅋㅋㅋㅋ,12개
32,,은가누는 진짜 체격대비 몸이 너무 좋음,1개
33,아니주차하지마시라구요,약물냄새 나는데,3개
34,소령TV,저 생명체는 사람이 아님 ㅎㅎ,2개
35,운동역학,"은가누 3분 버티기 10억 vs 그냥 1000원 
전 천원 받고 음료 하나 사 먹겠습니다",23개
36,조원휘,코디가브란트 해주세요,3개
37,mgkfire,빨리 은가누랑 코미어 붙는거 보고싶네요 ㅋㅋㅋㅋㅋ 개꿀잼일듯,2개
38,PotatoGold,존존스 좀 어떻게 박살내버리면 안되겠나? 은가누선수,3개
39,김상윤,1:54 하늘색바지 경북..?,27개
40,흑산도개불,"아버지때부터 이미 파이터기질이 있었내 
타격도 유전인듯",3개
41,조준형,7:58 얼굴이 어케 저렇게 찌그러지지ㄷ,31개
42,승승장구구,13:20 진짜 ㅈㄴ 쌔보인다...,7개
43,YoonWooJ,7:42 은가누 저정도면 계체량에서 뽀뀨 무게 빼줘야 될거같은데,0개
44,명탐정꼼수,가난하고 저만한 힘이 있다면 거의 100퍼 나쁜길로 빠질텐데 ..노숙을 하더라도 나쁜길로 안빠진 그가 멋지네요,3개
45,혿쥬,5:23 상하차로 저런 몸 만든건가 어떻게 몸이 저렇게 만들어지지 ㅋㅋㅋㅋㅋ,0개
46,할라이힛,7:40 대박...,0개
47,이준희,가히 신의 육체ㅋㅋ,1개
48,독스토랑Dogsrestaurant,오함마,2개
49,김슢,1:54초 경북 씨 발ㅋㅋㅋㅋㅋ,3개
50,하잇,7:57 와 실화냐,0개
51,감마,"??? :
조심해요우~! 
저 사람의 펀치는 1t 트럭보다 쎄요우~!",8개
52,이유쾌상쾌통쾌,차도르님 채널 너무 재밌습니다 :) 앞으로도 좋은영상 잘 부탁드립니다 😃,1개
53,RayKim,"설명이 다 좋은데요, 2003년에 프랑스에 도착할때 나이가 27이라고 되어있는데 그럼 지금 은가누 나이가 44이라고요....???",6개
54,소그,0:22 한명인데?ㅋㅋㅋ,31개
55,턱돌이,성이 은가누?은지원이랑 친척되누 ㅋ,1개
56,무채색필름,은가누다...!,11개
57,NeoGaudism,은가누한테 맞으면 응가눈다.,8개
58,메아리v,미오치치는 얼마나 대단한거야?,21개
59,김건,제일 좋아하는 선수에요ㅋㅋ,0개
60,퍼란라면,"은가누선수~! 
웅가누려가나요요요요용ㅇ~!!",1개
61,꾀돌,"도중에 사진들 엄청웃기네ㅋㅋㅋㅋ
은가누는 리스펙
ㅋㅋㅋㅋ완전 프레데터임",0개
62,youdanger,3분카레 ㅋㅋㅋㅋ잘보다가 훅 들어오노ㅋㅋㅋㅋㅋㅋㅋㅋㅋㅋㅋ,0개
63,DB,은가누한테 주먹으로 턱맞으면 교통사고 당하는 기분일듯..,14개
64,BummjunJoe,은가누가 부자인 유명 변호사 집안에서 태어났으면 역사에 이름올리는 전설적인 변호사겸 파이터가 됐겠네.... 어릴때부터 취미로 MMA 하면서 공부 계속했으면 ㄷㄷ 펀치 1.3톤 뭐냐 판타지인가...,17개
65,서정환,은가누 잘하지 ^^ 역시 차도르 님이 침 맛갈 나게 설명 잘하시네여 ㅋㅋ,0개
66,yooyoo,응가누면서 봤는데 은가누선수도 멋있네요!,16개
67,팅구탱구,오함마랑 뭐가다른가 ㅋㅋㅋㅋ,0개
68,김고니,내가 보기엔 쟤 디온테이와일더보다 빠따 쎄다,1개
69,독립꾼,인간승리다 진짜,1개
70,강,24살 부터 운동을 시작했는데 4년도 안되서 ufc진출? 진짜 외계인이네,0개
71,김태우,은가누는 진짜 고릴라 같음;; 너무 쎄,0개
72,morinherve,"가장많은 요청을 받은 프란시스 은가누는 모두 한사람한데 받았네요,,",0개
73,김주형,"펀치자세가 좋지않으니 상대입장에서는 변칙적으로 보이고 방어하기가 쉽지 않아 그대로 맞으면서 쓰러짐.
핵빠따 미쳤음.",1개
74,chTruman,10:45초 물나오는거 뭐냐? 침샘이가슴에?,0개
75,김태형,2:14  ㅋㅋ 케인인님이 생각난다 맨이야,3개
76,김판식,나랑 해볼만 하겠어~,0개
77,김병건,"복싱을 했어야 ....
제2에 조지포먼 나올뻔 했는대....
펀치력  맵집이 죽이는데..",23개
78,누군지궁금하다면내가,6:35 와칸다 포에버,3개
79,토니김,저 몸에 갑옷만 입으면 그냥 프레데터네 ㅋㅋㅋㅋㅋ,0개
80,이창현,멋지다,1개
81,JaeminRyou,꾸준글이 많았는데 드디어 ㅎㅎ,1개
82,박명훈,그러고보니 MMA는 운동화 없네~,0개
83,DjeifXksjf,정 치 꾼들도 다 피해의식 자 들 자격지심 ^,0개
84,elelTV,7:42 UFC 걸 처음 보고 선거 같은데 ㅋㅋ,2개
85,Principles,저 피지컬로 프랑스에 도착해 12만원있는 배경이 은가누를 만들었구나..나보다 억울한 놈 나와라 ㅋㅋ,0개
86,럭키,은가누가 기술이 없어서 분석할게 없다고 하는데 전혀 아니에요. 보는 눈이 굉장히 좋고 타이밍이 좋아서 타격을 걸어야 하는 순간을 잘 암. 그냥 펀치력만 좋은 선수가 아님,1개
87,토라의한끼amealofTora,"피지컬 자체가 후덜덜 하네요..
미친듯이 달려들면 어느누구도 감당 안될듯",0개
88,ChanukKim,스테로이드 안맞고 저런 몸이 나오다니 .. ㅎㅎ,0개
89,DanielPark박다니엘,카레가 웃기네요 ㅎ,0개
90,지나가는랜큐유저,0:23 한사람한테 가장많은요청을받음,0개
91,송재권,썸네일에서 오브레임 너무 편안해보임,0개
92,미미꼬미,"미오,존스, 효도르전성기",0개
93,WalterPPK,감량해서 존존스 매치 해보자,0개
94,광주자택에서검거된이재석,"7:35 여자들 눈돌아가는거 ㅈㄴ웃기네 ㅋㅋ ""저 남자.. 침대에서는 어떨까?"" 이생각일듯",2개
95,곤드래만드래,정찬성이  붙고 싶지 않다는 선수 군요~ 실제로 보면 더 무섭게 생겼다는데 ㅋㅋ,0개
96,바나나,쇠망치→오함마로  바꿔주시길. .,0개
97,성복동불주먹,은가누vs와일더/타이슨퓨리 ㄷㄷㄷㄷㄷ 돈들어오는 소리 들린다,0개
98,선불교선사,은건우 최고,0개
99,김병수,크... 모두에게 주어진 재능포텐이 터디는게 무서울 정도이 ㅋ,0개
100,Iamtitanium,은가누 귀여워~😄,0개
101,박준상,실제로보면 진짜 싸인받고 같이 사진찍어보고싶다,0개
102,늘해랑낭,무협지보면 수만명중 하나 나올법한 골격과 타고난 자질로 좋은 스승만 만나면 무림고수가 될수있을법한 은가누,1개
103,a강인기원전452년경전,0:23다 같은 사람이 요청했는뎈ㅋㅋㅋㅋㅋㅋㅋㅋㅋㅋ,1개
104,마이펫TV,은가누는 얼굴부터 챔피언,1개
105,이희열,실질적 챔피언,0개
106,힘차게날아라,잘봤 습니다 차도르!!!!,0개
107,zxZx,리얼 원펀맨,0개
108,따오기,은갓누,0개
109,토착왜구당전멸,차도르님 얼굴이 너무크신거같애요 ㅋㅋ,0개
110,SJ,노가다의 힘!!! 인간승리,0개
111,NULL,소방관아저씨가 얼마나 센지 알겠다,1개
112,마립간,프레데터보다 더 쌜듯,0개
113,김광수의복싱사관학교,말그대로 야생 ㄷㄷ그자체,0개
114,치타야,항상 볼때마다 고구마 먹어 답답한 영상 당신 말 보다 선수 실력을 볼수 있다면  사이다 느껴 질텐데.. 당신의 영상은 항상 답답해요 (즉 차도르 말 졸라 많아 = 선수 영상 짧아 = 고구마),5개
115,조원휘,최두호도 해주세요,1개
116,정혁진,무시무시하게 생겼지만 웃을때는 귀여워.,0개
117,다뿍후,은가누 격투기 더 빨리시작했으면 진짜 지렸겠다,0개
118,윤대훈,형 할로웨이 한번만요 제발요!!!!!,14개
119,하빕TV,은가뉴,0개
120,강태공,우와.. 은가누 저렇게 쎈데도 ufc 벽이 높긴 높네요. 아직 챔피언이 아니라니.. 어릴적 힘들었지만 타고난 피지컬이 있고 ufc라는 격투기가 있으니 가난은 곧 벗고 돈 방석 앉을 일만 남았으니.. 부럽군요.,0개
121,준서,원래 헬스는 관상용근육이고 노가다는 실전용 근육이랬다..,1개
122,JamesKwon,전성기때 효도르나 크로캅이랑 붙으면 어떨까 궁금하네요,0개
123,열무비빔면,"은가누의 베이스는 상하차네............
내 개쌉멸치 친구도 상하차 반년 하더니 이소룡 되더만 -_-....",2개
124,mysausalito,2~3인분의 일을 해따는건 뇌피셜인가요?,0개
125,No10EdsonArantesdoNascimentoPel,굿,0개
126,StephenHong,굿,0개
127,이민기,형 멜빈맨호프도 제발!!!!!!,7개
128,유키로로,은가누 삶을   영화로ㅡ제작햇음 좋겠다,0개
129,최성욱,가누형 피한번 흘리는걸 못봤네 ... ㅋㅋㅋ,1개
130,keubinsim,성난 황소,0개
131,Tidian,머싯당,0개
132,석중,최고다 응가누,0개
133,김수현,이형한테 맞으면 일단 상대가 죽은지 안죽은지가 궁금하다,0개
134,쎈스,피지컬보소 미틴 괴물,0개
135,영혼탈곡기,"기술 이런거 모르겠고 한방이야... 한방만 걸려봐 그냥 디지는거야 
드루와 드루와",0개
136,김승재,이번경기는 진짜 노빠꾸로 들어가서 보내는걸 보고... 미오치치의 대단함을 느낌,0개
137,흡킬,은가누랑 코미어랑 대결하면 좋을텐데~,2개
138,카옥,상대하는 모든 사람이 아이고 난 외치다가 쓰러질것같어...,0개
139,김영석,브록이 난젤조아,0개
140,맨근육,"저 스토리에서 지금정도면 미친파괴력..
명현만 선수와 붙으면 어떻게 되나요",0개
141,paulKim,서른 중후반즘 해서 전성기 맞을듯,0개
142,뽁뽁아빠,격투가를 떠나서 진짜 존경스럽다.,0개
143,최라마,헬퍼 세계관의 살골이 현실에 있다면 그게 바로 은가누다,0개
144,슈이,장난 아님,0개
145,구움프,미스터지져스님 축하드려여,0개
146,kyuwonPark,진짜 빠따하나는 최고다,0개
147,막판전설,걸리면 죽는다 끝,0개
148,ks9011,저게 사람펀치냐.. 오함마로 죽탱이 휘두르는거같네,0개
149,김재민,세상에는 천재는 없다 하지만 노력하는 천재는 존재한다 GSP,0개
150,mightymouse,난 쟈한테 맞기전에 나 아구통때러서 그냥 쓰러질 거야 하도 무서우니....ㅋㅋㅋㅋㅋ,0개
151,ENOCHTV,"은가누와 노가다판에서 만나서 시비 붙으면
그냥 끝나는 거다~",27개
152,변성균,그렇다면 미오치치는 도대체...,0개
153,주정우,어디선가 또다른 천재는 나타난다,0개
154,모드리치킨,금가누는 없낭,0개
155,의문의,"??? : 분명히 말하였어, 철퇴를 기억하라고 말이야! 알겠는가?",0개
156,JihwanSong,지금은 은가누가 아니고 금가누라고 하네요. 정정해주시죠.,0개
157,koo,등이랑 승모도 엄청큰데다가 근육발달도 엄청나게 되있음.. 진짜 적어도 오랑우탄이 떄리는 훅정도 될꺼같음..,0개
158,supermota,은가누의 두툼한 뒷꿈치 필살기 연마하면  좋을 듯!,0개
159,DONE,이정도면..와칸다포에버,0개
