﻿,youtube_id,comment,like_num
0,쌉팩폭러기,약물검사해봐야됨 100프로임 일단 국적이 브라질임,18개
1,DannyLee,셰브첸코 체급만 맞으면 다시 붙어볼만한듯 현재 유일하게 누네스를 이길 수도 있는 선수,24개
2,얍삽제갈량,싸이보그 꺽은건 진짜 충격,22개
3,떼꾸파파,싸우면 질 자신있음,38개
4,장피에르,누네즈행님 상남자였네 인공수정ㄷㄷㄷ,11개
5,좋아요아뵤,7:05 딕헌터인줄;;,2개
6,퍼그컵,2:21 십승 사세는 도대체 몇살이라는 거죠? ㅋㅋㅋ,7개
7,금성제,론다 맞는거 ㅈㄴ 재밌었음ㅋㅋ,17개
8,PS4일반유저,누네스 연타 적중률 보고 지렸슴.... ㄷㄷ,3개
9,시계는나의장난감,이자는 계집이 아니다.,5개
10,갓핑거주식TV,그 나라는 일단 도핑해봐야된다....,20개
11,SoL,"누네스는 솔직히,,,,,동체급 남자랑 싸워도 처맞을 남자 많을듯...저게 여자한테서 나올수있는 운동신경인가..",12개
12,너만의댓글,레즈같이생겼다생각했는데 레즈였네,2개
13,코알라,론다 로우지 처맞으면서 탭댄스 추는장면이 없네요...,14개
14,조으다,자신이없어요  이길자신이 ㅋ,3개
15,김동현,진짜 ㅈㄴ 멋있다 그냥,3개
16,김성철,"몸매 근육량 보면 나랑 비슷한게
왜 저게 여자지? 내가 여자인가?",1개
17,TV준원,그냥 그런 선수였는데 급성장함 의심스럽긴함,1개
18,kimHong,...ㄷㄷㄷ  여자 맞음? 꼬추 짜른거 아니가..ㄷ,1개
19,FreeMan,이야...성대결 하다 뚜두라 맞는놈은 어떤 심정일까 ㅎㅎ,1개
20,dooholee,10승 4세 ㅎㅎ,3개
21,repbutler1,데미안.... 마이아...   소개.... 영상..... 끼..에에에ㅔ....ㅔㅔㅔㅔ!!,0개
22,EY,1:42 아니 핸드스피드 뭔데,0개
23,훈이,아만다랑 싸워서 멋있게 때려눕혀질 자신 있다,0개
24,DanielJung,아니 주짓수도 블랙벨트에 유도까지 브라운이나 되는데 왜 이렇게 그래플링이 약하지,5개
25,,"여자 약물로 보입니다. 
나중에 밝혀 지겠죠.",0개
26,virtuosokim,격투기 경기에서 성대결? ㅋㅋㅋ 체중 10kg차이의 핸디캡을 줘도 못 이길듯. 뭐...일반인 불러놓고 경기하진 않을 거고,2개
27,0vercomefishingtv,미샤테이트 예뻐 ㅋ,1개
28,GateMan,요즘 론다로우지가 뭐하고있는지 궁굼합니다.,2개
29,김희영,제가 도전 하겠습니다~ㅋㅋ,0개
30,kkw61,일빠! 아만다 누네스 지리네ㄷㄷ,0개
31,권영준,체급 무제한 스페셜 매치로 아만다 누네스VS가비 가르시아 보고 싶네.,0개
32,이로운TV,진짜 잘해,0개
33,미친놈,조혜련이 제일쎄다,10개
34,우리는할수있다,화학전 ....,0개
35,레이드,약물검사가 필요한듯,15개
36,박준민,형 gsp랑 맥스 할로웨이도 다뤄줘,0개
37,말아돈아,미샤테이트 예쁘당,0개
38,김두한,상상도 못한 정체ㄷㄷ,0개
39,얍삽제갈량,"11초만에 승리라니 느려 느리다고
난 10초 컷 혼절 가능",2개
40,리판태,약물,1개
41,미스터지져스,조지 포먼 해주세요,2개
42,johnkim,누네즈가 저렇게 많이 졌었다니,1개
43,행복클릭,02:20 데이비스랑 누네스랑 쌍둥이?????????,0개
44,막판전설,브라질파이터 = 약물 이공식부터 깨고 찬양하자,0개
45,울어라기타줄KPOPGuitarTab,성대결 보고싶네요 ㄷㄷ,1개
46,DjeifXksjf,어중 간  하게만  하 지 마 여 ~,0개
47,김익명,셰이나 베이즐러 입니다~,0개
48,요리조리,바텐더 대회,1개
49,동스퍼스,남자 아님..??,0개
50,김쭈뿌,체급 남녀선수 통틀어 약물 확신 베스트 3안에 들어감,0개
51,박종원,싸이보그랑 다시 붙는거 보고싶네요,0개
52,깡테깡테,미샤테이트이쁘다,0개
53,순대국밥,남자같네 ㅋㅋ,0개
54,중앙정보부,론다는 솔까 개거품이지,0개
55,그림영상,와.......,0개
56,이원재,누네스는 상품가치가 없다.,0개
57,dojoongkwon,"아만다 누네스와 비슷한 여성배우가 있죠.
미셸 로드리게즈",0개
58,죠야부키,52초 유도랑 주짖수랑 벨트가 바퀸거 아닌가요?,0개
59,구원채,형님 개인적으로 사이보그 누나 팬이여서 사이보그 편 부탁드려요ㅠㅠ,0개
60,김두열,중성인데.ㄱ,0개
61,아남현이,"누네즈도 여러번 졌군
론다도 몇 번 졌다고 은퇴하냐
심장이 쫄보인듯",0개
62,이대길,누네스 비빌만한   셰브첸코,0개
63,박현규,호나우지뉴,0개
64,케시움마케힘,누네스랑 최현미랑 복싱룰로 하는거보고싶음..,0개
65,아사바,사이보그를 누가 꺾을 수 있겠는가 했는데 그걸 해내는 사람이 -그것도 나름 전성기의 사이보그를 - 있었음.. ㅎㄷㄷㄷ,0개
66,조원휘,최두호해달라고,0개
67,DjeifXksjf,화 끈 해  야 ㆍ 돈 벌  죠,0개
68,도르르,아직 성대결은...좀..,0개
69,최재용,싸형이 진 순간 이미 누네즈 이길 여자는 없는걸로 확정됨ㅋㅋ,0개
70,NoeL,론다 턱에 유도미사일 꽂히는거같았음,0개
71,SeongJuJeong,대기만성형 파이터였네요,0개
72,JobsShin,"저래도 민경장군한테는 안될거 같은데.
힘으로 서장훈도 이기는데.",0개
73,YOUNGSOOlee,아만다vs싸형은 화학전,0개
74,아론,혹시 성전환자인가요?,0개
75,인우권,0:51 주짓수 브라운벨트 유도 블랙벨트 아닌가요?(제 뇌피셜이 아니라면 죄송) 듣기론 주짓수 블랙따는데 10년 걸린다고 들었고 유도는 1년정도 걸린다 들었어요,1개
76,김시온,저 근육이면 히바 일반인 남성 3명도 때려잡겠네,0개
77,RomaldoCristianoon,헬리샤 스펜서 일라운드에 죽겠네,0개
78,에뜨랑제J,아만다 누네스.. 상남자구만. ㅎㅎ,0개
79,DjeifXksjf,쎄이코  보다  로렉스  가  한 수 아래이니 . 시간만맞으면돼. ^^-,0개
80,땐스배우,남성 호르몬이 너무 많이 분비됐네,0개
81,Andyomg,주짓수블랙치고는 의외로 그래플링은 그냥 저냥인듯,0개
82,민정만,세계에서 가장 싸움 잘하는여성은 아닌듯 네덜란드에 헤비급 여성 있지 않나요?,1개
83,riogold,누네즈도 네델란드인가 장신 파이터한테 엄청 수세 몰렸었는데 약한모습 많았음,0개
84,이소룡,??? 넌 쌘척하다 털린 비치 론다 로우지,0개
85,황상철,누네즈 왠지 약물러 같은데  그냥 남자같아 ㄷㄷ,0개
86,신율담,저정도면...  로드FC챔피온 먹지 않을까,0개
87,강충구,"격알못이라 궁금해서 그런데...
주짓수가 블랙벨트인데 그래플링이 약할 수 있어요?",0개
88,Johannesburg,유도 브라운벨트가 있나요?,0개
89,지오다지오,12:00,0개
90,ShashaA,론다는 유도기술빼고는 그닥...  킥연습만 좀 더 했으면 복귀전에서 그렇게 허무하게 지지는 않았을텐데요.,0개
91,현민,아만다혜련스,0개
92,이멀전시X,여성스런 매력이 있는데 잘하면 상품가치가 올라갈텐데 아직까지 사람은 시각적 개돼지라 실력보다 그럴사한 시각을 더 좋아함,0개
93,이현우,얼굴 한 대 맞고 즉시할 자신 있다,0개
94,yw,남자 여자 싸워서 누네스가 이기면  그때부터 여자들이 남자 때린다 ㅠㅠㅠ 아 미쳐,0개
95,까마귀,누네즈가 레즈였음??,0개
96,neoseo,후타나리 간성 이라고본다. 체내에 고환이 있을듯. 성기는 없어도 고환으로 남성호르몬 분비 되는 거다,0개
97,강남할배,잘보고갑니다 https://youtu.be/S3JD7GP4-as,0개
98,박지호,ㅋ,0개
99,윤상철,질리안은 뭐다?,0개
100,구동매,아ㅡ동성애 ㅈㄴ혐오,0개
101,UglyGayJewsAnglicanCatholicSatan,흑노 라티노 혼혈잡종 레즈비언 누네스는 경기할 때마다 봊 꼴리겠네?,0개
102,깜상,성대결 해버렸을 때 남자가 지면 X팔려서 어떻게 사냐...,0개
103,김대철,민경장군님의 러시안훅을 보고나서 타국의 여성격투가 선수가 눈에 안들어옴ㅋ,0개
104,난쟁이가쏘아올린,근데 레즈인건 아는데 인공수정으로 임신을 했다면...누네의 체세포를 이용해서 임신한 건가? 아니면 다른 남자의 정액으로 임신한 건가?,1개
105,조조,브금이 비지엠으로 깔기엔 너무 통통 튀어서 나레이션에 간섭을 좀 많이 하는거 같습니다. 다른 브금 찾아보시는거 살포시 추천해봅니다.,0개
106,jiny,약쟁이잖어ㅋㅋㅋ,0개
107,골든보이,"근데 누네즈-안산로프 인공수정 어떻게 한건가요?? 당연히 누네즈는 여자라, 여자-여자 인공수정 자체가 안될테고 그냥 정자은행 통해서 모르는사람 정자로 인공수정 한건가요??  그리고 이제 두사람은 같이 사는거예요??",1개
108,박필훈,세브첸코 1차전 2차전 저는 무승부라고 생각합니다 경기 내용도 서로 치고받는 양상이고 두 선수 모두 상대를 압도하지 못했죠 그래서 누네스가 여성부의 넘버원 이지만 적수가 없는건 아닌거 같습니다,0개
109,우태규,"셰브첸코와의 두 차례 경기 모두 엄청난 판정 논란이 있었는데, 그 부분을 언급 안해주신게 약간 아쉽네요...+_+",0개
110,강,사이보그하고 다시 붙어라 싸형 흥분하다가 쳐 맞아서 제대로 된 경기도 못한것 같다,0개
111,아이스맨아이스맨,여성전환수술 한줄알음,0개
112,jamesmorton,제발 약물 아니길...,0개
113,김중독,약물ㅋㅋㅋ,0개
114,키스케,와 사이보그한테 이겼는줄은 몰랐네,0개
115,한우주,유튜브인간적으로 광고너무길게하는거아니냐~~?? ㅅㅂ,0개
116,나라사랑,"아마다 누네즈?
게이 남자측이란다.
약물의심되 남성호르몬 주사. 여자 같지 않아...",0개
117,초마,사이보그 박살 낼때 이미 여자는 적수가 없는거지,0개
118,데이빗핫셀호프,"그녀 라고 하기보단 ""그"" 라고 해야죠~정자 소유 하고 있을지도",0개
119,DjeifXksjf,시계  로  랙스  안  좋습니다 ㅡ 스 위스  간부 가  한국을 봉 으로  잡은 거여여~~~,0개
120,푸우푸우,하빕아 이것좀 보고배워라 개미짓만하지말ᄀᆞ,0개
121,가오잡지마라,유에프씨 피땀노력 그리고 약물,0개
122,김세계평화,조혜련 닮음,0개
123,soojebi0000,걸리지 않은 합리적 갓심의 약물러 누네즈. 평범했던 애가 갑자기 저러는건..,0개
124,권태호,아시 비판텐 광고 역겨움 안봤으면 좋겠음,0개
125,고향전설,난5초는버틸수있다ㅋㅋ,0개
126,하루,"성대결이면 동체급 챔피언이 아니라 랭커랑 붙어도 경기 자체가 성립 안될꺼 같은데요.
기술이고 뭐고 기본적인 근력과 스피드만 따져도 상대가 안될듯...
최소 2체급 이상 다운시켜도 될까 말까 할꺼 같습니다.",0개
127,Broocelee,얼굴이 남자처럼 변하는게 약물이 의심스럼,0개
128,홀리쉬이이이잇,싸이보그랑 다시 붙는거보고싶다,0개
129,쟈기야힘내,아 빡치네 싸우고 싶어서 오늘 이불 뭉친거 오지게 패는중 ㅅㅂ다 죽었으<---방구석식충이,0개
130,ahgridbhek,이년도 동성애냐... 참 ㅅㅂ 가지가지 한다. 원래 남자 아닌가,0개
131,남궁환석,동성애자였구만~  짐승도안하는걸하누~?,0개
132,구미,미국판 조혜ㄹ...,2개
133,3대590kg,"수정으로 어찌 애를 가지죠?
누네스 성전환자 인가요?
정자가 어딨죠??",0개
134,강릉함씨,"유월 유일?
가끔 한국말을 좀 이상하게 하시던데
교포신가요?",3개
135,HyunseokYang,누네즈 성별은 여성인데 어떻게 인공수정을 하는거죠?? 난자랑 난자끼리 수정이 가능한가요?? 무식한 질문이었다면 죄송합니다,1개
136,코너맥드라이브,"대한민국을 대표하는 체널이라는 
멘트만 좀 뺀다면 참 유익한 체널인데
굳이 그런 멘트안하셔도 충분할텐데",8개
137,감동파괴자,솔직하게 정찬성이랑 붙어도 결과 예측이 힘들 정도다..누네즈 대단함...,0개
138,박스맨,동체급 일반인남자 2대 누네즈1해도 남자가 진다. 미트치는거 원투+킥 콤비네이션보고 본능적인 직감이 들었다. 영상 시청 후 마치 짝짓기 이후 잡아 먹히는 숫사마귀가 된 듯한 자괴감이 들었다.,0개
139,youngmin,싸형 또 붙어도 질듯...,1개
140,줄리오,"무슨 성대결은 장난해???
남성선수가 한팔로 해도 이기겠다.
린다로우진지 주제파악 못하고 
그년은 깝치다가
남성은 커녕 여성한테도 졌지

한 5체급 차이나면 한번 도전해볼수 있겠다.",0개
141,히딩크박사,누네스가 론다 로우지를 KO시키는 장면은 정말 역대급 코미디였죠!   보고 또 봐도 정말 재미있고 웃기다는.....,0개
142,상현안,남자지만 싸우면 지겠다 미트 치는게 장난아님,1개
143,농사꾼,약을얼마나쳐먹었나 점점 남자같이변하냐??초반모습은 사라지고 반달레이실바같이변하네,0개
144,곰퉁이,"론다로지는 여자코어
누네즈는 남자  코어를 갖고 있어 사이보고도 타격이 뛰어나지만 코어가 여자거든 
UFC 희대의 거품은 론다로지 그녀의 거품이 드러나는 매치는 캣진다노전  진가노에게 거품이 드러나야 하는데 
무서운게 패한적이 없을때 자신감 이거든 늘 하던식으로 초반에 진가노 유도기술로 중심무너뜨리고 관절기로 승기 
선수층이 엷을때 일반 여성보다 좋은 완력과 유도에서 배운 암바기술 거기에 패한적 없는 자신감이 시너지를 내었다면 
여성 선수층이 두터워지며 홀리홈 누네즈 사이보그 같은 선수가 유입되면서 론다로지가 설 자리가 없음
결정적으로 누네즈에게 타격으로 털리고 격투기 공포증에 도망으로 사실상 의퇴
누네즈에게 진 론다의 모든은 그야말로 순한양 나약한 여성의 모습이었다. 
근데 미샤 테이트 팔 부러트리고 사과도 없이 기고만장 했는데 본인이 무너지고 나서 뭐라고 깨달은게 있기나 할까",0개
145,푸우푸우,누네즈 호감형이야,1개
146,BoxingMania,"인공수정..? 
아만다 누네즈 여성이고.. 그 상대도 여성인데.. 

동성애란 말인가요?? 

이 영상보고 알았네요..;;",1개
147,데일카네기,"여성 해비급 선수들이랑 싸우면 질꺼같은데...61kg은 너무 무게가 낮다... 
여성들도 70kg넘는 분들 엄청 많던데
남자선수들이랑 붙을꺼면 누네스가 아니라 체급이 똑같은 여성부헤비급이랑 같은 채급 남자선수들과 붙어야하지 않을까합니다",0개
148,더킹,요즘 성전환수술하고 경기하는 미친 인간들도 있던데 남자가 여자로 성전환 해서 세상 말세다 정말,0개
149,웅이,"레즈쓰레기 동성애자를 뭔 찬양을 합니까 
에이즈생산자들인데",1개
150,오스카보다못한45살제임스훈,일신여상 짱 출신이다. 누네스 타격의 제왕 주짓수 상위 격투선스 상위 절때 공략법이없을것이라고 격투기 전문가들을 말하지만 나 일신여상 짱출신 눈에는 공략법이보인다.  분명 누네스는 제레미한테타격에서 밀렸다. 제레미가테이크방어만 좋았더라도 누네스는 2라운드 이후 전위를 상실했을것이다.  누네스는 세브첸코한테 고전했으며 세븐체코의 2경기 이후 공략법이나와있다. 무전존존스 시절 무적 하빕이 공략법이없는거랑 다르다. 세브체콘가 홀리홈전법으로 지루하고 치고 빠지기작전하면 누네스는 2라운드이후 체력이떨어질것이다. 그래서 포인트싸움으로 한다면 세브첸코가 이길것이다 세브첸코가 3차전을한다면 승부는박빙일것이다 . 이상 질문안받는다,7개
151,MartinKang,레즈비언인데 남자 역활하는 애구나. 더 쎈 여자한테 좀 처맞고 여자로 돌아가야겠네.,1개
152,이태호,누네스 정도면 그래도 남성부 유엪씨 밴텀급 하위권이랑은 맞먹지 않을까... 백사장 돈에 미친놈이니 성대결 딱봐도 엄청 많이 팔릴거 아니깐 준비해두고있을거같긴한데ㅋㅋㅋ다만 남자측에서 지면 너무 큰 손해+쪽팔림 으로 대전상대가 나올지는 모르겠다만,0개
153,시바연구원,국내 같은 체급 남자프로선수들도 누네스 못이길듯한데,0개
