﻿,youtube_id,comment,like_num
0,이거해조원희형,"조꾸벅~ 

저희 채널에 석꾸님이랑 제가 1vs1 대결하는 영상이 곧 올라오니 많이 많이 놀러와주세요!!!!!!",361개
1,오주환,좋아요가짝수면친구가떡볶이쏜대요!!,252개
2,이훈,"잘생긴 외모
훤칠한 키
좋은 골결정력
뛰어난 제공권과 피지컬
도르트문트를 거친 레전드


레반도프스키",30개
3,송제현,3:06 꿈쩍도 안하는 원희형ㅋㅋㅋ,14개
4,tv존존,다시 석꾸'축꾸'가 됬따 ㅋㅋㅋㅋㅋ,3개
5,루한TVRuhan,2:10 2:20 ㄷㄷㄷ,25개
6,권나윤,2:53초에 두게 차이부터 석꾸님이 지셨네요.,23개
7,정재영,석꾸형  얼마만에  축구유튜버  가  된거얌???ㅠㅠ,29개
8,고오자,원희형 실시간으로 구독자 늘어나네 ㅋㅋㅋ,30개
9,박준영,2:16초에 석꾸님하고 람꾸님하고 얘기하는거 보임ㅋㅋㅋㅋ,5개
10,김민재,와아아 오랜만 진짜 좋다,12개
11,면정학,"석꾸님 보면 마음이 환해지고 미소가 지어져요
화이팅 !!!!!",1개
12,황우영,원희형 무섭다.ㄷㄷㄷ,5개
13,신윤호,☆역시 석꾸축구는 나와서 축구를 해야 제맛☆,1개
14,화랑최,형 코로나 때문에 영상찍기 많이 힘들텐데 영상 꾸준이 올려주셔서 감사해여,1개
15,물탱tv,석꾸축꾸 화이띵~!,4개
16,오버워치,조원희 선수님 킥 실력이ㄷㄷ,2개
17,댄댄사커축구와일상,5:10 석꾸는 꾸벅! 조원희 형님은 꾸~~벅,0개
18,하하하,와~~~레전드가 석꾸축꾸에 나오다니!,2개
19,쏠랑쏠랑1227,와 이런 조합이 만들어진다니 가자 가자————- 진짜 석꾸님 많이 성공하신 것 같아요,2개
20,이슬TSNPYouTubeT참,형 드디어 국대 선수섭외했구낳ㅎㅎㅎ,3개
21,KateSon,이 영상 보고 바로 구독했음,2개
22,양태양,대박 대박,2개
23,축구의빠진형제축빠형tv,ㅋㅋㅋ 석꾸님,1개
24,김도경,"초반에 말이 지지직 거리네요 저만 그런가요?
석꾸 화이팅",1개
25,권나윤,'이거해조 원희형' 채널 구독하러 갑나다.,9개
26,또롱또롱,뭐야 이형 올만인데 월클이 되버렸잖아.....,1개
27,나이스킵,오 뭐야  진짜 조원히가 나와서 개놀랐네,1개
28,제시린가드,슛포러브형들 어케할거야 원희령 잃어버렷네 ㅋㅋㅋㅅㄱ,1개
29,정지오,석꾸님 오랜만에 운동장 나오셨네요 ㅋㅋㅋ,1개
30,GwaniLLim,석꾸님 성공하셨네,3개
31,노오오오력하면다되,"???:넵! 슛포러브, 뤄 ㅔ전드 옵으 뤠ㅔ전드! 조원희!",0개
32,김준엽,배그보다 이런게 훨씬 재밌다고 ㅜㅜ,1개
33,황우영,석꾸 화이팅!,1개
34,김준희,와 조원희선수 와...보고싶다....(조원희선수를 보니까 전설의 자책골 생각난다 원더(자책 헤딩)골)ㅋㅋㅋㅋ,0개
35,오주환,진짜쩐다,2개
36,은정김,21등ㅠㅠ,1개
37,정은결,"조원희형도 잘하시지만,
석꾸형도 보통 실력이 아니네^^",0개
38,곽대윤,롱킥 ㄷㄷㄷ,1개
39,예예,석꾸님은 언제나 봐도 반가운제 축구장에서 보시까 더 반갑네요~~~!!!!,1개
40,장진현,구독 계속 오르자,2개
41,도롱딱정벌레,"원희형 오신거 축하드려요





홍보하러왔지?",1개
42,빛나대디병,"저 형 그거 뭐더냐
인생 자책골 넣은 형아니냨ㅋㅋㅋㄴ",0개
43,,조원희선수와 자책골대결도 해주실수있나요,1개
44,민준배그TV,석꾸형 배그 같이하고싶어 !!!내 이름shindy7293이얌ㅎㅎ,1개
45,아아아,석꾸님 진짜와 보고싶었어요,1개
46,youtubejiomar,저 조원희 축구선수 은퇴한 날에 수원 월드컵 경기장에서 경기 봤어요!! 경기 전에 은퇴식 하셨어요 근데 수원 그날 인천 이겼어요 ㅎㅎ,1개
47,윤준영,왘ㅋㅋㅋ͈̱ㅋㅋ̤̫͚ 다리 힘ㄷㄷ,0개
48,JuyoungJeon,석꾸는 게임유튜버인데 축구도했었네.ㅋㅋㅋㅋㅋㅋ,24개
49,박준서,굿,3개
50,corykim,2:45 원희형 모르긴 뭘 몰라 사실 속으로 피식거렸지??,0개
51,김상현,최근에 석꾸님 실제로 봤는데 실물이 더 멋있습니다!!,0개
52,JohnsonKevin,슈프럽ㅋㅋㅋ,0개
53,정종민,"조크바(죠스바,스크류바,수박바)가 생각난다.....",0개
54,이은재,2주일 전애 폰압 당해서 한동안 못밨는더 ㅠㅠ,0개
55,윤태후,0:28초부터 조금 마이크가 끊긴다,0개
56,김김현,말왕vs조원희 선수 재밌겠다!,0개
57,유찬희,석꾸형...원희형은 대리석 8장을 깬사람이에요.......,1개
58,뽀송한구름,"오오 드디어 실외 활동 하시는군요~~!!!
그것도 조원희 선수와!!! 
오오~~ 이거해죠 원희형 구독 하러 갑니다~~^^",0개
59,읭읭이,와 석꾸님 드디어 바깥으로 나오셨네요 ㅋㅋㅋㅋ,0개
60,천사랑사는데블,석꾸축꾸님 농구공으로 리프팅 슛 연습하면 슈팅 세져요!  농구공으로 하면 아플 수 도 있어요!,0개
61,박우홍,오랜만에 밖에 나오셨네용,2개
62,정모정,여기 경기도 옥천맞죠? 아닐수도 있는데 여기서 대회 진짜 많이 뛰었는데 추억이다 ㅜㅜ,0개
63,킹시국,0:56 2:10 공 차는 소리부터 다르네,0개
64,도헤아의축구일기,와 허벅지 씨름은 원희형이 그냥 이길 줄 알았는데 석꾸님도 암청 나시네요!,1개
65,이지훈,형 성공했네요 ㅜㅜㅜ,0개
66,준혁차,안녕하세요,3개
67,남태경,석꾸벅,1개
68,엘지트윈스팬,석꾸벅~,0개
69,임재성,ㅋㅋ 석꾸형 섭외력 대단,0개
70,Sungjong,저건 축구공이 아니라 대포구만 다리에 쇠 박았는지 알아봐야함😂,1개
71,,그나저나 조원희 자책골 어케 한지 알려줘요,1개
72,루드굴리트,조원희선수 수원시절 그립네요..ㅠㅠ,0개
73,축구하는사람,드디어 야외 찰영이다!!,3개
74,백종원,이젠 축구선수도 나오네 ㅋㅋ,4개
75,TOByeon,조투소ㄷㄷㄷ,0개
76,찐한삼형제,석꾸께임에서 석꾸축꾸로 돌아왔다!,3개
77,고오자,진짜 1빠에요 처음이당!,3개
78,축구화YOUTUBE,석꾸 떡상할 기회,1개
79,한승헌,ㅋㅋㅋㅋㅋㅋ,0개
80,황롱도르,머리로 감아차기하는법 알려즈세요 ㅎㅎ,1개
81,가삐TV,이거 2019년 에 찍어었요?,1개
82,TVyy0302,ㅋㅋㅋ,0개
83,손규원,오랜만에 축구 영상 보네요 좋아요 누르고 갑니다,0개
84,무엘TV,와ㄷㄷ 잘차누,1개
85,승구광구,석꾸짱이지만 조원희선수 미쳤네ㅋㅋㅋㅋㅋ,6개
86,구름tvcloudtv,드론도 이용했네...ㄷㄷ,0개
87,변기커버,석꾸님 오랜만에 축구하셔서 기분너무 좋다,2개
88,이상현,45만명 축하드립니다,3개
89,우산이끼,"조원희 많이 봤는데..
수원선수인가?",0개
90,나행복,오랫만에 축구해서 좋네요.,0개
91,카지노,세게하라니까바로쎄게해 ㅋㅋㅋㅋㅋㅋㅋㅋ,0개
92,권도헌,조꾸벅,1개
93,최유리,이거 옥천 레츠포츠 공원에서 찍었어요,0개
94,방탄을좋아하는쿠키,"안녕하세요 석꾸님 팬이에요 유투브 영상 정말 정말 재미있게보고있어요 석꾸님 영상볼때마다 저도석꾸님처럼 축구잘하수있겠죠?
가끔밖에나가서 축구연습 하고있어요 처음으로댓글달아봐요 석꾸님 한테 댓글 받아보고싶어요!!!!! 석꾸님 처럼축구잘하고싶어요",1개
95,정윤희,1등!!!!!,1개
96,이휘은,석꾸다!,0개
97,노는형제,어!!!!!!저번에 이영진축구교실 왔었는데,0개
98,우르꽉기uleukkwaggi,와 미★쳤★다,3개
99,비갈TV,ㄷㄷ,1개
100,포토밍파샤리,오랫만에 밖에서 찍네요 ㅎ.ㅎ,0개
101,김도현,오 드디어 축구영상이다.,0개
102,kimtogatv김토가tv,석꾸 김꾸벅  ㄱ ㅎㄹ~~~,0개
103,불사조,와우,1개
104,김수한무,아 코로나,1개
105,김김현우,석꾸님 저랑 1대1 한판 붙어요,0개
106,dm100,2:22초 와라라,4개
107,PlayerWIN,자 선수 인생자책골 넣은 선수 아닌가요....,0개
108,정용운,형 운동장을 빌린거에요?,1개
109,boyOpacity,이분은 머리감기 잘하시는 조원희님 ㅋㅋ,0개
110,우서현,광희님 석꾸님 몰래축구 연습 해요,0개
111,정석이님팬,형!형 모든영상 조회수가 2억이 넘었어!!,0개
112,현석정,말왕 생각나누ㅋ 비교 ㄴ,0개
113,최성훈,구독자수 비례 조회수 와 이라노ㅠ,0개
114,도봉용곤,세계 최강자..?,0개
115,Tv게임,안녕하세요!,1개
116,이지환,형님 제가 사는 옥천 오셨군요 경기장 잠겨있는줄 알고 한동안 못갔는데 감사함다 ㅎㅎ,0개
117,DohyenKim,"또꾸벅~


저희 채널엔 아무겄도 안 올라오니 기대하지 마세요!!!!!!",0개
118,진승현,드뎌 왔군,0개
119,재민,이분이  예리한 헤딩슟 갖고있는 분인가요,0개
120,이형섭,마스크 안 쓰시나요?,0개
121,김재제로,석축 역시잘하군 훗^,0개
122,곽노민,저뒤에 청와대인가 ㅋㅋ,0개
123,GK은호,석꾸님 근데왜,0개
124,뱅트맨,원희형 님은 짠희형 이랑 친구인가여??,0개
125,박영자,석꾸님 요즘 코로나라 그런지 구독자 점점 줄어드시네..,0개
126,문준성,슛포러브 에서만 봤던 분이네,0개
127,반쨕요정,ㄷㄷㄷ,0개
128,HyunkyuKim,슛포러브,0개
129,하늘연구원tv,옥늘데이트는하셨나여?,0개
130,임현성,나만 목소리 끊기게 들리나..?,0개
131,쫄따구,하이요,1개
132,박경짱,석꾸님 저랑 축구시합해요.이길거에요,0개
133,킹니갓로스,"롱킥 최강자








토니 크로스",1개
134,엄준식,"이.....시........국......
엄",0개
135,JAYKIM,와 이거 우리 동네에서 찍었네,0개
136,park,석꾸최고,0개
137,프로또Protto,와 축구 국가대표 조원희선수..,0개
138,한컷만,와진짜 개쩔긴하다,0개
139,현서,왜 마이크 끊기는거같제,0개
140,토끼찡YOUTUBE,축구오랜만에 올렸네요,0개
141,김정환,굿,1개
142,호빵,가모따,1개
143,고태현,탱탱볼 1개 막으면 만원 어떼요 석구님,0개
144,참교육원정대행동대장,석꾸축꾸 이제드론도있나보네 ㄷㄷ,0개
145,MinsungGaming,형배그유튜버야축구유튜버야?,0개
146,백준우,어디 운동장인가요?,0개
147,박빔TV,조원희 자책골 생각함,0개
148,이태우,와 45빠,1개
149,고오자,나만0:27여기 깨지나?,2개
150,오대축,와 롱킥이ㄷㄷ,0개
151,강민석,미쳤다,0개
152,황우영,원희형 구독 한 사람?,0개
153,랭킹,선수따지 부르다니...,0개
154,시바견,코로나는???,0개
155,김준석,석꾸형 조원히 형은 다리도 넘기는 사람이야..,0개
156,이선스타esunstar,석꾸형 컨텐츠 가시죠,0개
157,루한TVRuhan,한국 롱킥 레전드 조원희,4개
158,GK승현Hwang,다들킥이 ㄷㄷ,0개
159,psj0211park,와 롱킥 잘함,0개
