﻿,youtube_id,comment,like_num
0,내계정을눌러라,꽈찌쭈는 더 미남형입니다.,906개
1,박현범,2:36 갓라이팬,22개
2,MooMin,축구 유튜버가 배그핵 해명 ㅋㅋㅋ,147개
3,민식,1:30 2:53 0.25배속으로 보세요,5개
4,콜라TV,네이마르때 소름돋음 ㅎㄷㄷ,5개
5,전병우,1:26 완전핵인데,21개
6,이선호,핵해명을 했는데 더 핵같음,17개
7,정재우,1:24~1:27 석꾸님 핵 쓰는줄;;,4개
8,게임채널시우,1:27에임핵 해명좀,4개
9,나리오,석꾸님 재민님 보다 잘해 ㅋㅋㅋㅋㅋㅋㅋㅋㅋㅋ,1개
10,농안,배그실력은 서꾸가 더잘함 ㅋㅋㅋ존버를 ㅋㅋㅋ,1개
11,동진오,석꾸가 모아이보다 잘할듯.. .. .. .. ㅋㅋㅋ,3개
12,정백태,"축구유튜버가 해명을한다??

ㅃㅃㅃㅃ",1개
13,조로,아니 축구유튜버가 뭘해명이야ㅋㅋ댓글에 이상하다고 하는애들은 또뭐야ㅋ,8개
14,동내형승권이,글고 꽈찌쭈가 아닙니다ㅋㅋㅋㅋㅋㅋㅋ,22개
15,TM,축구유튜버도 핵해명 하는데 우리 모아이는...ㅜ,43개
16,갓구,1:30 이부분도 해명한번만 부탁드려용,40개
17,이윤철,이 정도면 개잘핵 수준ㄷㄷ,1개
18,민민이,개잘핵 석꾸님. 너무잘해요~~~,1개
19,이민혁,2:37 갓라이팬,1개
20,hollangtv,저거 에임튀는거 달려가다 조준하면 그래여,1개
21,psj0211park,석꾸님 사운드 플레이 굿 ㅎㅎ 배우고 갑니다,1개
22,도헤아의축구일기,ㅋㅋㅋ 배그 진짜 잘하시네요 저는 어떻게 죽는지도 몰라서 그냥 죽어버리는데,6개
23,전건우,형 석구축구 말고 석구 배그로해,1개
24,한국다람쥐,와 나 석꾸 2달 동안 안봤는데 이제 배그를 하고있네,2개
25,루시우,7킬8킬9킬때 핵 해명 할만하네,1개
26,amo4591아몬,1분30초 핵인줄.ㅋ,1개
27,농구,헐 석꾸님 진짜 잘하신다 ㅎㅎ,0개
28,찐한삼형제,"배그 진짜 진짜 잘하시네요ㅎㅎ
석꾸축꾸 100 만 가즈아!",13개
29,김강현,ㅋㅋㅋㅋㅋㅋㅋㅋㅋㅋ 하다하다 축구유튜버가 핵의심받았어 재능대단하시네요,0개
30,강젹,TMI) 석꾸님은 준용님(유튜버)를 본다,0개
31,펜세드,석꾸님 쏠때 앉아서 쏘시면 훨신 반동이 잘 잡히실것 같아여,0개
32,,"축구 유튜버가 배틀그라운드하다 핵사용 의심을 받고
해명하는 영상",1개
33,달콩이,왜케 실력이 늘었어요 대단합니다.,1개
34,김영균,아니 형 ㅋㅋㅋㅋ 그냥 배그 유튜버 해도 돼겠다 에임이 일반인이 아니네 ㅋㅋㅎ,0개
35,최정원,"석꾸형!!!
컴퓨터 사양 답글로 알려줭~^^",0개
36,suJanchiGuk,걍 그 핑계로 배그 영상돔 많이 올려주세영,1개
37,Jump,"석꾸님 오랜만 이예요!!사랑해요♡♡♡
다음에 시간나면 배그같이해요ㅠㅠ",0개
38,Thira,석꾸님 배그클랜 필요하시면 답변해주세요ㅠㅠ,0개
39,정연수,계정님은 아니십니다.계정님 아이디는 real sexy gay 십니다 ㅋㅋㅋㅋㅋ,53개
40,농안,존버맨 아니에욬ㅋㅋ빡빡이가 아니에욬ㅋ,0개
41,곽준서,주키니 인줄ㅋㅋㅋㅋ,0개
42,조정빈,와 이형 배그유튜브 해도 될듯...ㅋ 축구유튜번데,0개
43,배그덕후,1:33 에임핵 의심됨,6개
44,녹원축구,형 배그스트리머 ㄱ ㅋㅋ,0개
45,북비유튜브,석꾸님 배그유튜버 해도될거같은데??ㅋㅋㅋㅋㅋ,0개
46,이승찬,일찍왔다!!,1개
47,손재민,석꾸형 조만간 석꾸배꾸로 바꾸실듯😁😁,0개
48,PDESijun,석구님 감도 어떻게 되용?,1개
49,이건성,ㅋㅋ,1개
50,기드리치,석꾸님 배그 진짜 잘하시네욥!!!,6개
51,씩빵굽는냥이,이거 석꾸님 아니죠 ㅋㅋ 수상한데,0개
52,정석이님팬,석꾸님 실력리 엄청 늘으셨네요ㄷㄷ,0개
53,쟁이거짓말,석꾸님 배그 되게 잘하시내요~~~,0개
54,읭읭이,석꾸님 요즘 구독자가 점점 계속 줄어들고있어요 ㅠㅠ,0개
55,주원,재민TV랑 킬 내기해요(?),1개
56,앙주우띠,1분26초 에임이 따라감,1개
57,무똘이,닉넴이 달라욤ㅋㅋㅋㅋ,0개
58,송반장,1:25초 핵,0개
59,찐진tv,진짜 잘하시네!!!!,0개
60,유준서,아닠ㅋㅋ축구채널인데 배그하면 조회수가 더 잘나오셔 ㅋㅋ,0개
61,실버딱지,내계정 눌러라 아님 ㅋㅋㅋㅋㅋㅋㅋ,0개
62,빛모드모드,석꾸축꾸가 아닌 석꾸배그..ㅎㅎ,0개
63,에당아자르,게임유튜버 하셔도 될듯 ㅋㅋ,0개
64,아브라카타브라,배그이제많이 하셨으면좋겠어요~~~,0개
65,박정현,되게 잘하신다...,0개
66,저격수,존버~~~,0개
67,현식,1:25 핵아닌가요....??애임이끌려가는데...,17개
68,암이,석꾸님 배그유튜브 해보시는거어때요?,1개
69,김재현,ㅋㅋㅋ 김계정임??,0개
70,767A,핵무새들 ㅋㅋㅋ 지보다 잘하면 핵이노 ㅋㅋㅋㅋ,0개
71,유정혁,ㅋㅋㅋㅋㅋㅋㅋ,0개
72,동환,"석꾸님 게임장비 궁금해요,...!",0개
73,1STKYLove미큐큐,석꾸축꾸님 배그를 더 잘하네요.♡,0개
74,응아니야,1분 25초 핵같은데,1개
75,김정윤,석꾸배그 채널 만들어주세욤!!,0개
76,잼민이tv,석꾸님 원레 축튜버 아님?,0개
77,isthebestSoccer,석꾸님 배그 잘하시네요~!!!,0개
78,노준우,석꾸형 같이 배그 가능해요?,1개
79,김민성,"석꾸님 반속만 조금만더빠르면되는데
지금도 엄청잘해요!",0개
80,이민혁,"1:32
에임이 사람을 따라가는데??",6개
81,남재규,석꾸님 안녕하세요 저는 석꾸 님 1000명정도 때 구독한 수독자입니다 석꾸님은 축구 피파 배그 까지 정복 하셔네요 저는 석꾸님  1000만명 이 될때 까지 응둰 하겠습니다그때까지 열심히해주세요열심히해주세요,1개
82,헬로,난 뜨뜨나 김블룬줄,1개
83,고병철,진짜 핵,0개
84,정재영,"석꾸님 저  오늘  에이스  갔어요.ㅎ 
3:16모배도  이런게  됬으명.ㅠㅠ
이러면  에이스  걍  ㅆ가능인데.ㅜ.ㅜ",3개
85,래래토냥,석꾸님 이제축구 영상 아니고 게임 영상?,0개
86,Hwakkill국방부장관,딱봐도 핵아닌거 같은데ㅋㅋ,0개
87,권종우,1:24초  핵해명  해주새욘,0개
88,기민지,와 석꾸님 게잘해,0개
89,Letz훔바,내 계정을 눌러라 인줄ㅋ,3개
90,따쿤,2:52 보세요,0개
91,DUBAICLASS,석꾸 왤케 잘해졌냐,0개
92,정승예,자 오늘 해볼존버는 무엇이ㄴ...ㅑ,0개
93,이은재,석꾸님은 진짜 잘한다,0개
94,ThJo,댓글에 계속 석꾸랑 뜨뜨 맞먹는다고 하는데 제발 배그 프로 제의받고 탑3안에 드는 배그 유튜버랑 축구 유튜버랑 비교하지마셈..,6개
95,BacktotheSoccer,저거 원래 앉아서 공격누르면 저렇게 됨,0개
96,겜돌,축구유튜버x 배그유튜버o,0개
97,신의열쇠극악잼민이,"핵 해명해야되는 부분
1:32",0개
98,Kenzie,배그 프로지망생인데 석꾸님이랑 같이 게임해보고 싶네요 저도 소소한 유튜버가 되고 싶어서 매드무비 찍고 있습니다,0개
99,김윤후,1:30초에 에임이 적으로 끌리는 그런게 보임 차라리 핵 해명을 나중에 생방으로 손캠 가시죠,12개
100,이휘은,석꾸님 집투어하고싶다,0개
101,모아이5년전,"썩꾸님 게임 영상도 좋지만, 축구영상이 좀 더 나을것같네요",0개
102,김혜성,축구유튜버가 게임핵 사용했다고 해명영상 올리는건 진짜 재밌넹 ㅋㅋ,0개
103,김주영,꽈찌쭈는 머리카락이 전-혀 없음,1개
104,서지우,"썸네일 보자마자 
내 계정을 눌러라님인줄 ㅋㅋㅋㅋㅋㅋ",17개
105,최진,"잘한다ㄷㄷ
ㄷㄷㄷㄷㄷㄷ",0개
106,구구독자,짭임 왜냐 머리카락이 있기때문,1개
107,민성,축구 하시던 분이 핵해명하는 날이오다니.....,0개
108,이수이수,1분 27초쯤에 왜 에임이 고정되지....,0개
109,HwakKill조호인,1:30  지렸다,8개
110,박주환,석꾸님 혹시 카배에요 아님 스팀 배그에요?,0개
111,스폐셜만화,석꾸가 핵이라고? ㅋㅋㅋ,0개
112,퀸지혜,따라하는 짭입니다 유명 존버맨 중에 저런 닉 1도 없어요~,0개
113,씩빵굽는냥이,영상 관전으로 하는거 보니깐 ㅋ 아닌가,0개
114,비유,1:25초에 갑자기 서칭 되는데? 핵 아님? 해명해주세요.,10개
115,사기꾼tv,1:23초 해명해주세요,0개
116,pilkykim,이제 축구유튜버도 핵해명하내 ㄷㄷ,0개
117,참치,이렇게 배린이 티내는데 뭔 핵이야 ㅋㅋ,0개
118,김뫙뭉이,어짜피나보단못하짘ㅋㅋㅋㅋ,0개
119,축구사랑하는사람,대머리가 아니니 안심하라구!,6개
120,김준혁,제가 한 저저번주쯤에 석꾸님 죽였어요 부캠에서 ㅋㅋ,1개
121,쭈니,"0:02 이때 모아이tv인가(?) 혼자 생각함 ㅋ
우리 재민이형",2개
122,lar,석꾸님 스트리머하시는게 어떨까요?,0개
123,네모,배그유튜브 해도될거같은데요?ㅋㅋㅋㅋ,0개
124,정상봉,"좋아요 안누르면






치킨먹을때 동생이 치킨무 테러함....(나도 몇번 당함ㅋ)",5개
125,06김진모,1:28 엥?? 애임이 따라간다???????,0개
126,검은나비music,그분 아니에요 석꾸님 그분은 머리카락 없게해놨어요 ㅋㅎ,0개
127,장민찬chan,"계정님 아니에요~
왜냐하면 계정님 아이디는 Realsexygay이고 머리 스타일도 다름니다~",0개
128,김지훈,형이제 배그 유튜버야?,0개
129,박시온,"1:30, 이건 진짜 핵의심",7개
130,,"해봤자 얼마나 하겠어 하고 들어왔는데 
생각 그 이상의 이상",0개
131,겜로로tv,배틀그라운드 채널을 만들면 더 좋을거 같아용! 이름은 석구배그...??ㅋㅋ 이런식으로...?,0개
132,태준,"배그 그래픽 설정 궁금합니다.
알려주세용",0개
133,게임계정,1:30 핵인디...,1개
134,히이신,"내 계정님은 카카오 입니다
석꾸님이랑 해보고 싶어여!!!",7개
135,김민준,9킬때 에임이 좀..끌려가는데..?,0개
136,기모링tv,여러분 꽈찌쭈는 대머리에요!!!!,0개
137,15,썩꾸님 티어 어디에요 ?,0개
138,병길,9킬째 핵같은디.....,3개
139,LORIN77,찐이다!!,0개
140,littleboy,ㄱㅖ정님아니예욬ㅋ머리가달라요,0개
141,Youtube나죽박,석꾸님 배그 잘 하신다.,0개
142,최원우,형핵,0개
143,한주형1222,그냥배그유튜브하시는개나을거같은데요ㅋㅋㅋ,4개
144,성훈TV,헐!,0개
145,,이렇게 됀 유튜버 들도 이거 해명 했는데,0개
146,손수연,40등이다 ㅎㅎ,0개
147,먹잘,배그석꾸:부업 축구,0개
