﻿,youtube_id,comment,like_num
0,Jella젤라,Jella is back.💜🔥,21개
1,선우,나만 그렇게 생각하는지는 모르겠지만 뭔가 인간 퓨마 느낌,25개
2,Sierrax,She is seriously the prettiest woman I’ve ever seen,679개
3,와랄리라,"언니,,,,남편자리는 찼지만,,,아내 자리는 남았지,,,? 딱 기다려 내가 갈게,,",13개
4,,"When she put the contacts she was arleady a different person
Bruuuh...",301개
5,ParkJimin박지민,if i was THAT pretty i wouldn't know how to act.,151개
6,Minsco민스코,언니야 사랑해❤️❤️🔥🔥,552개
7,HYUNJINSEYEMOLE,I see some people commenting about how the foundation is a bit darker than her actual face. You do know that you have to choose a foundation that’s the same colour as your neck right? The foundation matches her neck. It’s like how my body is significantly darker then my face and so I use a foundation that matches my neck.,10개
8,eyne,Imagine being this pretty? Can't relate,208개
9,ManaliN,Wow. .. first time seeing a Korean embracing tan skin,153개
10,ahyp,언니 화장전은 아기맹수...화장후는 암사자...,368개
11,Karuna,Did I really hear Punjabi music at the beginning of the video 👀,100개
12,굉굉쓰,"젤라님 결혼 하시고 나서 분위기가 더 짙어지신 것 같아요 색깔이 더 명확해졌달까?? 그냥 너무 좋아요😌❤ 춤도 잘 추시고 모든 일에 젤라님만의 색깔이 묻어져있어서 더 좋운 것 같아요
유투버 해주셔서 감사합니다🙇🏻‍♀️🙇🏻❤❤❤❤

정말 치타 왕국 여왕님...",433개
13,MochiYoongs,"JELLA, THAT CURLY HAIR LOOKS GOOD ON YOU!",369개
14,bbyghost,"she didn't asked to be born latina

NOMAS TUVO SUERTE",136개
15,진영오빠사랑해요,"옛날부터 사람들은 젤라를 머리위에 쓰고다녔다





그리고 그걸 '갓'이라불렀다",402개
16,BiaMartins,"she looks so gorgeous with the curly hair, i can't even",51개
17,RaquelAquino,She looks like a doll wow,54개
18,와우대박,"젤라님 진짜 분위기있고 그윽, 성숙한 삐삐느낌 알죠 완전 분위기,그윽,성숙한삐삐 그자체에유ㅠㅠ 
.
.
.
.
.
저번에 핫핑크컨셉 화장도 진짜 좋았는데 이번엔 파랑색계열의 색을 강조시켜서 또 해주셨음 좋겠어요♥️♥️",165개
19,peachbunjaedo,OMG your hair looks like mine.. back then i want straight hair because i always get hate for my hair. But now i realized Curly hair is really beautiful🥀🌱,148개
20,vic,she looks like a lion omg,45개
21,Duuuasdk,Tan skin light green eyes the most beautiful around,33개
22,작은세상,"언니 마당에 풀을 뽑았거든? 근데 뽑을 때마다 풀이 뭐라고 해서 잘 들어봤더니..
.
.
.
.
젤라 뷰티'풀'🌱🌱",101개
23,김현서,"와아.... 너무 이쁘다..
나 같은 똥손은 본판이 이뻐도 저런 이쁜 화장 못행ㅠ",148개
24,lulualaa,"You inspire me so much jella ,I really gained a lot of confidence about my skin tone after watching your amazing videos💗💜",38개
25,김제이,디즈니 여왕같아 언니....,50개
26,CatalinaGarca,"I like her skin color as a korean, without or with makeup she so gorgeous, stunning I ever seen 😍😍😍😍💜💜💜💜🔥🔥🔥",47개
27,BladeRJoi,When she drank out of that monster....i dont know why she instantly became more likeable to me :D,13개
28,이승아,와....인간체리그자체 완전익어서달달해진그 블랙체리그자체.....젤라님 화장너무잘하세요❤☺❤,48개
29,Helenkim,"Without makeup:
Jella be like : 🧏🏻‍♀️+✨
Me :🧟‍♀️+ 💩 
With makeup 
Jella be like : 🧏🏻‍♀️+✨✨✨✨✨...✨
Me : 🧏🏻‍♀️+✨",54개
30,Haridonya,"She's cute and everything but the sad part that when someone is naturally tanned no one say anything about it. People just compliment fake tans it's just beautiful when someone is not meant to be tanned and fakes a tan
(Sorry for my bad english)

Edit:sorry i didn't know her skin is naturally tanned

Edit 2:turns out she's not tanned",119개
31,mena,미친 비주얼... 와 ... ㅋㅋㅋㅋ 진짜 미쳤어,14개
32,IdkLol,She is literally drop dead GORGEOUS!!!,2개
33,팔학년이반시보번뛔뛔응,인간 블랙체리 ...🖤🍒,5개
34,리두뚜,너무 이뻐서 감동인건 첨이눼... 🙀,3개
35,MariaClara,You look gorgeous with this hairstyle!!,24개
36,내가최고야,"젤라님 KT에서 고소당했죠





미모가 기가막혀서,,",18개
37,김하연,"언니..곤충이죠..                                 










얼굴이 ‘개미’쳐서",49개
38,수미,카르멘 생각나요 너무 예뻐... 배경음악은 세뇨리따 깔고싶어요 너무 이뻐,5개
39,루롤,외국인 영화배우 보는 기분☺️,4개
40,채은,"와 진짜 썸네일 보고 "" 와 "" 하면서 들어옴..;",4개
41,서채연,걍 넘어가려고 했는데 너무 이뻐서 안볼수가 없었다;;;,5개
42,후엥,"입에서 감탄만 나온다,,,
아핳,,우와,,♥",4개
43,Dongxxan,당신....언니.........나한테...이러기야...?...낟죽..어..,5개
44,냥냥,언니 투쿨 에끌라 새틴 쿠션 제일 어두운 거 써봐요 언니 그거 완전 겁나 24 25호를 위한...... 진자... 레전드,3개
45,척척이,"자나깨나 떡볶이타령ㅋㅋ
평생 안고갈 숙제임 떡뽀끼는..",5개
46,로세,진짜 에스메랄다가 사람이면 언니일 것 같은 느낌... 분위기 독보적이에요 ❤️ 사랑합니당,6개
47,하이,와..젤라님 정말로 존경해요ㅠㅠ,4개
48,itspatts,"Jella you look beautiful with that hairstyle 💕 I want to try that cushion, your skin look so glowy 😍",28개
49,김뗌ddam,뭐뭐죠.. 이 완벽한 아름다움은..♡,22개
50,tjrudak,"언니 너무 예쁜 사람을 보면 눈이 잠깐 먼데여
핳ㅎ 어떻게 눈이 멀엏ㅎ
언니 갑자기 앞이 안 보여요, 지금 병원이에요 거울보고 눈이 보이기 시작했어요..",13개
51,빠마머리앤,미국드라마에 출연하는 여배우같아용 ㅎㅎ,5개
52,HA,I dont understand a word of what your saying but I always enjoy your tutorials. You are absolutely stunning. I love your features and skin tone.,23개
53,AK,omg the Queen is back!!!,5개
54,김고은,이효리의 미스코리아가 떠올라요😍,4개
55,YHOTR,"진짜 화장천재...., 예쁘신것도 있겠지만서도 피부표현이나 눈화장이나 어디 빠지지 않네요....젤라님 지금도 흥하시지만 더욱더 흥하시길 바랍니다...😭😭💜💜💜",6개
56,putridayana,진짜 예뻐요 😍,5개
57,감귤,언니야...모델해줘요 모델ㄹ 넘나이쁘고 사진막뽑아서 굿즈만들고 막하고싶당 하...너무이쁘지너 얼굴이 이렇게 메력적이라니 하....진짜 너무 예뻐서 한숨밖에 안나와...,3개
58,강하영,아니 어쩜 매번 영상이 이렇게 레전드일수가.....,10개
59,넷망계히키코모링,언니 너무 이뻐요 ㅠㅠ 언니하고 똑같은 화장 해봣는데 엄마가 어디 움막사는 토인 아줌마 같데욬ㅋㅋㅋ 신이버린 얼굴과 손ㅋㅋㅋ,4개
60,eeeK,한국 뷰티유튜버 중 몽환적이면서 섹시하고 시크해보이는데 착할것 같고 발랄해보이는 독보적인 느낌이라 제일 사랑해요..♡,7개
61,먼지님,에스메랄다 느낌나유!,4개
62,IamCute,"You're really beautiful, I love every make up you do and you rock it every time. So far I can't choose what's my favorite looks since everything is so perfect.",3개
63,여자사람,언니 전 진짜 마지막에 젤라또분들은 항상 소중하다는 말 들을라고 영상 끝까지보나봐요ㅋㅋ 너무 좋아요ㅎㅎㅎ,3개
64,최진아,"매번 메이크업 보면서 감탄 입니다 저도 따라 하고싶지만, 잘 안되네여 ㅋㅋㅋ",3개
65,LibbyHunt,You look so beautiful and bronzed! 🍒✨,3개
66,김석진어깨에나라세우자,와 언니 나 주근깨 진짜 약간 콤플렉스까진 아니여도 맘에 안들었는데 언니하니까 세상 깨발랄 이뻐ㅠㅠㅠ 무슨일이야ㅜ,11개
67,조랭이,노트르담 드 파리에 나오는 에스메랄다 같은 느낌! 느무 느무 아름다우십니다 ^ㅅ^,13개
68,봄봄,"독보적 분위기 어쩔,, 🤭💙

날씨가 젤라여왕님 보고서 조만간 비 소식 있다고 하네요 ☔️ 
심장마’비’ 😎🎤",2개
69,tjrudak,영업왕이시넹..왜 항상 화장품을 사고 나서 또 갖고 싶은 게 생길까ㅠㅠ,4개
70,다홍스웩,와... 썸네일 미쳤따뤼..,5개
71,Niroe니로스,와 진짜 와....우와......얼굴 넘나 화려해서 귀걸이 왕따시만한 거 나중에 알았어요...,6개
72,,"I saw a beauty. I pressed in, wow😍😍😍😍✨💕
But my fingers are not talented enough to do something like😭😂",2개
73,마이네임이즈캐럿,빨간체크 플레어스커트달린 레이스 원피스 빵빵한거 입고 햇살비치는 잔디밭 위 빨간체크 돗자리깔고 나무바구니 들고 피크닉 간 늑힘 먼지 알져?,3개
74,NAEUNSTTYA나은스쨔,알람설정 해두기 잘했다 ....... 들어오자마자 눈호강 😳❤️,13개
75,oot,진짜 이분.. 흔하지 않은 아름다움이다,2개
76,MissionMad,this whole look is AMAZINGGGGG!!,23개
77,백뽀쨕,언니 이제 거의 80만이구 곧 100만이네여 항상 영상 고맙구 언니 너무 멋진 사람이에요 존경하고 언니의 멋진 부분 많이 배워가요 저뿐만 아니라 다덜 그럴걸요오~?? 앞으로도 잘 부탁해영🙏,7개
78,주름이,와 이렇게 화장하는게 잘한다고 하는거구나 ... 진짜 깔끔하고 너무 예쁘세요 젤라님❤️❤️,3개
79,김주영,"화장전 수수한 얼굴의 진보라도 화장후 이목구비주장작렬 외국언냐같은 젤라도 모두 다 사랑입니다!!!~~~~~~~~ 존예존예😍😍
진짜 젤라님 하구싶은거 다햇!!!!😘😘😘😘",9개
80,서주은,"진짜 이 헤어스타일이랑 귀걸이가 이렇게 찰떡이라니,,,,❤️ 찐 금손이시다 오늘 메컵도 ㄹㅇ 뿌셔❤️❤️❤️",12개
81,ororaORORA,헤어랑 분위기가 모아나 같아여!! 나중에 모아나 메이크업 해주실 수 있나여,4개
82,최은서,"이쯤되면 언니는 그냥 장르가 아닐까 ㄹㅇ첫장면부터 심장 걍 밟아버림 개좋아 더 밟아줘요 언니가 항상 행복했으면 좋겠다 조각조각난 감정들도 다 붙여주고 싶고 묶어놓고 엄청나게 달고 기분 좋은 것들을 먹여주고 그런 것들 보여주면서 작정하고 힐링 시켜 주고싶어 기다려요,,,,,,",5개
83,lilhoe,We love a queen who appreciates dark skin tone ❤,1개
84,kkk82,진짜 썸넬 보자마자 소름..... 항상 화장 전이랑 후 그 갭차이에 치입니다ㅠ 전에는 완전 애기애기스러우신데 후에는 와 진짜 그냥 여왕님... 너무 멋져 엉엉😂,3개
85,옌지,진짜 난 피부색 하얀것만 좋았는데 젤라님보고 생각이 달라졌어요😂,4개
86,나는그래,언니 항상보면서 느끼는 건데 ... 서열1위인 사자인 것 같아요... 너무 멋져요 ㅠㅠ 제 롤모델 이시랍니다 ⌯' ▾ '⌯,9개
87,자라나라모리모리모리,"싸뢍하는.. 나의 쎄뇨리따ㅡ★ Jella..♥
보글보글 챱챱한 머리도 정말 너무 매력적...⭐",4개
88,클래식츕,"메리다+포카혼타스가 사람이면 딱 이느낌,,,",2개
89,원숭이조련사,왜 매번 화장할 때 마다 얼굴이 바뀌죠? 도대체 어떻게 하는거에요?ㅠㅠㅠ 날 죽였어ㅠㅠ,3개
90,사랑해요연예가중계,와 언니 나 썸네일 보고 심장 부여잡고 왔잖아.. 이게 어떻게 된 일이야 늘 이쁘긴 했지만 오늘 이거 뭐야 언니 진짜 너무 사랑해요❤,3개
91,꼬깔콘,언니 미쳤나봐 대애애박 언니 분신 도대체 몇개야 왜다 모든화장 어울리고 난리야ㅜㅜㅜ,4개
92,Natalie,진짜 애엄마인지 아무도 모를꺼 같아요! 너무 이뻐❤️,6개
93,권유진,와 언니 진짜 너무 이뻐여ㅠㅠㅠㅠ❤️❤️❤️,3개
94,먕,와 블랙체리라니 미쳤다... 얼굴 화장 블랙체리 그 자체여서 모니터 너머로 체리 향기 나는 것 같음🍒,3개
95,연쥬,아니 언니 너무 잘 어울리잖아요... 못하는게 뭐에요 ???,4개
96,잉뀨,와 머리 완전 찰떡ㅠㅠㅠ내가 하면 해그리든데..,5개
97,TAVI,"진짜...너무 예쁘다...🍒🍒🍒 세상너무 예뻐....💘
할말이없다...너무 예뻐...🍒💜",3개
98,당쉬고싶,헐 뭐야 너무 오랜만에 어두운 화장이라서 내가 못 본 옛날 영상인가 했는데 어제 올라온거자노아 너무 좋아 에스쁘아 사야지 ..,3개
99,NATHALIEBOYER,"QUEEN JELLA they call her!
killing it again! v=3333",4개
100,이은주,아 언니 진짜 너무하네 이렇게 세상이쁨 어떡해요. 나 진짜 진지해요. 언니 그만 이뻐요 ✋ 충분히 이쁘니까 이렇게 더 아름답지마요 ✋ 그런데 언니는 또 다음영상에서 더 놀랍게 하겠죠? 아휴 진짜 못말린다니까,3개
101,annaaliana,You look stunning with those curls,9개
102,한입만죠라,아니 진짜 미쳤 너무잘어울려요 이런컨셉............👍🏻,3개
103,민서minseo,와....진짜 썸네일 심즈 아니에요..??? 진짜 개이뻐.....ㅠㅠㅠㅠㅠㅠ😭❤️,5개
104,장하은,보고 싶었어요 진짜ㅠㅠ😭😭💕💕💕💕,6개
105,동동,진짜 젤라님은 그 많은 뷰튜버 중에서도 엄청 독보적임.. 젤라님 마스크 자체가 되게 유니크하시기도 하지만 메이크업도 뭐랄까 항상 야생 동물느낌이 남.... 진짜 너무 멋져ㅠㅠ♥♥,3개
106,배은재,언니 일찍왔어요!! 선댓후 감상할게요!! 사랑해요 너무 이뻐요,5개
107,얌얌,누가봐도 고민하고 연구하신 티가 나요.. 열심히 사는 언니를 보면 항상 자극이 되네요! 그래도 건강이 최고인거 아시죠??? 운이 좋다면 한번 더 만날 기회가 있겠죠 !?!? 그때 너무 떨려서 제대로 말은 못했지만 언니가 지친 제 삶에 위로가 된다는 말은 정말 진심을 담은 이야기 였습니당 행복해야해요 언니!,3개
108,민경두리,언니 행복하면좋겠어요 정말로 곁에두고싶은사람일거에요 언니는너무소중한사람이니까 핸복할가치충분해요 항상응원해요😊,3개
109,구마,얼굴 정말 작으시다...,4개
110,태민taemin,젤라님 너무이뻐요😘❤❤ 선댓글후감상할께요,4개
111,체리불라썸,언니 이번에 아모레에서 새로나온 남자 메이크업 브랜드 파데 여자가 쓰기도 좋고 색도 어둡대요!!언니도 ㅆ보심 어떤징,3개
112,응,와 진짜 들어오자마자 입틀막 했습니다...  너무 예뻐요🖤🍒,3개
113,박혜원,우왕..진짜 고급지게 이쁘시당..👍👍👍👍👍,5개
114,JingleMaglaque,She kind of look like the girl version of southkorean actor Lee Joon ki ❤❤❤,7개
115,AnesiaAndrews,I love the hair!👌🏽,14개
116,최정원,볼때마다 언니 매력에 빠져버려🥰🥰🤭❤,5개
117,홀을롹,"소설한편뚝딱
어느날 80년대에 나이트클럽을 갓더니 곱슬머리의 인간블랙체리 젤라님이 춤추고잇어서 첫눈에 반햇다며 주접떨면서 고백해야할거같음 결론은 언니 사랑한다고요; ㅠ",2개
118,PandaXD,Jella you're so cutie I love your skin color❤️❤️😭,3개
119,무무,"약간 흑화(?)한 메리다 닮았네욤
그나저나 오늘도 너무 예쁘세요😚",8개
120,백경림,너무이뻐요 진짜!!🤭💕 하이라이터 바르는부분만 세번째 돌려서 보고있어요ㅎㅎㅎㅎ😘,3개
121,하늘,볼때마다느끼는거지만..진짜개예뻐요후..🤞🤞🤞,3개
122,송이,인트로 너무 예뻐서 벗어날수가 없다 진짜 왤케 이뻐,2개
123,HeavenlyAthena,Omg that intro though😍❤️❤️,1개
124,고먐미냥,헐 언니 약간 전소연님 닮으셨어요,5개
125,elangbamvanshikadevi,THOSE EYES!!!!!!!!!!!!!!!!!🔥🔥🔥🔥🔥🔥🔥🔥🔥🔥🔥🔥🔥🔥🔥🔥🔥🔥🔥🔥🔥🔥🔥🔥🔥🔥,1개
126,KY,진짜ㅜ극한 육아에 힘들고 지치는 나날인데 언니영상보면서 힐링해요ㅠㅠ같은 애기옴만데 언닌 이쁘고 멋지고 그냥 매력폭팔ㅜㅠㅠ이런 언니랑혁이님이 부러운지경😭진짜 제 최애언니 젤라님 평생 유튜버 해주세요ㅠㅠㅠㅠ맨날 보고싶어 중말 꿈에서도 나오는지경🙈💛🙊,3개
127,사랑이가득한올라프를사랑해,이글립스 쿠션 바르시는 파운데션 브러쉬 정보가 더보기에 없는데 혹시 어디껀가요..?^^,3개
128,,이쯤 되면 드는 생각... 이 언니는 못하는 게 뭘까... 완벽하지 않은 구석은 있는 건가... 안 예쁜 구석 하나 없이 완벽하잖아요 그냥 ㅠㅠ,3개
129,민형,와..언니 ㅜㅜㅜ 미국배우 모시고 메이크업한줄...역시...젤라언니 ㅜㅜ 이게 언니의매력 ㅜㅜ 게다가 매력 맥시멈한 메이크업 ㅜㅜ,3개
130,이옌아,하 언니 반칙이에요 진짜 썸네일 보고 홀린듯이 들어와버렸어유ㅠㅠㅠㅠㅠ제가 미칩니다 증말 언니 사랑해요...,5개
131,QueenSanny,So gorgeous 😍 anyone know the name of music?,2개
132,NinaYellyTamara,Awesome!! Exotics!,3개
133,내가누가니머리위에똥쌌게,"진짜 뭔가 현대판 자스민 느낌
자스민이 이시대에 살아있는 인물이었으면 저랬을거같애",4개
134,ol,8:51 Hwasa!!!,1개
135,VeaTrixieSantos,how do you curl your hair like that??? so pretty <3,1개
136,정이주,이렇게 변함없이 예쁘기도 힘든거 거든요 근데 진짜 언제까지 아름다우실 예정인지 저도 좀 알려주세요 미리 마음 진정 좀 시키게 매일 젤라님 영상 보면 예뻐서 심장이 요동 쳐요 엄마의 모습 진보라도 예쁘고 젤라또 들의 사랑 젤라의 모습도 이쁘고 진쫘 다 예뻐요 🌼💛🌼,2개
137,MercyCh,"Oh, i like me so much your eyes",14개
138,LabayenEdselD,"I admire you so much, absolutely stunning how you put makeup and thank you for doing a make up tutorial for tan skin here in the Philippines it's called Morena skin. Keep it up!  Love from Philippines",1개
139,DADA다다,난 언니가 뭘하든 좋지만 정말 이런 컨셉 말그대로 젤라스러운? 이라규 해여할까요 정말 이런거 너무너무너무 좋아요ㅠㅠ🙈🙈사실이번에는 감상만 해야지했는데 스토리보니 감상만 하고 넘기면 안될것같아서ㅠㅜ 늘 생각하고 가끔 댓글을 남기지만 언니는 충분히 언니가 할 최선을 열심히 그리거 잘 하고 있어요 의심하지 않아도되요 진짜ㅠㅠ 엄마로서 딸로서 아내로서 젤라로서 진보라로서 다 잘하고 있으니까 지금처럼 꽃길만 걷자 걱정많이하기엔 시간 아까워요 알았죠?❤️❤️ 그리거 많이많이 먹어줘요ㅠㅠ 왜점점 말라가 속상하게ㅠㅠ,2개
140,everyj,마 젤라님이 싹 다 잡아드셨다.....,3개
141,김승재,와아아...뭐지 이 아름다움...?,4개
142,KimshiBangtan,"The curly hair really rocks on you 
Lovelots from Philippines 😘",1개
143,LeeYeoeun,외국 빈티지 그림속에 있는 서양여자 같아요. 굉장히 흔치 않은 매력이 있으신거 같아요..,2개
144,dfas,크...멋있는게 최고야 너무 짜릿해,4개
145,vivianhoseok,beautiful!! 🇧🇷🇧🇷❤❤,3개
146,KateKim,Can't believe Jella be lookinggg great inspite of having a kid❤❤,1개
147,이데쿠,어떻게 사람이 이렇게 고귀하게 생겼지...? 보자마자 너무 멋있어서 헉 소리 나는 사람 처음이다...,2개
148,MaramAlg,Hi jella l am maram from Saudi Arabia🇸🇦.... I love you♥️😊,2개
149,최선우,진짜 언니 지구뿌셔... 온니처럼 생긴 여자 제 취향이라..진짜 메크업 영상은 꼭봐요... 진짜 개이뻐 ㅜㅜ,1개
150,허유한,"언니 매번 발전하시는거같아 너무 좋아욤😍
저도 언니같은 화장하고싶어욤ㅠㅜ 
다음에 구독자 화장해주기라는 콘텐츠 나오면  바로 신청해야지>_<",4개
151,MeidahMarsella,Those lashes really tied everything together perfectly. 😍,0개
152,capsicle,Hi! It would be nice if you used a different font color 😊 had a hard time reading the subs but overall nice vid! Lovin your skin 👍,3개
153,뫌륀고솨뤼무췸,"전혀 전혀 이목구비 다른데.. 왜 순간순간 
배우 김고은 님이 보이는 걸까요♥️🤔",3개
154,cinziagbr,You are perfect with and without makeup on ❤❤,1개
155,Jellkm,Ese peinado y maquillaje quedan genial juntos! 💕,5개
156,ManarAlObaidi,I love her dark complexion. Me myself I am a light skin and I prefer light skin on myself but I will never deny beauty and dark skin is beautiful it just suits some more than others and she is am beautiful women,0개
157,AnnBond,speechless from 1 second😍,2개
158,떼잉쯧,아니 썸네일 보고 진짜로 인형인 줄 알았어요 진짜로 .... 너무 예뻐요 ㅠㅠ,2개
159,BOBATEA,she looks like a model😍😍😍and finally someone that doesn’t change the complete skin tone 🤗,0개
