﻿,name,thumbnail,view,previous_time,video_url,start_date,comment,likes_num,unlikes_num,time_duration
0,*요즘 핫 신상 립💄 31개 발라보기 (에스쁘아+머지+클리오+에크멀),https://i.ytimg.com/vi/Qk73OYLOnAc/hqdefault.jpg?sqp=-oaymwEZCPYBEIoBSFXyq4qpAwsIARUAAIhCGAFwAQ==&rs=AOn4CLDIdA3v_5_95-6f0UPgE12IiImpPg,8.2만회,1일 전,http://www.youtube.com/watch?v=Qk73OYLOnAc,,댓글 242개,3.7천개,55개,"
      36:14
    "
1,*[홀랜] 오늘 점심 시간은요?🥘 (콩.불 리턴즈),https://i.ytimg.com/vi/GLfq86dA8uU/hqdefault.jpg?sqp=-oaymwEZCPYBEIoBSFXyq4qpAwsIARUAAIhCGAFwAQ==&rs=AOn4CLA-o298BPJtiHzJW5t-wln2ZqGVpw,13만회,5일 전,http://www.youtube.com/watch?v=GLfq86dA8uU,2020. 6. 2.,댓글 242개,3.7천개,55개,"
      12:03
    "
2,*[업무보고📚#1] 라이크 홀리 그립톡 제작+립제품 화보+홀리 화보촬영기+편백촬영,https://i.ytimg.com/vi/h-DXmP-S62U/hqdefault.jpg?sqp=-oaymwEZCPYBEIoBSFXyq4qpAwsIARUAAIhCGAFwAQ==&rs=AOn4CLDdipUwIDvIZJeseGAqEO7Xs5eHDg,10만회,1주 전,http://www.youtube.com/watch?v=h-DXmP-S62U,2020. 5. 29.,댓글 242개,3.7천개,55개,"
      12:15
    "
3,* 주라주라🏌🏻‍♀️둘째이모 홀다비 이모 겐네디잇미🎵,https://i.ytimg.com/vi/7EvuegLMsGI/hqdefault.jpg?sqp=-oaymwEZCPYBEIoBSFXyq4qpAwsIARUAAIhCGAFwAQ==&rs=AOn4CLD-T20Y2Pmxeb4G6OvihAcnrNTO3g,22만회,1주 전,http://www.youtube.com/watch?v=7EvuegLMsGI,2020. 5. 25.,댓글 242개,3.7천개,55개,"
      9:06
    "
4,*[비만 시리즈 #3] 간단한' 브런치 편.,https://i.ytimg.com/vi/_VZaST0XQTk/hqdefault.jpg?sqp=-oaymwEZCPYBEIoBSFXyq4qpAwsIARUAAIhCGAFwAQ==&rs=AOn4CLBCT1ExVcdnseb-bz6eY31vVfRn4A,29만회,2주 전,http://www.youtube.com/watch?v=_VZaST0XQTk,2020. 5. 22.,댓글 242개,3.7천개,55개,"
      13:05
    "
5,*쩌어번에 약속했던 메이크업이에요🖤(+홀맘 홀완규🕶),https://i.ytimg.com/vi/zTY-XTv5W4M/hqdefault.jpg?sqp=-oaymwEZCPYBEIoBSFXyq4qpAwsIARUAAIhCGAFwAQ==&rs=AOn4CLATYVijYgCZSGsR5IbfUIoBFmtaVg,11만회,2주 전,http://www.youtube.com/watch?v=zTY-XTv5W4M,2020. 5. 19.,댓글 242개,3.7천개,55개,"
      16:35
    "
6,*🍉브이로그에 안 넣었던 B컷 일상 모음 편집본!🎥,https://i.ytimg.com/vi/9mNNQJq3IEs/hqdefault.jpg?sqp=-oaymwEZCPYBEIoBSFXyq4qpAwsIARUAAIhCGAFwAQ==&rs=AOn4CLBdGja5sroQEVpln7FOteWax5pr1w,13만회,3주 전,http://www.youtube.com/watch?v=9mNNQJq3IEs,2020. 5. 15.,댓글 242개,3.7천개,55개,"
      11:11
    "
7,*오전 9시에 해본 메이크업 디쥭박쥭 쌈바쌈바,https://i.ytimg.com/vi/48-KD-A9ooE/hqdefault.jpg?sqp=-oaymwEZCPYBEIoBSFXyq4qpAwsIARUAAIhCGAFwAQ==&rs=AOn4CLBT_Y0gyca0-VjabA-Ve76xZA2Pyw,11만회,3주 전,http://www.youtube.com/watch?v=48-KD-A9ooE,2020. 5. 13.,댓글 242개,3.7천개,55개,"
      25:01
    "
8,*[VLOG] 하마터면 다이어트 할 뻔.(월남쌈+세리미네+뚱김밥+뚱샌드위치+칼소폭매운맛+당근주스+혬&현),https://i.ytimg.com/vi/y35bTjwe7iY/hqdefault.jpg?sqp=-oaymwEZCPYBEIoBSFXyq4qpAwsIARUAAIhCGAFwAQ==&rs=AOn4CLAGbzZQk09LC3ahtZ7OwKNmiyr4kw,40만회,3주 전,http://www.youtube.com/watch?v=y35bTjwe7iY,2020. 5. 10.,댓글 242개,3.7천개,55개,"
      29:54
    "
9,"*우리 애 자랑 좀 해보자면요.. 🌲""라이크홀리""  Q&A!!",https://i.ytimg.com/vi/mj7lRdbJKBE/hqdefault.jpg?sqp=-oaymwEZCPYBEIoBSFXyq4qpAwsIARUAAIhCGAFwAQ==&rs=AOn4CLDCKRJozPXo4DiE8Q2J1swwEc_zFA,7.8만회,1개월 전,http://www.youtube.com/watch?v=mj7lRdbJKBE,2020. 5. 7.,댓글 242개,3.7천개,55개,"
      33:43
    "
10,"*Ⓜ️뮤니티 촬영장 구석에서 ""반말 조잘재잘st"" 화장하기😍",https://i.ytimg.com/vi/pGpEGEbtdGs/hqdefault.jpg?sqp=-oaymwEZCPYBEIoBSFXyq4qpAwsIARUAAIhCGAFwAQ==&rs=AOn4CLCnZ7jMU0XpsYJwVIZ-YBnJoTY65g,9.1만회,1개월 전,http://www.youtube.com/watch?v=pGpEGEbtdGs,2020. 5. 3.,댓글 242개,3.7천개,55개,"
      15:04
    "
11,*요즘🌲홀로그 #2 [라홀 편백패드/폼+홍어+퍼즐완성+딸기청+제육볶음+소라 삶기],https://i.ytimg.com/vi/ayhMQGM0Ki8/hqdefault.jpg?sqp=-oaymwEZCPYBEIoBSFXyq4qpAwsIARUAAIhCGAFwAQ==&rs=AOn4CLD-OOMLRL01j11GhzzUSb3V2ZYmzQ,20만회,1개월 전,http://www.youtube.com/watch?v=ayhMQGM0Ki8,2020. 4. 29.,댓글 242개,3.7천개,55개,"
      22:08
    "
12,*💖핑크 염색이 다 빠지기 전에..💖,https://i.ytimg.com/vi/NtA7mnVgxTM/hqdefault.jpg?sqp=-oaymwEZCPYBEIoBSFXyq4qpAwsIARUAAIhCGAFwAQ==&rs=AOn4CLCpLKynwZkDt6Nt5DJ08aSr6tKXbQ,14만회,1개월 전,http://www.youtube.com/watch?v=NtA7mnVgxTM,2020. 4. 26.,댓글 242개,3.7천개,55개,"
      13:30
    "
13,*요즘🌲홀로그 #1 [라홀 화보촬영+편백패드/폼 사용기+양념게장+오이소박이+알리오올리오+넷플릭스],https://i.ytimg.com/vi/IY1Vhqr8_Ao/hqdefault.jpg?sqp=-oaymwEZCPYBEIoBSFXyq4qpAwsIARUAAIhCGAFwAQ==&rs=AOn4CLDFnuDkWVQzlpmCaCj7AmI5YXQYTQ,21만회,1개월 전,http://www.youtube.com/watch?v=IY1Vhqr8_Ao,2020. 4. 24.,댓글 242개,3.7천개,55개,"
      20:32
    "
14,*[새벽시청추천] 언니 물 올려.......진x면...꺼내고........,https://i.ytimg.com/vi/DWsqKnqMlRg/hqdefault.jpg?sqp=-oaymwEZCPYBEIoBSFXyq4qpAwsIARUAAIhCGAFwAQ==&rs=AOn4CLB25LAMspuJC8ypNDOjsQ6Ji6Wk5A,28만회,1개월 전,http://www.youtube.com/watch?v=DWsqKnqMlRg,2020. 4. 21.,댓글 242개,3.7천개,55개,"
      13:18
    "
15,*화장품 택배 뜯어보기..!,https://i.ytimg.com/vi/kROCEza4kyY/hqdefault.jpg?sqp=-oaymwEZCPYBEIoBSFXyq4qpAwsIARUAAIhCGAFwAQ==&rs=AOn4CLDTdfg8EQ_5e_fq7rI6xq_VdLleog,17만회,1개월 전,http://www.youtube.com/watch?v=kROCEza4kyY,2020. 4. 18.,댓글 242개,3.7천개,55개,"
      32:03
    "
16,*[GRWM] 2월에 진리와 혜민이와 같이 화장해봄!,https://i.ytimg.com/vi/ZayCuzj6IO0/hqdefault.jpg?sqp=-oaymwEZCPYBEIoBSFXyq4qpAwsIARUAAIhCGAFwAQ==&rs=AOn4CLDvQt3_tzS0Fwwl9gdwryzgJrVZlg,14만회,1개월 전,http://www.youtube.com/watch?v=ZayCuzj6IO0,2020. 4. 14.,댓글 242개,3.7천개,55개,"
      20:41
    "
17,𝙇𝙄𝙆𝙀 𝙃𝙊𝙇𝙔 .,https://i.ytimg.com/vi/NOFuXJLbKXU/hqdefault.jpg?sqp=-oaymwEZCPYBEIoBSFXyq4qpAwsIARUAAIhCGAFwAQ==&rs=AOn4CLB6BEdvWAthYHJvAtz5rgssMXc62g,6.5만회,1개월 전,http://www.youtube.com/watch?v=NOFuXJLbKXU,2020. 4. 11.,댓글 242개,3.7천개,55개,"
      0:37
    "
18,*엄마🧑🏻가 해주는 핑ㅋ i 헤어🎀 도전!,https://i.ytimg.com/vi/4O8ZhBe1NdE/hqdefault.jpg?sqp=-oaymwEZCPYBEIoBSFXyq4qpAwsIARUAAIhCGAFwAQ==&rs=AOn4CLDj9aBZc4ga_7fieKRCgCWN09NzSA,27만회,1개월 전,http://www.youtube.com/watch?v=4O8ZhBe1NdE,2020. 4. 10.,댓글 242개,3.7천개,55개,"
      10:34
    "
19,*제가 막걸리를 직접 담궈 봤는데요......,https://i.ytimg.com/vi/YdEr3-5Xmms/hqdefault.jpg?sqp=-oaymwEZCPYBEIoBSFXyq4qpAwsIARUAAIhCGAFwAQ==&rs=AOn4CLBvQ20CkCsIm-PuENoNg-BTGOXJ0A,27만회,2개월 전,http://www.youtube.com/watch?v=YdEr3-5Xmms,2020. 4. 7.,댓글 242개,3.7천개,55개,"
      29:31
    "
