﻿,youtube_id,comment,like_num
0,김비버,케이리그가 시작하니까 그 주의 핫 이슈를 바로바로 레프리에서 만날 수 있네용 달수네도 심판분들도 응원합니다!!,18개
1,해축TV,달수네 레프리 컨텐츠 되게 좋은거 같네용,18개
2,장보,"이청용 옵이야 전문 장비로 보니깐 화면상으로 보는것보다 정확하다고 할수있지만 
오히려 강민수 핸드볼이 더 논란 아닌가요? 한각도만 보여줬지만 분명 팔을 붙였고 팔도 뒤로 돌리는 장면도 있었는데
적어도 심판이 그건 직접 확인해야되지 않을까요??
그리고 주니오 pk시 울산 19번은 주니오킥 전에 페널티박스 안으로 들어갔는데 이러면 어게인 아닌가요??
이 두부분이 더 논란같은데..",5개
3,차에좀타볼래,케이리그 var은 양반이지ㅋㅋㅋㅋ크보 비디오 판독은 덮어놓고 오심인데ㅋㅋㅋ울산팬이지만 청량리 오프사이드 판정은 진짜 잘본거같음ㅋㅋㅋ,5개
4,mh,"그래도 k리그는 심판들이 이렇게 나와서 얘기해주고 소통이 되는 분위기로 계속 가는 느낌이라 보기가 좋네요 ㅎㅎ
그리고 카메라가 좀 더 많다면 중계도 더 재밌게 만들 수 있을텐에",5개
5,rad0718,"올해 판정중에 두가지가 이해가 안되는데 올해 핸드볼규정 완화?에 대해서 알고 있지만,
부산의 강민수의 핸드볼 파울:강민수 선수가 팔을 접은 상태에서 맞았지만 페널티 선언 된것......이해가 안됨.....해설자님의 말에 따르면 ""강민수 선수가 이득을 보아 페널티 선언한것""라고 했는데
이게 이해가 안되요........
이범수 골키퍼의 핸드볼 옐로우 카드:이거 레드카드감 아니었는지?.......",3개
6,썽근,K리그 카메라 너무 부족하다고 느낌,13개
7,로사채,k리그 넘 재밌어요~~,8개
8,김미란,"K리그도 축구전문 카메라맨이 있었으면 좋겠네요ㅠ 아니면 카메라가 더 많던가 아쉬워요
울산vs부산전 옵선 긋는거 능력자 시청자님ㅋㅋㅋㅋ 
달수네 레프리 다음날 바로 알수 있어서 좋았어요😆
심판님들 모두 화이팅!!! 👏",4개
9,이진수,좋은 컨텐츠 감사합니다,5개
10,MYStar,컨텐츠 개꿀👍,6개
11,럽스타,심판들 데려다 주마다 이러다 큰 사단난다 지금 시즌중이다,2개
12,Moka09,"시원한 컨텐츠 감사합니다~^^
달수네 만쉐",2개
13,바록,투시도법 진짜 대박이네ㅋㅋㅋㅋㅋㅋㅋㅋㅋ 애매한 상황있으면 써봐야겠다,1개
14,그루트,달수언니 화이팅~~~!!!,1개
15,몽이몽몽이,저는 울산부산전 핸드볼파울에 대해서 궁금했었는데 그건 없네요 아쉽게 ..,3개
16,포도,"왕,,,",1개
17,못하면빠지자,결론: 선수들은 휘슬 불기 전에는 무조건 플레이하라,0개
18,울산호랑이,k리그는 매경기마다 논란이있네요,1개
19,선성용,많은 궁금증을 해소시켜줘서 고마워요!,0개
20,jasminekim,전북대구전 핸드볼파울은 다루지 않나요??ㅠㅠ 한번 확인해주셨음해요ㅠ,0개
21,포튜나,황당질문:게임종료 휘슬 삑  삑  삑 불때 처음 삑할때 롱킥 뻥찻는데 세번째 삑하기전에 골들어가면 어찌될까요 ㅎㅎ,0개
22,델피에로,진짜 카메라랑 주변 여건만 더 받쳐주면 더 흥할텐데 도대체 축협이랑 연맹은 어디에 투자하고 어디에 돈을 쓰는지,0개
23,윤영찬,와우🤩,0개
24,DHLee,요새 K리그 볼맛이 납니다 빨리 관중입장 허용되서 직관가고 싶네요!,0개
25,파란하늘,감사합니다.,0개
26,유정덕,K리그는 약간  EPL처럼   VAR을 보는것같음   미세한 차이도 옵사 부는거..  프리메라리가는 안그렇다는데 어떨련지.,0개
27,스마우그,해외축구 가십거리보다 k리그 컨텐츠 너무좋아요,0개
28,JunePascha,영상 좋아요👍,0개
29,shgraceahn,"레프리에 자주 나오신 심판분들 내적 친밀감 상승ㅎㅎ 경기에서 김우성 심판, 고형진 심판, 김희곤 심판, 김종혁 심판 나오시면 괜히 반가움 ㅋㅋㅋ",0개
30,부산아이파크아챔진출,우왕 궁금했던 내용이네요 호크아이쓰는거 왜안보여주나 했는데 그런게 있었군요!,0개
31,송작가ArtHall,근데 몇번을봐도 이청용 업사이드는 아쉽다.. 내 눈엔 업사이드 아닌걸로 보이는데 수비선수가 더 뒤에 있는거같은데,1개
32,이야호,이청용화면  선 보면 직선같지도 않은데..   저거 돌아다니는 사진마다 직선이 다 다르고 지들맘대로 그림.. 나도  약간 각도 틀어서 그리면 옵 아닌걸로 만들수 있슴,0개
33,JunYeongkim,VAR 화면을 보여줄수없는 사정이 있었구나... 아쉽긴하다 경기때 보면 더 찝찝하지도 않을텐데 하여튼 이런 컨텐츠는 환영이다!,0개
34,티티베,프리미어리그 선긋는건 자기들끼리 한거였군요. 덕분에 정보 알아갑니다ㅎㅎ 그래도 시청자 입장에선 선 그어서 보여주는게 더 좋긴했어요ㅠㅠ 울산부산 라이브로 봤는데 중계화면엔 온인것같아서 의아했어요ㅎㅎ,0개
35,최클롭,김태환은요?,0개
36,욱경박,킴성태 k리그 심판도 하넹,2개
37,아르샤빈,이청용 옵사이드 판정이 나오지도 않았는데 미리 옵사이드라고 하시던데 ... 좀 더 신중하게 지켜보다가 판단하시던지 아님 애매한게 모르겠음 모르겠다고 하면 좋을것같아여,0개
38,이도윤,너무 화났던 부분.제가 보기엔 아무리봐도 온사이드 같은데 오프사이드라고 선언해서.이렇게 오프사이드인 이유(화면)을 보여주면 납득하고 넘어가겠는데 안보여주니 답답하고 폭발 5초전....,0개
39,JKH,"너무 궁금했는데, 이렇게 알려주시니 오프사이드라는게 이해가 되네요ㅎㅎ VAR에 그런규정이 았었는지 몰랐고, EPL이 규정을 지키지 않고  보여줬다는 것도 처음 알았네요 ㅎ
그래도,,,,규정위반이라도, VAR화면을 축구팬들에게 보여주면서 알려주는 EPL쪽으로 마음이 더 가네요ㅠ  영상으로 설명해주셔서 감사합니다~^^",0개
40,원동규,그래서 오심인지 오심이아닌지 모르겠어요ㅜ,0개
41,도라에몽,3,0개
42,2019시즌K리그입문K리그직관이진리,1빠당~~경기중에 VAR도 틀어주세요^^~~,3개
43,k리그챔피언울산현대,만약 이청용 골이 인정되면 협회에서 승점3점을 돌려주나요?아니면 심판만징계먹나요?,2개
44,빅픽쳐,확실히 K리그는 KBO보다 경기 영상을 송출하는 카메라와 촬영을 담당하는 카메라워킹이 약해서 너무 재미가 없습니다. 게다가 VAR분석까지... K리그가 좀더 경기송출 영상에 투자를하면 보는사람도 늘어날텐데... 분석 영상도 너무 정적이고 부족해요. 충분히 기술력이 있는데 안하는 것처럼 보이니깐 그게 더 짜증남.,0개
45,김수영,야구심판 개꼰대질 보다가 축구심판보니까 속이 편안하네,0개
46,송준현,고 ★혐★ 진이 불러서 전북현대한테 오심한거마다 보여줘서 해명시켜요 한두개가 아닐거에요,0개
47,IchbinTrainer,"이청용선수 업사이드는 선만 그어서는 절대 알수 없습니다. 그렇기에 분데스리그나 EPL 등의 유럽에서는 X Y선, 그러니까 해당 선수의  위치에서 수직선과 수평선을 그려서 확인하게 됩니다.  문제는 VAR 심판이 무엇을 근거로 오프사이드라고 판단했는지? 
몇년간 VAR 의 운영형식을 봐서는 신뢰가 가지 않네요.
https://www.google.com/url?sa=i&url=https%3A%2F%2Finews.co.uk%2Fsport%2Ffootball%2Fpremier-league%2Foffside-son-heung-min-leicester-tottenham-var-referee-636254&psig=AOvVaw1XGnWLLLC-Wu3WZjWx3tn0&ust=1590592212037000&source=images&cd=vfe&ved=0CAIQjRxqFwoTCJCulvLn0ekCFQAAAAAdAAAAABAP",0개
48,shgraceahn,"아프리카 계정이 없어서 여기다 남깁니다. 광주 울산 경기 보는데 해설 진짜 속 터지는줄 알았어요. 다음번 레프리에 1:1 상황 설명 부탁할게요. 이상헌 선수 발에 안맞았기 때문에 윤빛가람 킥 당시 주니오도 온싸여서 골 인정 된것 같은데, var 쟁점을 이상헌 핸드볼이니 주니오 터치가 있었느니 하는 캐스터와 해설때문에 속 터집니다.",0개
49,withecabslier,Var이 적용되기때문에 옵사이드를 늦게 분다고하는데 공격수가 심하게 누가봐도 옵사이드일때는 바로 불어도 되지않을지.. 한참 옵사이드인데 늦게불고 경기 진행할때는 진이 빠집니다 심판들의 유연한 진행이 필요한듯요,0개
50,HappyPlay,합법 기준으로 전북에 6천만원 몰렸는데 이기고나서 울산은 마지막 경기고 8400만원이나 몰렸으니 이기진않을거라 생각했음. 더군다나 주심과 var은 과거에도 이미 숱한 논란있던 사람들이고.,0개
