﻿,youtube_id,comment,like_num
0,헤이즐Heizle,"여러분~! 웰컴 투 #이즐화실 🎨입니다!!
정확히는 12년이 아니라 11년만에 그려보는 그림이네용..^^
진짜.. 기분이 너무나도 묘한게 새롭기도 하고. 지금 제 상황에서 너무나도 꼭 필요한 감정인것 같아요..!
가만히 생각해보니 저는 정말이지 이것저것 많이도 하는것 같습니당ㅎㅎ
메이크업을 메인으로 시작한 유튜브채널에 패션도 하게되고 가끔 춤도추고 해리포터 디즈니 덕질을 하질 않나 이제는 원래 전공으로 돌아간다네용..ㅋㅋㅋㅋㅋ
어찌보면 변덕스러워 보일수도 있지만, 저는 이런 모습이 제 솔직한 진짜 모습인것 같고, 지금까지 저를 응원해주시는 72만명의 헤이즐넛 여러분들도 저의 이런 모습을 좋아해 주실꺼라 믿어요..!
모든 사람들이 비슷하겠지만, 누구나 “권태기”라는 현상을 다 겪어 보잖아요~? 권태기를 이겨내기 위해선 당장 현실에 부딪혀 좌절하고 무력감에 슬퍼하기 보다는 계속해서 자기 자신에게 “좋아하는 것이 무엇인지, 하고싶은 것이 무엇인지” 질문을 하는거죠!
저는 그걸 지나치게 자주 하는것 같아요..ㅋㅋㅋ
그래서 하고싶은걸 계속해서 하다보니 여기까지 오게되었고, 저는 앞으로도 계속해서 하고싶은것을 찾아갈 생각입니다!
메이크업도, 패션도, 덕질도, 저의 원래 전공인 미술도, 그리고 아직 저도 모르는 미래의 저의 취미까지..!ㅎㅎㅎ!!
아주아주 열심히 해보려구요!!
여러분들도 남 눈치 보지 말고 하고싶은게 있다면 맘것 하세요!!!
진짜루진짜루 본인의 마음의 소리에 집중하는것을 너무나도 추천드립니다..!
하루하루가 그리고 매년마다 새로운 자기 자신을 발견하게 될꺼에요~!!
오랜만에 느껴보는 감정에 이렇게 주저리주저리 적게 되었네용ㅎㅎㅎ
저는 앞으로도 남 눈치 보지 않고, 제가 사랑하는 것들을 해나갈 생각입니당~~
이런 저를 좋아해주시는 #헤이즐넛 칭구들!! 정말로 감사하고 너무나도 사랑해요^^💖😘💜
우리 오래오래 함께합니당!!! 
몸 조심 하시구요!! 다들 건강 꼭 챙기세요!! 다들 파이팅!!!!!!!!!!!!!!!!!!💪💪

헤이즐이즐이가 헤이즐넛에게❤️",1개
1,전이만갑오개혁,미대준비하는 학생인데 진짜 제발 이런 그림영상 자주 올려주세요🙏🙏 너무 멋있고 개성있어서 스킵 하나도 안하고 집중해서 봤어요,460개
2,무소식이Hessosick,헤이즐님이 빛나는 이유는 끊임없이 자기가 좋아하는 일을 찾아서 고민보다 실행하기 때문인거같아요! 앞으로도 이즐화실 기대할게여!,767개
3,SIN,"화려한 명품 브랜드 의류에 적용 시키면 엄청 예쁠 것 같아요🤭👍
명품 브랜드를 정해서 그 브랜드에서 영감받아 언니만에 그림을 그려주세영(시리즈콘텐츠가능)👉 (혹시 아나유?ㅎㅎ 그 브랜드에서 콜라보하자고 할수돟ㅎㅎㅎㅎㅎㅎ💜)",104개
4,태정태세문단속잘해라,역시 자신이 가장 잘하는 일을 하는 사람을 보면 멋지다는 생각밖에 안듦..,179개
5,피넛츠,저도 어느새 붓놓은지 15년은 된거같네요.. 요즘들어 엄마가 그림 다시 안그리냐고 취미삼아 그림이라도 그려보면서 스트레스도 풀고 하라는데... 하도 안그린지 오래되서 막막하니 그리고싶은게 떠오르지도 않더라고요ㅜ 슬픔ㅠ 오랜만에 화방이나 가볼까,130개
6,안되,"저 진짜진짜 그림을 너무 못그려서
자신이 생각하는데로 그리는사람이
너무 멋있었는데 ㅜㅜㅠ  
언니 만약에 전시회 같은거 하게 된다면
꼭 가고싶네요ㅜㅜㅜㅜ 
그림 너무너무 이뻐요 ㅠㅠ",533개
7,무료,언니 진짜 그림그리는거든 설치작업이든 asmr 한번만.... 나만의 밥아저씨가 되어줘요 언니.....,186개
8,푸름별,저도 그림을 다시 하고싶은 꿈을 품고있는데 하나하나 목표를 이뤄가면서 하려구요 ! 먼저 한발짝 나아간 헤이즐님 보면서 꿈을 더 키워나가고 있습니다 🌸 우리 모두의 소망들이 이뤄나가길!!,9개
9,소혜진,헤이즐님 다시 미술하시는 모습 너무 좋아요🥰🥰 정말 자기가 하고싶은일을 한다는 느낌이 들어서 저까지 기분 좋네요 하고싶은일을 하는 헤이즐님이 너무 멋지고 빛나보여요 현재 고1인데 저도 한번 용기내어 하고싶은일을 해볼까 해욤ㅎ 저는 무대미술/디자인을 전공하고싶습니다! 이제부터라도 열심히 하면 합격할수있겠죠....? 꼭 헤이즐님 전시회 가서 용기도 얻고 힐링도 하다 오고싶습니다 이즐화실 영상도 앞으로도 보고싶어요❤❤ 그렇다고 무리하실 필요 전혀 없으시고 하고싶을때만 올려주세욤ㅎㅎ 헤이즐님 항상 힘내세요! 헤이즐님 곁에는 항상 응원하는 헤이즐넛친구들이 있어요🥰🥰 항상 응원합니다!,9개
10,arim아리미,"저의 꿈을 헤이즐님이 이루고잇는기분이에요, 몇년전 전공을 살려서 지금일을 떠나서 옛전공을 취미로 작업하는 모습이 너무 보기좋고 재밌는거 같아요 앞으로도 이런 영상 너무 기대되요💖 디즈니공주들도 요나비들처럼 옹기종기 아크릴로 그리면 완벽한 헤이즐 작품이될꺼같아요 좋은영상 감사합니다 🥰",158개
11,튤립,"뭐야... 알람 왜 이제 뜨는거야... 진짜.....쒹쒸익 근데 근데 헤이즐님 못하시는게 뭐예요... 옷도 잘입으시고 덕후룸 꾸미는 센스가 남다르셨는데 역시....☆ 그림이 나는.헤이즐그림.훗.유니콘나비뿅뿅솜사탕샤랄반짝한 느낌....🦄💫💖
팬미팅 및 전시회.... 너무 좋아요>< 꼭갈거예요!!♡",4개
12,purelykind,"Wow I had no idea you were so talented, great job! 🧚🏼‍♀️🧚🏼‍♀️🧚🏼‍♀️",3개
13,모구샤베트,어쩐지 언니가 덕후룸꾸미는솜씨가 여기서 나온거구만,8개
14,헤이즐Heizle,English subtitles are complete!👍😍❤️,112개
15,제이,우와... 진짜 멋져요 언니..! 저는 서양화는 아니지만 같은 미술을 전공하고있는 학생으로서 진짜 멋있는 것 같아요ㅠㅠ 저는 지금 하는거로도 벅차서 집에 오면 연필 들기도 싫더라구요.. 하기가 너어어무 싫어서...ㅠㅠ 언니 영상보고 열심히 더 해볼게요..!! 22학번 건대 커디과 그날까지..!ㅠㅠㅠ,9개
16,김땡땡,와 진짜 패션센스만 좋은게 아니라 사람 자체가 금손이셨구나 ㅎㄷㄷ하다 그림 너무너무예뻐요,76개
17,acorn2,전혀 변덕스럽지 않아요! 결국 다 헤이즐이라는 큰 주제 안에 있는 것들이니까요...! 새로운  콘텐츠도 너무너무 기대됩니다.,8개
18,구도연,"좋아하는 것이 많다는 것은 그만큼 자신한테 집중했던 시간이 많았다는 걸 의미하는 것 같아요. 자기 자신을 정말 좋아해주는 것 같아 언니를 보면 항상 예쁘고 멋있게 보여요! 언니를 항상 응원합니당>< 

혹시 헤이즐의 자화상을 그려보면 어떨까요? 얼굴을 반 나눠서 한쪽은 다른 사람이 생각하는 헤이즐의 모습을, 다른 한쪽은 스스로가 생각하는 헤이즐의 모습을... 

저는 그림에는 정말 관심이 1도 없었는데... 언니 그림 그리는 걸 보면서 조금씩 관심이 가요! 다음 영상도 기다릴게요!",85개
19,xia,"진짜 언니 미친거 아니냐구요ㅠㅠㅠ 저는 진짜 똥손이라 그림, 만들기 진짜 못해서 제 머릿속에 이미지가 떠올라도 그걸 실현을 못해서 너무 아쉬웠는데 언니 작품이 제 취향을 정확하게 맞춰버렸어요ㅠㅠㅠㅠ 정말 부럽고 언니 전시회에도 꼭 갈거에요!!! 다음 작품에는 유니콘...ㅎ 을 슬쩍 던져봅니다ㅎㅎ 사랑해요 언니💕💕💕💕",5개
20,이미연,"언니 완성한 작품이 진짜 한땀 한땀 한 정성 한 정성 만드신게 느껴지네요.. 정말 헤이즐 언니 그림이라는게 딱 보여요 !! 인스타 프로필사진이랑 지금 작품이랑 뭔가 엄청 잘어울려보여요 
음.. 앞으로 그릴것을 추천해드린다면.. 사람이 살면서 때론 기쁘고 때론 슬프고 그런 여러가지 겪는것도 있으면 그만큼 더 자기가 성장할수 있는 그런 자신을 보는 .. 그런 그림??.. (어렵게 설명했을가요..ㅠㅠ ) 그런 희망있는 그림도 어떨가 합니다.. !",70개
21,Haseena,"You are an amazing artist Heizle! I am so happy that you are able to have the time now to be creative with art! I hope you and your family are safe and healthy x
Thank you for the English subtitles, I really appreciate it :-)",8개
22,믕다,자신의 일을 열심히 하는 사람은 항상 빛이 나는거 같아요!,11개
23,,"나 헤이즐 아트도 팔로우했다고😍
미쳤어미춌어 진짜 내가 일이 있어서 조금 늦게 왔지만 아몰랑 아껴놓다가 결국 포기못하고 지금왔어여😝",6개
24,음음,초벌 때도 작품 그자체...,10개
25,EstelleChae,작품에 색감이나 화려함 그런게 딱 언니 그 자체,5개
26,유우,우와 진짜 신기해요 그 식빵에 잼바를때 쓰는거같이 생긴걸로 그림그리시는거 짱신기해요 우와,4개
27,el12,그림도 잘그리고ㅠㅠㅠ아 맞다..이 언니 서양화 전공이었지😳설치미술이랑..덕후룸도 ..🙄,4개
28,3213이가람,영상을 볼 때마다 정말 멋진 사람이구나를 느껴요! 자기가 좋아하는 것을  찾는 것도 멋지고 자신이 행복해질 수 있는 방법을 직접 찾고 또 실행하는 것도 멋지고요❤️ 사랑해요!! 그리고 꼭 전시회 열었으면 좋겠어요! 얼른 언니의 작품을 직접 볼 수 있길 희망하고 있습니다💜,3개
29,헤이즈하,"그림까지 잘 그리는 언니는 완성형 인간...
앞으로 언니가 좋아하는 일 하면서 살았으면 좋겠어요♡",3개
30,에리얼,"언니ㅠㅠ
그렇게 예쁜 얼굴로 미술까지 잘하면 다른 사람들은 뭐가 되는거에요😭
저 진짜 언니 전시회 열면 꼭 갈게요🔥
앞으로도 미술 컨텐츠도 많이많이 올려줘요💖
헤이즐넛이 진짜 사랑해요❤️",3개
31,GrasielleBatista,"I love you, your pretty 🇧🇷❤️❤️",3개
32,M꼬따미,"12년만에 붓을 잡은거구욧!!!
미쳤다.
진짜 난 그림 잘 그리는 사람들 진짜 젤 부럽고 신기.
나의 최애 유투버 헤즐이 저렇게 멋진 화가라니...
만능이넵 헤즐",3개
33,,재미가 왜 없어 ㅠㅠㅡㅡㅜㅜㅠㅠ  언니 얼굴이랑 그림이 대존잼인데요 ㅠㅜㅜㅠㅠㅠㅠ 그림 진짜 헤이즐 같아요 ㅠㅜㅠㅠ 색감도 그렇고 나비도  너무너무 예뻐요 ㅠㅠㅠ 세상에 자세히 보니까 더 헤이즐 같네 ㅠㅠㅠㅠㅠ  물ㅜㅠ감ㅠㅠ을ㄹㅠㅠ 어떻게 저렇게ㅠㅠㅠㅠ 너ㅜ무 ㅠㅠ예ㅠ쁘고 ㅠㅠ 설치ㅠㅠ미ㅜ술도 너무너무 ㅠㅠㅠ기대되요 ㅠㅠㅠㅠㅠㅠ,28개
34,socha소차,금손은 뭘해도 잘한다ㅜㅜㅜ,6개
35,KahlenKANG,"보기 전 : 19분 너무 길 거 같은데...

본 후 : 잉? 내 19분 어디 갔어? 순삭",25개
36,JoonyoungPark,"아, , 한국의 미대출신은 이정도구나, , 00!!
진짜, ,돈 주고라도 그 작품 꼭 사고싶네요, ,^^환상적이예요, ,",2개
37,끄적EDA,이 그림은 헤이즐언나만에 감성이 제대로 나타난듯,15개
38,민승,헤이즐 언니는 진짜 팔색조인것같아용..❤️ 자기의 다양한 매력 취미도 찾아내고 그 하나하나가 다 재능있어요 ㅎㅎ 저는 물감 그림을 잘 그리고 싶은데 잘 못 그리겠어서 언니가 너무 존경스럽습니다🌸🌸 언제나 영상보고 즐거워할게여 화이팅💘 전시회 꼭 가고싶네영 ㅎㅎ,4개
39,나노,"완전 헤이즐 그 자체...♥
이 시리즈 흥해랏!!",5개
40,gracelog그레이스로그,"십년전 그림했을때가 생각나네요 저도 아직도 한국에 있는 파스텔과 물감유물들 가득한데 😂😂 헤이즐님 감각, 색감 너무 좋음💛💙",30개
41,짱지,"5:37 절대절대네버!!! 진짜 재밌으니까 요런 영상 많이 올려주세요ㅠㅠ 진짜ㄹㅇ마약영상이라니까유ㅠㅠ몇번이나 보는건지 모르겠넹 정말

아 그리고 언니가 그렸으면 하는 그림! 그 6각형 캔버스 7개에 해리포터 7개의 시리즈들을 각각 대표하는? 뭐랄까 스토리들을 함축시켜놓은 듯한 그림들을 그리는 건 어떨까요? 같은 해덕으로써 추천드립니닷!!",13개
42,야너두,"진짜 멋지다.. 미술 전공이라는것도 너무 놀라운데 작품도 너무 예뻐요 멀리서봐도 예쁘지만 가까이서봐도 보는재미가 있네요.
그리고 이렇게 목표를 정하고 꾸준히 노력하시면서 실천하시는게 너무 존경스러워요..",33개
43,안찰스,늘 영상만 보다가 헤이즐언니 영상에 처음으로 댓글을 달아보는데요 정말 ㅠㅠㅠㅠㅠㅠㅠㅠㅠㅠㅠㅠ 작품 그 자체 헤이즐언니 그자체에요!! 정말 보고 너무 멋있다는 생각이 많이 들었어요ㅠㅠㅠㅠㅠ 언니 좋아하는거 계속 해주세요 ㅠㅠㅠㅠ 너무 멋있어요 정말,3개
44,PO뭉게WER,진짜 너무 멋있잖아요ㅠㅠㅠㅠㅠㅠㅠㅠㅠ그림 잘그리는사람들 너무 멋있어 증말...갓 헤이즐언니💕 언니 얼굴과 그림그리는거 진짜 대유잼이에요🥰 언니 전시회 겸 팬미팅 여시면 꼭 갈거에요!!!,4개
45,유우,"헝헝 두번째 팬미팅 꼭 가고싶네요 올해 연말이라니 ㅠㅠ 
첫번째 팬미팅 갔다온게 엊그제 같은데요 그
림 완전 비비드컬러+배경은 오로라(약간 제트플립도 생각나욯ㅎ) +반짝이 완전 헤이즐 언니취향이면서 = 제취향 ,,, 
저거 엽서로 만들어서 팔아주세요 허엉(엽서덕후) 
험 제가 미술은 몰라서 뭘 만들어주세요라고 못말하겠어요ㅠ 하고싶으신거 다 해주세요ㅠ 언니가 만드신거is 뭔들 다예쁠껄요 
장미 그리는거보고 입 떡벌어 졌어요 제가 했다면 슥슥 (섞임) (그라데이션분노)(관둠)인데 ㅠ 금손은 역시 뭔가 다르다,,,
요즘 다이어리 꾸미기 하는데 다꾸할때 이거 틀어놓고 해야겠어요 안그래도 먼가 틀영상 없었는데 코로나 조심하시구 내일 대탈출하는날!~!~이에요~!~ 저번주에 넘 무서워서
이불로 눈가리고 봤던,,,,근데 넘 꿀잼,,악령감옥 시리즈 제 최애,,, 
코로나 조심하시구 즐거운 주말 보내쎄요🙌😍",55개
46,전지민,진짜 대박 잘그려용......뭔가 그림속에서 헤이즐언니가 보이는거 같기두하궁 언니 메이크업이 생각나기두 하네용ㅎㅎㅎㅎ뭐라 표현해야될지 모르겠지만..그냥 신기하구 이쁘구 멋져요!!!!!!메이크업이든 브이로그든 어떤 영상이든 다 응어ㅓㄴ하고 기다리구있오요💟💟💟,3개
47,정은주,와.. 근데ㅡ진짜 언니 작품 정말 멋지다..... 진짜 언니 나중에 헤이즐 전시회 열어주세요ㅠㅠㅠㅠ 정말 너무너무 멋져요!!! 앞으로도ㅜ언니 응원할게요!! 파이팅!!👍👍💗💗💗,29개
48,룰루,얼굴도 예뻐 옷도 잘 입어 뷰티도 잘해 그림도 잘 그려 돈도 많아 도대체 부족한게 뭐임...존나 완벽한 사람ㅠㅠㅠㅠ 개좋아,24개
49,Elluien,와 이건 진짜 타고난거네요...... 헤이즐님의 새로운 모습이 새롭고 너무 멋있어요!!! 앞으로도 이즐님의 작품활동 기대할게용❤,3개
50,이태경,"와.....한번에 똭똭 그려내는거 너무 신기해요 나도 그렇게 멋지게 한번에 그려보고싶다... 너무 부러워요!!
아 그리구 이거 스카프로 만들면 되게 이쁘게따ㅎ",2개
51,HyunjungShim,그림이 완성되어갈수록 헤이즐언니의 성격이 정말 잘 보이는것 같아요!! 전 미술은 잘 모르지만 물감이 저렇게 볼록(?)하게 튀어나와있는게 정말 인상적이었어요!!! 강렬한 색감과 반짝이는 그림이 정말 헤이즐언니 그 자체네요!! 이제 설치미술 보러갑니다😍,2개
52,이름,말 없이 그림 작업 하는 거 좋아요 ㅠㅠ 조용해지면 저도 헤이즐님이 그림 그리는 모습에 집중되서 좋더라구요 ! 11년만에 그리는 거라도 되게 솜씨가 좋으세요 ❤ 나중에 헤이즐님이 좋아하시는 엘리스 느낌으로 그림 그려보는 거 어떨까요???,39개
53,쭈야,그림이 너무 예뻐요ㅜㅜㅜ전시회 꼭 가고 싶어지는 것 같아요❤️🙊앞으로 작품들이 기대가 되고 만약 구매를 할 수 있다면 그림 사고 싶어요☺️꼭 전시회 열어주셨으면 좋겠어요! 언니 파이팅!!응원할게요,4개
54,민서minseo,진짜 언니는 보면 볼수록 정말 멋있는사람인것같아요❤️👍🏻언니의 꿈을 언제나 응원하는 헤이즐넛 힣ㅎ🥰,3개
55,별의이름,헤이즐님! 스터디윗미처럼 틀어놓고 싶은데 배속 하지 않고 처음부터 완성까지 언니가 그리는 모습을 영상으로 만들어주실 수 있나요? 몇시간이 되어도 좋아요!! 같은 작업실에서 함께 그리는 느낌♡ 드로잉윗미 in이즐화실!!,31개
56,하경,노을 지는 석양 아래 사막에서 낙타와 낙타 줄을 잡고 있는 노인이 걸어가는 느낌의 그림이랑 비 오는 날 흐릿한 회색빛 속에서 탁하지만 다양한 색의 건물들이 있는 느낌도 궁금해요,28개
57,푱푱,아 미친 드디어 나왔다 헤이즐언니ㅠㅠㅠㅠ완전완전 너무 좋아ㅠㅠㅠㅠ뭘 하든지 응원할께요 진짜 사랑해요❤️❤️완전 너무 예쁘고 진짜 꿈응원하고 하고싶은거 다 하세요ㅠㅠ 더더 크게 크게 예쁜마음씨를 가진사람은 언니밖에 없어요ㅠㅠㅠ진짜 완전 여왕님ㅠㅠㅠㅠㅠㅠㅠ 사랑해요ㅠㅠㅠ진짜 응원하고 이렇게 재밌고 좋아하는걸 찾아서 하는 모습이 헤이즐넛인 제가 보는게 더 행복해하는 것같아서 너무 예쁘고ㅠㅠㅠ그냥 이런 유튜버 더 있나 싶어요❤️❤️사랑해요❤️❤️,43개
58,wawawa,"헤이즐님 그림 그리는 모습이 기대가 됩니당ㅇㅇ
설치미술도 빨리 보고싶어여!!!!!!!!!",2개
59,이송희,하 진짜 헤이즐 언니 특유의 갬성...진짜 너무 조아여ㅠㅠㅠ 이번 영상 너무 기다렸어요ㅠㅠㅠ🤍 항상 이런 작품 같은 영상 공짜로 볼 수 있게 해주셔서 너무 감사해여ㅠㅠㅠ,13개
60,샤키,역시.. 사람은 자신이 가장 잘하는 일을 할 때 멋져보인다는데 이제까지 본 헤이즐 언니 모습 중에 가장 멋져요!! 언니는 늘 항상 멋졌지만 ㅠㅠ .. 수많은 노력이 쌓여서 지금의 언니를 만들었잖아요 전 그런 언니를 존경하고 사랑해요. 언니를 보면서 배워가는게 너무 많아요! 언니 앞으로 그림 그리는 컨텐츠 많이 보여주세요 사랑해요 ♡,37개
61,햇아르미,"언니,,,저는 첫번째 작품을 보자마자 '행복'이라는 단어가 떠올랐어요,,,뭔가 언니가 행복한 감정으로 그려서 그 마음이 전해진가같아요🥺 다음에는 '꿈'이라는 주제 어떤가요? 멀게만 느껴지는 꿈을 언니는 어떻게 표현할지 궁금해요😊",43개
62,홍지민,"엉니,, 못하는게 뭐에요 ?,,, 사랑해 진챠,,,",4개
63,신지현,와 진짜 그림 너무 예쁘네요 저는 그냥 그림 배우고 싶은데 어떻게 시작해야할지를 모르겠네요 그냥 일단 종이에 쓱싹 그리는 거 부터 시작하는게 맞겠죠? 아 그리고 언니 넘 멋있는 거 같아요ㅠ 사실 계속 안하던거를 다시 하는 것이 쉬운 일이 아닌데 다시 도전한다는 그 자체가 너무 멋있네요 계속 기대할게요! 항상 응원해요😀,2개
64,오쪼라구,"테라스에서 완성작품 공개하실때 딱 보자마자 입체감이 느껴져서 뭔가 프랑스자수가 생각났어요!! 여러가지 느낌을 살리셔서 그리시는것도 너무 멋지시고 작업에 집중하시느라 말 한마디 안하는것도 멋지고 그림을 좋아하시는게 보여서 정말 좋아요ㅠ0ㅠ 조개, 별, 보라색, 무지개, 나비 <- 이런 조합 재밌고 예쁠 것 같아 추천드려용",51개
65,유제니,얼굴도 이쁘신 분이 손재주도 좋으시네 뭐 이리 한꺼번에 주셨음?ㅋ,32개
66,sjP,오와  헤이즐님처럼 개성있고 이쁜그림이 탄생했네요 . 색깔조화도 그렇고 다양한 텍스처들로 눈이 즐겁고 재밌어용!! 앞으로 이즐화실 컨텐츠도 많이 기다려질꺼같네요! 💜,2개
67,쓰뇽뇽,미술을 좋아는 하지만 잘 알지는 못하는데 재료라던지 표현방법이랑 포인트를 너무 잘 설명하주셔서 보는 재미가 있구 힐링되는 영상인거같아요❤💜💙,10개
68,박수지,언니 두번 돌려보기 해따아... 제가 좋아하는 톤 캔버스라 인스타부터 보는내내 힐링됐아요💜 앞으로도 응원할게요!!!!❣️❣️❣️❣️😍,2개
69,현지,헤이즐님이 무엇을 하시든 항상 응원할게요!! 파이팅!!! 🥰😄,3개
70,김언지,이 언니... 못하는게 뭔지 아시는분..?,4개
71,고도리,"꺄아아아아아아아 언니💕💕💕
언니전공분야 하시는거 너무너무너무 보고싶었어용 이즐언니 응원하고 사랑훼욥🙈🙈
+저 전시회가고싶은데 고3이라서ㅜㅜ
꼭12월말에 하셔야돼용 언뉴ㅣ",51개
72,황인선,언니! 저희 헤이즐넛을 생각하면 떠오르는 이미지를 작품으로 만들어주면 너무 행복할거같아요 ㅎㅎ😆 이번 영상에서 완성한 작품 헤이즐 옆에 작품 헤이즐넛을 놓는거죠😘 ㅎㅎㅎ 정말 하고싶은 것을 할 용기가 있다는게 부러워요..!,22개
73,박수빈,"헤이즐언니 덕후룸이 어쩐지♡
미술 공모전같은거 도전하는 영상도 좋겠네용 ㅎㅎㅎㅎㅎ",45개
74,MYOH,"Fantastic!! This is so beautiful!! You are not only beautiful and so stylish, you are so talented!!",1개
75,박서희,언니진짜ㅠㅠ너무매력넘처요ㅠㅠ 제가 언니인스타먼저보고 진짜대단하다고생각하고요저도 미술에관심이많은데 언니가전공한과 전공해보고싶네요ㅠㅜ진짜 언니대박이고 제롤모델이세요 진짜앞으로도 헤이즐존버할게요 진짜 언니는옷도 잘입고 메이크업도잘하고 덕후룸같은것도 ㅠ진짜 제가하고싶은걸 다해주신것같아요 언니 꿈을응원할게요 그리고 언니짱!!!!!진짜 언니넘좋아용,3개
76,당연,누가봐도 헤이즐그림이야...❤️ 가까이에서 보니까 더 이뻐 😍,4개
77,소딩,"언니!!!!저도 예중에서 미술 전공하고 있는 언니 덕후에요,,,,, 언니 진짜 보면볼수록 언니 닮고 싶고 꼭 커서 언니 처럼 되고 싶어요! 언니 사랑해요 ㅠㅠㅠ 언니 조만간 메이크업 튜토리얼도 올려줘요><
언니 진짜 멋있는 사람인거 같아요,, ㅏ 사랑햐요",3개
78,AJLDG,와 진짜 그냥 생각만으로 뚝딱뚝딱 그려낸다는게 너무 멋있어요... 질감 살리신거 진짜 대박... 짱이에요 언니 ㅠㅠㅠㅠㅠㅜ❤️❤️,2개
79,최혜련,대탈출을 듣는 사람은 또 첨봤다 ㅋㅋㅋㅋㅋㅋㅋ 역시 헤이즐은 덕질을 해도 제대로해ㅠㅠ❤️,3개
80,오경은,설치미술...어쩐지 집자체가 아트더라구여...,2개
81,채림,인스타에서부터 보고 언제올라오나 했는데 드디어 올라왔어요ㅠㅠㅠㅠㅠ 언니 진짜 못하는게 뭐야...ㅠㅠㅠㅠ❤️❤️❤️❤️,2개
82,별별,우와...작품이 정말 헤이즐 본인 그 자체를 쵸현한것 같은 느낌이예요!! 이걸 보니까 자신을 정말 잘 알고계신다는 느낌이 많이 들어요😃 아무튼 이런 컨텐츠 너무 좋아요!!글구 여성 인물화 보고 싶어요!!!,12개
83,은주,이즐언니는 역시 👍 👍 👍,2개
84,개굴본,진짜 너무 좋고 너무 잘 그리세요ㅠㅠㅠ❣️ 저 같은 똥손은 감히 꿈도 못꾸는.... 앞으로도 이런 컨텐츠 자주자주 부탁드려요~~!!! 힐링됩니당..🥺✨,2개
85,1718정수연,언니 작품 헤이즐스럽다는게 무슨 말인지 알것같아요 ! 앞으로도 헤이즐스러운 작품 많이 만들어서 꼭 연말전시회에서 만나요 언닝,2개
86,이소현,"이 언니 너무 완벽하다❤️
언니 앨리스에 나오는 알록달록하면서도 신비로운(?) 숲속 헤이즐 스타일로 그려주세요!!!😆",3개
87,플레요,진짜 언니 너무 멋지다...머찐사람✨🖤 그림도 너무 멋있고... 그냥 멋있다는 말밖에 안나와요🤭😎 ❤❤,4개
88,현정,정말 일 할때가 제일 멋있는것 같아요ㅠㅠ 그리고 작품 제목도 헤이즐이라니 완전 언니 그 자체😊❤️,2개
89,0미융미융,"언니 혹시 다음 영상에는 그림그리는거 기본기? 라든가 스킬같은것도 담아 주실 수 있나요? 언니가 너무 쉽게 빨리 잘 그리셔서 배워보고싶어요. 언니의 꿀팁을요. 아 물론 영상에서 계속 그림강좌만 나오면 재미없을 수도 있겠지만 그래도 영상 하나에는 기술 하나가 꼭 들어가 있으면 좋을 것 같아요. 너무 궁금하고 보고싶어요!!! 
 오늘 영상 너무 재밌게 잘 보고 갑니다~👍👍",2개
90,람사,"헐 온니 혹시 담엔 채도높은 컬러로 함 해주심 안돼나요,,,??? 아니 파스텔톤도 너무이쁘니까 그냥 갑자기 생각났어요,,,❤️❤️❤️",2개
91,김지원,꺅 언니 인스타 보고 완전기대하고 있었는데 기대함 보람이 있네여퓨ㅠㅠㅠㅠㅠㅠ진짜 헤이즐언니가 하는 건 다 완전 그냥 미쳣더ㅠㅠ❤️❤️❤️,2개
92,나옌,"옷잘입고,화장잘하고,그림잘그리고,춤잘추고,비쥬얼완벽하고......그래..노래는 못부른다고 말해줘여,,, 같은 세상에 사는 인간임이 느껴지게,,, 이런 완벽한 언니같으니 ✨",18개
93,MinjiKim,"한복 벚꽃메이크업이었나...? 그 영상을 시작으로 구독을 하게됐어요. 가장 재밌게 봤던 컨텐츠가 언니가 대신 입어줌 이라는 패션 영상이었거든요, 얼마전까지는. 근데 이 새로운 컨텐츠가 전 너무 좋네요. 분명 나에게 뷰티/패션 유튜버들 중 한사람이었던 분이 갑자기 전공 살려서 그림을 그리시는데 왜 저는 신선한 충격을 받았을까요..? 
제가 미술 전공이 아니라서 그런지는 몰라도, 화방 쇼핑하는 모습도 보고싶구요, 그림 그리시는 과정도 좀 더 천천히 보고싶네요! 제가 막 그렇게 그림 좋아하고 그런 사람은 아닌데, 저 그림은 사서 집에 걸어놓고 싶다는 생각이 들어요 :) 음.. 꽃그림 많이 보고싶습니다 ! 오늘 영상 너무 좋았어요!",57개
94,김다희,사람이 뭐가 이렇게 완벽해,2개
95,YEONUC,와 다양한 색감을 썼는데도 조잡스럽지 않은게 너무 신기하고 대단하고 너무 예뻐요 진짜ㅠㅠㅠㅠㅠㅠㅠ 물감은 짜서 붓으로 발라야되는걸로만 생각해왔던 미술초짜인 저에겐 너무 새롭고 재밌는 영상이었어요 앞으로 언니 작품 항상 응원할게요 ♥🌹,37개
96,수아,"헐ㅠㅠ 언니 멋져요ㅠㅠ
알림이 저에게 효도를 하는 날이 다 오군요ㅠㅠ🦋🦋",3개
97,oo,바다에서 노을지는 그림이 언니가 느껴지게 그려주세요ㅠㅠㅠ,13개
98,실뻐라이스,ㅠㅠㅠ보는 내내 굉장히 부러웠습니다😂 저두 아크릴로 그림그리는걸 너무 좋아하는데 돈 없어서 물감 아껴쓰는게 제일 슬픈거같아요.. 이제 돈벌어서 맘껏 그려보는게 소원😊 언니 그림은 화려하면서도 따뜻한 느낌이 들어요! 그리고 집중력도 엄청나신👍👍 저는 언니가 좋아하신다는 만들기!! 설치미술 기대하구 있을게용😆,9개
99,당근토끼,와 머리 묵은 것부터 느낌있어...,2개
100,승주,이언니의 끝은 과연 어딜까요...진짜 못하는게 없어 정말 ㅠㅠㅠㅠㅠㅠㅠㅠㅠㅠㅠㅠㅠㅠㅠ 멋져 죽어요 아주 😂🥰,3개
101,쿵쿵,잘하는 사람들의 재능이 빛나는 순간을 보는 건 언제나 기분좋은 일이에요.,3개
102,이서진,언니 진짜 너무 멋있어요😭😭 한 작품 한작품마다 끝내겠다는 목표가있는거잖아요ㅠㅠㅠ 그리고 작품 제목도 너무 멋있게 지으셨어요❤️❤️ 언니같이 목표를 두고 그목표를 미루지않고 당장실행하는 사람되고싶네요😊😊,2개
103,예엔,"와 괜히 예체능이 아니구나,, 생각하는대로 저렇게 그릴 수 있다는게 너무 멋있어요 ㅠㅠㅠㅠㅠ 못하는게 뭔가요 대체",34개
104,동그라미,"해마 ㅋㅋㅋ얘기하다가 해산물이라고 해서 ㅋㅋㅋㅋ뭔가 맞으면서도 오묘한 단어 ㅋㅋㅋ
해양생물이라던가 뭐 이런 좀더 있어보이는 단어가 나올 줄 알았는데 해산물ㅎㅎ
혼자 이상한 포인트에서 터짐 ㅋ",1개
105,김서현,"여태껏 눈팅만 했던 소심한 팬이지만 오늘 처음으로 이케 댓글을 적어보아용
최근 남자친구를 군대로 보내고 하는 일도 잘 되지도 않고 인생에 있어 중요한 진로결정을 했는데도 의욕도 없고 무료하고 권태로운 일상을 보내고 있었어요
그런데 언니의 영상을 보니까 마음이 따뜻해지면서 권태로움이 해소되는 느낌이랄까..? 그림 색감도 너무 이쁘고 제가 좋아하는 어떤 무언가 알 수 없는 느낌을 받았어용
언니는 저랑 전공도 다르고 그림은 정말 문외한인 저지만 앞으로 이즐화실 영상은 꼭꼭 챙겨볼거 같아용 항상 응원하구 연말에 언니 전시회 꼭 가고 싶네요🙈❤️",2개
106,Surin,저는 원체 미술의 미자도 못하고 화장할때 빼고 붓을 들기 무서워해서 그런가 이즐님 작품 너무 아름다워요...❤️ 저도 나비나 자연요소가 들어간 작품 넘 좋아하는데 색도 컬러풀하고 최고에요~~,40개
107,혜연,매일 입시 미술에 치여 사는 미대 입시 준비생인데요ㅜㅠ 요즘 학원이 아닌 이상에는 그림이 그리고 싶지 않았는데 언니가 그림 그리는거 보고 저도 제 그림이 그리고 싶어졌어요ㅜㅠㅜ,6개
108,복숭아크림,"저도 그림그리는데 저는 그림 하면서 투시가 가장 싫어었요ㅜ 생각해야할게 너무 많아 귀찮았다는,,
글고 아크릴 정말 쥬아요ㅜ 덕지덕지 바르면 쾌감 쩌러
그리고 저는 오일파스텔쓰시는 것도 한번 보고싶어요!!오일 파스텔 넘 어려워요 ㅜㅠ",16개
109,김지원,아 재밌는 건 둘째 치고 그림 넘 이쁨.....진짜 딱 이즐언니 취향ㅇ..❤️❤️ 내취향ㅠㅠ💞,2개
110,512진아인,언니는 자신이 좋아하는 것을 찾고 그걸 이루는 모습이 너무너무 멋져요👍👍그림도 잘 그리는 금손도 부러워요❤❤,2개
111,응쭈,"언니 그림 너무 이뻐요😍 하나하나 디테일이 살아있고 나비나 꽃이 살아움직이는 느낌이고 색감도 너무 러블리해요💕 언니가 바라는것처럼 좋은 작품 많이하실려면 몸도 챙기셨으면 좋겠어요!
그래야 이쁜작품 마니마니 만들어서 초대하지용! 작품은 전... 구두 가방 같은 그림에 세련된 도시같은 느낌의 그림도 보고싶어요! 언니라면 감각이 있어서 잘할꺼같아요.
설치미술은 아직 잘몰라서 한번 보고싶네요^^ 앞으로도 좋은 작품 많이 기대할께요! 언니 화이팅👍",2개
112,치즈떡볶이,저도 그림에 손 놓은지 3년이네요••• 넣어뒀던 미술 도구들 다 꺼내야겠어요 ㅋㅋㅋㅋ 그림 뽐뿌...!,2개
113,WitchLeopard,색감 정말 예뻐요😍 헤이즐스러워서 그림 패턴으로 원피스있으면 기절할것 같은 생각이 들었어요! 멋있어요 금손❤,2개
114,강지원,"뭘 하든지 본인의 생각과 선택이 중요하죠. 이것저것 많이 한다고 해서 변덕스러운 게 아니라(하고 싶은 건 언제든 바뀔 수 있잖아여) 본인이 진짜 하고 싶은 걸 찾아가는 과정이라고 생각합니다. 헤이즐님은 지금 그 과정 속에 있는 거고요... 현재 자기 자신이 행복하다면 그걸로 된 거 같습니다 :) 헤이즐님이 행복하신 것 같아서 헤이즐넛인 저도 기분이 좋아진답니당
앞으로도 행복하세요 언니♡♡♡",27개
115,조은주,와 헤이즐언니 전시회 진짜 가고싶다 언니 꼭 시험기간끝나구 열어주세요🥺,2개
116,서연마리,헤이즐님 진짜 멋있어요 항상 응원할게요...💙 전시회도 꼭꼭 가겠습니다!!,4개
117,,언니 작품 전시회하면 무조건 가야죠 ㅠㅠㅠㅠㅠ 그 목표 무조건 이루기 ! .. ㄹㅇ 금손 of 금손 .. 💛💛,2개
118,힝구,우와ㅠ 이번에 처음 헤이즐님 보게 됐는데ᅲ(친구 추천으로요!!) 너무 재미있으시세요ㅠ 진짜 헤이즐님 영상 하루 만에 정주행할 거예요❤ 사실 거의 다봤습니다🤭 저는 헤이즐님이 앨리스 좋아하시니까 시계 시계 관련된 설치물??작품을 만드셔봤으면 좋겠다고 생각이 들어요!!앞으로 영상 많이 볼께요❤❤ 영상 올려주셔서 감사합니다🙇 앞으로 열심히 볼께요!!,2개
119,호야야양,온니........미쳤엉.........완전 금손이 잖아........,2개
120,말하는껌,"처음에 헤이즐님 봤을 때 너무 예뻐서 구독했고
영상들 보니까 메이크업 잘해서 우와 메이크업 
진짜 예쁘게 잘하신다 했는데 
패션하울리뷰 영상이 올라와서 뭐야 옷핏이 왜 
모델핏이야 비율도 미쳤네 했는데 
갑자기 댄스영상 올라와서 엥 춤도 잘추잖아 진
짜 뭐야 이사람 했는데 
해리포터 덕질 영상 올라와서 헐 내가 해리포터 
사랑하는거 어떻게아셨지 대박 했는데

그림?? 설치미술?!??
당신 정말 헤이즐넛들을 모조리 당신 매력에 가둬서 다시는 영영 못빠져나오게 할 생각이에요?
사랑해요 진짜😭❤️ 그리구 존경해요☺️",1개
121,LeeHwanArt이환아트,"그림 그리는데는 재료 도구가 문제 되지 않네요~ㅎ
작가의 실력이 멋진 그림을 탄생 시키는 것 같아요
좋은 작품과 소개 유용한 정보 잘 보고 갑니다 ^^",3개
122,선영정,"헤이즐언니 
그림그리는 방법
나비 그리는 방법 
알려주세요",2개
123,이다민,저 그림 가지고 싶을정도로 개성있고 이뻐요ㅠㅠ,2개
124,챈니차밍,"헤이즐님 너무 멋있따아ㅜㅜ작품 너무 예뻐요 색감이랑 분위기도 너무 제 취향,,,전시회에서 꼭 봤으면 좋겠네요!!",2개
125,솜솜이somi,제가 만약 운이 억세게 좋아서 헤이즐님의 전시회를 가볼 수 있는 기회가있다면 언니가 그린 자화상 보고 싶어요❤️,1개
126,김나현,제가 니겔라 라는 꽃을 좋아하는데 이 꽃이 몽환적이게 생긴 꽃이라 그림에 들어가면 이쁠 것 같아요ㅜㅜㅜ 다음에 니겔라 들어있는 그림 그려주세용ㅜㅜㅜ 글고 그림 진짜 짱짱ㅜㅜ❣❣❣❣,12개
127,오로르,ㅠㅠㅠㅠ너무 이뻐요ㅠㅠㅠ전 그림 좋아했다가 여건이 안되서 포기한 케이스인데....그림 보면 괜히 아련해욬ㅋㅋㅋㅋㅋㅋ그림 그리면 두세시간은 뚝딱이었는데...,1개
128,쵸꼬비칭구칭구,이 언니는 도대체 못하는게 뭐람 진짜 너무 멋있잖아ㅠㅠ 사랑해요 헤이즐,3개
129,아지,뭐야 인트로 뭐야뭐야🤍🙈,2개
130,hnaaaK,미술작품보면서 가지고싶다는 맘을 가져본적은없는데 이건 진짜 가지고싶은 색감과 그림들구성과 감각적인 텍스처들... 최고에요💜,12개
131,정한나,울언니 너무너무 멋이쒀••• 언니 항상 응원해요 너무너무 사랑해ㅠㅠㅠㅠ❤️,2개
132,이지민,댓글 진짜 안남기는데 그림이 참 언니같아요 보면 맘이 밝아지고 기분좋아지고 힐링되는느낌이에용❤️,2개
133,tjkim,아 제발 좀 세상 같이 살자고요....,2개
134,ElizabethPal,You have a gift ! You are so talented !,1개
135,김도이,이 영상 왤케 자주 보는지 모르겠어여❤😚 언니의 도전하는 모습 너무 저에게 힘이 됐어요 👍저도 잊고 살았던 포기하고 있던 걸 다시 도전 해보려구 해요ㅎㅎ 나중에 언니 전시회하면 가고 싶어요유ㅠ,2개
136,로즈말이Rose,"언니 진짜 너무 멋져요ㅠㅠㅠㅠㅠ😍😍😍😍😍
언니는 진짜 이세랑 모든 사람들이 알아야해요ㅠㅠㅠㅠ🥳🥳
여러분!! 모두 헤이즐언니 구독합시다!!!🦄😘😘
Everyone!! Let’s subscribe her YouTube!!! 🤩🤩🤩🤩",2개
137,오은설,언니 미치고 파치겠네요!!!!,2개
138,예진,저는 미술을 너무 좋아하지만 입시미술은 저와 맞지않아서 포기하고 미술을 안본지 꽤 됐네요 이 영상을 보니 또 다시 욕구가 뿜뿜하여 내일 미술 도구를 들어볼까 합니다 감사해요 언니,1개
139,윤서영,나비그림 너무이뻐요... 완전 제스타일이에요 ㅋㅋㅋ,2개
