﻿,youtube_id,comment,like_num
0,헤이즐Heizle,오늘도 제 영상을 보러와준 헤이즐넛 여러분💙💙 은 내일 행복한 일이 생길꺼에용🎠🔮🎉,355개
1,로즈즐넛,여왕님이 바쁘게 일하다가 잠시 쉬고싶어서 자연 속에있는 별궁에서 혼자서 조용히 취미생활을 즐기는 것 같다,70개
2,윤총총chongchong,3:45 ㅋㅋㅋㅋ여기 그짤 생각나요 삼시세끼에서 유해진이 강아지뭐하는지 불안할때 이름부르면서 안돼!!!이런다곹ㅌㅌㅋㅋㅋㅋㅋㅋㅋㅋㅋㅋㅋㅋㅋㅋㅋㅋㅋ,20개
3,yoonna,저는 항상 꽃이든 나무든 식물을 기르면 오래가지못하던데 ㅠㅠㅜㅠ그나저나 피부 진짜 레전드...🌟어떻게 뾰루지 하나없이 깨끗하나요 증말ㅠㅜㅠㅠ,67개
4,k,댕댕이 갑자기 안보이면 불안한거ㅋㅋㅋㅋㅋ 핵공감ㅋㅋㅋㅋㅋ,23개
5,헤이즐Heizle,English subtitles are complete!👍😍❤️,77개
6,후르쯔테일FRUITTAIL,진짜....제 로망...테라스 꾸미기.. 그냥 정원이 잇음좋겟타는...ㅠ.ㅠ. 게다가 담쟁이 덩큘..ㅠㅠ 정원 벽의 끝판왕...👑❤❤ 진짜 완전 힐링이에여..ㅠ 너무 이뿌게 잘꾸미셨네욥..!!♡♡ 다음 영상두 기대할께요!!!,39개
7,청아,3:52  잘 가~~~ ㅋㅋㅋㅋㅋㅋㅋㅋㅋㅋㅋㅋㅋㅋㅋㅋㅋㅋㅋㅋㅋㅋㅋㅋㅋㅋㅋㅋ,3개
8,Heming,나의 꿈 = 테라스 있는 옥상을 헤이즈님처럼 꽃과 식물과 나무로 예쁘게 꾸미고 행복한 공주님같이 살기!🙈,27개
9,현아,진짜 언니 영상은 왠지 모르게 힐링이 되는 것 같아요 ㅜ 언니 뜬금 없지만 진짜인가 사랑해요 ㅜㅜ 많이 챙겨보고 있어요 !! 헤이즐님 화이팅 !!정원 넘 이뻐요 ㅜㅜ 저도 크면 똑 저렇게 정원 만들어서 꾸미고 싶네요 ㅎㅎ,4개
10,조윤빈,헤이즐님은 하울이나 flex 하는 영상도 좋지만 이런 평화로운(?) 일상의 브이로그가 더 좋은것 같아요🙂,35개
11,까꿍,언니 담쟁이넝쿨 다는거 멋있다.. 뚝닥뚝달 손재주👏👏,21개
12,김지원,"저 레몬 이탈리아 쏘렌토 갔을때 봤었어요,,ㅋㅋㅋ 자몽인줄알았는데 엄청 큰 레몬이였어요ㅋㅋㅋㅋㅋ",14개
13,심심,무언가를 꾸미고 쇼핑하고 내가 행복해 하는걸 하는게 삶의 낡인것 같아용!! 항상 좋은 힐링 영상 감사해용😍😍,35개
14,socha소차,진짜 언니는 뭘해도 잘하고 이뿌고 진짜 언니 볻받구 싶어용❤️🧡💛💚💜,4개
15,서연마리,언니 이런 잔잔한 영상도 진짜 너무 좋아요 힐링된다 하 따랑해요 😭💛💛,7개
16,1학년7반13번유수아,아 언니 썸네일 무슨일이야 너무 귀엽잖아요ㅜㅜ 그리고 원래도 이뻤지만 요즘 더 영상들의 분위기가 너모 옙버영♡ 힐링 그자체..☆,4개
17,서유진,여름 밤에 저 지붕에 누워서 별 구경하면 세상 행복할 것 같네요ㅠㅠ,3개
18,은주,갓헤이즐😊😊😊😊💜💜💜💜,2개
19,채은,"조금 늦었지만 오늘도 목소리 너무 취저입니다❤🙊
이런 브이로그 너무 너무 좋다구요오오😍❤👍🏻
사랑합니당 !😘〰️",4개
20,SeaWoo,언니 자체가 힐링이야..❤️❤️,10개
21,규민,오늘도 너무 이뻐요 ㅠㅠ ❤️❤️,4개
22,멜로디,오늘 언니 티비에서 플립광고 봤는데 너무 예뻐서 소리쳤어요😭😭😭,2개
23,까꿍,개때끼 ㅋㅋㅋㅋㅋ 로또 진짜 귀엽다ㅠㅠㅠ,3개
24,호다다다다다,담쟁이 덩굴 단 모습 기대하고 있었는데 예쁘네요ㅠㅠ짱🔥👍 집에 식물이 많으니까 확실히 싱그러워보이고 좋아요!! 일일이 관리하기 힘드실텐데 엄청 부지런하신가봐요☺️,2개
25,주은Jueun,영상보면서 제 로망이 떠올랐어요☺️열심히 일해 누구보다 더 멋진 커리어우먼이되어서 내가   하고싶은일을 하면서 소중한사람과 함께 살아가는게 제 로망인데 이즐님영상을 보면서 다시한번더 행복한 제 로망을 꿈꿀수있어서 좋았어요! 😊정말 고마워요!😊그리고 저도 요즘 해리포터에 빠져서 다시 영화로 정주행하고있어요!집에만 있더니 너무 심심하더라구요🥰마지막으로 모든분들 이즐님도 항상 즐거운날만 가득했으면 좋겠어요!😚,18개
26,LL,cnp 진짜좋은데!!!! 진짜진짜 평생템인데ㅠㅠ 언니랑 통했어❤,3개
27,민,오늘도 너무 예쁘네영😍 못하는게 진짜 모야ㅠㅠㅠㅜ,3개
28,CarrieSkyies,loveeee how you decorate everything!!!💜💜😭,1개
29,솔솔,"테라스 꾸미기 제 로망,,, 언니 영상보면서 대여만족해야겠어여ㅎㅎㅎ❤️",4개
30,햇반의러브아이즈,언니 영상 이쁘게 잘 볼께요!! 오늘도 수고하셨어요!!,4개
31,두두,흡...행복해보여ㅠㅠ 역시 고생 끝에 낙이 온다고 언니의 그 모든 고민들이 언니를 다시 더! 행복하게 해준거 같아요😽 너무 다행이고 부러워요 언니 영상 보고 있으면 행복해져요 고마워요 언니💓👩‍🎨💓,2개
32,말하는껌,"헐 레몬나무✨🍋
저는 나중에 제마당이 생기면 꼭 레몬이랑 무화과랑 토마토같이 먹을수 있는 녀석들을 잔뜩잔뜩 키울거에요😚",2개
33,호야야양,로또는 진짜 복받은거야 어뜨케 한 평생 헤이즐 언니를 보겠어 로또는 진짜진짜 복받은거야,4개
34,앙ANG,이언니 얼굴이 얼마나 쪼매난거야ㅠㅜㅠ 마스크가 남아돌아도 너무남아돌자나ㅠㅜㅠ 이런 힐링 컨텐츠 너무 좋아요ㅠㅜ 시간가는줄 모르고 봐요😍😍,7개
35,민서minseo,"빨리왔다용,, 보고만 있어도 힐링되는 언니영상..💙언니두 낼 행복한일이 생길꺼에요,,🥰🔮",3개
36,ejBaby,진짜 이런집에서 살면 진짜 좋을것같아요ㅎㅎㅎㅎ부럽네요♡,2개
37,arim아리미,제꿈이 집 테라스에서 그림을그리면서 힐링을 하는건데 헤이즐님 영상을보면서 정말 대리만족 엄청 되네요😭다시한번 저의 목표가 생기게됬어요..! 요즘 이런 일상영상 너무너무 잘 보는중이에요 좋은 영상 감사합니다❤️,3개
38,효민,내일 친구 2개월만에 만나기로 했는데 언니가 댓글로 내일 행복한 일있을거라 해서 기분이 좋네요!!,10개
39,이채림,테라스 정원이야 정말~~~ 책읽는거 들으니깡 해설부분은 차분하게 너무 잘읽어서 책읽는 영상해두 되갰어여~~ 요즘 전 피부가 엉망이거든요.. 뾰루지가 올라와요.. 저도 언니처럼 피부 깨끗해지고 싶네요... 😭,9개
40,수주현,뭐야 맨날 예뻐 맨날 세상 혼자 사는 사람같아요 ㅜㅜ,2개
41,루다,헤이즐님 ❤️❤️ 진짜 너무 사랑해요 ㅜㅜㅜㅜ 완전 와 그냥 감탄 밖에 안나올정도로 예쁘세요 ㅜㅜ 생얼이든 화장한 얼굴이든 ㅜㅜ ❤️❤️❤️❤️❤️❤️제 롤모델은 헤이즐님입니㉰!!!!!,2개
42,이정아,진짜 그림 그리다가 저렇게 풍경 보면 속 답답했던 것들도 좀 진정되고 마음도 편해질 것 같아요ㅎㅎㅎ 저도 그런 공간이 있었으면ㅠㅠ 그런 느낌들이 언니 그림에서도 묻어나는 것 같아효ㅎㅎㅎ🥰 그 감성들이 묻어나는 전시회도 꼭 보고싶어용 엉엉ㅠ,10개
43,공재경,어제 일찍 자서 이제야 본다 엉엉 ㅜㅜ 아침에 일어나자마자 보는게 정말 선물같아요 ㅠㅠ 💜💜,3개
44,안되,와... 언니 피부가.... 무슨일이죠 ???? 진짜 너무너무 좋아보여요ㅜㅜ 그리고 식물을 직접 키우시는거 너무 멋져요..  또 향기도 난다니.. 저도 직접 맡아보고 싶네요 ...ㅋㅋ 언젠간 향도 동영상보면서 느낄수있는 날이 오겠죠 ???ㅋㅋㅋㅋㅋㅋㅋ 암튼 오늘도 잘 보고 가용!!,2개
45,,언니ㅠㅠㅠ 행복한일은 현재진행형이에요ㅠ 언니영상보니까 너무 행복해요 내일도 있을거라니 사랑해욥❤ 저두 꽃꽃이 배워보고 싶어요! 테라스 꾸미는것두 보면 너무 예쁠것 같아요!!,3개
46,버블다미,선댓 후 감상이용,3개
47,지연jiyeon,언니영상을 보면 항상 즐겁고 힐링되요❤️,5개
48,김예령,ㅠㅠㅠㅠㅠㅠ 요즘 언니 영상 보는 거 너무너무 힐링 되고 좋아요❤️❤️ 제가 그림이나 꾸미는 거에 소질이 없어서 그런지 언니 영상 보면서 대리만족 최곱니당🥳🥳 항상 언니가 즐거운 일 많이많이 해주세요❤️ 언니가 좋아하는 일 하면서 행복해하는 모습이 너무너무 예뻐요ㅠㅠ😘 싸랑합니닷!,2개
49,토리tori,"저도 이즐님이랑 비슷한 옥상이 있는데 양재꽃시장에 양귀비 너무너무 이뻐요 ㅠㅠㅠㅠ 찔레 너무 이쁘답니다
.... ㅠㅠㅠ 양재꽃시장 추천드려욥 !",1개
50,병따개,수수한 헤이즐언니 넘나 이쁜것,4개
51,PO뭉게WER,"꺄아아아아아 이즐언니 영상이다ㅠㅠㅠㅠㅠㅠㅠ짱 행복한 주말이에요❤️ 진짜 테라스에서 그림그리기,,, 제 꿈이에요! 오늘도 영상 잘볼게요💕",2개
52,덩실덩실,헐 완전 빨리왔다.. 오늘도 선댓후감상😊,2개
53,nakyungkim,요즘 헤이즐언니 집에서 취미생활하시면서 편안해보이고 훨씬더 행복해보여용👍🏻♥️♥️,5개
54,꿀꿈곰돌이,하고 싶은 좋아하는 일을 하면서 성공한다는 건 어떤 느낌일까..ㅠㅠ 헤이즐님 진짜 제 워너비..,1개
55,유리아,우아ㅜㅜ 이런 소소한거 너무 좋자나요ㅠㅠ 언니짱💜💜어제 영상들이 한ㄴ번에 맛 올라와서 못봣엇는데 아침되서 이제야 보는데 힐링되서 좋네용😭,2개
56,유나,저도 이 영상 보니까 테라스에 식물 카워서 예쁘게 꾸미고 싶네요 근데 ... 제일 중요한 테라스가 없는 사실 .. !!😆,1개
57,이은서,언뉘 오늘도 영상 잘 볼게요!! 영상 뭔가 힐링되는 것 같아서 좋아욯ㅎ 그나저나 오늘 언니 완전 이쁘용ㅎㅎ,3개
58,이하경,언니 화단에 꽃들이 많으면 뭐해 언니 자체가 꽃인데ㅔ💗💗💗💗💗 여왕님 알라뷰 오늘도 좋은 영상 감사합니다🤗🤗,3개
59,꼰비,언니도 오늘영상 올려주셔서 감사해요!!! 항상 조심하고 행복하게지내요!!!😍♥️,4개
60,박세현,헤이즐님 영상올라올때가 제일 행복해요❤️❤️진짜 힐링되고 너무 좋습니다😽,3개
61,선영은,꺅 이 영상에선 아니지만 꽃그리는 영상 아니면 이것저것 그리는 영상 자주 올려주세용~~~😭😭,1개
62,최해든YouTube,저도 저만의 정원을 만들고 싶네요~,3개
63,채령,언니도 행복한 하루 되시고 저도 나중에 저런 예쁜 테라스 있는데서 쉬고싶어요 !,4개
64,엥엥,4:08 저기 위에 올라가서 누워있으면 진짜 행복할 것 같네요😍😍(튼튼하다면..!),1개
65,박서연,언니..제가 언니의 레몬이 될께요... 따먹어주세요💕💕😂,3개
66,임가람솔,"그림 너무 잘그려요ㅠㅠ어떻게 그렇게 잘 그려요??
지인~짜 너무 너무 금손 이시네영!😆언니 항상 제가 사랑하는 거 알고 있죠?💖💖
+로또 너무 기여워우ㅠ🐶❤️",1개
67,HyunJung,오늘도 알림 뜨자마자 바로 왔숩니당!!,2개
68,뇽아뇽아,종말..힐링되는 영상 내가 언니 일하는 모습 계속 지켜보고 있는 기붕...자기 전에 보면서 스르륵 잠들어용 이런 영상 넘 좋앙,3개
69,박지우,"💙언니도 내일 행복한 일이 생길거에요💙
(저 잘뻔했던거는 안비밀💙)➡️언니가 해리포터 책읽어줄때✨",2개
70,쿠키쿠키,긴말 필요없이 너무 힐링영상♥2000퍼센트,3개
71,데이뷰렐라,꽃잎먹는 댕댕이라니ㅠ 넘 귀엽잖아요ㅠㅜㅠ  진짜 저렇게 예쁜 테라스 꾸미면서 식물 키우면 넘 힐링되겠어요❤️❤️,1개
72,공다영,영상 지속적으로 올려주셔서 너무 좋다ㅠㅠㅠㅠㅠ 집 밖에도 잘 못나가는데 언니 영상 보는 재미로 살아야지 ❤️,2개
73,이미연,"언니 피부가 요즘 열일한 비결이 
있었네요 b 함께 피부관리 할수있게
신경써주는 헤이즐 언니 짱 b 
헤이즐 언니처럼 꿀피부 만들기 프로젝트 ! 🙂💕",2개
74,dandrion,덩굴 다 해놓으면 너무 예쁠것 같아요ㅠㅠㅠ,2개
75,DAYEON다연,풍경 대박이에요....언니 진짜 금손 맞는가봐...어떻해요...진짜 다 잘해버리면 어떻하냐구요...진짜 그러면 제가 언니가 더 좋아지잖아요...ㅠㅠ❤️❤️화이팅!!,2개
76,채림,헐ㄹ 언니 선댓ㅠㅠ 언니야 오늘도 존예에요ㅠㅠㅠ 저 얼굴에 트러블 많이나서 관리 어떻게 해야할지 고민 많이 됐는데 짱짱 고맙워요❤️❤️해리포터라니 언니 저도 해덕이에요 광광 6년해덕인데 제가 언니한테 입덕한게 해리포터여서 이말 꼭해주고 싶었어요ㅎㅅㅎ 아 언니 잠옷 소개 영상 찍어주세요ㅠㅠ 요즘에 잠옷에 관심이 많아졌는데 오늘 체크 잠옷 정보도 좀.. 오늘도 수고 많았어요 언니 체공☺️☺️☺️❤️❤️😘,4개
77,썬,집에서도 재미있게 보람있게 보내는거 보니까 괜히 저두 기분 좋아져요 ㅠㅠ 알러뷰 💜💜💜,2개
78,블링크,헤이즐님 사랑합니다 마이에브리팅 마이온리월드 사랑해요 보고싶어요 죽어서 하늘에서도 헤이즐넛 하겠습니다 아님 다음생에서 무조건 헤이즐넛으로 태어나겠습니다ㅠㅠ 💖💖💖💖💖💖💖💖💖💖,1개
79,김혜민,"완전 좋은 나이트루틴,,,흐규ㅠㅠㅠㅠ 저도 해리포터읽으면서 자고 싶네용",1개
80,로즈말이Rose,"언니 진짜 무슨 세계적인 예술가 같아요ㅎㅎㅎㅎ
언니 사룽해요 💜💜💜💜",3개
81,야호,항상 언니 영상보면 밝은 기운..? 그런게 느껴져서 좋아요ㅜㅜ,3개
82,김정민,"언니 요즘 왜 마지막인사 ""Heizle~ have fun~~!!"" 이거 왜 안해줘요??🤔🤔
다음영상에선 꼭! 해주세요!!",1개
83,예지앞사칠투비,저도 꽃 키우고 싶은데 뭐만 키우면 다 시들어버리는 사람으로써 절대 키우지 못합니당... 대리만족 하고있오용👍❣❤,1개
84,예나00,호캉스 방법 :크고 복층이고 경치좋은 집을 산다,1개
85,은정,"제가 원래 댓글을 쓰는 사람이 아닌데
요즘 헤이즐님께 완전 푹 빠져버렸어요ㅠ
그냥 요즘들어 재미있는 영상도 많이 못보고
그래서 그런지 모르겠는데 헤이즐님 영상올라오길
저도 모르게 기다리고있더라구여 
항상 힘내시고 건강하시고 영상많이 올려주세요❤️
헤이즐님 덕분에 행복합니다🥰🥰🥰",4개
86,우동훈,"손재주가 너무 좋으셔서 뭘해도 예쁘고 잘 만드시는 것 같아요!!너무 재밌는 영상 감사합니다.
앞으로도 댓글 매일 남길께요❤️❤️",7개
87,파라디Paradie,밤에 테라스에서 달 보면서 힐링하는 것도 좋을 것 같아요!! 전 침대에서 언니 영상보면서 힐링하구요ㅎㅎ,2개
88,체리맛우유,밤에 씻고서 언니 영상 보면 진짜 뭔가 포근하고 따뜻해지는 느낌이예요☁항상 힐링되는 영상 만들어 주셔서 감사해요ㅜㅠㅜㅠ🌈,2개
89,김채은,언니집에서 하루만 지내보고싶어요 😭,3개
90,AAA,우와... 진짜 테라스 너무 예쁘고 식물들도 지극정성으로 가꾸고 키우고 관리하는게 보이는것 같애요..❤,2개
91,독구,언니 레몬많이 자라면 먹방후기를 보여주시면..헿,1개
92,고래GORA,저도 요즘에 언니영상보거나 힐링음악들으면서 힐링해요❤❤ 인스타 간간히 보는데 진짜 너무 그림 잘그리는거 아니냐구요ㅜ💗 사랑합니다💗❤💗❤❤❤ 개때끼 ㅋㅋㅋㅋㅋ 볼때마다 웃겨요 ㅋㅋㅋㅋ,2개
93,김유림,헤이즐언니 집 테라스에서 차 한잔 마시고 싶어 너무 이뻐요 아름다워💕💕🌸🦋🌸,2개
94,헤이즈하,언니 내가요ㅜ 핸드폰이 고장나서 댓글을 못달았...ㅜㅜ 오랜만에 왔는데 늦게 달어서 미안하구...럽야♡,1개
95,이하영,"우앙 언니😗❤ 요즘 언니 영상 덕분에 집에서 지루하지 않게 지내고 있어요!
사실 제가 미술을 4살때부터 좋아하고 꿈으로 생각하고 있었는데 나중에 중학교 올라와서 그냥 포기했어요..(사실 아빠가 미술은 취미로 하라고 하셔서ㅠㅠ) 헤이즐 언니 영상 보면서 조금이나마 기분이 좋아졌어요♡ 항상 좋은 영상 올려 주셔서 감사합니당!!",4개
96,최모솜,조팝나무...향 진짜 좋은데ㅠㅠㅠㅠㅠㅠ,1개
97,정은주,"9:22
옥상이 아니라 지붕....아닌가..ㅋㅋㅋㅋ😏",0개
98,yu담다,매번 볼때마다 생얼두 청초하고 이뿌심 !!🖤,3개
99,리틀민,꽃은 남사도 정말좋아요. 남사가보셔도괜찮을것같아요.,7개
100,써나,언니 영상 자체가 행복한 일~~~❤❤❤,1개
101,남채린,항상 언니 영상 보고 너무 힐링...❤ 진짜 언니 브이로그 너무 행복💕 언니 덕분에 좋은 정보도 얻고...❤ 울 언니는 헤이즐넛에게 사랑이에여!!!,3개
102,옌이,강제집순이가된 저는 오늘도 언니 영상보면서 시간을 보냅니다💖💖💖💖,1개
103,모모란배필구독자,언니 오늘 너무 예뻐요.물론 매일예쁘지만 오늘 따라 더 예쁘네요.,3개
104,고구마,"언니 요즘 영상 너무 자주올라와서 좋아여
그래두 너무 무리하지 마세용🥰",3개
105,231,헐!! 저는 늘 실내 집 안에서 키워서 키울 수 있는 식물이 한정적인데 너무 부러워요ㅠㅠ!,1개
106,슬기로운서연생활,"진짜 영상 많이 기다렸어요🥰
진짜 너무너무 부러워요  저도 저런 이쁜집에서 하루하루 행복하게 살고 싶네요!!😊👧지붕에 올라가는것도
어렸을때 부터 해보고 싶었는데!🌿
저도 돈많이 벌어서 그런집 구해보고 싶어요!
잘보고 갑니다~!!🌈",3개
107,수르잔,"테라스 있는 집 너무 부러워요ㅠㅠ
위에다 담쟁이덩굴 달아준것두 너무 잘어울려용ㅎㅎ",2개
108,정예은,코로나 때문에 못 본 꽃들 언니 영상으로 다봤다⚘🌷🌱오늘도 힐링되는 영상 너무 고마워요❤,2개
109,jkim,언니 천천히 인생 얘기 한번 해주세용 젤 힘들었던 때나 중국에서 모델할때 얘기 등등 넘 듣고싶어요,2개
110,이지민,언니.. 여유가 된다면 라일락 하나만 키워주시면 안되나용.. 대리만족 하구싶습니다!,2개
111,김유정,헤이즐 언니 영상보고 월요일에 보는 전공시험 에이플 맞아올게요💙,3개
112,지민,"어떻게 매일매일 예쁘실수있죠...??
오늘도 영상으로 힐링하고갑니다ㅠㅠ😍",2개
113,JanneyLee,"언니 영상은 역시 힐링뽐뿌 짱,,ㅠㅠㅠ 저도 언니 따라서 방인테리어라도 좀 바꿔줘야겠어요 봄봄하게ㅎㅎ 진짜 우리 골드핸드 이즐언니..ㅠㅠㅠㅠ 언니 영상은 한번 클릭하면 마약이야.. 헤어나올수없어.. 그리고 완전 시간가는줄도 모르고 홀려서 본다구요ㅠㅠㅠㅜㅜ 마치 내가 이즐언니가 된것처럼 이입해서ㅋㅋㅋ 언니 완전 대박 사랑하는거 알죠?? 영상 자주 얼려죠요.. 볼때마다 완전 힐링되여ㅠ 꽃들도 다 언니랑 너무 잘어울린당❤💜 언니 사랑해요 진짜ㅠㅠ 안나뷰안나뷰💜💜💜💜💜",3개
114,이삐삐,"정원 꾸미는 영상 너무 좋아여ㅠㅠㅠ
진짜 내가 다 힐링하는 기분💕",1개
115,쏩,테라스도 봄봄해졌네요ㅎㅎㅎ 진짜 아무리 열심히 스킨케어해도 복구되지않는 제 피부만 보다가 언니 피부보니까 너무 좋아보여요ㅜㅠ 그와중에 선캡마저 소화해버리시면 너무 완벽한거아닌가요?!?!?,2개
116,이다운,"언니도 사회적 거리두기 열심히 실천 중이시군여,,, 피부 진짜 너무 예뻐요ㅠㅠ",1개
117,윤다은,"마지막부분 너무 감성적인거 아니예요!!
조명켜고 책 보는거 너무 감성적이예요✨✨
저도 한번 해보고 싶네요❤
이번 영상도 너무 힐링이예용❤",2개
118,이현서,헤이즐 언니 영상 딘짜 볼때마다 힐링해서 나무좋아요ㅜㅜㅜ,2개
119,688,"힐링 영상...🌝💕 이런 영상 너무 좋아요😭😭💕 저도 식물을 좋아하는데 똥손이라 절대 못 키운다능...^-^;;; 언니 저 내일 
평생을 함께 할 댕댕이 분양 받으러 갑니다💕",3개
120,이윤서,너무 힐링되요 진짜 ㅠㅠ항상 잘 보고 있어요 언니ㅠ❤️❤️❤️❤️❤️,1개
121,산오SANO,오늘 영상도 너무 이쁘고 좋아요.. 영상보면서 항상 힐링되요..언니영상 너무 이쁘고..ㅠㅠㅠㅠㅠㅠㅠ 진자...💖💖💖💖💖💖💖 영화 한장면 느낌...,1개
122,류류,개때끼ㅋㅋㅋㅋㅋ,1개
123,잇진보라해,저도 헤이즈언니네처럼 생긴데 살고싶어요ㅜㅠㅜㅠ테라스가 너무 이뻐요!!,1개
124,이희아,언니진짜 짱이담,1개
125,자축인묘진샤오미배터리,"꽃 그림 너무 아름다워요 ...（╹◡╹）♡
커서 꼭 언니 집같이 옥상 있는 집에서 살 수 있도록 열심히 살아야겠네요 💟",4개
126,불낙지,삶의 낙이다 정말..ㅠㅠㅠㅠㅠㅠ 힐링이에요 힐링❤️🦋,3개
127,N드리미즌,"언닝.ㅈ...진짜 피부가 너무 좋은거 아니예용?! 저두 언니처럼 좋아질수있을까용? 빨리 5월이 되었으면 좋겄어용..진짜 기대감 뿜뿜입니다..
그리고 봄을 맞이하면 꾸미는 영상미가 너무 이뻐서 저두 힐링 합니다. 헤이즐 언니 저희의 삶의 힐링입ㄴ다!♡♡♡♡",1개
128,루랑이,오늘도 덕분에 힐링해요....🌱💓,3개
129,이민징,저런 테라스 이제 제 로망됬어요ㅠ 꽃이랑 담쟁이넝쿨 너무 이뻐요ㅠㅠ❤,1개
130,샛별,"저는 헤이즐님의 구독자가 43만명때부터 지켜본(??) 구독자 인데요 헤이즐님이 해리포터,디즈니,명품브랜드들을 소개해주는 영상들이나,집을 꾸미는 영상들을 보면서 너무 재밌고다 갖고싶다는 생각도 들고 헤이즐은 점점예뻐지신다는 생각들도 많이들었어요 ㅋㅋ❤️❤️ 앞으로 100만명까지 얼마안남았으니까 계속 응원할께요!! 그리고 헤이즐님은 정말 저만알고 싶은 유튜버중에서 제일 저만알고싶은 분이세요ㅠㅜ앞으로 꽃길만 걸으세요!!🥰💗🎀",6개
131,김하늘,긴영상 사랑합니다,1개
132,김지원,완전 내 롤모델이다..ㅠㅠ 이번 영상도 역시나 레전드다아..❤️❤️ 매번 레전드 찍으시는 헤이즐 언니는 도덕책💞❤️,1개
133,강낭콩,언니 피부면 비싼스킨케어제품 바를맛 나겠어요ㅠㅠㅠㅠ진짜 타고난 피부!❤🙈,2개
134,짐나르다베임,워너비다 ... 식물이랑 테라스 ..💓💓,1개
135,코몽코,오늘도 해리포터와 함께 ㅋㅋㅋㅋ 테라스도 넘 이뻐요ㅠㅠ,1개
136,김왹져,언니 선캡모자 어디껀가요ㅜㅡㅜ 완전 최저...손민수하고싶어요,1개
137,산드라,영상을 보면 아주 힐링이 돼요.. 언니의 집에 놀러 가고십네요 ㅋㅋ ㅋ,1개
138,,언니 영상 뜨자마자 너무 행복해요ㅜㅜ 힐링 되는 느낌쓰,1개
139,박주아,"요즘 언니 영상은정말 힐링 그자체 ..🖤
썸네일 너무 귀여우신거 아닙니까 !!!!!!!!! ㅠ ㅡㅜㅠ
식물들 귀여워하는 언니 모습너무 귀엽구 ㅠ
매번 느끼는 거지만 옥상 경치가 너무 좋은 거같아요 
저두 한번 느껴보고싶은 경치 .. 거기 올라가서 하늘 바라보면서 좋은 노래 틀고잇으면 저절로 마음이 따뜻해질거같아용 😍 그리구 저완전 공감한거 !!
저도 요즘 물욕이 진짜 없거든요 .. 저 도진짜 신기해요 ..
근데 언니도 그렇다니 ㅠㅠ 이게 집에만 잇다보니 그런걸까요 ?? 너무 신기하면서도 공통점이 잇어서 기분이 좋네요 !!! 히히. 그리구 피부재생주기가 잇다는건처음 안 사실이네요 ..  이럴때를 기회로 생각하구 저도 피부관리 해야겟어요 !!!! 
오늘도 언니피부에 감탄하며 영상 봣네요 
쌩얼 미인 흣륵ㅠㅠㅠ 💛💛💛💛💛",3개
140,VENDARA,언니 진짜 멋져요 ㅠㅠㅠ 썸넬보고 바로 들어왔답니당❤😚😚,1개
141,Clara,언니 진짜 매번 영상때마다 넘넘 재밌어요!!헤이즐 언니 사랑해요♡♡,1개
142,조유미,언니 진짜 자체가 힐링씌💖,1개
143,김민주,언니.... 얼굴이 얼만큼 작으면 마스크가 그렇게 남아요??? 대박...,1개
144,젠Jen,로또군 진짜 귀엽다😘😘  차앤박 저도 쓰고있어요!!,2개
145,도연,영상시작할때 너무예뻐요! 이즐화실~중독성 넘치는 썸네일덕에 3번(?)정도 돌려보네욤..암튼(?) 다음영상까지 기다릴게요(🙏🏻,2개
146,임쉿,어머님이랑 같이 옥상 화단꾸미고~ 자연스러운ㅋㅋ일상들을 공유하는 것 같아서 영상 너무 잘 봤습니다^^ 저는 엄마랑 공원산책하면서 꽃이름 물어보고 답하는거 좋아하거든요 ㅋㅋ😍힐링영상 고마워요~,1개
147,이주혜,이번영상은 힐링 그자체다...,1개
148,너정말잘한다,ㅠㅠ 이번 영상도 너무 힐링돼요 ㅠㅠㅠㅠ 🥰,1개
149,youtubetutorial,"봄이라니 ㅜㅜㅜ 코로나 덕분에 지구 온난화가 사라져 봄이 이렇게 추운거래요 ㅜㅜ 지구가 지금까지 많이 아팠을 거에요 ㅜㅜ❤️❤️
언니 어쩜 모든 계절 다 잘 어울려요 🤭",0개
150,붕붕BowmBo,언니가 최고야!!!짱이야!!! 언니는 내꺼....ㅠ🥺💙,1개
151,김비글,저두 자기전에 항상 해리포터를 읽어요!!! 항상 한 챕터씩 꼬박꼬박 읽는답니다..! 헤이즐 언니랑 습관이 같아서 너무 좋아요ㅠㅠ,1개
152,ThorB,헤이즐님 땜에 로제와인팔레트 샀자나여~!!ㅋㅋ 나이트 루틴도 너무 좋네요 ㅎㅎ,1개
153,유진,쌩얼이라뇨...🤭 피부 너무 좋자나요ㅠㅠ 헤이즐님 영상보면 테라스있는 집으로 이사가고싶은 마음이 뿜뿜 🥰🥰,1개
154,정은주,"언닝❤ 오늘도 왔쭁💗💗
요즘 인스타나 유튜브에서 에뛰드 로제 와인 제품 보면 왠지 모르게 자부심이 막 ㅡㅋㅋ뿜뿜하고 엄청 뿌듯해요ㅋㅋㅋ😭😍😍👍👍👍👍😏",4개
155,이유진,헤이즐 언니 정말 이런 잔잔한 브이로그 완전 좋아요! 요즘 자주 업로드 해주시는데 맨날 새로운 컨텐츠들이 올라와서 영상 아이디어가 뿜뿜하는 언니에요❤️ 오늘 영상도 정말 잘봤어요!,1개
156,KMG,자몽과 레몬 ㅋㅋㅋㅋㅋㅋ 진짜 크네요!,1개
157,유릉도원Uradise,헤이즐님테라스 너무예뻐여..헤이즐님의 화려함과 잘어울리는 꽃ㅜㅜ힐링이예요  담쟁이넝쿨까지 감각적이구..저두 테라스달린집에서 살고싶어지는영상이네여ㅜㅜ,6개
158,새우깡,요즘 편집 스타일이 뭔가 간지나요..!,1개
159,사사,언니피부보고 내피부보면..ㅋㅋ 한숨나와..ㅋ큐ㅠㅠㅠ,0개
