﻿,youtube_id,comment,like_num
0,헤이즐Heizle,이게 얼마만의 일상 쁘이로그 입니까~~~😱🙈😘  오늘도 영상 보러와줘서 고마워용❤️❤️,292개
1,OliviaLee,"If anyone reads this, U are a real blink if u heard forever young in the hair place <3",11개
2,Mia,The blouse from the cruise is so pretty😍,6개
3,유진,귀걸이 가격이 81만원....ㄷ ㄷ ㄷ ㄷ헤이즐님 정말 대단하세요!....,53개
4,감귤,매장에서 디피를 바꿔놓을 정도의 클라스라니 언니 오늘도 열심히 살아야겠다는 영감을 주시네요ㅠㅠ 저도 화이팅 언니도 화이팅 😆,73개
5,김용구,헤이즐님도 우한폐렴 조심하세요,26개
6,헤이즐Heizle,English subtitles are complete!👍😍❤️,71개
7,김지원,어떻게 쌩얼이 저렇게 이쁘죠..언니 영앤리치프리티의 교과서 아니냐고요ㅠㅠ,47개
8,AnnaLee,전 헤이즐님 영상 처음봤을때 연예인줄알고 “요즘엔 연예인들도 유튜브 많이하네 ~” 했던 기억이 ㅋㅋ,16개
9,김히리stayinjeju,샹그리아 만들때 딸기처럼 쉽게 무르는 과일 말고 사과 넣어보세요! 향이 진짜 좋아요 흐흐.... 저도 알쓰라 와인 잘 안마시는데 샹그리아는 취저... 💕,16개
10,서영,언닝! 루이비통 스카프도 소개해주세여 ㅠㅠㅠ,6개
11,경수앓이,머리 정보 그렇게 궁금했는데 미용실이었군요ㅠ,4개
12,토끼rabbit,와우 화장하신것도 예쁘신데 쌩얼이 더 이쁘신 것 같아요,13개
13,강설하,와 미용실에서 앉아있느라 힘들었겠다 ㅠㅠㅠㅠ 4시간 앉아있었는데 개힘들던데,24개
14,이가연,꺄!!!!!!!!!!!,4개
15,신지영,저게 바로 한땀한땀이구낭,32개
16,댜니,오앙 인혁쌤 목소리조탕 ㅋㅋㅋ,2개
17,기요미뿌뿌,악 언닝 ㅠㅜㅜ 알림뜨자마자 달랴옴❤❤,4개
18,NY,머리색이 너무 예쁘고 잘 어울려요❣,4개
19,민주,22:53 미쳤으 존예 다섯번본다..,22개
20,k,언니!! 일상 브이로그 많이많이 찍어주세요~!!!,50개
21,인영,와..언니 브이로그 최고!!👍👍,13개
22,묶은머리,"일찍 온건가?
오늘도 예뻐요!",4개
23,김다빈,빨리왔당!!!!!!!!😻 루이비통 귀걸이 진짜 너무 예쁘고 언니한테 너무 잘 어울릴것 같아요❤걸려져 있던 옷도 엄청 예쁜데 사악한 가격 덜덜덜덜 같이 언박싱 하는것도 좋다!!!😊 언니 파랑색 머리 너무 좋아!!!!💙 그래도 머리결 너무 안 좋을것 같은데!!! 그래도 언니 머리가 튼튼 한가봐요!!ㅎㅎㅎㅎ 언니 일 너무 많이 하는거 아니에요?ㅠㅠㅠㅠ 좀 쉬면서 해도 좋을것 같아요 !!!! 건강도 챙기면서요😍 언니 사랑해요!!!!,55개
24,오은설,언니 날 가져,6개
25,M꼬따미,"헤즐 영상 볼때마다 느낌.
 이런 영상 즐감하는 우리야 짧은 몇분이지만  이 영상 특히 일상 영상 
무지 시간 많이 걸릴거 같네용
머리만 몇시간이라궁!!
체력은 국력!  힘내라힘 헤즐!",11개
26,skSk,오늘영상 아주 꽉찬느낌쓰 너무좋아여 ㅠㅠㅠㅠㅠㅠ브이로그 자주자주올려주쌔용 ㅜㅜㅜㅜㅜ 즈하언니도 만나주새요오오옹,4개
27,AAA,진짜 언니 너무 좋아여ㅜㅜㅜ❤❤,10개
28,예삐YEPPI,역시 헤이즐 언니 브이로그 쨩..♥️,4개
29,김유정,우앙~~ 언니!! 저두 언니덕분에 여기서 머리했어요ㅎㅎ 저두 항상 인혁쌤이 제머리 해주시는데 언니얘기 많이해여ㅎㅎ,10개
30,후짐,17:50 언니넘기여워... ㅠㅠㅠㅠㅠ 아가아가해,3개
31,위잉치킹,ㅠㅠ헤이즐님 너무 이뻐요ㅠㅠㅠ파란머리도 찰떡입니당💙,4개
32,헤이즐넛초코,12:36왼쪽 거울에 여자 사진 누가 계속  쳐다보는줄알았넼ㅋㅋㅋㅋㅋㅋㅋㅋㅋㅋㅋㅋㅋ,1개
33,블리라,21:51  완성:)),1개
34,써나,주말 힐링 영상~~♡고마워용 언니ㅜㅜ😍😍,6개
35,최금정,아니 헤이즐님 썸내일 사진 너무 귀여워요ㅜㅜ,2개
36,달빛희정,헤이즐님사랑해요💙~💙,3개
37,우아,언니 파란 머리 너무 예뻐요 ~~~,5개
38,민주,병에 딱 들어가는 모습 편-안💖ㅎㅎ,4개
39,아도ADO,이뻐용 언니🙈🐵🙈🐵🙈🐵🙈❤️❤️,5개
40,김민지,언니는 진짜 안어울리는게 모야..,3개
41,좋은하루,달려왔습닏아아ㅏ앙아,4개
42,행복,진짜 언니 일상 브이로그 넘 좋아용ㅠㅠ💕,4개
43,파라디Paradie,알바 끝나고 언니 영상 보면 피로가 싹 가신다구요❤️❤️,4개
44,안서연,보고싶었는데....이렇게 오다니,3개
45,은서박,브이로그 너무 좋아요 ㅠㅠ,5개
46,퉷시방,1등이에요ㅜㅜㅠ,3개
47,이솝,손텁 받는것도 나얼 줄 알았눈뎅...흙흙..ㅜㅜ 오늘도 아름다우세 요....,13개
48,수빈콩,브이로그 영상 기다리고 있었습니당 ㅎㅎ,5개
49,박규나,사랑의불시착끝나더니 바로언니영상... 연달아 눈호강...❤️❤️,32개
50,친절한뷰티언니쏭냥,우선 술부터 배우...za🙂❤️,24개
51,주현03,"헤이즐님은 맨얼굴에 머리를 안 감아도 예뻐요,,,영앤 리치 앤 프리티 앤 큐티😘 오늘 영상도 잘 보고 갈게요🌈",9개
52,지렁이,붙임머리 한번만해보고싶가ㅜㅜㅜ,1개
53,정현숙,새 염색 머리 넘 이뻐요~~~,3개
54,박수연,"언니 영상은 항상 재미있어요 ㅎㅎ 
진짜 오랜만에 보는 브이로그라 더 재미있고 좋은거 같아요❤️❤️❤️",3개
55,젠Jen,언니 일상 너무 좋아ㅠㅠㅠㅠㅠ 제 롤모델이에요!!,5개
56,부탁입니다휴대폰보지말고공부하라고말해줘요,인스타 스토리 보고 바로 왔어요,3개
57,임수현,언니 너무 예뻐요 ㅠㅠㅠㅠ,4개
58,1학년7반13번유수아,오늘도 미친 미모🙌❤,3개
59,이지금,술 맛없는거 진짜 인정 🌟✨😅,2개
60,한세린,헉 ㅠㅠㅠ언니 칼 쓸때 손 너무 위험할거 같아요 ㅠㅠ 괜한오지랖이면 정말 죄송합니당 ㅠㅠㅠ 저도 그렇게 잡구 썰다 손까지 썰어버려서 까맷고든요 ㅠㅠㅠ 진짜 위험해요 ㅠㅠ 언닌 손이 다치면 안되자나여😭,0개
61,모모링,여왕님 쁘이로그 넘나 보는 재미 낭낭해👍,3개
62,LL,귀걸이 탐난다~~!!!!,12개
63,심심,염색이라니ㅠㅠ 너무 좋아요!! 쇼핑도 너무 행복하죻ㅎㅎ,3개
64,이다인,다시봐두 넘 재밌네요 ㅜㅠㅠㅠㅜㅜㅠ 오늘 헤이즐님 영상 정주행 하는중입니당,2개
65,김맑음,헤이즐님 민낯이 임수정 배우님 닮으셨어!!,2개
66,JanneyLee,53번째ㅠㅠ 두번째찍고 53으로 훅 내려갔다... 온니 보면서 힐링해요🖤🖤🖤😘😘😘💜💜💜💛💛💛🧡🧡🧡💙💙💙💚💚💚❤❤❤,9개
67,김김현경,염색하니까 진짜 예쁘네요❤❤❤,1개
68,권마담TV,진짜 밤새면서도 보게되네요ㅎ 너무 예쁨ㅎ 예슬언니포함♡,2개
69,ice빵빠레,언니 오늘도 핫해ㅠㅠ,2개
70,예지,하 언니 저 라섹 수술 했는데 언니 브이로그 보겠다고 1/3씩 멈추면서 보고 있어요 ㅠ ㅜㅠ 눈이 넘 시린데 넘 행복해 .... ❤️,2개
71,XXCLLOUD,저 귀걸이 얼마에용??,3개
72,,왜 고정댓은 1시간 전인데 영상 올린시간은 23분전이야 ㅠㅠㅠㅠㅠㅠ,1개
73,지나비,헤이즐님 인간 루이비통입니다ㅠㅠ,1개
74,은애의발견,와 진짜 헤어 디자이너 분들 수고하셨네요👍🏻👍🏻👍🏻,2개
75,HelloSuziya,뛰어왔어요,3개
76,설재경,아니 한예슬님 메이크업때 머리색이랑 똑같아서 아 그 파란 머리를 다시 하셨구나 !! 했는데 염색을 하고 오신거였군요 ㅋㅋㅋㅋㅋ,25개
77,지융,헐...이뻐요 댓글달아주세요😭,4개
78,yunjiArmy,신발 짱 예뻐요🥰,2개
79,송혜연,"하 저부천사는데 언니가 부천에 왔었다니 영광이에요 언니 너무 예뻐요,,",1개
80,Allyb,브이로그~~ 기다렷는데 너므 죠아여~ 계속 돌려보게돼용😍❤️,3개
81,Surin수린,1빠❤️,0개
82,nakyungkim,헐 미용실 메이크업 뭐에요ㅠㅠ? 립 너무이뻐요ㅜㅜㅠㅠ정보주세오 언냥 ㅠㅠ,0개
83,꿍다,집에서 조곤조곤 말씀하시는거 너무 귀엽고 듣기 좋아요 ㅠㅠㅠㅠㅠ생얼도 진짜진짜 예쁘시다,1개
84,지융,보고이써요,2개
85,썬,언니 브이로그 세상 재밌어..진짜 너무 좋은 컨텐츠에요 ㅠㅠ 자주 만나요 언니><❣ 사랑해용💜,8개
86,eunhasin,ㅋㅋㅋㅋㅋㅋㅋㅋ,0개
87,1156skyblue,손톱얘기한뒤로 손톱만 보여요 🤣,0개
88,YeonLee,7:27 팬 어디꺼인지 너무 궁금해요...,4개
89,박현석,언니 구독자데이트 컨텐츠 또 안하시나욤??😲😲,1개
90,조재연,귀걸이 너무 예쁘네요! 머리하는데 엄청난 시간이라니 대단하네요^^,1개
91,M꼬따미,오늘밤은 와인조아하는 나두 헤즐 상그리아  따라하기^^~뽕,2개
92,안희진,하루라도 저렇게 살아보고싶어지네요^O^,10개
93,Su쑤,"진짜 존예.....★ 볼때마다 예뻐서 새로워요...♡ 그냥 가만히 보기만 해도 너무 재밌어 짜릿해 
헤이즐 사랑해요♥",11개
94,댜니,귀걸이낀거보고시펐는뎅 ㅠㅠㅠ 구찌산거도 ㅠㅠㅠ 기다리기힘들 ㅠㅠㅠㅠ,0개
95,Jennytime,언니!! 미용실 가기전에 거울로 보여준 그레이컬러 무스탕 정보 알 수 있을까요ㅠㅠㅠㅠㅠ,0개
96,까꿍,너무예뻐........ . ..,9개
97,나영,넘 이뻐여❤❤❤,1개
98,나,헉 1등,0개
99,러비,💜,2개
100,동그라미,오옹...사과가 노오랗네요? 무슨 사과예요?,0개
101,뚠뚠,헤이즐님ㅠㅠ처음에나오는신발정보알수있을까용...!!,0개
102,신아,"언니 오늘도 잘보고 가여❤❤

붙임머리 비용이 얼마나 들까요? ㅠㅠ",0개
103,미닐리Minilly,언니 브이로그가 제일 재밌어용😂많이많이 올려주세용ㅜㅜ귀걸이 정말 잘어울려요!! 대리만족❣❣❣,5개
104,박지현,"루이비통 매장에서 수다떨고 온다고하니까 다 준비해놓는 헤이즐 클ㄹㅏ쓰 ....,,,",7개
105,유리아,이 영상을 또 보는데 저두 빨리 염색두 하고 싶구 카메라를 들고 다니면서 자신감도 얻구 취미도 만들어 보고 싶다 라는 생각을 격하게 주는 영상이욨오요ㅠㅠ 항상 도움 많이 주셔서 좋은 영향력 감사해요 😭♥♥♥,0개
106,O2YAM2O2YAM2,혹시 헤이즐님 입고 있는 카키색털달린 패딩 제품 정보 아시는분♥,0개
107,노유빈,언니 진짜 언니의 노메이크업을 볼때 너무 퓨어하고 단아해보여서 좋아용 메이크업만큼 이쁘다는 말이에용🤗❤,5개
108,잇츠미하이ItsmeHAI,헤이즐 언니 영상은 다~ 좋지만❣️❣️ 브이로그도 너무 좋쟈나😌,8개
109,정현,헤리즐님이 탐나내요😻😻,3개
110,LeanneLee,언니 영상 더 자주 올려주세욤ㅜㅜ😭 매일 보고싶다구욧😆😘,7개
111,젤리빈JELLYVIN,"언니 왼쪽반지,,,,,,!!!!!!!!!!!!!!!!!!!!",0개
112,파인애풀,미용실갈때 입으신 아우터!!!!! 어디껀가용👀👀👀 무스탕같은거 !!! 넘 궁금해요!!!!!!!!!!!!!!’😭😭😭,1개
113,유영주,담에 네일하는것두 보고싶어요^^,1개
114,별별,I knew it lol,0개
115,유리Glass,"언니ㅠ 브이로그 넘 보고시파쨔욥 흑흑 ㅠ 헤이즐로그 항상 사랑함미당,,😘 참참! 저더 얼마전에 용돈모아서 루이비통에서 쇼핑했어욥 흑 진짜 너무 이쁘더라구요,, 나중에 저도 언니처럼 진짜 멋진인생 살려구 공부하러 감미다,,총총",6개
116,sophiaRN,"맛잇는거먹고 명품쇼핑하고 네일하고 머리하고 옷입어보고 집꾸미고 ㅎㅎㅎ 완전 좋을거같은데 언니한텐 하나하나가 다 컨텐츠니깐 가끔 힘들거같다는 생각이드네요ㅠ
뀨준히 브이로그 올려줘서 고마워요♡",17개
117,woohoo,언니~~~미용실가실때 모자 정보 부탁드려요옹 버킷햇용!!!!,0개
118,쩡니JJUNG,토닉워터 탄산수 정말 맛있어요 ^-^,1개
119,로즈즐넛,언니 언니 답장 받는게 제 인생 목표에요 받을때까지 조를거에여😘언니 사랑해요 제가 유일하게 알람 뜨자마자 보러오는 유튜버에여 ㅠㅠ,13개
120,,언니 걱정하지 마요 언니는 삭발을 해도 세상을 구할 미모야...내가 표현력이 부족해서 미안해 책 더 많이 읽고 돌아올게요..⭐️,16개
121,승구리당당,헤이즐님 브이로그 짱 좋아합니다 ㅠㅠㅠㅠ 너무 재밌어요!!! 루이비통 옷두 너무너무너무 잘 어울리시고 너무 예뻐요,5개
122,최찬영,현휘님한테 루이비통셀러는 어케되는지여쭤봐주시료ㅜ있나여 ㅠㅠ!,0개
123,SYLEE,어머낫 저 예전에 여기 부천본점 붙임머리할때 갔었는데 헤이즐님이 여기 단골이시라니!!! 와 기분좋네요 같은 곳 가신다는것만으로도 ㅎㅎ,1개
124,ARTISM아티즘,매력넘치세요🥰,0개
125,MeeejiD,저는 봤어용 ..언니 단발하셔도 존예일거란거..,0개
126,권천잽니다genius요,미용실 갈때 현관에서 맨 가방 정보 알 수 있을까요~~?,0개
127,WonJo,헐 저랑 같은 모발이네요 저도 탈색은 잘먹는데 염색하면 색을 다 뱉어내는 머리예요 반가워서 첫댓글 남겨요 ㅋㅋㅋㅋ,0개
128,eqselldu,와....너무 오랜만이에요ㅠㅜㅜㅠㅠ넘 보고싶었어용!!@,4개
129,김,헤이즈인줄 알고들어왔네요 ㅂ,0개
130,이예지,hoxy...언니 이름 말하구 머리염색하러 가면 쫌더 할인해주거나 잘해주시거나.. 이런건 없겠죠?!ㅠ.ㅠ....,0개
131,이아라,헤이즐님이  추천한 힐 이거 당장샀어요 꺜 근데 하얀샌들이더이뻐요!!!!!!!!!!,0개
132,Heming,언니흑흑 ㅜㅜ 너무 이뻐요 엔젤이에용 언니는😆🤩❤️,8개
133,이세은,언니붙임머리하러가실때입은 아우터 정보좀요 ㅜㅜㅜㅜ젭알,0개
134,안채영,힘내세요 👍,1개
135,김예빈,언니 사랑해요 😭❤️,3개
136,채원,부자에요? 보는 영상마다 명품이 나와서,0개
137,추혜인,"이뻐용,,💖",4개
138,hc,님 부모님 정말 뿌듯하시겠어요 예쁘고 착하고 부지런하고 귀엽고 재밌게 열심히 잘살고 이런 딸 데리고 있고 보기만 해도 하루하루가 그냥 행복이겠네요 앞으로도 좋은사람들 많이 만나시고 항상 이렇게 예쁘고 재미나게 사세요 잘 보고 갑니다,6개
139,Spicathinking,No entiendo nada de lo que dices pero me fascinan tus videos :) upps ya puse los subtitulos en inglés y ya te entiendo :),0개
140,나메zong,"헤이줄 언니의 일상 ,,, 공부중 단비 ♡♡♡",5개
141,qha8,핸드폰케이스 어디서 구입하마요오옹??????,1개
142,하리,언니..!붙임머리 가격 비싼데 6-7년 동안 하시는 이유를 알 수 있을까요?!? 그만큼 장점이 있나 궁금해서요..! 헤이즐님은 단발을 하시는 스타일은 아니고 항상 장발이신데 붙임머리 하시는 이유가 궁금해서요..!!😊😊,0개
143,닝닝,"이 분은 되게 자주 명품쇼핑하시는거 같아요
그냥.. 대단하시네요.. 돈이 많은거지 뭐 ㅎㅎ",0개
144,고서영,저는 이런 일상 브이로그도 너무 좋아요ㅠㅜㅜㅜ 언니의 생활을 엿볼수(?)있는 아주 바람직한 영상❤️❤️❤️💙💜💚,2개
145,KimSuzi,사랑해요 사랑해요 사랑해요 사랑해요 사랑해요 사랑해요 사랑해요 사랑해요 사랑해요 사랑해요 사랑해요 사랑해요 사랑해요 사랑해요,4개
146,민서minseo,"ㅠㅠㅠㅠㅠㅠ 얼마만에 일상브이로그에요 ㅠㅠ존버했어용 ㅠㅠㅠㅠㅠ 토요일저녁을 언니영상으로 마무으리,,🥰❤️",8개
147,Nana나나,Heizleeee iloveyouuuu💜,3개
148,해피은별,너무 재밌게 보고있어욧!근데 넘 궁금한데...헤이즐님 직업이 정확히 뭐에요....?,2개
149,ZKarime,I love your energy! ❤ Thank you for your videos.,3개
150,김쏘희,"진짜 화장안한 얼굴이
백배천배 만배
넘이뻐요
피부도좋고 어려보여요~!!!!♡",3개
151,스파입덧맨,"와 아니 피부 실화야..?... 진짜 민낯으로 다닐맛 나겠다
어쩜 피부색이 균일하지 ㅠㅠㅋㅋㅋ 다크서클도 없어",3개
152,이혜인,언니 드디어 브이로그😍😍 넘이뻐요오오오옹ㅠㅠ😭👍👍,5개
153,ArchiNitu,The new hair color is beautiful :D,1개
154,Guc99,You are so beautiful 🥰🥰🥰 i love you ❤️❤️🙆🏼‍♀️🙆🏼‍♀️🙆🏼‍♀️❤️❤️,10개
