﻿,youtube_id,comment,like_num
0,헤이즐Heizle,"삶이 건강함을 느끼고 있는 요즘..! 여러분들과 함께 건강한 즐거움을 나누고 싶어요~^^🦋
제 작품이 여러분들께 힐링이길 바랍니당🙏💙

🦋신데렐라 유니버스전🦋
장소: k현대미술관
기간: 2020년 4월 30일~10월 25일

🦋티켓 구매 방법🦋
네이버에 ""k현대미술관"" 혹은 ""신데렐라 유니버스"" 라고 검색하시면 바로 예매 가능합니다~!
(현장 구매도 가능해용~!)

*K현대미술관 #신데렐라유니버스 전 🦋티켓 이벤트🦋 참여방법을 알려드릴께요!!*

1. 헤이즐 유튜브 구독과 인스타그램 @heizlemakeup 팔로우 해주세요~!
👉https://www.instagram.com/heizlemakeup/
2. 지금 보시는 영상과 인스타 이벤트 신청 피드에 참여 댓글을 남겨주세용~!
3.신청은 5월5일 화요일까지 입니다!
4.당첨자는 제 인스타그램에서 5월 8일 금요일에 발표합니당~!!

*🦋인스타그램 인증샷 이벤트🦋 참여방법!!*

제 작품에서 예쁘게 인생샷을 찍으신 뒤, 인스타에 
#izleart #헤이즐 #k현대미술관 #신데렐라유니버스 
그리고 인물태그 @izle_art 

요렇게 5개를 태그해주시면 제가 5분을 추첨해서 화장품 꾸러미를 선물로 보내드릴께요~!!
인증샷 이벤트 당첨자는 인스타에서 5월 31일에 발표하겠습니당~!!

마지막으로 가장 궁금해 하시는 만남의 자리는 6월 정도로 예상하고 있어요~!! 
많은 분들이 함께 해야하는 자리인 만큼 시기를 봐가며 좀 더 안전한 방법으로 진행하도록 하겠습니다!! 
요건 추후에 확정되는대로 바로 공지해드릴께요~!!

저는 정말 수시로 전시장에 방문할꺼구요~!! 우리 모두 K현대미술관에서 만나자구용~!!

항상 감사해요 여러분~!! Heizle, have fun~!!



*헤이즐 인스타그램
https://www.instagram.com/heizlemakeup/

*헤이즐 아트계정🎨_ 🦋이즐화실🦋 인스타그램
https://www.instagram.com/izle_art/

@heizlemakeup  @izle_art

팔로우미!! 자주자주 놀러와주세용~.~😘😍❤️

#이즐화실 #헤이즐전시 #k현대미술관",255개
1,클레어,헤이즐 언니!🦋🦋저 언니 작품활동 무지막지하게 응원중인 찐찐 헤이즐넛입니다! 언니 전시 여신다고 했을 때 무조건 가야겠다는 생각 뿐이었어요ㅠㅠ 엄마한테도 언니 전시작품 보여주면서 같이 가자고 약속도 했거든요! 꼭꼭 보러갈게요 요즘 이즐아트 유튭보느라 힐링도 되구 자극도 많이 받고있어요ㅠㅠ 언니 보면서 항상 힘낼게요 화이팅❤ 이벤트 참여합니당🥰,11개
2,Anshul,"We think, we feel those amazing moments when everything clicks together and the art just flows out of us : )",4개
3,주은Jueun,"넘나 멋져용😆😆 그래듀 이즐님 작품을 전시한다니 이즐님도 뿌듯하구 헤이즐넛두 뿌듯합니당!!🥰😍요즘 이 시리즈 힐링되서 좋아요ㅠㅠ☺️이즐님,헤이즐넛 모두 항상 몸 조심하세용!😊",17개
4,라엘리Raeli,"와 헤이즐언니 만남의 자리 6월 언제인지 꼭 5월안으로는 이야기해주세요‼️‼️ 언니 보게 휴무를 정해야하거등요 ㅎㅎㅎㅎ 꼭 알려주셔야해요 ㅠㅠㅠ 꼭 헤이즐언니를 만나리❤️👉❤️
+ 울 헤이즐언니 너무 멋지드아아아아아😍",16개
5,이름없음,작품이 겉으로만 봐도 너무 아름답고 예술적인데 의미가 진짜 감동적이네요.. 번데기 속 거울에 비친 모습이 보이고 불이 켜지면 과거의 내가 보이는 연출. 그리고 날아가는 듯한 나비 연출까지 비상이라는 주제를 잘 살리신 것 같아요. 과거의 모습(번데기)에서 현재의 자신(나비)로 날아가지만 과거의 자신과 현재의 자신 모두 '나'라는 걸 받아들이고 사랑하며 성장하려는 게 너무 멋있어요.. 겉으로 보이는 것 뿐 아니라 작품이 이어지는 것까지 생각해서 만드셨다니 대단하세요.. 헤이즐님은 진짜 예술가에용..👍👍,5개
6,seyeonArt,"🌷티켓이벤트 참여합니다🌷저는 언니 컨텐츠 중에서 이즐아트 컨텐츠를 정말동말 좋아해요. 왜냐하면 제가 약 3년동안 미술입시를 하면서 점점 내가 하고 싶은 미술은 뭔지, 저의 개성,취향 등이 묻히는 느낌이었는데 언니가 아크릴 물감으로 캔버스에 자유롭게 그리는 모습을 보고 “와,이거다 내가 하고싶은게 이거구나”라는 생각이 들더라고요 그래서 바로 재료 구입해서 신나게 제 작품을 만들어 나가고 있답니다 제 미술개성을 생각나게 해주셔서 너무 감사해요 전시회 가서 언니의 설치미술도 보고싶어요 영상에서 보고 설치미술의 매력도 느끼고 정말 신기했어요!! 당첨이 안되더라도 친구랑 가서 구경하고 싶어요💐🦋 @20._.seyeon",6개
7,나영,"우와... 이렇게 언니의 꿈을 이루시는 모습을 보면서 너무너무 행복해요
이렇게 힐링이 되는 영상이 또있을까 싶어요!! 전시회도 꼭 가고싶어요❤️❤️",15개
8,채연남,🦋가고 싶엉요 전시회 좋아하는데 헤이즐님이 설치미술 하신다고 하셔서 꼭 전시 해주셨으면 좋겠다고 생각했는데 그게 실제로 일어나버렸어요!!!! 그래서 꼭 가야만 겠다고 다짐했죵😍😍 당첨 안되도 저는 꼭 갈겁니다🦋,8개
9,은지,이즐화실 진쨔 사랑해 내 인생에 유튜브 보면서 힐링 될 날도 오나니!!!ㅠㅠㅠㅠ,14개
10,김지원,"티켓 이벤트 참여합니다❣️❣️
제가 전시회 진짜 자주 다니면서 사진도 엄청 찍는데 제가 좋아하던 이즐언니의 작품이라니  흑흑 더 감회가 새롭네욥 ㅠㅠㅠ 전시회는 사비들여서라도 꼭 갈게요 아직 사회로 나가기 전인 저는 아마 누에고치 상태가 아닐까 싶어요 나비만큼 성숙해지려면 제가 그 고통을 감내해야하는 것 임에도 자꾸 안주하려는 마음이 생기네요..이런 혼란스러운 와중에 비상이라는 작품을 보니까 저도 언젠가 화려한 나비가 되어 넒은 하늘로 날아갈 수 있을지도 모르겠다는 희망이 생긴것 같아요 언니 앞으로도 유튜버뿐만아니라 이즐작가님으로 꽃길걸으시길 바랄게요💚",4개
11,민서minseo,하 진짜 이즐화실 이 컨텐츠 넘넘 좋다........진쨔 힐링이야.......ㅠㅠ 막 몽글몽글해지는 고런 기분 ㅠㅠㅠㅠㅠ 전시회두 꼭 갈꺼에요❤️🥰,5개
12,불낙지,이 시리즈 너무 힐링이에염..❤️ 전시회는 못가지만 응원할게요!!,73개
13,현이현이현,"🌹티켓이벤트참여🌹이즐언니 정말 축하드려용🦋🦋🦋 오랜 팬으로써 언니의 이벤트가 당첨되지 않더라두 가볼게용 영상 항상 잘 보고 있어요 이제 20살이 된 저는 코로나 덕분에 학교에가지도 놀지도 정말 아무것도 할 수가 없었어요,,ㅠㅠ 그래도 온니 작품보면서  위안을 삼을게요..😻 정말 축하드려요오옹",4개
14,오리예나,"언니 저 진짜 전시장 많이 안가는데 언니꺼는 뭐랄까 너무 예쁘고 직접 가서 보고 싶어요 .. 너무 너무 예뻐요 
가서 인생샷 건질게요 언니 🥰
이벤트 신청 합니당",3개
15,김남준의동공,10줄을 써도 당첨이 안되는 똥손 이라서 그냥 입닫고 있어야겠다 ..,4개
16,욘두부,"🦋티켓 이벤트 참여 합니다🦋
헤이즐님의 작품세계관을 직접보고 느끼고싶어요💗",3개
17,MYOH,"Heizle, this is so beautiful!! Coreans, have the most creativity and vision like no other! I love the gray butterfly and how it's hoisted up in the air to have its enlarged shadow reflect onto the wall! I enjoyed this video! You're so pretty, fit to be a queen! Wow.",1개
18,ABCEn,"엄청 기대되는 한편, 전시가 끝나고 나면, 목표가 없어지면, 또 다른 헛헛함이 오진않을까 걱정도 돼요 
덕질공간 마무리하시고 진짜 헛헛해보이셨거든요

전시회를.. 정기적으로...?",40개
19,소딩,"언니....ㅠㅠ 진짜 커서 하고 싶은거 다 하면서 살고 전공을 활용해서 개인전시회도 열고 같은 미술전공이고 메이크업에 관심이 많은 저의 롤모델은 진짜 언니에요...
며칠전 화실 예중재학반에서 재미로 그리고 싶은 연예인을 가져오래요...언니 사진 뽑아갈려 했는데...언니한테 허락도 못 받았고 사진도 많이 못 찾아서 못 그렸어요.ㅠㅠㅠ
언니 정말 언니를 닮은 전시네요 나중에 기회되면 꼭 가서 보고 싶어요 사랑해요 😍❤",3개
20,김희정,"금손 헤이즐 언니 패션, 메이크업, 미술 진짜 못하는게 뭔가요? 저 전시회 보러다니는게 취미생활인데 꼭 당첨되어서 가고싶어요 🦋❤",3개
21,정혜원,엉니 전시회 너무 가고싶어요 🥰 참여완료입니다 🍒,4개
22,해인,진짜 너무 가고 싶은 전시회입니다ㅠㅠ 아는 언니랑 같이 갈려고 준비 중인데 이벤트 당첨되서 가면 너무 행복할 것 같아요!! 당첨 안되도 갈거지만 그래도 응모해봅니다!! 전시회 성공 하세용❤️,2개
23,권은성,🦋참여합니다🦋 헤이즐님 진짜 ...이렇게 전시까지 하시다니 이건 무조건 보러가야해요ㅠㅠㅠㅠㅠㅠㅠ멋진작품속에 담겨있는 의미도 너무 좋네요 헤이즐님만의 그 느낌이 엄청 수준높고 감동적인것같아요ㅠ꼭 가고싶네요✨❤️❤️,3개
24,루시,"헐헐 저 진짜 반드시 가고 싶어요 ! 
언니 진짜 항상 응원할께요❤️
이렇게 한걸음 한걸음 찬찬히 소중히 나아가는 건가요
앞으로도 화이팅 하세욤 💝💝",5개
25,Cherny체르니,참여합니다🦋🦋 언니가 꿈을 향해 비상하는 모습이 제 삶에 동기부여를 해줍니당!!!! 중국교환학생이 코로나 때문에 취소되어서 ㅠㅠ 전공에 대한 고민을 하고있는데 전시회에서 자아성찰을 할 기회를 갖게되면 좋을것같아요!! 이쁘게 사진도 찍고📷💖 그리고 정말로 축하드려요!! 덕후룸에서 우울해 하셨던 모습에서 비상해서 전시회로 날아오르고 더 날아오를 헤이즐을 응원해요! 💖💖,17개
26,리쥬리,"이벤트 참여합니다~~!!
전시를 이렇게 빨리 해내시다니!! 정말 하나도 힘든와중에 다양한 것들을 소화하시고 결과도 이루어내시는 것이 너무 대단하다고 느껴져요!! 정말 배운게 많은거같아요!!",2개
27,최단비,"티켓 이벤트 참여합니다🦋
몸과 마음 모두 지친 요새, 헤이즐님의 작품을 통해 과거의 나 그리고 현재의 나를 돌아보고 생각하는 시간을 갖고, 앞으로 나아가는 힘을 얻는 계기가 될 수 있을 것 같아 꼭 직관하고 싶어요!! 좋은 작품으로 전시해주셔서 감사해요🙏🏻💙",3개
28,최은영,아팠던 과거를 딛고 성장하여 나비가 되서 비상을 하는 모습이 나와 우리의 모습과 닮아있네요 🦋요새 취준 중이라 후회도 많이하면서 나자신을 사랑하지 않고 다독이지 못했어요 하지만 이런 나도 나인걸요..작가님의 말처럼 제 모든 것을 인정하고 사랑해야겠습니다!  괜히 눈물이 나네요 ㅠㅠㅠㅠ ㅠ 헤이즐님의 생각이 얼마나 깊은지 알것같아요! 좋은 작품 볼 수 있게 해주셔서 감사합니다☺️🙏🏻♥️,2개
29,박지현,"🦋티켓 이벤트 참여합니당🦋 이즐아트 영상 보면서 항산 감탄했는데 이렇게 전시까지 열어주시니 정말 감덩😂😂 헤이즐 작가님 작품 ""비상🦋""을 빨리 볼 수 있게 되서 넘나 기뻐요❤ 전시회 참가하게 된거 너무너무 축하드리구 이벤트 당첨되지 않아도 꼭 방문하고 싶어요😄😄 헤헿😆 헤이즐 작가님❤ 앞으로 비상하길 기원해영🦋",3개
30,jiniiee,이 이모티콘 언니랑 너무 잘 어울려요 🦋🦋🦋🦋,3개
31,hannayang,누가봐도 작품인데 밟고 지나가는 분들이 있으신가 봐요ㅠㅠㅠㅠ,21개
32,햇반의러브아이즈,울 언니 다잘해 그냥 짱머거!!,2개
33,김망고,요즘 언니 이즐아트 영상보면서 힐링하고 있었고 전시회도 평소에 많이보러다니는데 이건 꼭 가야겠어요ㅠㅠ 너무 축하드려요 작품 너무이뻐요💖💖 이벤트도 참여합니다 ㅎㅎ,4개
34,minjin,너무 너무 가고싶은데 해외에 있어서 가지 못해요 ㅜㅜㅜ 그리고 언니 너무 예뻐요❤❤❤,4개
35,정현숙,"작가님 되심을 축하드려용~~~
행복한 시간 보내시구요~~~~~",4개
36,리프,꺅ㅜㅜㅜㅜ이벤트 참여해요ㅠㅠㅠ 언니 전시회 꼭 보러가고싶어요ㅠㅜ 당첨안돼도 표사서 구경갈께요🥺❤❤,4개
37,김세은,다양한일을 열심히 하시는 모습 너무보기좋아욯ㅎㅎㅎㅎ,3개
38,김새봄,"작가님🦋.... 전시라뇨ㅠ.ㅠ 정말정말 너무 기뻐요 이즐님이 그림그리시는 모습을 봐와서 조금 눈물나려해요..(찔끔)
혹시 다른 작품소개겸 랜선전시회는 하실생각 없으신가요..?🥺🦋 제주도 거주중인데 시국이 시국인지라 비행기타고 날아오기 조금 무서워요..ㅠ.ㅠ 앞으로도 좋은 작품 많이많이 보여주세요! 항상 감사합니다〰️🦋",55개
39,헤이즐Heizle,English subtitles are complete!👍😍❤️,37개
40,젠Jen,이즐언니 짱!!! 작가님 최고!!!! 너무 멋쪄 진짜!!!,3개
41,헤이즐Heizle,----------------티켓 신청 마감되었습니당😘 다들 감사해용💙🦋-------------------,1개
42,곰탱이,"🦋참여합니당🦋
 이렇게 빨리 볼 수 있을 줄이야 ㅠ 정말 아름답고 기대돼요>_< 번데기 실제로 너무너무 보고싶었는데.. 완전 둑흔됩니다❣️",2개
43,보리,인스타 보면서 헤이즐님이 전시를 하신다니..하면서 설레고 완성작 보고 너무 예쁘고 진짜 취저라서 이 영상이 올라오기를 무척 기다렸는데 진짜 헤이즐님은 못하는 게 있나요..? 코로나도 코로나고 고3이라서 외출 정말 안하고 있는데 너무 가고싶어요😭😭 다행이 전시 기간이 길어서 날잡고 한번 꼭 가야겠어요 오늘도 영상 잘보고 가요❣,25개
44,진진,영상 보기 전에 댓 다는데 언니 전시회 하시는거 봤어요!! 내일 꼭 시간내서 갈게여🤙🏻💕💕 언니 공간에서 이쁘게 사진도 찍고 감상할게여🥰,2개
45,겨울꽃,"티켓 이벤트 참여합니다🦋
헤이즐넛이라면 유튜브 구독과 인스타 팔로우는  기본!
이렇게 빨리 언니의 꿈을 이루는 모습을 보니 제가 다 뿌듯한 것 같아요ㅎㅎ
영상으로도 이렇게 예쁜 작품을 실물로 보게 되면 얼마나 더 이쁠지 너무너무 기대가 됩니당😻
앞으로도 작가로서의 헤이즐을 많이 보고 싶어요. 전시하게 된 거 진심으로 축하해요❤",31개
46,안현정,티켓이벤트 참여합니다!! 이즐화실로 헤이즐언니를 처음알게되었는데 서양화도 설치미술도 색감과 감성이 너무 너무 이뻐요❣️ 헤이즐언니의 작품의 감성이 진짜 제 취향저격당해서 바로 구독하고 새 영상올라올때마다 보고 있어요💕 특히 비상 작품 진짜 넘 이뻐요 실물로 보고 인생샷찍고 싶어요😍😍,2개
47,일이공사언니,"🦋이벤트 참여합니다🦋
언니 정말 저 오랜시간동안 언니를 봐온 헤이즐넛입니다
언니의 디즈니와 헤리포터 시리즈들 그리고 덕후룸들을 보며 같이 뭉클해지고 알 수 없는 행복한 이상한 감정을 많이 느꼈습니다
저는 디자이너가 되는것이 꿈입니다
언니의 세계관이 너무 상쾌하면서 예쁜느낌이라 제 롤모델이 언니에요
정말 단 한 번도 이런 이벤트에 참여한적이 없는데 정말 언니가 준 티켓이라는것게 의의를 두고 미술관에 가보고싶어요
제 꿈을 언니가 응원해주셨으면 좋겠습니다
정말 진짜로 어떻게 표현할 지 모르겠을정도로 예쁜 시간일것같아요 , 너무 고마워요 언니 영상으로 힐링시켜주셔서
갔다오면 인스타로 예쁘게 홍보도 할게요 🌷
언니 항상 고마워요 ☺️🦋",2개
48,희희,❣,2개
49,곱창먹고싶다,어제. 신데렐라유니버스 프리뷰 가서 . 헤이즐 엉니 본 살암. 그거 나다 . 승리했다 나는 . 언 니 . 실물 넘ㅁ무 미쳐버려따. 언니 전시가 . 제 일 . 예쁘고 제일 사진 잘. 나온다. 진ㅉ . 사랑해요 언니 .,13개
50,에딤디리딤디,23분 지각 다음에는 바로 달려올겠셔!!! 오늘은 다재다닁 아주고냥 못하는게 읍써!!❤️,3개
51,옹유옹,"이벤트 신청합니다!
언니가 이렇게 머딛는 작품을 전시하시는데 안 갈 수 없죠❣️❣️",3개
52,건축,언니 진짜 너무 멋지세요!🦋🦋 나비 해설이 정말 감동적이네요!ㅠㅜ 번데기가 내면의 자아라니ㅠㅠ 과거의 내가 있기에 현재의 나비인 제 모습이 있는 그런 스토리군요!!ㅠㅜ 진짜 대박인거 같아요!! 현대미술관에서 꼭 보고싶어요! 이즐 화실도 더욱 기대돼요! 연말에도 꼭 이즐화실 개인 전시회도 꼭 가고싶어용!! 사랑해요 언니🦋🦋💙💙,2개
53,신정아,언니! 유튜브랑 인스타 항상 너무 잘보고있구 언니 영상들 보면서 힐링하고 있어요ㅎㅎ 좋은 영상들 많이 올려주셔서 항상 감사해요🥰 특히 요즘 이즐화실이랑 테라스 꾸미는 영상들을 보면서 눈의 즐거움을 실감하고있어요..😳 언니의 작품이 미술관에 전시된다니 직접 감상하러 정말 꼭 가고싶어요..!! 작품전시 너무너무 축하드리구 항상 힘내세요❤ 헤이즐 화이팅🦋🦋💙💜💙💜,2개
54,각지니ZINI,구독👍 좋아요👍 🦋신데렐라 유니버스🦋 !!!!!!!!! 🦋티켓 이벤트🦋 신청합니당❤️  너무너므 보고싶어용♡♡♡♡,2개
55,yrdiHeo,티켓이벤트참여합니당🦋 제가 전시회에 다시는것에 흥미가 없다가 요즘 생기고있었거든요 근데 이렇게 신데렐라를 주제로한 전시회에 헤이즐언니의 작품까지 딱 있다니ㅠㅜㅜㅠ 저 영롱하고 신비스러운 분위기를 정말 실제로가서 꼭 보고싶어요!! 우리가 알고있는 신데렐라와 다른 스토리로 풀어내 원작과 다른점이 무엇이 존재하고 이를 어떻게 풀어나갔는지 궁금점이 생겼고 헤이즐언니의 비상이라는 작품에서 표현하고자한 것이 무엇이고 이를 보며 느낄수있는 점이 무엇인지 느껴보고 싶다는 생각을 하게되어 참여합니다 당첨이 안되더라도 꼭 가서 보도록할께요💙💙,2개
56,소혜진,학생이라 지금 시험기간이여서 당장은 못가지만ㅠㅠ 꼭 시험끝나면 갈거에요🥰 작가로서의 헤이즐님도 너무 멋있어요ㅠㅠ,1개
57,김수인,핡... 우리 언니 만나는 그날 노리고 가야하나... ㅠ ㅠㅠ 언니 언니!!! 멋져 정말 ㅜㅠㅠㅠㅠㅠ 언니 진짜 짱이에요 못하는게 뭐야 울언니 ㅠㅠㅠㅠㅠㅠ,2개
58,지안,참여합니다 😍 언니가 원하시던 전시를 하게 되셔서 정말 축하드려용 ㅜㅜ❣️ 진짜 너무 가고싶네요 💘 갈 수 있는 좋은기회(?)를 주셔서 감사해요 💕💕🤭,2개
59,LL,정말정말 존경하는 이즐언니!! 전시 너무 축하드려요!! 전시장에서 꼭 뵐수있기를🙏,2개
60,보리,이벤트 참여합니다! 헤이즐님 영상은 많이 봤는데 실제로도 가서 보면 좋을것같네용><,2개
61,1412박희빈,이벤트 참여합니다!! 방금 인스타 갔다가 왔어요! 사실 거리가 조금 멀어서 고민중인데 당첨되면 바로 달려갈준비 완료!! 작품 전시 축하드려요!,2개
62,다은,헤이즐 언니 못 하는게 무엇인가...전시회 최고ㅠㅠㅠㅠㅠㅠㅠㅠ 당첨 안 되도 갈래요ㅠㅠㅠㅠ,2개
63,김혜원,대박 이제 작가님이네요!!! 다음 목표는 해외 전시?? 앞으로도 응원할게요🥰,2개
64,유댕,이즐님 보면 진짜 자기가 하고 싶은일을 잘 하고 힘든일도 잘 이겨내는거 같아요!그래서 유튜브 보기에는 이즐님 영상이 엄청 힐링되요😊,10개
65,지망구,티켓 이벤트 참여합니다!🦋제가 진짜 나비 너무 좋아하는데욤ㅠ 거기다가 헤이즐 언니의 작품ㅠ 진짜 지방사는데 서울까지가서 언니 전시회 보러가고싶어요ㅠㅠ 🦋,3개
66,티티오바,"너무 가고 싶은데 나 왜때문에 지방살이ㅠㅠㅠㅠㅠㅠㅠㅠㅠㅠㅠㅠㅠㅠㅠㅠㅠㅠㅠㅠㅠ 언니 제가 못 가도 마음만은 전시회 지박령이에요 진짜 작품 너무 실물로 보고 싶은데 좀만 더 안전해지면 갈게요,,, 전시 넘 축하드려요 온니 화이팅❤️❤️🥳🥳🥳",1개
67,황수아,언니 진짜 너무 멋잇어요ㅜㅜㅜ 꿈을 이룬 모습과 전시가 된 언니 작품이 둘다 너무 아름다워요ㅠㅠㅠㅠㅜㅠㅠ 🦋🦋,2개
68,MihyeeKim,"SO CUTE. I LIKE YOU ,and LOVE YOU ALL VIDEO YOUTUBE ,SOGOOD. Waiting for next video. I Love youuuuuuuu Heizleeee🤩😍😍😍😍",2개
69,KIMDAON,"큐레이터가 꿈인 대학생 새내기 입니다.ㅎㅎ 저도 설치 미술 좋아하는데 전공은 그렇지 못했어요ㅠㅠ 대신 미술관 전시회 자주 가는데 이번에 티켓 받아서 꼭 가보고싶네요😍  언니 영상 보면서 여행, 패션, 메이크업등 좋은 영향 많이 받아갔어요 저도 오래 미술 쉬었는데 최근 영상보고 다시 시작하게 됐답니다 그리고 언니 전시 준비하는거 보고 요즘 꿈에 슬럼프가 왔었는데 다시 힘이 샘솟는 것 같아요ㅎㅎ 정말 여러므로 좋은 영향 많이 받습니다ㅎㅎ 꼭 가서 인증샷도 찍어올게요 😆",2개
70,까꿍,보통 능력자가 아니네요...근데 언니 운전실력 무엇..?ㅋㅋㅋㅋ귀여워요ㅋㅋㅋㅋ,3개
71,yeon024,"- 이벤트 참여 -
나비 그림자 표현 정말 예뻐요 ㅜㅜㅜ 번데기 거울도 신기하구용 !! 기회가 된다면 꼭 가보고 싶네요 ❤️❤️🦋",2개
72,푱푱,"진짜...헤이즐 이런유튜버 또 있을까...? 아니 근데 진짜 맨날 영상올때마다 하는 소리긴한데요ㅠㅠ진짜 이런 유튜버 팬이고 헤이즐넛이라서 완전 자랑스럽달까요ㅠㅠ??진짜 주접이긴한데요ㅠㅠ언니 완전 사랑해요ㅠㅠㅠㅠㅠ진짜 조소과를 꿈꾸고 있어서 그런가 그냥 예술,아티스트인 헤이즐님 보면 진짜 너무 멋있고 제 롤모델로 진짜ㅠㅠ영상 이번에 컨텐츠 너무 좋아요ㅠㅠ좀 동기부여도 되고 꼭 이렇게 살아야겠다하면서 열정도 생긴다구요❤️❤️❤️사랑해요 헤이즐ㅠㅠ진짜ㅠㅠ좀 지역상으로 멀지만 무조건 전시회 무조건 보러가도록하겠습니다ㅠㅠ사랑해요ㅠㅠ헤이즐ㅠㅠ",2개
73,갱이,"헐대박 맨날 영상으로만 보다가 댓글 남겨요ㅠㅠ
헤이즐 진짜 보고싶었는데 이렇게 헤이즐작품이라도 볼수있다니 행복하네요 ㅠㅠ 꼭 보러갈거에여 헤이즐님 영상 보면 힐링되고 본받고싶어여  ㅜㅜㅠㅜ못하는게 없어 진짜 ㅠ 항상 뒤에서 응원할게여!! ❤️",2개
74,까꿍,이즐작가님!!!! 언닌 진짜 최고야👍,2개
75,궁둥이,"🦋참여합니다🦋
흐앟 영상 너무 재밌게 보고 있는 헤이즐넛입니다☺️ 이번 시리즈 너무 역대급으로 좋아요ㅠㅠ 처음 캔버스에 나비 그린 영상부터 지금 이 영상까지 너무 제 최애영상들임니당.,,,👍 제 진로가 무대디자이너 랍니다🤗
그래서 그런지 헤이즐님이 너무 존경스러워요,!  이번 시리즈가 아니여도 다른 뷰티나 패션 관련 영상들도 너무 취저입니다ㅜㅠㅠ 사랑해요 헤이즐ㅜㅠㅠ 다른 분들보다 글쓰는 재주가 없어서ㅜㅠ 제 진심이 전달이 되었는지는 모르겠지만 이번 작품 전시회 하게 된거 너무 축하드리고 존경스러워요‼️ 작가님이자, 유튜버 해이즐님 사랑합니다❤️🥰",2개
76,Eunyeong,작가님❤️❤️ 우선 전시회 너무 축하드려요 !! 전시회랑 작품의 주제들이 모두 흥미로워서 가보고 싶어 이벤트 신청 합니다,2개
77,김다영,"🦋참여합니다 작가님🦋
전시회를 워낙 좋아하는데 이렇게 한 전시회를 여는데 작가들의 손이 엄청 많이 가고 피땀을 흘리면서 하는지 몰랐어요ㅠㅠ이때까지 전시회보면서도 몽글몽글했는데 이런 과정을 보니까 더 뭉글뭉글하면서 감동적이네요🥺🥺

특히,언니의 작품 이름""비상"" 굉장히 인상깊고 작품의 의미가 인생을 살아가면서 한번쯤은 생각해보는 그런 현실적으로 공감이되는것 같아용~~

이번 영상은 뷰티 헤이즐이 아닌 커리우먼 처럼 멋진 여자 작가님이 된거같아 정말 멋있어보여요❣❣

헤이즐 작가님 너무너무 축하드려요☺☺
꼭꼭 한번가고싶네요 언니의 작품뿐더러 다른 작가님들의 작품들도 너무 궁금하네용

헤이즐 화이팅!!@",1개
78,haileyH,"언니 정말 축하해요! 언니 그림보면서, 저도 그림에 대한 꿈을 더 확고하게 잡은거 같아요! 정말 감사하고 항상 응원해요!",3개
79,박지혜,정말 멋져요 멋지게 비상하신 이즐님 보면 제가 다 행복해져요 항상 응원합니다🦋,3개
80,1학년7반13번유수아,왁 언니 기다렸다고욥 ㅜㅜ 드디어 내일 대탈출3 7화!!☆ 둘다 기다리고있었는데 언니영상이먼저 올라왔네윱♡,5개
81,Clara,"언니 정말 너무너무 가고싶으다~
나쁜코로나 땜에ㅠㅠ 빨리 코로나 끝나고 달려갈게요♡♡언니 알라뷰",3개
82,김채은,"이벤트참여자 저요 ㅜㅜㅠ♥
언니꿈 이루신것도 너무멋지시고 부러워요 : )
헤이즐님 전시 꼭 실물영접하고싶어요 😭
헤이즐 작가님 사랑해용 ><💗",2개
83,승현Seunghyun,헐헐 드뎌 전시회 하시는 군요!!ㅠㅠ🦋🦋 축하드려요ㅠㅠㅠ 전시회 응원드리고 참여합니다!!❤️❤️❤️❤️,3개
84,이지원,이벤트 신청합니다💗💗 언니가 올리시는 영상 볼때마다 너어무 멋있어요🔥🌷 전시회 꼭 가고 싶어요ㅠㅠㅠ😭😭 당첨되지 않더라도 꼭 한 번 방문해볼게요!!!😃 언니 앞으로도 하고 싶은거 다 하시구 행복하게 사세요💗 응원할게요 화이팅!!!❤️,2개
85,AAA,우오아아ㅏㅏㅏㅏ 일찍왔다ㅎ 언니 작품전시 축하해요🎉🎉 진짜 되면 꼭 가보고싶다..,3개
86,교육,"🦋티켓 이벤트 참여합니다🦋
언니는 나비 그 자체, 저도 과거의 번데기에 머무르지 않고 어깨(날개) 피고 당당히 세상 앞에 설게요💙",2개
87,오늘은GTODAYEUNJI,우와 이렇게 한걸음 한걸음 꿈을 이루는 모습들이 너무 멋집니다 작가로서의 모습 응원해요😍🥳,2개
88,김예빈아이즈원,"엄청 빨리왔당!!❤️❤️
헤이즐 언니능유ㅠㅠ 너무 예뻐요ㅠㅠ ❤️❤️❤️ 코로나 조심해유ㅠ💕❤️❤️❤️",5개
89,송유영,티켓 이벤트 참여해요🦋 헉 언니.. 아니 작가님!!!! 너무너무 축하드려요ㅠㅠㅠ 정말 그림들이랑 작품들🦋 다 너무 예쁘다고 생각했는데 전시회를 드디어 여신다니 저도 너무 행복합니다.. 울 작가님 너무 멋있어요 아무것도 한 건 없지만 옆에서 보고있는 제가 다 뿌듯..><  여기까지 올라오시기까지 너무 수고하셨어요 헤이즐작가님 흥해라!!💙💙 작가님 작품을 영상속에서 보는데도 멀리서도 힐링되는데 가서 보면 얼마나 힐링될까요 벌써 기대돼요.. 직접 번데기 안에 모습도 들여다보고 싶고! 꼭 기차타고 열심히 달려서 갈꼐요 언니 사랑해요..ㅠㅠ 항상 고마워요💙💙💙 참 언니 구독이랑 팔로우는 당연히 했답니다!! 만남의 자리도 꼭 가고싶어요;ㅁ;💕💕,2개
90,이하얀,기간중에 한번 꼭 가서 구경하고 싶어요 ㅠㅠㅠㅠㅠ 헤이즐님 시간이 지난 자신의 전공을 살린다는게 쉽지는 않은거같아요 뷰티유튜브 헤이즐도 좋지만 작가 이즐님도 응원합니다😳💓,2개
91,후르쯔테일FRUITTAIL,진짜...ㅠㅠ 언니 저 참여해요🦋 언니 작품 실물로 보러 가구싶어요!!!!! 진짜 하나하나 차근차근 꿈을 이뤄가는언니 너무 멋져요...❤ 현대미술관..헤이즐언니를 섭외하다니..칭찬해..ㅠ👍💜 인스타에도 댓 달러 가요....❤,3개
92,이유미,"참여합니다!!🦋🦋 저 진짜 전시 정말 좋아해서 찾아 다니는ㄷ ㅠㅠ 좋아하는 유튜버 중 한명인 언니가 ㅠㅠ 전시를 열었다니 ㅠㅠ 진짜
정말 가고 싶어요 ㅠㅠ 이번에 바빠서 전시보러 못갔는데ㅠㅠㅠ 언니 전시 보고싶어요 퓨🦋 나비 진짜 ㅠㅠ 너무 좋아하는데 진짜 너무 좋아해서 나중에 나비 문신하려고 하는데 언니 전시보러가면 인생샷도 나올 것 같아서 정밀 가고 싶어요 ㅠㅠ💕🦋",1개
93,아니카에잇,"미술 전공을 하고있는 학생으로써 진짜 꼭 가서 보고싶은 작품이에요ㅠㅠ 조용히 혼자항상 영상만 봐왔는데 이건너무 
...대단한 언니의 모습인것같아요..❤ 당첨되면 좋겠지만 되지않아도 응원합니다!!",1개
94,이름,헤이즐님이 하고 싶으신 일을 이렇게 천천히 하는 거 보면 제가 뭔지 모를 뿌듯함을 느끼네여 ㅜㅜㅎㅎ,1개
95,최인어의육지적응기,언니는 마스크 써도 목소리가 헤이즐이러 바로 알아봐염👉🏻🥰👈,2개
96,강나경,"언니 저 언니 팬인데 언니 영상에 댓글달려고 로그인 했어용^^
사랑하고 화이팅 하세용!!",3개
97,이포크,어마어마한 작가님들 속에서 언니 작품이 짱이지요,1개
98,또롱이,방금 인스타에 신청 꾹 남겼어요 ㅎㅎ 조만간 휴가나오는 군인 남자친구랑 전시회 보러 가고싶어요 ~ 열심히 준비한거 잘 알고 있어요! 언니 작품 감상하며 힐링하고 싶습니닷💎💙,3개
99,구와,언니 작품 전시하시는거 너무너무  축하드려요 꼭 보러갈게요❤,1개
100,안되,아니...??? 이걸 지금봤다니ㅜㅜ 알람아ㅜㅜ 코로나 잠잠해지면 티켓 구매해서 꼭 갈게요ㅜㅠㅠㅠ 너무 축하드려용 ㅜㅠㅠㅠㅠ!!!!!!!!,2개
101,이뚜루비,"이즐 작가님~ 🦋 
티켓이벤트 참가해요!! 인스타팔로우와 유튜브구독는 당연히 기본으로 되어있지용!! 영상으로도 너무 예쁜데 실물로 보면  너무 예쁘고 인생샷 각이예요!!",3개
102,귀여운외계인,진짜 멋지신 분.... 진정한 욜로란 이런거지💗,2개
103,이수연,"언니ㅠㅠㅠ 이렇게 빨리 꿈을 이루게 돼서 정말 제가 다 기쁘네요!!!
비상이라는 뜻도, 신데렐라를 재해석한 전시회도 너무너무 뜻깊고 좋은 것 같아요
코로나때문에 전시회며 영화며 그동안 하나도 못봐서 정말 답답했는데
언니의 전시는 꼭꼭꼭 가야겠어요!!! 정말 축하드리고, 앞으로도 응원합니당💙

살포시 이벤트  참여해봅니다...💙🦋",1개
104,quoogl,헤이즐 언니같은 인생살고 싶다,2개
105,망고레오,이날이 올줄알았습니다... 룸투어때부터 솜씨가 장난 아니라고 느꼈는데 .. 결국 전시회까지ㅠㅠ 헤이즐 전시회 정말 꼭가고싶어요 🦋🦋🦋🦋,5개
106,혜또,저~번 룸투어 영상에서 봤던 나비가 전시장에 놓여있으니 뭔가 마음이 몽글몽글한 느낌이에여 ㅠㅠㅠㅠㅠㅠㅠㅠㅠㅠ 언니의 삶을 항상 응원해요 ❤(⸝⸝⸝°⁻̫° ⸝⸝⸝),1개
107,k,언니 운전..........ㅋㅋㅋㅋ...ㅋㅋㅋ,3개
108,kWrg,"I just started following you... so I have lots of questions,  please answer me...
For how long have you been an artist ? Is it your main job ? 
Thank you",0개
109,TotoroKim,축하드려요!! 앞으로도 계속 비상하시길🦋,2개
110,SeaWoo,진짜 울 언니 못하는게 뭐지??다 잘해...❤️❤️얼굴도 이쁘고 그림에 설치미술? 까지 잘하면 너무 완벽하자나요...너무 가고 싶다.. 이벤트 안되도 꼭 가야되겠어요!!!참여합니당💖,22개
111,채은,"죄송해요 오늘 늦었어요 ㅠㅠ😥
오늘도 헤이즐 아트 꿀잼 이라구우..❤😘
멋있다 ! 헤이즐 작가님 ><
목소리 진짜 그저 빛🌟
헤이즐 작가님 건강하세요 !!!😍
저 신청합니당....ㅎㅎ",4개
112,이한결,"작업이 ㄹㅇ 고난이도 그러니 더 꼭 보러가고 싶어요ㅠㅜㅜㅜ 강원도 살아서 더 헤이즐님 보기 힘든데.....제발 k현대 미술관 나에게 힘을 줘 가게 되면 언니영상 보면서 저도 미술이 다시 뿜뿜해서 그렸던 그림들 보여드리고 싶어요ㅜㅜㅜ 이벤트 진짜 당첨 된적 1도 없는 이 사람 제발 한번만 나에게🎁😥✨

@hangeol_01",1개
113,Sunny,"언니ㅠㅠㅠㅠㅠ헤이즐 작가님 축하드려요!!
고등학생인데 공부하면서 언니 이즐화실 영상 보면서 힐링도 많이 되고 진짜 좋았었는데 실제로 작품을 볼 수 있는 기회가 생겨서 엄청 기대되요!
티켓이벤트 당첨이 되던 안되던 꼭 전시관람 하겠지만 그래도 언니가 주시는 티켓이니 참여해봅니다 ㅎㅎ
예전부터 언니 진짜 팬이여서 이번에 꼭 기회가 생긴다면 뵙고 싶어요ㅠㅠ♡",2개
114,박서희,"와바로달려왔어요  언니진짜사랑해요❤❤
저신청할래셔 언니😊😢진짜가보고싶어여ㅠㅜ",3개
115,cherish,전시회 먼 곳에 살아도 꼭 가고싶네용ㅠㅠ,2개
116,김다빈,와!!!! 작가님!!!!💓 진짜 작가님이 되셨네용!!!! 언니 작품 보고 싶어서 ❣ 티켓 이벤트 참여합니다!!!! 꼭 가보고 싶어요!!! 🦋 비상 너무 예뻐용!!!,1개
117,손서원,끼야아앙 영상 보니까 진짜 실제루 가서 찍구 싶어영😆 진짜 최고💙💙💙 가서 예쁜 사진 많이 남겨와야겠어영💙💙💙,1개
118,박유빈,헤이즐 님 코로나 조심하시궁ㅠㅜ 헤이즐 님  전시회 가서.. 사진도 찍고 보고싶은데에엥ㅠㅜ 꼭 노력해서 가겠숨당💗💙💜,1개
119,임예지,작품 설명해주시는데 뭔가 뭉클했어요ㅠㅠ 꼭 보러가고싶어욤 ㅠㅠ,2개
120,에이니,"티켓이벤트 참여합니당-)
헤이즐 작가님,,,,,,너무 축하드려요 🦋 지금도 충분히 멋지지만! 앞으로도 나비처럼 높이 비상하셨슴 좋겠어요~~~ 나는게 힘들어 잠시 내려오게 되는 일이 있어도 내려온김에 쉬고 다시 올라가시면 되죠!! 항상 행복해주세요🥰",1개
121,박수지,"하 우리언니...🤭💗
아 왜 작품 설명 듣는데 눈물이나지.... 우리 언니 전시 준비하시느라 고생하셨구 ㅠㅠㅠㅠㅠㅠ 진짜 나도 언니 졸작 앞에서 추억 남기고 싶다...🧚🏻‍♀️🦋 그래도 요즘 언니 영상에서 행복함이 묻어나서 보는 저도 너무 행복해져요💗 언니 영상보면서 저도 요즘 행복한 취미가 뭐가 될 수 있을지 생각해보고 있어요❣️ 저도 도전해보려구요❣️ 가서 언니도 만나면 넘 조켓다.....💗 내 최애 덕질하게 만든 헤이즐언니 #이즐아트 🦋💙",1개
122,차카,"전시 축하드려요!! 작가로 데뷔하신 것도요~ 집에서 하셨던 나만의 덕후존 설치미술도 인상깊은 작품으로 봤었어요!
저의 롤모델이세요ㅠㅠ 이벤트 당첨 되어서 꼭 보러가고싶어요♡ 안되더라도 갈겁니다!
🦋비상 보러 가고싶어요🦋",2개
123,유빈,"헐 전시회 가는거 진짜 좋아하는데ㅜㅜㅜㅜ 거기에 더 좋아하는 헤이즐언니라니,,!! 무조건 가야겠어요ㅜㅜㅜ😍😍",1개
124,가원가원,"티켓이벤트 참여합니다 🦋
언니 영상을 꽤 오래전부터 보다가 이번에 처음 댓글을 달아요!! 언니 있잖아요 언니 영상을 보면 행복해져요 앞으로 힘든거 있으면 언니 믿고있는 나같은 언니 팬들에게 꼭 말하고 행복했으면 좋겠어요 언니가 아직 더 미래에 뭔일을 하고 뭔 생활을 하고 있을지 모르겠지만  꼭 유튜브 생활 해줬으면 좋겠어요.. ❤️🥰",2개
125,수르잔,작가님ㅠㅠ 전시회 정말 축하해여~!~!👍👍,2개
126,소딩,"다행히도 미술전공이라 엄마가 전시회라면 허락해주시겠네요 ㅠㅠㅠ 전시장도 집이랑 가깝고 ㅠㅠ 
언니와 공통점을 하나라도 찾게 되어 너무 행복해요 ㅠㅠ",10개
127,박소현,헤이즐 언니~~!! 영상을 보면서 진짜 전시회열리면 가야겠다!! 라고 많이 생각했었는데 이렇게 전시회도 열고 너무너무 기대되고 멋져요ㅠㅠ 앞으로도 계속 재밌는 영상올려주시고 멋진 작품 만들어주세요!!🤍🤍 이벤트 꼭 당첨되면 좋겠당!,1개
128,유영,작가 이즐님으로써도 계속 활동해주세요ㅠ💙🦋 진짜 너무 멋있으십니다:):),1개
129,M메,"참여합니다..! 헐 ㅠㅠㅠㅠㅠ이번 전시 신데렐라 라길래 갈까 생각중이었는데 헤이즐님 작품도 있다니,,ㅠㅠ너무 행복합니다...💙",1개
130,뭉윱닝,이 언니 실행력 무엇!!!!!🥰👍💜💜💜,2개
131,안찰스,"이벤트 참여합니다.! 
헤이즐 언니의  작품으로 된 전시회라니,,!! 너무넘 보고싶어요ㅠㅠㅠㅠㅠㅠㅠㅠㅠㅠ 오늘도 영상으로 힐링하구 가요!  응원할게요  >3<",1개
132,ohmybaby32,🦋이벤트 참여합니다 🦋 연말 전시회만을 기다리고 있었는데!!!! 이렇게나 빨리 헤이즐님 작품을 볼 수 있다니요 ..💙 가서 인증샷도 많이 찍고 널리 홍보할래요😆,1개
133,이자뽕,참여합니다🦋 언니 진짜 이제 고등학생인데 삼년동안 고생해야하는데 언니 작품보고 기 충천하고 싶어요!!이번에 시험끝나고 친구랑 갈게요,1개
134,체리맛우유,이즐 작가님ㅠㅜㅜㅜ너무 멋지십니다🌼전시 꼭 보러 갈게요 !!🦋,2개
135,Lucy루시,"와.. 너무 멋있어요 그동안 제가 봐온, 그리고 제가 모를 헤이즐님의 수많은 노력이 작품과 겹쳐보여서 무척 아름답네요. 항상 응원해요 ☺︎︎♡︎",2개
136,형이,두근두근하게 참여합니다!! ㅠㅠㅠㅠ너무 예뻐요ㅠㅠㅠ실제로 눈으로 보고싶어요ㅠㅠㅠㅠ,1개
137,muuo무우,"주제가 현대 신데렐라라니 ,, ! 그에 맞게 너무 분위기도 반짝반짝하네요 꼭 보러가고싶어요 참여하구갑니다 ✨🤍",1개
138,손애귀handbaby,"썸네일보고 역시 헤이즐님... 하고 들어왔습니다^0^
전시회 축하드려요!!!!><❤️",2개
139,socha소차,진짜 그림 못그리는 저에겐 대리만족 ㅠㅠ너무 좋아요❤❤,1개
140,박진희,내 최애 유튜버 전시😍😍진짜 너무너무 가고싶어여ㅜㅠ이즐화실 컨텐츠 영상들 보면서 힐링했었는데ㅜㅜㅜ전시보러가면 노곤노곤해지겟네영ㅎㅎ언니의 꿈을 내가 볼수있게 되다니!!꼭꼭 전시보러가고싶아용🧡🧡🙏🏻😭,1개
141,아이스아메리카노,0:39 화면을 뚫고나오는 찐행복😆,1개
142,가연,"🦋참여합니다 !! 처음에 영상에서 나비를 보고 나비와 크리스탈이 설치된 게 너무 예쁘고 그림자까지 설치미술의 매력을 조금씩 느끼기 시작했는데요, 번데기는 그냥 모형으로만 있는 줄 알았는데 내부를 보고 깜짝 놀랐어요... 그냥 형태만 있는 줄 알고 그 안에 거울과 재생되는 비디오가 있을 거라고는 상상도 못했거든요... 되게 신선한 충격이었고 이게 과거의 주마등처럼 비디오와 현재의 나를 비추는 의미인 게 되게 인상깊고 와닿았어요... 꼭 가서 실물로 전시를 보고 싶어요ㅠㅠ 이즐 화실 작품들을 하나씩 보면 볼 수록 더 매력을 느끼게 되는 것 같네요:) 상황이 상황인지라 조금 무섭긴하지만 ㅜㅜ 기간이 넉넉하니 꼭 가보고 싶어요 🦋🦋",2개
143,수지,"🦋티켓이벤트에 참여합니다🦋 항상 응원하고있는 헤이즐님  전시회라뇨 꿈이야 생시야 ,, 세상에 마상에 하면서 입 벌리고 있느라 입안에 파리들어갈뻔 했자나여 ..🤭 요즘들어 집에만 틀어박혀있어서 우울하고 자존감도 많이 낮아져서 힘들었었는데 무언가 하나하나 차근차근 성장하고 있는 헤이즐님을 보면서 정말 멋있다는 생각이 들어요 ! 늘 무언가 배우고 싶다고는 항상 생각하긴 하지만 손재주가 없어서 포기하게 되더라구요 🤧 그런데 이렇게 영상으로 작품 하나하나를 세심하고 정성스럽게 만드시는 과정까지 보니까 더 대단하다는 생각이 드네요  !  지금 제일 꼭 가고싶은 전시회 ! 헤이즐님 늘 응원해요 💗",6개
144,은주,내가 본 유튜버들중에서 헤이즐 언니가 가장 다재다능하고 진짜 닮고 싶다는 생각이 계속들어요ㅜㅜㅜㅜㅜㅜ 이즐언니 반만 닮고싶다ㅜㅜ,4개
145,쏩,꼭 나중에 시간날때 전시 보러 찾아갈게여ㅠㅜㅠ 너무 이쁠것같아서 빨리 실물로 보고싶어요 전시 축하드려요오!!!,1개
146,유예은,"작가님 이벤트 신청합니다 🌹
유독 이번 작가님의 영상을 챙겨보게 되었는데 
그결과물을 직접 볼수있다니 너무 설레네요",1개
147,윤peach,"🦋참여합니다🦋
언니 영상 잘 보고 있었는데 평소에도 전시회 가는거 너무 좋아하는데 또 좋아하는 언니가 전시회를 한다니 ㅠㅠㅠㅠ 꼭 가고 싶어요 ㅠㅠㅠ",3개
148,시연늬,전시회 진짜 가고싶어요 ㅠㅠ언니는 진짜 다재다능 한 것 같아요 ㅠㅠ항상 응원하고 있어요!!화이팅!,3개
149,이은서,"제가 지금은 못 가도 꼭 갈거에요ㅠㅠ 언니 멋져요ㅠㅠ 사랑해용❤❤❤
꿈 이루신 거 축하해요🎉🎉🎉

참여합니다",1개
150,LL,전시 주제가 너무너무 멋있네요ㅠㅠㅠ 핡 ㅠㅠ,2개
151,채영,전시회 진짜 가고 싶었는데 일찍해서 너무 좋아요ㅠㅠㅠ💜🌷😍 꼭 가서 실물 영접하고 싶어요 !!! 🤤😻😻❤와..전시회라니.🌟❤,1개
152,김휊,이벤트 참여합니다!! 현재 무대 미술과를 준비하고 있는 학생인데 이번 기회를 통해서 헤이즐 님을 비롯한 현역 작가님들의 작품을 감상하며 이런식으로 공간을 연출할 수 있구나 느끼고 또 영감도 받아가고 싶어요!!🧚‍♀️🧚‍♀️,1개
153,한솔,아 왠지 친구가 전시회 갔다고 사진 올렸는데 저 번데기 있어서 이거 언니 작품인데 왜 따라했나 럈는데 언니였내,1개
154,고구마,"인스타에서 게시물 봤었는데 그냥 너무 멋있었어요🥰
언니가 하고 싶을걸 하면서 즐기는 모습이 너무 멋있다는 생각이 드네요😍",3개
155,호롤롤로,요즘 이즐화실 보면서 힐링 해요ㅎㅎ 영상 마니 만들어 주세요😍,3개
156,솔솔,🦋 이벤트 참여합니당 🦋 언니 영상을 디즈니 공주 때문에 보게되었는데 지금은 제 최애 유튜버가 되셔서 벌써 3년동안 꾸준히 영상 잘 보고 있어요!! 항상 볼 때 마다 느끼는 거 지만 언니 손재주는 진짜 대박인거 같아요❤️이번에 전시한 비상 꼭 보러가고싶어요(언니두 꼭 만나고 싶고) 헤이즐 작가님 응원해요🦋🦋,3개
157,에버글로우팬계정,언니 진심 넘 멋있어요❤️❤️❤️❤️❤️❤️,2개
158,유앤아,♡♡,3개
159,분이,"헤이즐 작가님ㅜㅠ❤️❤️
언니가 작품 설명할 때 부터 진짜 제가 다 마음이 뭔가 감동적이고 웅장했고 뿌듯했어요ㅜㅠ
언니 작품 진짜 멋있어요✨✨
진짜 가고 싶지만 전 울산에 살아서ㅜㅠ",0개
