﻿,youtube_id,comment,like_num
0,헤이즐Heizle,제 인스타그램 @heizlemakeup 에서 #AHC 클렌징 4종 셋트 이벤트 하고있져용❤️ 영상보구 이벤트 참여하러 고고띵 하긔~!!😘👍,118개
1,꾸깡,에센스 케어 클렌징 오일 통자체도 너무 예쁘게 생겼네요ㅠ 파랑파랑한게 바다같아요💙 화이트헤드랑 블랙헤드가 늘 고민인데 궁금하네용💙 근데 언니 어떻게 생얼도 이뻐 미쳐 진짜루🙆‍♀️ㅋㅋㅋ인체 신비에 놀라는 언니 존귀탱🙆‍♀️ 아무것도 안산다던 언니 공항점퍼 느낌의 옷이 왜이리 잘어울려요☺️ 끌로에 가방 셋 중엔 레드계열이였던게 더 잘어울리는것같아요❣ 하늘도 파랗고 보는 제가 더 기분이 좋네용💙 이빨도 신나게 닦는 언니🦷 가방 뽕실뽕실해서 귀여워용 확실히 매장도 핑크핑크해서 더 귀여워보이는것같은느낌?🤔 보테카백이 저렇게 크다닠ㅋㅋㅋㅋ샌들 구두는 파랑보다 골드가 이쁘다 생각했는데 역시 골드💛 오늘도 재밌게 봤습니당❣,26개
2,EnoStay,"Love you Heizle ! I was so happy when I heard about you coming to France unfortunately I don’t live in Paris I live in the north of France. I want to thank you because I’m currently learning Korean and you’re really helping me. Hope to see you one day ❤️🇫🇷

French :
Je t’aime heizle ! J’étais si contente quand j’ai appris que tu venais en France malheureusement je ne vis pas à Paris je vis dans le nord de la france. Je veux te remercier car je suis actuellement entrain d’apprendre le coréen et tu m’aides beaucoup j’espère te rencontrer un jour ❤️🇫🇷",3개
3,CocoShihTzu,♥️♥️♥️ Love ♥️♥️♥️😘😘😘🥰🥰🥰😍😍😍❣️❣️❣️❣️❣️,7개
4,EstelleChae,"언니가 쇼핑하는거 보면서 대리만족,,넘나 재밌어 그냥 헤이즐 존재 자체가 재밌어ㅠㅠㅠ",80개
5,N드리미즌,언니 추천제품은 믿고 쓰는거라..대박이예용! 제가 요즘 많이. 고민되는 부분이 얼굴에 트러블이 생겨 스트레스를 받고있는데..언니 처럼 깨끗한피부를 위해 관리가 필요한 참인데...헤이즐 언니의 AHC 오일이 너무 신박한거 같아..저도사용해보고 싶은 욕구가 올라와용♡♡언니의 영상은 보는것만으로도 행복하고 재미있으니.앞으로도 기대할께용,6개
6,김경회,지금바로 이벤트 참여하러 고고띵💝,6개
7,로즈즐넛,하 언니 진짜 사랑해요,5개
8,나은NAEUN,너무 예뻐 이건 진짜다,17개
9,까꿍,썸네일ㅋㅋㅋㅋㅋ 잔망 터지네욤ㅋㅋㅋㅋㅋ,5개
10,쑈니,언니 사랑해,3개
11,헤이즐Heizle,English subtitles are complete!👍😍❤️,57개
12,돼지수그네,"17:48 에 헤이즐님 ""트롸이?"" 넘흐 멋진 것 같아요. (반함)",15개
13,하양하양,언니 너무이뻐요💖💖 완전 제 롤모델💗💗,4개
14,온수현,"와 크루분들이랑 언박싱하실 영상 벌써부터 기대됨 안그래도 헤이즐님 영상 중 속시원하게 볼 수 있어서 좋아하는게 쇼핑, 언박싱? 하울? 영상인데 예고만 봐도 텐션 엄청날 것 같네요ㅋㅋㅋ솔직히 명품 중에 이해안되는 디자인 몇몇개 있긴 했는데 보테가 저 커다란 건 진짜 쌀 생각나잖앜ㅋㅋㅋㅋㅋㅋㅋㅋㅋ",25개
15,지니몬,꺄아 소리질러 빠리삐플~!~! 헤이즐 쏴아리 질러 좐멋 좐예,4개
16,워너블,...........사랑합니다♥,2개
17,,진짜 멋쪄 개셀럽같아여 언니,3개
18,김유진,언니 진짜 생얼 너무 예뽀ㅠㅠㅠ 저런 스타일 완전 내스타일😭😭❤️❤️❤️❤️,4개
19,강이슬,몸 조심해유 언니 😊,3개
20,농안,너~~~ 무 예쁘자나~~!!!,4개
21,민채,7:58 진짜 굴욕없는 줌인 .......,7개
22,조련타,진짜 예쁨울언니,3개
23,담소05,이번영상 화질 짱좋아요 !!!,2개
24,김연탄tani,파리라니ㅠㅠ저도 넘 가보고싶네요,4개
25,Jennvely,The editing😍,1개
26,진채원,일등이닷,2개
27,담소05,너무좋아 ㅠㅠㅠㅠ🤭,2개
28,러비,온니 사랑해ㅠㅠ,3개
29,모모링,하.. 진짜 여왕님 브이로그 찐맛집,3개
30,김호연,세안하고 나서 언니 기분 엄청 좋아보여요ㅋㅋㅋㅋㅋㅋ,3개
31,김지연,언니 진짜 너무 귀엽다구여♡♡,4개
32,,"언니 진짜 얼굴 살 많이 빠지셨네요ㅠㅠ 지금도 말랐으니 맛있는거 많이 드세요❣️ 오늘도 눈호강,대리만족 할려고 언니 영상 튼 사람 🙋🏻‍♀️ 벌써 구독한지 3년 다되어가는데 넘 좋아해여,,",4개
33,태연taeyeon,아 진짜 눈화장 안 해도 이쁘셔요ㅠ❤️❤️,8개
34,Liiim,앜ㅋㅋㅋ언니 왤케 귀여워윸ㅋㅋㅋ,2개
35,sc,언니는 진짜 모든 옷과 컬러를 다 소화하네요ㅠ진짜 이뿨❤,3개
36,혜콩힝,"언니 쇼핑 영상이 젤 재미써요ㅠㅠ 대리만족 ,, 다음화두 얼른 ,,!!!",3개
37,메바,11:09 대화가 너무 ㅋㅋㅋㅋㅋㅋ 애기들 혀로 꽃만들어보이면서ㅜ너이거 할수이써???너이거 돼??? 이런 대화 하는 느낌이에욬ㅋㅋㅋㅋ 다들 구여우시다..,3개
38,경자,9:28 왜 이렇게 귀여워요ㅜㅜㅜㅜㅜㅜㅜㅜ,4개
39,수빈콩,아~ 진짜 볼때마다 존예시다~❤😳,6개
40,퀸슬기QueenSG,언니 넘 예쀼다요 진짜 .. 뒤늦게 입덕한 나는 죄인입니다  ( ˃̣̣̥᷄⌓˂̣̣̥᷅ ),3개
41,공룡,이 언니 대체 직업이 뭐길래 부러운삶을 사시네용,2개
42,k,하울ㅋㅋㅋㅋㅋ너무 기대돼요!!!!!ㅋㅋㅋㅋㅋ,2개
43,민서minseo,"ㅠㅠ기다렸떠용 파리 영상들,,,ㅠㅠㅠ
오늘부터 하나씩 파리영상 기대한다구여..힣 아껴바야딩🥺💗",3개
44,쭈야JJOOYAsMAKEUP,언니 쌩얼도 진짜 너무 이뿐ㅠㅠ🧡 저도  파리가고싶쟈냐요ㅜㅜ🧡🧡,4개
45,동욱,그냥 이쁘셔...🙈,4개
46,LL,썸네일 사랑스럽잖아!!ㅠㅠㅠ 귀여워 언니 ㅠㅠ,5개
47,닉네임없음,"달팽이 요리,,,,무슨 맛이에요,,,,,?",2개
48,젠Jen,언니 브이로그가 제일 재밋었어용❤ ㅋㅋㅋㅋ,4개
49,DBKIM,파리 대리만족이요ㅠ,2개
50,담소05,18:28 이모자 항상찰떡이에요 ㅠㅠ♥️,6개
51,NY,"헤이즐님 영상은 항상 활력이 넘쳐요
보는 내내 기분 업돕니다
생얼이 너무 예뻐요❣",34개
52,김세영,역시 언니가 찍는 쇼핑 영상 최고다 ....❤️👍,3개
53,정헌,"언니 맛있는거 마니마니드세요!!!
살좀더 찌게 ㅠㅠㅠ 너무 마르셨어요 ㅠㅠㅠㅠ",2개
54,이다영,오늘도 존예로워,2개
55,하나솜Hanasom,"헤이즐님 자체가 명품이네요 ,, 💗",2개
56,쭈한솜,헤이즐언니 너무 예뻐여ㅠㅡㅠ,5개
57,백현주,언니 동영상 보면 힐링 되네용ㅎㅎ,2개
58,JengyanC,Excited for the next video!! 💙💜,3개
59,블리라,"0:56  소매치기 방지용 앞에 매기 ㅋㅋ
프랑스 감성 느껴져서 대리만족 돼요!",21개
60,리미라이프limilife,빨리 크루와 함께하는 쇼핑 하울 영상 보고 싶어요😁,2개
61,김혜민,"헐 대박 이렇게 일찍 내가 보다니,,,ㅠㅠㅠㅠ 행복해!!🥰🥰🥰",5개
62,자축인묘진샤오미배터리,드디어 올라왔네요 ㅠㅠㅠ❤️❤️❤️,3개
63,sh수현,언니미모가 파리를 씹어먹었네요!!!!!!❤🥰,8개
64,WendyJung,"언니완전,,셀럽 다되셨다,,,★",3개
65,임가람솔,아! 나도 파리가구 싶당 ㅠㅠㅠ아이스꾸림 디게 맛있어 보이는데...ㅠ,4개
66,LL,언니.. 언니 충분히 웃겨요^^ㅋㅋㅋ 귀여워ㅋㅋㅋ,3개
67,보리,"진짜 파리 너무 헤이즐님이랑 찰떡이에요ㅠ
근데 언니는 베를린같아요 



헤이즐넛한테 치명적인 독일수도..
언니 사랑해요♥️",15개
68,yunayoon,"헐 언니 살빠졌다고 할때 순간 말레피센트 생각났어요!! 언니 말레피센트 메이크업 해주세요!!😘

덧. 저도 말라서 얼굴살 뭔지 알아요ㅠㅠ 사진 올릴때 남들은 줄이는데 저는 턱쪽은 광대에 맞춰서 조금씩 늘려주는데..ㅠㅠ 은근 스트레스..ㅠㅠ 그래도 언니는 넘넘 이쁘니까 슬퍼하지 말아용🥰",20개
69,금잔디,"언니 이젠 짐좀 내려놓을때가 되었어...






멋짐",10개
70,정현숙,오늘 영상도 재밌게 잘 봤습니다~~~,2개
71,스지니,언니 조녜...🌸 쌩얼도 왜 예뻐요....?🌸 ppl조차 넘나 사고싶쟈나요.....❤️❤️❤️,2개
72,유딩아미,언니 코로나바이러스 조심 해요💕💕,4개
73,채니chaeni,첫날 밖에선 쌩얼 안에선 풀메라는..ㅋㅋㅋㅋㅋ 마지막 날에 오히려 피부가 더 좋아보여요ㅎㅎㅎ!!! 발가락구두까지 소화하시는 헤이즐님 쵝오..!!👍,1개
74,달빛희정,💙헤이즐님 너무 예뻐요~사랑해요 ~💙,3개
75,,언니 영상마다 이벤트가 엄청나네욬ㅋㅋㅋㅋㅋ 파리라니.... 진짜 가보고 싶어요!! 오늘도 재밌는영상 감사합니다!!!!! 사랑..해욧!,6개
76,안서연,또 보고싶었는데 딱왔네용😘😘,2개
77,J519,끌로에가방 그린컬러 넘예에여ㅠㅠㅠ,5개
78,김용구,헤이즐님도 코로나 조심하세요,2개
79,남채린,언니❤ 브이로그 넘 좋아여!!! 언니 텐션 넘 🤣 좋아! 진짜 넘넘 기다렸어요😘❤ 언니 넘 설레어용!! 다음 영상 그리구 언니 미모😆❤ㅎㅎㅎ,6개
80,뿌링먹싶,언니 관리도 너무너무 좋지만 건강도 중요해요 가끔 영상에사 보면 고생했다는 느낌이 들때가 있거든요..점점 더 살이 빠지는 느낌이랄까 음식도 충분히 드시면서 체중도 조절해주세요..얼굴 살도 너무 많이 빠지고..단지 걱정되는 마음으로 쓰는거에용,8개
81,S,이 영상을 무료로 볼 수 있어 감사합니다😌,3개
82,임혜란,헤이즐님  신종코로나 바이러스 조심하세욯ㅎ,1개
83,김소연,이뽀요,4개
84,S,썸네일부터 하이텐션바이브좋구요😎😎😎,7개
85,Liiim,오늘도 너무이쁘다구요~~🥰,2개
86,박서희,언니 영상뜨자마자 왔어요♥️♥️일부로 1빠할라그 바로달렸왔다구요 언니진짜이쁘세요❤,3개
87,김민지,"너무이뻐서 홀린듯이 들어와써요
파리 공주야 완전😂😂",3개
88,김무쌍mussang,쌩얼도 예뻐서 선글라스 안껴도 넘 이뻐요ㅠㅠ 저도 마른체형이라서 헤이즐님 마음 이해해요ㅠㅠ 근데 그래도 이쁜거 실화입니까ㅠㅠ,4개
89,yy0000,그 하운드체크 코트 결국 가져가셨군용 👐🏻❤️❤️,5개
90,정현,오프닝 부터 믿고 보는 헤리즐님의 아름다운 아우라🧚🏻‍♀️🧚🏻🧚🏻‍♂️,3개
91,ANTi,광고지만 병조차도 헤이즐님 스타일같음ㅋㅋㅋ아쿠아색에 골드라니,2개
92,김유진,"여윽시 믿고보는 헤이즐 쇼핑영상👍🏻❣️❣️ 대리만족 갑이에요~~ 저 언니 영상보구 바아ㅏ로 AHC클렌징오일 사러갈랬눈데.. 이벤트를 열어주시다뇨,, 사랑해요..♡",5개
93,세린,뷰가 진짜 이뻐요💖🌈,5개
94,LingJie,It's so cute ❤ You're my idol,0개
95,윤곡,언니 진짜 쇼핑할때 예쁜것만 잘 찾아서 보여주는거 같아용 다 예뻐 ㅜㅜ 감각 처ㅣ고 🌟❤,2개
96,김소연,이효🍎,5개
97,당근토끼,"헤이즐님은 진짜 이뻐도





너~~~~~무 이뻐♥💗✨",2개
98,M꼬따미,"헤즐 건강도 조심하시길 ...
시기가 시기이니만큼
클렌징 하는모습 천진해보여
시원해 보이네요~~",9개
99,YeonjinPark,오늘도 너무 이쁜 헤이즐 언니~  레드립 정보 궁금해요~ 넘흐 이쁩니다요ㅠㅠㅠㅠㅠㅠ,2개
100,주현03,"알람 뜨자마자 들어와서 일찍왔다 생각하고 있었는데 4시간전 실화니,,^^알람아 이건 너무하자노ㅠㅠㅠ언니 오늘 영상도 잘보고 갈게요!!그리고 다음 영상도 기다리고 있을게요❤️영상 올려줘서 고마워요✨",2개
101,부탁입니다휴대폰보지말고공부하라고말해줘요,하나도 안지루해.... 그저 대리만족쓰 🌟 쇼핑용사진짜 좋다구여...!!!!,6개
102,이지금,11:25 헐 언니 저도 그거 돼요 !!! 💖 언니랑 공통점 찾았따아 ↗️🔥,1개
103,JuyeonLim,헤이즐님이 행복해 한다는 것이 영상 내내 느껴져요!!!ㅎㅎㅎㅎㅎㅎㅎㅎ 파리와 찰떡이 헤이즐님!!!,5개
104,1211송다인,오늘도 이쁘다 하면서 보고있었는데 살빠졌다고 하니까 걱정돼요 요즘 같은 시기 건강관리 필수! 아프지말구 건강하자구요👍,2개
105,미믹,너무 이쁘세요! 코로나 조심하세요 ㅠㅠ,0개
106,KoreanSam,언니~저 스리랑카에서 온 언니의 팬이에요..🙃,1개
107,김이안,"우왕 빨리왔다아아 파리 개이쁘네....헤이즐언니 개이쁘녜ㅔㅔ....정말........헤이즐님 스럽군....좋아....(*´ ˘ `*)
(\  (\     
(,,•w•,,)
( >♥< )",6개
108,정세영,헤이즐님 영상은 항상 텐션이 높아서 보는 사람까지 기분이 좋아지는것같아요😊 그리고 쇼핑영상에서 헤이즐넛들 재밌게 개그하시고 싶다고 영상에서 말씀하셨는데 헤이즐님을 보는것 자체가 재밌어서 굳이 그런 생각은 안하셔도 될것같아용😆,1개
109,MihyeeKim,YOU SO GOOD💜🌈 MY FAVORITT,0개
110,k,두근두근.... 보기 전부터 두근두든!!!!,3개
111,harikatalari,It’s amazing 🤪❤️🇫🇷,3개
112,최유민,진짜 언니 너무 예뻐요ㅠㅠ,1개
113,김수현,아 언니 너무 이뻐요 ㅜㅜ 성격도 좋으시고 그리고 화장안해도 이뻐요 ♥♥,1개
114,까꿍,이벤트 신청하러 인스타오 갑니다~~~,5개
115,유디,요즘 안그래도 클렌징오일 다 써서 어디꺼 써보나 고민하고 있었는데... 헤이즐님 추천이라면 믿고 써볼게요😘,1개
116,밈최,와 언니 항상 느끼는거지만 너무 고급스럽게 이쁘세요...우리 헤이즐 언니 짱..❤,3개
117,RedLoli,"Love it and thanks for eng
 Sub❤️",0개
118,러브스칼렛,롤링해서 블랙헤드랑 화이트헤드 빠지는 제품이 오일인거죠?,1개
119,안뇽,헤이즐님 넘예뻐요ㅠㅠㅜㅠ13:22 원피스 어디껀가료??,0개
120,우효진,저도 입술밑에 오돌토돌이 있는데 안없어지더라구요 ㅠ코에 화이트헤드 블랙헤드도 거울볼때마다 속상했는데 언니믿고 구매완료했어요 !!얼른 써보고 싶어요 ㅎㅎ🤗💓💓,2개
121,윤채민,다음 영상이 넘 기대되요!!헤이즐 언니!🙌🏻진짜 무 재밌을 듯 합니닼ㅋㅋㅋㅋ,2개
122,잊누너,대리만족 장난없네여 ㅠㅠㅠ 너무멋져!!!,1개
123,로즈말이Rose,언니 사랑해요우~~~,2개
124,최수인,파리에서듀 열미모❤️,1개
125,쩜쩜짬,"난 우리언니가 밥먹는거 쇼핑하는거 누워있는거 아무거나 다 봐도 행복해,,,,,",1개
126,빂삡,저기 라파예트 옥상이 진짜 예쁜데 언니가 가니까 내가 간 곳이랑 다른 곳인 것 같은 느낌..,0개
127,연하,언니 잠옷? 가운? 정보궁금해용🥰 너무 이뻐용ㅠㅠㅠ,0개
128,ice빵빠레,언니 보라색 넘 잘어울려요ㅠㅠ,0개
129,쫑나나,16:46 에 나오는 니트 가방 정보 알려주실 수 있으실까요?ㅠㅠ,0개
130,bibam,"화장을 안 해도 예뻐요 ㅠ 
군데 달팽이 맛이 너무 궁금하네요",1개
131,이민지,언니 진짜 너무 예쁘잖아요😍,1개
132,꾸잉,요즘 블랙헤드 고민 쩌는데 영업 당했어요 ㅜㅜ 링크 타고 춍춍 사라집니다… 오늘도 예쁜 헤이즐님 ㅜㅜ,0개
133,유리아,"이 영상두 진짜 재미있엇구 언니는 진짜 제 인생의 모 델🌟♥
빛나는 보석 그 자 자체용 ㅠ",0개
134,chaehyunlee,대리만족...ㅎㅎㅎㅎㅎㅎㅎ현실은 인터넷쇼핑 장바구니 담기만ㅎㅎㅎㅎㅎㅎㅎㅎ파리도 예쁘지만 헤이즐님이 더 예쁘네요❤,6개
135,danagrabbel,thanks for english subtitles,2개
136,최유정,진짜 궁금해서 물어보는데 헤이즐님은 연예인이에요 일반인이에요???,1개
137,유진,언니 손가락뼈 움직이는 거 저도 돼요 !! 제 주변에 되는 사람 아무도 없어서 저만 되는 줄 알았는데 언니랑 공통인 게 있다니ㅠ,1개
138,김리사진LisaJinKim,헤이즐언니 코로나 조심하세용~~~!,1개
139,NY,클렌징 오일 안써봤는데 꼭 해봐야겠다는 욕구가 강렬하게   생기네요    ㅋㅋㅋ,5개
140,재콩,감사합니당 언닝 ❤ 잘쓸게용,0개
141,묶은머리,늦었지만 💢바이러스 조심하세요!!💢,1개
142,Michaelkim,조심히 다녀오세요!! 즐거운 여행 되시길!,1개
143,yy0000,최근 언대입 시리즈 모아서 하울 해두세용,0개
144,DiemTo,What’s the name of the song?,0개
145,조재연,클렌징크림 쓰는데 오일로 바꿔봐야겠어요^^ 촉촉피부,0개
146,dodo,온니 살앙해용,1개
147,구궁,언니 건강 자나깨나 건강조심,1개
148,박지혜,헤이즐 in paris 라니ㅠㅠㅠ 넘나 찰떡 ㅠㅠㅠㅠㅠㅠ💙🤍❤️,3개
149,현린,클렌징 오일로 아이메이크업 지워도 되나요??,1개
150,부탁입니다휴대폰보지말고공부하라고말해줘요,달팽이 잔짜 궁금하다퓨퓨퓨,2개
151,MihyeeKim,SO CUTE💜🌈🤗,0개
152,Charlene,Heizle your hair color is sooo pretty!!!,0개
153,파랑,꺙,1개
154,후추,클렌징할땨 입으신 옷의 블루 찰떡이에요... 그 와중에 AHC통 마저 블루라소 너무 찰떡이에요...💙 파란장미를 한 가득 따와서 한 공간안에 막 뿌려두고 그안에 가두고싶을정도에요ㅠㅠㅜㅜㅠ엉엉 표현이 과격했지만 너무 잘 어울려요ㅠ💙,0개
155,윤하,언니 여행로그는 볼때마다 대리만죡 ㅠㅠㅠ 넘좋아요,2개
156,김정옥,파리도착했을때 입은 무스탕 너무 궁금해요~꼭 알러주세요^^,0개
157,zge,💜💜,1개
158,연후,항상 느끼지만 쌩얼 느낌이 더 예쁘심... 진짜로,2개
159,HibiscusOu,Is that safe in Paris? I heard that there is coronavirus pandemic.,0개
