﻿닉네임,댓글,좋아요수,날짜
RISABAE,"우리 리를 레이리스 앤 제늘맨💕
 제가 드디어! MBTI 성격 유형 검사라는 걸 해봤어요오오😎
결과가 궁금하시다면! 이 영상 보시고 '리얼리사배' 채널에도 놀러오세요✨
https://youtu.be/rWY0u1nIDSM",134개,2020. 5. 27.
씨앙이다나는,"타임라인❤
(틀린게 있으면 말해주세요!고칠께요)
0:07:인사❤및 오프닝
0:11:마스크로 인한 메이크업 추천 픽서&파우더❤
1:28:건성일 경우 사용하면 좋은 픽서👍
1:43:(건성)기름종이 픽서 추천😁
1:59:베이스가 잘 밀릴 경우😉
2:06:미스트 픽서 추천👍
2:16:유분기가 많을 경우😮
2:22:고정력 강한 픽서추천👍
2:29:번들거림만 잡아주는 +기름종이 픽서 추천👍
2:36:유분감이 많이 나오는 부분을 공략해서  수정픽서로 사용&기름종이 혹은 파우더와 같이 활용하면 좋음😊
2:41:(🔴중요한 포인트!!)
2:47:분사가 혹시 크게 돼서 방울이 얼굴에 튀면 오히려 베이스가 망가지면서 고정될수있기때문에 이걸 두려워 하시는 분들을 위한 갓사배님의 방법☆
2:59:쉐이킹💦
3:02:노줄 위치를 확인한 다음에,다른곳에 한번 뿌려주고~👍
3:06:(🔴뿌린후 손대지 않고 마를 때까지 기다려주세요!!)그다음 뿌릴곳에 팔을 최대한 멀리   들어서 뿌려주시면 됩니다😁
3:11:얼굴 전체에 뿌릴때: 전체적으로 뿌릴 땐 얼굴 앞면, 사이드 골고루 나눠서 뿌려주시면 좋을것 같아요!😀
3:22:큰 물방울이 혹시나 떨어지셨으면  스펀지로 살짝 두드려 주시면 될 것 같아요😁
3:28:보통 눈을 가리고 뿌리는데 미스트는 요렇게 뿌리시면 되요👍
3:33:그렇지만 픽서 같은 경우에는 아이 메이크업도 같이 고정되면 좋기 때문에 눈을 감으시고 20~30cm 정도 떨어뜨려서 뿌려주시면 됩니다😀
3:42:T존에 뿌릴때: T존에만 뿌릴 때는 고개를 살짝 숙여서 픽서를 위로 들고 T존에만 분사가 되게 뿌려주세요👍
3:51:그리고 유분이 많이 나오거나 모공이 있는 T존이나 볼 앞부분 같은 경우에는 픽서에만 의존하지 마시고 프라이머를 살짝 미리 발라주면 더 효과적이겠쪼오?😊
4:01:계속 픽서를 뿌리고 파우더로 누르는 것보다 미리 방지하는 게 조금 더 가벼울 수 있습니다❤
4:15:갓사배님이 잘 사용하는 3가지 제품 추천❤
4:20:쏘내추럴의 올데이 메이크업 픽서👍
4:22:갓사배님이 평상시에 일반 고정 픽서로 잘쓰는 제품❤&딱딱하거나 당기지 않기 때문😉
4:29:베이스 파우더 전에 한번, 그리고 메이크업이 다 끝난 후에 또 한번 뿌려도 당기지 않을 만한 기본적인 고정 픽서로 추천👍
4:39:메이크업포에버의 미스트 앤 픽스 제품👍
4:45:미스트 기능이 들어 있어서 좀 촉촉하고, 고정도 잘되는 제품😀
4:51:베이스 하시기 전에! 기초 후에 밀리시는 분들과 전체적으로 확 고정하고 싶으신 분들에게 다 적용 가능한 제품😊
5:02:메이크업포에버의 라이트 벨벳 에어 미스트😁
5:09:미세한 파우더가 들어 있어서 기름종이 역할을 해줄 수 있는 픽서😚
5:12:그래서 갓사배님은 수정용 픽서로 잘쓰고 계신답니다아❤
5:16:전체적으로 메이크업이 다 끝난 후에 한번 쫙 뿌려주면 기름기가 도는 부분을 정돈 해주고 광채는 남겨주는 그런 기능을 하는 픽서👍
5:24:요즘에 '매트 픽서'라고 나와 있는 것들은 파우더가 안에 들어가 있기 때문에 꼭 잘 흔들어 주신 다음에 뿌리시는 게 효과적입니다😘
(🔴매트 픽서마다 매트함이 다 다르니 비교해보고 사용하세요!!)
5:35:갓사배님은 최근에 메이크업포에버의 라이트 벨벳 에어 미스트를 가장 많이 쓰는 것 같답니다아❤
5:39:여러분들이 상황에 따라서 골라서 사용을 해주시면 좋을 것 같습니다😉
5:46:파우더 추천❤
5:51:파우더는 뽀송하게 베이스를 고정해주는 역할도 있으면서 요즘은 좀 더 다양한 기능이 있는것 같아요😀
5:55:화사한 컬러의 파우더도 있고, 좀 촉촉한 하이드라 파우더도 있고 완전히 고정되는 모공 파우더도 있구요!!
6:13:그래서 보통은 입자가 더 고운 루스 파우더를 처음 메이크업 시에 파우더 단계에서 쓰고, 더 단단한 팩트 파우더는 수정용으로 사용하는 경우가 많은데요!!👍
6:34:눈 주변이 잘 번지는 경우:베카의 언더 아이 브라이트닝 셋팅 파우더 추천👍
6:47:약간의 펄감이 있어 화사하면서 다른 파우더보다 입자가 더 미세해요😉
6:51:그래서 갓사배님은 눈 주변이나 팔자 주름,
입 주변까지 두드려서 발라주는 편입니다❤
6:59:부분적으로 발라야 하니까 브러시도 좀 작아져야겠쪼오?
7:05:작은 파우더 브러시류를 사용해서 양 조절을 한다음에 언더 부분에 요렇게 두드려 발라줍니다😉
7:13:약간의 펄감이 있어 화사하니까 요런 팔자 주름 같은 부분도 확 건조해지지 않으면서 주름도 살짝 커버가 되는 효과가 있어요😁
7:20: 화사함+고정력을 원할 경우
7:27:핑크톤 파우더에 은은한 펄감까지 있는 디올의 누드 에어 루스 파우더 #012 핑크를 추천👍
7:42:롱래스팅 되면서+화사함😊
7:51:펄이 피부에 딱 붙어 있기 때문에 일반 파우더보다 조금 더 고정력 있게 잡아줍니다❤
8:00: 펄 때문에 모공이 커 보일 수 있기 때문에 펄감이 없는 제품을 추천합니다👍
8:03:파우더를 쓰면 너무 건조한 경우
8:11:테리의 히알루로닉 하이드라 파우더를 추천👍
8:16:하이드라 파우더들은 성분 때문에 만졌을때
일반 파우더보다 약간의 촉촉함과 시원함이 있어요😊
8:24:건조하신 분들은 너무 뽀송한 파우더는 고정을 넘어서 갈라짐이 되기 때문에 건조한 부위는 스치듯이 발라주고 나머지는 뽀송하게 양 조절을 잘하면서 바르시는 걸 추천👍
8:36:강력한 고정을 원할 경우
8:41:메이크업포에버의 울트라 HD 루스 파우더 추천👍
8:50:덧바르거나 수정을 하기에는 좀 어려울 수 있겠죠? 너무 확 픽스가 되기 때문이에요!!
9:10:다크닝이 고민일 경우
9:21:지방시의 프리즘 비사쥬#N1 무슬린 파우더 추천👍
9:40:픽서와 파우더에 대한 설명 끝❤
❤갓사배님 유튜브 구독구독미❤
❤사배님 인스타도 팔로팔로미❤",389개,2020. 5. 27.
재미있냥,오늘 완젼 아리아나그란데 재질…사배아나그란데 사랑해요ㅜㅜㅜ,204개,2020. 5. 27.
아소일,메이크업 무슨일이야... 언니가 너무 예뻐서 집중안됨💚,98개,2020. 5. 27.
즐거운하루,"헐 이날 메이크업 너무 예뻐요 저거 흰색라인!!!!! 저거 나도....... 따라해보고 싶어요 영상 만들어주세요 ㅜ ㅜ 
 여름에 너무 예쁠듯 ㅜ ㅜ♥♥",110개,2020. 5. 27.
유영주,꺄 언니 오늘 메컵 넘예쁜거 아님니꽈? 오늘메이크업 가능하면 투툐리얼로 보고싶어요오💛💛💛,60개,2020. 5. 27.
강민정,언니 어반디케이 픽서.. 언니의 지겹템은 어디간거에요오,17개,2020. 5. 27.
작곡가자이언킴ZionKim,헤어스타일 어케 하신거에요??이쁘시당,88개,2020. 5. 27.
YEONUC,여러분 이 영상 보시고 나서 당장 리얼리사배 채널에 올라온 MBTI 영상 보러 달려가세요 그 영상 안 보면 여러분 주위에 화려한 조명이 비춰지게 될겁니다,67개,2020. 5. 27.
부기오내논,와 메이크업 역대급ㅠㅠㅠ 너무 예뻐서 울어요 진짜ㅠㅠ이 메이크업 해주세요 엉엉,28개,2020. 5. 27.
TONESTUDIO부산톤스튜디오,메포 픽서 진짜... 분무기 같아서 비추.. (얼굴도 좀 가려운 느낌)ㅋ 복합성 수부지 민감성 >> 투쿨포스쿨 픽서 강추. 영화보고 겁나 울었는데..화장 1도 안번짐👍 락페스티벌 6시간 정도 놀았는데 안번짐. ㄹㅇ 강추,12개,2020. 5. 27.
kimhyemin,뷰티관련 영상 예전에 너무 많이 봐서 나한테 맞는제품도 안정적이게 구비되어 있고 필요한 정보나 이시국에 물욕도 없는데 썸넬이 넘나 예뻐서 일단 들어와봤어요...(하트),5개,2020. 5. 27.
정수빈,헉 사배언니 ㅠㅠ 오늘영상 에서 하신 메이크업 자세히 보고싶어요ㅠㅠㅠ 포니테일과 이 메이크업이라니..여름에 넘나 찰떡이라구요ㅠㅠ,10개,2020. 5. 27.
박수빈,진짜 제 마음 속의 뷰튜버 원탑💗 중간에 픽서 뿌리실 때 입자 더 잘 보이라고 배경 검정색으로 바꾸는 센스..👍 저같이 산유국인 사람들한테 정말 유용할 것 같아요!,29개,2020. 5. 27.
실바,와 진짜 필요한 영상이었다,18개,2020. 5. 27.
밍밍들레,쏘내추럴 픽서 저거 효과 1도 없......재구매는 안할거같아요ㅜ,6개,2020. 5. 27.
나기소,"저렴이 위주로도 소개해주셨으면 좋겠어요 ㅠㅠ 
고렴이들 뿐이여서 아쉽네요 ㅠㅠ...",4개,2020. 5. 27.
봄봄,"오늘 징짜 너무 예뻐요ㅜㅜㅜㅠㅜ
혹시 아이들의 소연,여자친구 신비,청하,레벨 슬기가 부른 wow thing 아시나용?오늘 약간 그 곡 분위기 나는데...공감하시는 분?나만 그렇게 생각한건 아니죠",6개,2020. 5. 27.
동그라미,언니 오늘 하이틴 드라마에 나오는 여주같아요ㅋㅋㅋ나무 상큼하고 예쁘네여💕 영상도 잘보고 가요! 마침 픽서 찾고 있는데 최고💯✨,5개,2020. 5. 27.
JudyJeon,진짜 메이크업 너무 예뻐요ㅠㅠㅠ눈에 별 박힌거같아ㅠㅠㅠ!눈 맨날 번져서 고민이었는데 많은 도움되었어요!!,4개,2020. 5. 27.
서하윤,영상에서 하신 메이크업 보고 싶어요 ㅜㅜ 사배언니 너무 예쁘셔..외국에서 열심히 응원하고 있어요 사랑해요 언니 !!!!,4개,2020. 5. 27.
가은,언니 오늘 약간 예지+선미 같아...후..ㅠㅜㅠㅜㅜㅠ,4개,2020. 5. 27.
끼라루스,분사할때 어두운 배경지로 바꿔주는 정성.... 이래서 갓사배 갓사배 합니다 ♥ ♥ ♥,2개,2020. 5. 27.
이예빈,저렇게 픽서도 뿌리고 파우더까지 하면 마스크에 코부분 쓸려도 안 벗겨지나요? 파우더만 바르면 화장이 다 벗겨져요ㅠㅠㅠ,2개,2020. 5. 27.
DamiK,와 진짜 오늘 메이크업 너무 예뻐요 영상 찍어주세요ㅠㅠㅠ 특히 눈화장 진짜 어떻게 하신거예요 뷰티풀큐티스포티 포카리스웨트 광고해야할 재질.. 아 넘 취향저격이예요 언니 사랑해요...💕,2개,2020. 5. 27.
쀼티홍사이드,와우.....사배님 저 티존이 항상 유분기가 많아서 정말 고민이였는데...... 프라이머가있다니.....역시 사배님 오늘도 배우고 갑니다🙏🙏❤️,1개,2020. 5. 27.
사라앙,우와 진짜 지금 너무 딱 필요한 컨텐츠! 픽서 사러 바로 갑니다아아아앙 MBTI 보러 갈게요💕,2개,2020. 5. 27.
hashin,오늘 언니 메이크업 정말 최고에요ㅠㅠ  화이트아이라인 최고!!!,4개,2020. 5. 27.
autumninblue,메포 픽서들이 다 분사력이 별로라ㅜㅜ 잘 안 쓰게 되더라구요 완전 침분사.. 구입하실 분들은 참고하세요ㅜㅜ!,0개,2020. 5. 27.
DJ후니의ONAIR개그지식채널,오늘도 많이 알아 갑니다ㅎ 썸네일부터 넘 이뻐요!ㅎ,2개,2020. 5. 27.
홍다은,역쉬 언니는 내 맴을 잘 알어..,1개,2020. 5. 27.
김민아,"언니,,, 오늘 메컵 올려주는 거죠??? 그쳐 ㅠㅠ 아 사랑행 ㅠㅠㅠㅠㅠㅠㅠㅠ❤️❤️❤️❤️❤️❤️❤️❤️❤️",2개,2020. 5. 27.
김규나,우와아아아 픽서랑 파우더 완전 고민중이었는데 ㅠㅠ 사배님 최고 역시 갓사배..❤ 오늘 영상 너무 감사하구 잘 볼게요!!!,0개,2020. 5. 27.
음바밤,언니 오늘 화장 해주세요ㅜㅜㅜ 진짜 너무 이뻐요ㅠㅠ,0개,2020. 5. 27.
김혜빈,"와 이언니 내가 지속력 바라는거 어케알고,, 영상이 맞춰서 나와부네",0개,2020. 5. 27.
움냥,너무 좋은 영상 ㅜㅜㅜㅜㅠㅠ,0개,2020. 5. 27.
나현,"힝 반장선거 나온 학생같아요ㅠㅠ 너무귀엽다,,,",1개,2020. 5. 27.
야아바타스타슈나는,이번화장 너무이뻐유ㅠㅠㅠㅠ,0개,2020. 5. 27.
불타는주먹밥,언니~~레이디 가가 아리아나 rain on me 커버 메이크업 해주세요~😸😸,0개,2020. 5. 27.
김주희,언니 너무 이쁘다 ㅜㅜㅠㅠㅜㅜㅠㅠㅜㅠ 렌즈 정보좀용 ㅜㅠㅜㅠㅜㅠ,0개,2020. 5. 27.
곰수니이,"진짜 요즘 너무 필요한 영상이에요ㅠㅠㅠㅠ 너무 좋아😭👍 
혹시 가끔 쓰시는 루나 프레스트파우더도 핑크빛이라 다크닝있을때 바르면 약간 화사해질까요..?",0개,2020. 5. 27.
AlexSaide,7:27 저도 이거 사용하는데 ㄹㅇ 좋아요! 피부가 자연스럽게 화사해짐! 지속력도 괜찮구요 (샤넬 꺼 훨씬 더 좋지만..),0개,2020. 5. 27.
이유민,홈쇼핑 보는줄 알았네...ㅌㅋㅋㅋㅋ,0개,2020. 5. 27.
Chaewon,언니 너무 예뻐요 사랑해요 진짜 평생 보고싶어요 50년 뒤에도 유튜브 해주세여ㅠㅠㅠ,0개,2020. 5. 27.
유루,와 오늘 영상 너무 이뻐서 무슨 일이래요~ 메이크업 의상 헤어가 세박자로 짝짝짝 너무 찰떡이에요!!♡,0개,2020. 5. 27.
nia,we need a makeup tutorial for this look 😍,1개,2020. 5. 27.
그믐달,다 너무 비싸유... 고런데 궁금한게 파우더랑 픽서 둘다쓸려면 파우더 먼저쓰고 픽서뿌리는거 맞나요??,0개,2020. 5. 27.
안녕채연,언니 너무 예쁘잖아요ㅠㅠㅠㅠ으앙 ㅠㅠㅠㅠㅠㅠ,0개,2020. 5. 27.
바나나맛우유,진짜 딱 필요한 시기에 이렇게 유익한 영상 주셔서 넘 감사해요♥️♥️ 역시 사배언니 센스짱♥️♥️,0개,2020. 5. 27.
JasonL,으앙ㅜㅠㅠ 오늘 립 궁금합니다🙊🙈🙉,0개,2020. 5. 27.
김민서,"오늘 뭔가 제니느낌,, 너무예뻐요ㅜㅠㅡㅠㅜㅠ 사아랑해요 유익해요오",0개,2020. 5. 27.
오빠우리부모님여행가셨어,온니 ㅠㅠㅠ 저 파우더랑 픽서 고민하고 있었는데 이렇게 딱 올려주시니까 제가 너무 설레양 ~~~💋💋,0개,2020. 5. 27.
kfajfjdklakjdkfad,언니 오늘 한 메이크업 튜토리얼 올려 주세요!!!!!,2개,2020. 5. 27.
월궁항아,와 언니 머리... 반묶음도 예쁘구 이마 잔머리연출도 너무이뻐요.........,0개,2020. 5. 27.
강유현,하앍 언니 머에여 아리아나 그란데야? 존예 ㅠㅠㅠㅠㅠㅠㅠㅠㅠㅠㅠㅠㅠㅠㅠㅠㅠㅠㅠㅠㅠㅠㅠㅠ,1개,2020. 5. 27.
응,이 언니는 진짜 어떻게 점점 예뻐지지?? 아 놔 진짜 얼굴 부럽다 부러워!!😭😭 사랑합니다 언니,0개,2020. 5. 27.
찌에찌에택,제발 오늘 메이크업 알려주세요ㅠㅠㅠ,0개,2020. 5. 27.
쫑몽이,언니 굿걸에 나오시는 전지우님 메이크업 해주세요ㅠㅠ,0개,2020. 5. 27.
KyungjinKim,언니 메컵영상도 올려주세요ㅠ 너무 예뻐여🤍,0개,2020. 5. 27.
맴밈,"오늘 룩 너무 훼셔너블해,, 패윜인줄,,, 🕺",1개,2020. 5. 27.
Juju,언니 오늘 머리 어케한거에요 ㅜㅜㅜ제발 알려주세용,0개,2020. 5. 27.
태정태세비욘세,언니 ㅠㅠ 쨍한 색감 메이크업해주세요!! 봄이 왔나봄 같은 색감이요!! 요새 톤다운된 분위기있는 메이크업만 하셔서..ㅎㅎ 쨍한 색감 오랜만에 보고싶어용,0개,2020. 5. 27.
박재영,"오늘 생일이어서 화장 엄청 공들였는데 더워서 초조 했,, 이걸 이제야 만나다니,,,",0개,2020. 5. 27.
이종민,"지성은 파우더 두번에 픽서 써도 묻어납니다...
쌩얼 추천",0개,2020. 5. 27.
백설토끼,"와 진짜 제품, 상황별, 타입별 유용한 영상이에요♡ 역시 갓사배♡♡♡♡♡♡",0개,2020. 5. 27.
이지수,메포 픽서 파우더 사러가야쥥~~~,0개,2020. 5. 27.
성예림,픽서는 묻따말 쏘내추럴이죠 ㅎㅎ 사배님이 예전에 추천해준 후로 쭉- 지금까지 쓰고있어용!!!! ><,0개,2020. 5. 27.
염고은,대학생인데 비싸지 않은 파우더와 픽서는 뭐가 있을까요ㅠㅠㅠㅠㅠㅠㅠㅠㅠㅠ,0개,2020. 5. 27.
yelimkook,"우왕, 요즘 넘 건조해서 미스트픽서 바꿨는데ㅎㅎ 자세한 설명 감사해요! 여름엔 필수이니 다음껀 참고해서 사야겠네요^^ 그나저나 사배님 아이 메이크업에 빠져드네요 ㅎㅎ",0개,2020. 5. 27.
Ohsen,메컵 영상 제발 올려주세요ㅠㅠㅠㅠㅠㅠㅠ,0개,2020. 5. 27.
나응,오마이갓 리얼리사배에 이어서!! 오늘 영상 대풍년이구나♡,0개,2020. 5. 27.
혦이Tv,"언니, 미스트랑 파우더 둘 중 한개만 쓴다면 둘 중에 어떤거 추천해주실 건가요?!?",0개,2020. 5. 27.
비비안Vivian,"언니 이 메이크업 너무 화사하고 시원해보여요!😍
영상 만들어주세요~~",0개,2020. 5. 27.
마롱마롱,"사배님 메이크업도 너무 예쁜데 피어싱도 너무 예뻐요 영상에서 착용하신 피어싱 조합 궁금해요! :,)",0개,2020. 5. 27.
gohlinda,"Dear @RISABAE-ssi, 

You always look so gorgeous 😍, could you share with us how you achieve this look? Love your hairstyle and the overall look. Very young and vibrant! Can't tell you how many times I replay your video cause you're just so mesmerizing 🤤

Keep being beautiful and gorgeous as you always are

Lots of love😘😘😘😘",1개,2020. 5. 27.
AbellaDelphine,이번 영상에서 바르신 립 알 수 있을까요? 너무 예뻐요 ㅠㅠ,0개,2020. 5. 27.
이영민,좋은 영상 잘 봤어여...,0개,2020. 5. 27.
연우,언니 오늘 메이크업 튜토리얼 플리주...,0개,2020. 5. 27.
시연늬,언니~짱 멋있어요!! 언니 왕팬인거 알죵??ㅎㅎ,0개,2020. 5. 27.
티파사,사배님 하트시그널 박지현님 닮으신 것 같다는 블로그 글을 봤어요^^ 메이크업 해주세요♡♡,0개,2020. 5. 27.
03wkddmsco,와 언니...어떻게 필요할 때 바로 이런 영상을 올려??,1개,2020. 5. 27.
Knie,완전 존예로운 이 메이크업 튜토리얼 부탁해요❤️,1개,2020. 5. 27.
뽀넘쓰TV,"오우~~ 요즘 마침 궁금하던 주제인데, 넘나 잘봤습니당~~~👍👍👍🙏🙏❣❣❣😍",0개,2020. 5. 27.
xiuzhenjin,언니 제 파우더 다 떨어진거 어찌아시고... 요번 영상에서 정보 알아가야겠네요 희희,0개,2020. 5. 27.
Darm,"언니 ㅠㅠ 저는 이런저런 제품들을 많이 사용해봤는데 픽서나 파우더류를 사용하면 화장이 두꺼워지는 느낌이 들기도하고 너무 간지러워요... 
픽서나 파우더 없이 화장 지속력을 높이는 방법은 없을까요..?",0개,2020. 5. 27.
artna,면접 볼 때 긴장하면 땀나니까 참고해도 좋을 것 같아요!! 사배님~~혹시 이주빈님 증명사진 커버 메이크업 영상 만나볼 수 있을까요?😘,0개,2020. 5. 27.
SarahH,루즈파우더... 샤넬 로라메르시에 메포 디올 베카 다 써보고 이번에 바이테리 히알루로닉 파우더래서 기대하고 샀는데 너무너무 건조하고 입자도 크고 들뜨고 정~~~말별로던데 ㅠㅠ 제가 사용을 잘 못한걸까요?? 써보시고 좋다고 생각하신 분들 있나요... 혹시 어떻게 사용하셨나요 ㅠㅠ?,0개,2020. 5. 27.
BAC,헐랭 눈화장 넘 예쁘어요ㅠ 눈매가 위아래로 확 트이는 느낌,0개,2020. 5. 27.
냠냠,아니 너무 예쁘잖아..,1개,2020. 5. 27.
HyeminPark,오늘 너무 상콤하쟈나!!!!!! 귀여운 앞니가 달라졌어요 😍😍😍😍😍,0개,2020. 5. 27.
지니지니,언니 한소희(부부의세계) 메이크업 해주세요~~~~~!!!!,0개,2020. 5. 27.
카드값줘췌리,언니 혹시 오늘 립 알 수 있을까용 ㅠㅠㅠ,0개,2020. 5. 27.
JHFanta,픽서 뿌리고 바닥 닦아주세요 제발 ㅠㅠ 이건 스프레이류면 거의 다 해당된다고 생각합니다.,0개,2020. 5. 27.
나리라,아니 썸넬 무슨 일이람.. 너무 아름다우시다...,0개,2020. 5. 27.
부엉부엉,혹시 언제 파우더를 쓰고 언제 픽서를 쓰는지는 알수없을까요?ㅠㅠ 저는 항상 파우더를 써왔는데 그럼 픽서는 언제 뿌려야하는건지..? 파우더쓰고도 부족할때 픽서를 그위에 뿌려주면 되나요..?  아님 따로따로 써야하는건가요?,0개,2020. 5. 27.
IeYoon,헉 사배언니 오늘 왜케 더 이뻐요??? 세상에나 마상에나...영상 틀자마자 놀랬쟈나~ 사랑해요♡,0개,2020. 5. 27.
김지연,최대한 피부베이스하고 파우더에 픽서로 유지해도 마스크에 뭍어서ㅠㅜㅜ엄청 스트레스였는데!! 영상보고 많은 도움 받아용!! 사배언닝❤️감사해용,0개,2020. 5. 27.
이아영,3:36 언니 입에 안 들어갔어요?,0개,2020. 5. 27.
정승아,이 영상 매이크업 튜토리얼도 올려주세요 언니 항상 사랑해요,0개,2020. 5. 27.
SuryunKang,사배님~ 제 맘 속에 CCTV 달아놨나요..🙊 이렇게 찰떡같은 타이밍에 영상을 올려주시다니...!!! 감사합니다💜❤️ 사배님!! 오늘 전체적인 메이크업 루틴 영상 있을까요~? 제품도 너무 궁금하고 너무 예뻐요❤️🙏🏻,0개,2020. 5. 27.
나노니,아니 헐 언니 이번 영상 왤케 이뻐요 머리 올려묶은거까지 너무 이쁜데;; 메이크업 영상 안올려주시면 바지에 똥쌀겁니다,0개,2020. 5. 27.
N쭈디,사배언니 구독하고가여~♡,0개,2020. 5. 27.
박다혜,모야 사배님 오늘도 완전 예뻐..,0개,2020. 5. 27.
찰옥수수,메이크업...이 메이크업 알려주세요오...❤️,1개,2020. 5. 27.
전전,사베님 오늘 엄청 시원시원해 보여요~♥,0개,2020. 5. 27.
도은도은,사실 화장을 맨날 하는것도 아니고 언니영상을보고 참고하는것도 아닌데 그냥 언니목소리가 너무 예쁘고 기분이 좋아지고 너무 이쁘셔서 아이돌보는느낌 덕질하는 느낌으로 보고있어요 진짜 너무 즇아요 💗💗💗💗,0개,2020. 5. 27.
mella,머리 너무 이쁘게 묶으셨어요ㅎㅎㅎ ♥,0개,2020. 5. 27.
이주은,"볼수록 너무 이쁘다.. 너무이뻐서 언니 얼굴밖에 안보여.,",0개,2020. 5. 27.
Sean,사베.....사렁 헌다~  ♡~,0개,2020. 5. 27.
torojunS2,요즘 마스크 써서 .. 베이스 수정하는 경우가 많아지는데ㅠㅠ 수정하는 방법도 자세하게 궁금해요 ! 쿠션 후에 수정할때 파우더로 수정해야하는지 쿠션으로 수정해야하는지 뭉칠때나 .. 상황별 수정법 궁금해요 ~ 요즘엔 중간에 화장을 아예 지우고 다시하는데ㅠ 시간이 너무 오래 걸려서요 ㅠㅠ,0개,2020. 5. 27.
김세연,정말 안그래도 이것때문에 요즘 완전 고민이였는데 이 영상으로 한번에 해결됐어요 감사합니당😍😍,0개,2020. 5. 27.
jes,언니 항상 좋은 영상 감사해요💕💕,0개,2020. 5. 27.
이은,사배 언니 진짜 너무 예뻐요! 언니 퍼스널 컬러 뭔지 아세요 ??,0개,2020. 5. 27.
문하영,언니 정리 너무 잘됐어요 머리에 완전 쏙쏙 ~,0개,2020. 5. 27.
창욱탦,온니 포니테일인지 뭔지 걍 저 머리 어울려요 배경도 글쿠 걍 아이돌 같아여!!🥰🥰너무 예뻐요🤩,1개,2020. 5. 27.
asfdasdfadafdsafsda,픽서꿀팁이라니 넘넘 필요했어요!! 시기적절 사배언니 쵝오,0개,2020. 5. 27.
A,헙 사배님 오늘 너무 예뻐요!,1개,2020. 5. 27.
so,이제 어반디케이 픽서는 한물갔나여....8ㅅ8,0개,2020. 5. 27.
토마토,"메이크업 포에버 파우더 다써가지구 새로 사야하는데... 면세점에서 샀던거라 정가주고 사려니 아까워서, 다른거 살까 했눈데... 그냥 이걸루 해야겠어요오",0개,2020. 5. 27.
백뽀쨕,더운 날씨에 마스크 안 써도 T존에 기름이 나는데 학생이라서 마스크 하루종일 쓰느라 마스크존에 땀 차고 기름 나서 화장 다 무너지고 난리에요ㅠㅠ 픽서랑 파우더 저렴이도 알려주시면 좋겠어요,0개,2020. 5. 27.
여블리,헐..청하인줄..!!,0개,2020. 5. 27.
랄랄라,학생들에게는 비싼데 저렴이 버전으로도 찍어주심 안될까요 ㅠㅠ?? 언니에게 저렴이 중에서 좋았던 제품이 있다면 추천 해주세욤 ㅠㅠ 기회된다면... ㅠㅠ,0개,2020. 5. 27.
이쁘다니까,이사배님의 인사로 갑자기 꼬마아가씨가 된 낼모레 마흔 ㅋㅋ,1개,2020. 5. 27.
박민아,사배언니이쁘시다 ㅎㅎㅎ메이크업잘하심 ㅎㅎㅎ,0개,2020. 5. 27.
이예린,"그래요 이거에요 이걸 원했어요!
역시 우리 Lee사배 언니 내 맘을 너무 잘 알어❤
(언니! 그리고 이 영상보는 리틀레이디스 앤 젠틀맨 분들 코로나 조심하세여❤)",1개,2020. 5. 27.
공예빈,언니 앞니라인이 정갈해진거 같아요...? 라미네이트 하신건가요??🤔,0개,2020. 5. 27.
Ghoo용상,ㅠㅠ 파우더 제품 넘 비싸요 ㅠㅠ 저렴한 제품으로는 없나요?,0개,2020. 5. 27.
정지윤,😍아이메이크업 세상이뻐요😍,1개,2020. 5. 27.
MYOH,"Hey, Beautiful!",0개,2020. 5. 27.
shka24,언니 근데 혹시 비슷하지만 가격 저렴한 제품 추천 없어요? 지금 디오 사고 싶으면 땅 파야 되요 ㅠㅠㅠ 열심히 삽질 중,0개,2020. 5. 27.
김예지,참고해서 구매해야겠어요! 언니 ㅜㅜ 저는 복합성인지 수부지인지 잘 모르겠지만 픽서랑 파우더 후에 몇시간만 지나도 금방 번들거리는 타입인데요~ 수정화장을 어떻게 해야할지 모르겠어서요.. 파우더로 누르고 쿠션팩트로 잡아주는게 맞을까요? 오히려 더 뜨는 바람에 안하게 되는 것 같아요..ㅜ 나름 기초는 탄탄하게 해준다고 생각하는데,0개,2020. 5. 27.
뚜비누나,언니ㅠㅠ 저는 베이스 후에 파우더로 한번 고정하고 아이메이크업 등 모든 메이크업 끝내고 마무리 단계로 어반디케이 올나이트 픽서 뿌려주는데요 ㅠㅠㅠ 잘 말렸는데도 화장이 벗겨져 있는 것처럼  없어져있어요... 분명 손으로 만지지도 않았는데 그대로 고정되어서 아무리 쿠션 그 부분에 덧발라도 픽서때문에 안발리더라구요 ㅠㅠㅠ 뭐가 문제일까요? 요즘 마스크 쓰면서 더 심해요 ㅠㅠㅠㅠ,0개,2020. 5. 27.
MiyaKimTVFoodTrip,"헤어 메이크업 다  완벽해요~~
넘 이뻐서  👍👍👍",0개,2020. 5. 27.
AgooddayHave,진짜또박또박 발음좋으시다...전달력갑,0개,2020. 5. 27.
세상에마상에,언니 픽서를 뿌리고 나서 안 두드리면 화장이 무너질 때 픽서 뿌린부분이 얼룩덜룩하게 무너지고 그렇다고 두드리면 고르게 무너지긴 하는데 너무 빨리 무너져요 이건 제가 픽서를 제대로 안뿌려서 그런걸까요?ㅠㅠ,0개,2020. 5. 27.
뉴욕데일리,이사배언니가 추천해주신 템들로 메이크업 영상을 찍어봤어요! https://www.youtube.com/watch?v=nvSYBCddi2w&t=2s  개그영상에 가깝지만ㅎㅎ.. 시간되시는 분은 들러주세요~~~~,0개,2020. 5. 27.
뀽이,언니 나 오늘 빨리왔어!!!,0개,2020. 5. 27.
혦이Tv,사배 언니가 또 다시 나의 지갑을 연다...😀,0개,2020. 5. 27.
정진경,오늘특히!!!이쁘심!,0개,2020. 5. 27.
도마뱀뒷다리,"사배님 혹시 오늘 한 화장법 알려주실 수 있나요??
제가 특이한 화장법을 추구하는 편인데 오늘 화장 너무 튀지도 않으면서 특징있고...넘나 제스탈이예요. 물론 본판이 사배님이어서 그럴수도 있지만 알려주시면 감사하겠습니당!",10개,2020. 5. 27.
