﻿,youtube_id,comment,like_num
0,FlorenciaMW,They went to hometown buffet I’m deceased,318개
1,seonhyechoi,포니 브이로그 세상 재밌다 진짜ㅠㅠ 이 언니 인생을 너무 알차게 살아...영앤리치프리티 모든 게 완벽한 사람임 정말..그만큼 노력도 많이 하겠지 몇 년째 덕질중이지만 참 대단한 사람이야 😭😭 갓갓포니,164개
2,명현,15:13  너무 근거있는 자신감...,129개
3,fromjew,"탑오브탑급인데도 항상 겸손한 사람❤ 
몇천만원 질렀다하면서 자랑 할법도한데 내면이든 외면이든 닮고 싶은 1순위예요!",134개
4,shanlovestoread,Pony eating Joliibee is the best out of this blog.,60개
5,MangaMochi,When you're up at 1 a.m. watching PONY syndrome. °^°,90개
6,FaradinaNabila,"1:33 ""It's all makeup in this one""
OMG, 1 suitcases full of makeup? It's so many ♡",61개
7,AlyAriel,"Seeing Famous Pony experiencing regular American life is so cool to me! We take all this for granted all the time, but seeing our way of life through the eyes of others is neat! 😍♥️💯",38개
8,BecuhhhGarcia,Omgggg she’s in Burbank 💜. Lol i can’t believe she went to Hometown Buffet 😂.,42개
9,AlyAriel,"She told the Dog ""IM NOT YOUR ENEMY!!"" XDDD 💀💀💀",39개
10,ArielHunt,“Is the traffic always this bad? Even for LA?” Yes. Yes it is. You could say it’s even infamous for it’s awful traffic.,25개
11,CorineVerona,"Pony, i love you so so so much, i created a choreography for your song Divine, because it means a lot to me and bring me good feelings. I'll be very grateful if you see it! Thank you! ❤️",34개
12,Euri913,젠 한국말 저렇게 잘하는 줄 몰랐어요 ㅎㅎㅎ 둘다 너무 귀욥,42개
13,감자야안녕,15:50 와 .. 메이크업 완전 추ㅣ저 😳❕이 메이크업 영상 존버 갑니다💕,15개
14,JolieEnglish,"You're just fabulous. Interesting as hell, coming from my American perspective",45개
15,ChloeDestre,Wow I love these trip vlogs more of these pls,27개
16,TamelessStyle,"""it's like poop!"" 
lmfaooo and the next scene she pauses the camera at real poop. xD Pony has such a cute, eccentric personality!",8개
17,박지현,언니 ㅠㅠㅠ 언니를 기다리는 시간이 오조오억년인 줄 알았어요 오늘도 너무 옘버....❤️❤️❤️❤️❤️❤️❤️,42개
18,MelodyHeadburn,“All living things can’t help but like me” 😂,0개
19,BeautyOneTV,포니님 진정 한류 월클! 너무 멋있어요 ㅜㅜ 그리고 영어 할때 넘 섹시..❤️,37개
20,macantakai,"""I'm not your enemy"" 😂😂😂 Your english is so good 😊",21개
21,자말리Jamali,15:14 역시 모든 생명체는 날 좋아할 수 밖에 없어..인정,47개
22,davidlee,damn pony looks prettier without makeup T_T,26개
23,jin,언니 카메라 정보 뭐에요 !! 넘 쪼꼬만데 제기능은 착실한 쪼꼬미 카메라 ㅠㅠ(*≧∀≦*),34개
24,MariaLagunas,This mall is like 10 min away from my house. If don’t know she was going to be here. I’m sad now,30개
25,명,언니 나중에 가발 소개 영상도 찍어주세요ㅠㅜㅜㅜ 프론트 스킨 가발 예쁜건 역시 직구가 답인건가요??8-8,13개
26,Makino,젠이 이렇게 한국말 많이 하는 것 첨 봐요 ㅠㅠ 와..,23개
27,SeolhwaPark,포니님 반말하는 거 너무 귀엽고 발리는데 누가 대체 불편하단 거죠 ㅠㅠ 더 해주세요 제발,18개
28,HillieA,Wish to one day have pony wave her magic wand on my face. To meet her in general is a dream♡,2개
29,daeunn,머야 브이로그야ㅜㅜㅜㅜ 개조아진짜 언니사랑해..,15개
30,Chaehyun,포니 브이로그 너무 좋아요ㅠㅠㅠㅠㅠㅠ 앞으로 많이 올려줘요 일상적인 모습들 !!💕,8개
31,BalletPink,She is so pretty and down to earth! 😍💕,26개
32,KevinThai,04:40 Pony’s aegyo is sooo cute!,22개
33,JulieW,I don't know how you do it! I was exhausted just watching this video.,4개
34,하나비,어떻게 항상 예쁘지 ㅠㅠㅠㅠㅠ 포니님 브이로그 자주 올려주세요 힐링돼요❤️,12개
35,HQz,언니 너무 예뻐요ㅠㅠㅠ무려 23분짜리 영상이라니😍 브이로그 대찬성😍😍,5개
36,이수,와 ㄹㅇ 영앤리치..... 인생은 포니언니 처럼 ㅠㅠㅠㅠㅠㅠㅠ🖤,9개
37,MoVed,I love that Pony blurrs out the faces of strangers. Love a respectful K-Queen ❣️,11개
38,SharonYun,wow it's actually my first time listening to Jenn speaking in Korean!!! <3 love it!!,4개
39,SquishyPenguin,"I wish I can have one of your pallete, like icy fantasy. Its so beautiful 😍 but I dont have enough money to buy it cause School needs. I wish one day I can buy one of your collection hehez 😅 btw I love all of your make up style pony. 😍 #supportiveFAN ❤",0개
40,김태정,중간에 17분쯤에 있는 보라색?메이크업 해주세요ㅠㅠ,8개
41,플레요,진짜 재밌어요 이번편 졸잼ㅠㅠ 23분이 그냥 훅 지나갔어요👍❤,9개
42,한은경,언니 출장 브이로그 찍는 힘들다고ㅠㅠ 그러셨는데ㅠㅜㅜㅜㅜ 진짜 너무 고마워요❤️,5개
43,miso,I’m a broke bitch and it was so crazy seeing Pony chilling in a Walmart 😂 nobody too good for the rollback.,1개
44,장유진JangYouJin,23:15 이 메이크업 튜토리얼 올려주쎔묘...ㅠㅠㅠ,3개
45,쀼봄,와 ㅠㅠㅠ 진짜 너무 좋아,4개
46,BeatriceWongchalermthan,"Hi!!! I'm truly curious how you achieve different hair looks (with wigs, I'm assuming) and make it look so natural. Especially because you have long hair, how in the world do you make it look so good?",0개
47,limii,와 언니 카메라 엄청 작은데 무슨 카메라에뇨???ㅠㅠㅠㅠㅠㅠㅠㅠ언니 조녜탱구리,3개
48,PrettyRice,"Aww pony the font is too small not so readable. 😌
Still you’re so gorgeous!! 👱🏻‍♀️💕",3개
49,이서영,잔잔허니 점점 브이로그 맛집이 되어가는 것 같아요ㅋㅋㅋㅋㅋㅋㅋㅋㅋ 처음엔 재미있나...? 싶은데 점점 어... 어...? 그래서 다음편은...!!!! 이런 느낌이에요❣,4개
50,리프,이 언니 진짜 너무 멋있다..,3개
51,젤리귤,"슈스의 삶.. 너무 가보고싶은 미국.
이렇게 보여주고 소개해줘서 고마워요
포니랑 더 친해진거같아
항상 행복해요포니😍",5개
52,지은,8:19 저 메이크업 가방 어디껄까요ㅠㅠ,1개
53,봄히,"젠임님 여기서 보니까 너무 반가워요ㅎㅎ
한국어 쓰는 거 많이 못 봐서 몰랐는데 한국어 잘 하시네요!
cheeky도 진짜 졸귀탱ㅜ",2개
54,유빛,포니언니 진짜 이런 영상 너무 감사해요ㅠㅠ 제가 미국에서 오래 살다가 한국에 오게 되었는데 정말 제 2의 고향인만큼 요즘 향수병도 많이 들고 그랬거든요ㅠㅠ 긍데 완전 로컬(?) 음식점인 홈타운이랑!!! 막 이런 곳들 가신 일상 찍어주셔서 덕분에 저도 힐링할 수 있었어요 너무너무 감사해요💕🙏🏻,2개
55,CHELA첼라,"15:15 그래서 내가 포니님을 좋아하는건가,,💜",1개
56,YH,포니님 브이로그 올려주셔서 감사합니다 덕후로서 진짜 너무행복해요,3개
57,ChaewonLim,하 진짜 너무 이뻐요 ㅠㅠ 보는 내내 힐링했어요ㅎㅎ♥️,6개
58,띠요옹,세상에ㅠㅠㅠ새 영상이야..갓포니 영상을 기다렷슴니다...게다가 브이로그야ㅠㅠㅠㅠㅠ,1개
59,시바견,포니님ㅜㅜㅠㅜㅠㅜㅜㅜㅠㅠㅠ 이런 영상 많이많이 올려주세요오오오오 다 볼게요오오오ㅠㅠㅠㅠㅠㅠㅠㅠㅠㅠㅠㅠㅠㅠㅠ 사랑해요 포니님 항상💜💜💜💜💜💜💜💜💜💜💜💜💜💜💜💜💜💜💜💜💜💜💜💜💜💜💜💜💜💜,1개
60,deantv,"16:38 ""bra~ panties~"" 😂💀",0개
61,ColleenGaye,"She went to JOLLIBEE! 🥰😋
Love you so much Pony!",2개
62,katherinethemouse,"That soda is called cream soda most other places and it's my second favorite soda! Sounds like you got a good one, they can be hit or miss sometimes.",0개
63,박한승,포니님 브이로그 너뮤 좋아요 진심 ㅜㅜㅜㅜ,4개
64,LindxoxoNg,"I've watched Jenn.Im'vlog before thiz, both of them are too gorgeousヽ(o♡o)/",0개
65,SeeneaJung,포니님의 후디사랑ㅋㅋㅋ,2개
66,MADNESSMIDSUMMER,"언니ㅠㅠㅠㅠ언닌 아무래도 쿨톤 차가운 색조가 너무 잘어울리는거같애요ㅠㅠㅠㅠ렌즈도찰떡 ㅠㅠㅠㅠㅠ
이때 했던 렌즈와 메이크업 혹시 기억 더듬어서 튜토리얼 올려주실수있나용 ㅠㅠㅠㅠㅠ넘예뻐요 레전드🤭❤️",0개
67,라엘리Raeli,아 진짜 너무 귀여우셔요❤️🤭❤️,1개
68,니솜,행복하다😍 다음 브이로그는 어디일까요~~? 기대돼요~~,3개
69,빅뱅조린,"How does she keep changing her hair color omg, they dont look like wigs?? 😭❤️",0개
70,SurferChick012,I came on Youtube for the lofi hip hop radio beats to relax/study to for my Ochem midterm. Now I've just watched this whole thing and want more. RIP to my grades.,2개
71,seonayang,브이로그 라니 ㅠㅠㅠㅠㅠㅠㅠㅠ 너무 좋아 ㅠㅠㅠㅠㅠㅠㅠㅠㅠㅠ,6개
72,Seyeumi,Omg pony im from Burbank 💖💖 it looks like you had so much fun it's so precious 😂💞,1개
73,CassMyth,Where is the collab video with Rosie Huntington! I loved your makeup during that day btw. Would love a tutorial!,1개
74,SoyoungRyu,으악 엘에이 트래픽 너무 싫어욬ㅋㅋㅋㅋㅋㅋㅋㅋㅋ 보기만해도 소름이 끼쳐욧,0개
75,감자야안녕,브이로그 너무 좋다 퓨ㅠㅠㅠㅠㅠㅠㅠㅠ 스릉흡느드❤️,0개
76,이미현,브이로그넘좋아요ㅠㅠㅠ바쁘신대 브이로그까지~~~감사해용❤👍👍,0개
77,KarenC,I loved hearing you converse in Korean with jenn!,1개
78,황다나DANA,세상에서 언니 영상이 제일 재밌어요😭 맨날 돌려 볼거야💜🖤,1개
79,hellowooriyas해외방랑기,반말이라서 더 친근한 느낌인데요!!! 포니님 얼굴은 호주 멜버른에도 걸려있어요~,1개
80,kyungjuuYoo,일하는거 너무 멋있어용~~ 그리구 개꿀잼 ㅠㅠ,0개
81,BLah,포니님의 브이로스라니 저는 행복해요ㅠㅠ너무 이쁘가진짜ㅜ❤️❤️,0개
82,이서현,언니 브이로그 진짜 조아요💜 저번에 라방도 넘 재밌었고 오늘 영상도 잘 볼게용🥰🥰💟,1개
83,FatimaGrace,MY GOSH YOU WERE EATING JOLLIBEE?! I CAN'T BELIEVE IT! IM SO PROUD AS A FILIPINO FAN OF YOURS!!! LOVE YOU PONYY!,0개
84,SonghL,언니 우리이제 반모하는거야...? 너무 좋잖아 사랑해❤️,0개
85,유리,언니는 마스크 자주 끼시는데 마스크 벗고 쓰다보면 베이스 메이크업이 지워지지 않나요? 요즘 코로나 때문에 마스크로 화장이 너무 지워져서 흑,1개
86,뚜수,와...ㅠㅠㅠ 지짜 브이로그 넘 조아요ㅠㅠ,0개
87,,どちらもチャンネル登録してますよ(笑)(笑)😁✌️楽しく見てるよ,0개
88,JessicaT,When will you upload the videos with Jenn?🤩 very excited to watch them. Jenn hasn't upload them so far,0개
89,RehanKhan,I really get satisfies watching her videos and I really wish that I could meet her bcz I love doing makeup,1개
90,emilysandoval,My mom got me your colourpop collection for my birthday and it’s the best makeup i’ve ever had!! I love it so much omg Im watching your videos to get makeup inspiration,0개
91,RiriA,언니 너무 멋있어요ㅠㅠㅜㅜㅜㅜ💕,0개
92,Liz,Omg my top two youtubers who i admire are in the same video and having quality time i am not even there but why do i feel so soft and awwwww,0개
93,Thestarslight,"안녕하세요, 잘 지내시나요? 비디오에 아랍어 번역을 추가 할 수 있습니까? 이라크에서 온 사람입니다. 아랍어를 추가하십시오❤",1개
94,LeanneBalajadia,So prettytyyy😍 Pleaase film a vid abt ur skincare. Thank youu🙏🙏,0개
95,Lunalia,"I want to buy it, but I feel like I will never look as cute as her with it :c",1개
96,cecetomate,Pony you're such a lovely person ! I love your vlogs🥰,1개
97,지나가는강아지,와 진짜 23분 순삭이에요 .. ❤❤ 포니님 진짜 열심히 사시는것 같다 저도 포니님 같은 메이크업 아티스트가 되고 싶어요 !!! 포니님 항상 응원할께요 ☺️,0개
98,CatCatNguyen,Oh i knew and saw that face roller in website when i was using gg😂 it's quite expensive,0개
99,크레파스,순간 순간을 즐거워하고 즐겁게 임하려는 모습이 인상적이었어요! 여튼 포니님 🐶멋있어...💕💕💕,1개
100,황정아,악 ㅠㅠ젠임이랑 한국어로 대화하는거 너무 이쁘당 ㅠㅠㅠ 너무 행복해 ㅠ ㅠ,0개
101,ErikaCabrales,Omggg Love it♥️ please keep doing more vlogs🙌🏻,0개
102,응두,"포니님 브이로그 보면서 같이 미국여행하는 느낌.. 💖 
영상분위기 너무 조아요 :-)",2개
103,AnnaTimm,"What is the restaurant they went to in K town? Looked good. 

Also, next time Pony comes to LA for work they should add just one extra day for rest after. So many great places to take it easy in So Cal but they were on a tight schedule the whole time!",1개
104,Vietaliano,Oh wow! This is so amazing! Could somebody please tell me the type of camera she's using for the vlog? it's soooo small and yet the quality is Great! Thanks so much ! xo.,1개
105,민윤기,엥 조회수 왜이래 브이로그도 너무 좋은데!♥️♥️♥️,0개
106,FuriouslyChic,Do you know what vlog camera she's using? 😺 It's so small!,0개
107,DanaY,젠이랑 제임스찰스..! 이렇게 보니까 새롭네요ㅋㅋㅋㅋ,0개
108,maybeitakeyourhand,can't wait to see the vid with Jenn! ♥,0개
109,BrendaMorales,She looks like DojaCat with the blonde wig.,3개
110,Lizzy리지,우와.. 젠임과 포니의 조합이라니 ㅠㅠ 사랑해요,1개
111,,"Смотрю и так и захотелось сказать""мы ведь красимся вместе!""😯Но все же ты мне нравишся!😙",1개
112,ChloeKim,13:47 에 나오는 검정색 운동화 어디껀지 아시나요?🙏 포니님이한건 다 예뿌네용😍😝,0개
113,YUNA유나,19:45 여기 어딘지 아시는부운,0개
114,응2,흐어어어어어아ㅓ라어리아ㅓ라ㅣ얼엉어어 ㅇ언니 ㅠㅠㅠㅠㅠㅠㅠㅠㅠㅠㅠㅠㅠㅠㅠㅠㅠㅠㅠㅠㅠㅠㅠㅠㅠㅠㅠㅠ,1개
115,deantv,17:55 i love how tiny her cam is 💀,13개
116,얌얌,1빠 💙 좋아요 10등 😱,2개
117,CandicesK,"포니님... 화장한것도 예쁜데 안한것도 새삼 예쁨    ..... 너무 예쁨.... 예쁘기 때문에 예쁨...💖
전 포니님이 메컵 아티스트로서 자부심이 엄청 있는거 같아보여서 너무 좋아요",0개
118,RitadeCssiaTexeiraCardoso,Essa mulher é maravilhosa e ponto final!,0개
119,katherinethemouse,"That soda is called cream soda most other places and it's my second favorite soda! Sounds like you got a good one, they can be hit or miss sometimes.",8개
120,allooNCTzenhere,Awwww Pony your Vlogs are always so exciting!!!,0개
121,jmnyng05,omg they went to jollibee~ proud Filipino subscriber here💕,0개
122,LuckyDay,언니 무슨 카메라 사용하시나요ㅎㅎㅎ❤,0개
123,쀼봄,언니!! 가방 정보 궁금해용 ㅠㅠ,0개
124,RinaC리나씨,포니님!!! Del Amo 몰이 저희 집이랑 엄청 가까워서 Morphe 이벤트 때문에 오셨을 때 저 완전 대흥분상태였어요! ㅋㅋ,0개
125,정재은,진짜 요번엔 알림뜨자마자 바로 봤어요!!❣,2개
