﻿,youtube_id,comment,like_num
0,김령은,난 언니가 예쁜 척하는 게 너무 조아요... 왜냐면... 진짜 너무 예쁘거든...,11개
1,lucascansitonmyfaceandillbeblessed,i love how they literally add too much foundation on a sponge but apply none of it on the face in these commercials,355개
2,Chrustyne,I liked the post for this on Instagram and thought that the model was really pretty. I didn't even know it was Pony LMAO,512개
3,보혜,1:13 덫에 잡혔나바 너무 귀여워ㅠㅠㅠㅠㅠㅠ,337개
4,BoraTVKoreanBTSARMY,Wow...this year is mouse year^^very cute and pretty❣️,406개
5,팡팡서유니,갓포니 솔직히 화장안해도 이미 완성된 페이스 ☺️,301개
6,디비립눈누난나,난  진짜 예쁜 사람이 예쁜척하는 거 너무 좋더라♥,161개
7,MochiJimin,Her hair is so cute! Happy New Years everyone! 🥰🥳,284개
8,두둥칫,도대체 소화 못하는 컨셉이 모야 이언니ㅠㅠㅠ,81개
9,숲동,"진짜 이언니 뭐지 ,,, 광고계의 신이다 사고싶게
만들고 퀄리티 미쳤잖아ㅠㅠㅠ",81개
10,,진짜... 댓글들 너무 인정이다... 예쁜 사람이 예쁜 척하면 진짜 너무 좋죠 ㅠㅠㅠㅠㅠㅠㅠㅠㅠ,42개
11,BellaRose,Imagine doing your makeup this fast in about two minutes and looking this puuuurfect get it purr like a cat,58개
12,dreamilky,imagine being this perfect,47개
13,421069,다음엔 톰 버전두 있는거쥬???제발 있다구해주세요오ㅠㅠㅠ🥺🥺🥺🥺,36개
14,,"Please, I can't be the only one who thinks she looks so much like Sulli here",54개
15,띄어쓰기없이보낼게,아이디어미쳤어ㅠㅠㅠ,42개
16,riaklauna11,Even her makeup products looks cute😂🌸❤,29개
17,ohsehun940412,예쁜사람이 예쁜척 한다 너무 예쁘다......이젠 놀랍지도 않을만도 한데 매번 새로워,7개
18,RonielieManuel,Damn i need to have a skin like hers T.T,16개
19,KevinThai,"Happy new year everyone! 
Here’s to another year of beautiful/gorgeous/pretty Pony videos!",55개
20,빠마머리앤,0:16 성인되서도 이런 헤어스타일 잘 어울려서 부럽다.. 뭐 워낙 미인이시니까 ㅎㅎㅎ,26개
21,sweetoit,내 인생은 포니언니를 알기 전과 후로 나뉜다 이젠 존재만으로 내 삶의 질이 올라간다 포니 is 뭔들,17개
22,MYOH,"Happy new years, everyone! Pony, you look stunning and these colors look great! I love this! It's too darn adorable and fun! There's even a cheese make up sponge! I'm smiling! Ha, ha! I'm looking forward to this!",3개
23,PhanKhnhVi,"She hasnt been THIS cute lately. I'm all over the place right now ❤️. 
Happy new year everyone ❤️❤️❤️",8개
24,미대생오로지Rosy,너무 귀여워요 언니.. 작년부터 기다렸어요💖 새해 복 많이받으세요!!!,19개
25,Danielle,imagine being that pretty,5개
26,JihanNS,It gives me cheese in a trap type of feeling (the drama),6개
27,DearChriss,우와ㅏㅏㅏㅏㅏ !!! 누나 이 메이크업은 정말 이뻐용 ~~ 새해 복 많이 받아요🎆💕,14개
28,이희주,"너무 예뽀요,.. 다 소화하시네 진짜💖",12개
29,EstephanyaPerez,This next level advertisement is actually amazing ! I want to buy everything now haha :) pony always makes the best videos,2개
30,EyesOnYou,OMG PONY'S LOOKIN VERYY CUTE! KYEOPTANG! 😍😍,43개
31,TVEXX,OMG this makeup it’s so gorgeous so cute and girly I love it 🥰,21개
32,chanelmochi,She’s giving me Jhope vibes with those cute dimples oml🥺💕,1개
33,멜마,0:15 진짜 너무 예뻐 ㅜㅜㅜㅜ,5개
34,noturhyung,im early for once omg happy new year!!,16개
35,MrFitzwilliamDarcy,"This was the cutest video ever! It makes me want to buy the whole collection, but too bad I'm broke :/",2개
36,IndiaRoss,So good at make up I can’t even do the basic make up ❤️😂,3개
37,유우,내가 붉은 색으로 화장하면 부은 것 같던데....ㅠㅠ역시 금손🌸😭,4개
38,HeartbeatDippy,When you are a 100 even without makeup,6개
39,나링Naring,와 진짜 너무 기여워.... 포제리.....,4개
40,DHB,헐 이번 기획 누가 했어요 당장 상줘요ㅠㅠㅠ 경자년 언니 새해 복 많이 받으세요!!!,4개
41,SHINeefouzia,I can feel Edward Avila screaming through my scresn,4개
42,두나,너무기엽다ㅠㅠㅠㅠ,5개
43,부리부리,진짜 연예인.. 슈스 최고다,2개
44,BngBng,"Happy new year !!!!!
You look so cute and pretty 💖",11개
45,김유진,갓포니 이런 컨셉마저 소화하시다니ㅠㅠㅠ 영상 더 늘려주세요 풀버전 궁금합니다ㅠㅜ,1개
46,임수예,"I liked Pony from the beginning (even knew about her before her Youtube career) but all these sponsored videos are making me not watch her anymore... Just look at her recent contents... >_>""",0개
47,지나가는중의대생,"영상 마다 리즈 찍는 포니님,,,❤️",4개
48,정성원,0:14  레전드,13개
49,,"可愛い！！
欲しい😍",11개
50,눈코입헤쳐모여,톰이 보구시퍼여ㅠㅜㅠㅡㅠ,1개
51,mushroom,she looks like HyunA at some areas especially in this video.,1개
52,Nawrasahmed,"Ooh Tom&Jerry😍
I remeber that I was watching it when I a toddler it is my favourite cartoon ever",0개
53,z,"웜톤이지만 톰이 더 존예
톰 올려주실때까지 이 영상에서 존버합니다",2개
54,ItzAnimeQueen,"U so cute
Pony Syndrome <3
Love you c:",2개
55,soozin,빈속에 봤다가 너무상큼해서 위산나오네여ㅜㅜ,2개
56,뽀멜론H,우와... 진짜 이번꺼 너무 예뻐요,1개
57,,"ぼにーちゃんほんと雰囲気がめっちゃ好き❤
これからも頑張って〜︎︎︎︎︎︎✌︎︎",0개
58,Yeseniagarza,How i love this woman is perfect 😭❤❤,0개
59,까므찍이,"진짜...너무 상큼한데? 어떻게 이렇게 상큼하지?
이번겨울 귤안먹어도 될거같은데?",1개
60,루테인,우와 예쁜거 만세다 진짜.....ㅠㅠㅠㅠㅠㅠㅠㅠㅠㅠㅠㅠㅠㅠ겁나 이쁘다 진짜 이쁜거 너무 좋아ㅠㅠㅠ,0개
61,그냥지은언니,"썸네일보고 그냥 지나칠수없죠,,언니미모ㅜㅜ 짜릿해ㅜㅜㅜ",0개
62,한지은,하 젠장 넘모귀엽자너ㅠ,1개
63,HeyItsSanskriti,I loved when she played with the Daisy duck collection it was super cute and this is super cute too🐣love you pony♡,0개
64,궉화,진짜 인간제리ㅜㅜㅜㅜ,1개
65,인생은덕질이지,이번 에뛰드 톰과제리컬렉션 진짜 대박이에요ㅠㅠㅠ 포니님이 컨셉같은거 더 잘 살려주신거 같아요ㅠㅠㅠㅠ 이번 컬렉션중에서 저는 섀도우가 제일이쁨고같아요 특히 구멍송송치즈! 진짜 존예ㅜㅜ,0개
66,MK,톰 메이크업두여ㅠㅠㅠㅠㅠㅠㅠ,1개
67,룽루랄라,"헉 진짜 레전드,,ㅠㅠㅠ 크리스마스 메컵 다음으로,,ㅠㅠㅠㅠ",0개
68,크레이슈CLAYSHU,치즈퍼프라니...ㅋㅋㅋㅋㅋㅋ너무귀여워..화장도 찰떡이다...너무예쁘다,0개
69,SooYummy수야미,"❤️포니언니 졸귀탱,, happy new year⭐️",1개
70,잠이필요해,헐 머리스타일 너무 귀엽고 포니님한테 찰떡...,0개
71,NicoleFChirinos,"Pony unnie I love everything your make up ❤️❤️❤️❤️❤️ is so perfect, I love U ㅠㅠㅠㅠㅠ",0개
72,HiTrTrn,Omg so cute. I’ve been replaying over and over again,0개
73,itzviv,"Such a cute collection, I'm a sucker for some good packaging!! And you look sooo pretty",0개
74,JaniceKim,cat and mouseeeee this collection is sooo cuteeeee <3,0개
75,최연준개사랑함,사람들이 맨날 이쁘다 이쁘다 해주니까 온세상을 다 가진거같죠 ? ㅋ 기다려요 곧 온 우주가 당신의 것이 될겁니다 ...,1개
76,정유림,하 이 세상 사람들 언니 귀여운거 다 아는데 더 소문내려고 이런 영상 만든거죠.. 진짜 언니가 너무 귀여워서 지구 부실 수 있을 것 같아요,1개
77,코코,메이크업도 귀엽고 영상도 너무 귀여워요❤❤야외 촬영하느라 너무 고생하셨어요ㅠㅠ,1개
78,원재현,귀여워ㅜㅜㅜㅜㅡ,0개
79,yunioh,언니ㅠㅠ 나이는 나만 먹는거죠ㅠㅠ 진짜 몇년이 지나도 언니는 언니다ㅠㅠㅠ👍👍👍👍,0개
80,냥냥냥,"언니 외모가 역대급인데여,,,,?❤️",2개
81,irmalair1,Do we get the Tom look? 🤤😍,3개
82,RubiColin,"You look so beautiful!!
I envy your beautiful skin. 
I want to see you more this 2020
Blessings",0개
83,MadelynLee,귀여워 ❤️❤️,1개
84,도라야끼메론빵,악 귀여워 ~~ 톰 두 해줬으면~~~~,0개
85,MarylGraceMondejar,she looks like sulli. omg so pretty <3 and kim hyuna,1개
86,K,언니가 더 역대급 항상 역대급❤️,1개
87,nono,"可愛すぎる、、
何しても似合う！",0개
88,SharpeiChowChow,"과해 보이지도 않고 완전 상큼발랄 과즙미 뿜뿜!!!!!
그냥 대충 슥슥 한거같은데.,
똥손인 제손에선 화장하는게 왜이리 어려운걸까요ㅠㅠ",1개
89,JinSe,What a lovely girl!!!포니언니 넘 예뻥♥️,0개
90,선희가아니라써니라구,어머 메컵 스펀지도 치즈모양이냐 ㅋㅋㅋ 개긔욤 우리 포니언니도 너무귀욤 ☺️,0개
91,NatsumiSun,I don't know why but when I saw the thumbnail I immediately thought of MOMO(twice),0개
92,barriedarling27,GORGEOUS 😭💕,0개
93,정현희,포니님 늦었지만 현아 플라워샤워 메이크업 해주실 수 있나요?ㅠㅠ 너무 이쁠거 같아요😭❤️,0개
94,리버리버,역대급 귀여운 포니님...,1개
95,J,미쳤어 언니 왤케 상큼해요???? 나 스무살인데 나보다 언니가 더 상큼하면 저는 어떻게 인생을 살아가야하죠ㅠㅠ,1개
96,채우Chaewoo,포니님 상큼미 뿜뿜 이번 톰과제리컬렉션 진짜 만만세네욤!!!,0개
97,stellalee,포니님 디올 맥 닉스 이런 브랜드도 좋고 에뛰드처럼 로드샵도 너무 좋다ㅏ,0개
98,나현,이거 진짜 ....너무 예뻐,0개
99,YH,이영상 너무 상큼해서 계속 보게된다 흑 브금 분위기 언니얼굴 모든게 완벽,0개
100,이주희,썸네일이 이런데 어떠케안봐ㅠㅠ,0개
101,엣지커플EDGECOUPLE베트남여한국적응기,어떻게 이렇게 예쁠수가 있는지...상큼 발랄하심~♡,0개
102,꽃보다동원,아 귀여워....,0개
103,신짱구감자머리,"항상 언니 영상 잘 챙겨보고있어용 💋
외국인들도 많이 보는 채널이니까 한복입고 동양적인 혹은 한국스러운 메이크업 보여주는것도 좋을거같아요! 화려한컨셉 단아한컨셉 이런식으로 나눠서 해도 너무 좋을거같아요〰️💜",0개
104,유애나,언니 짱귀여워요 👍ㅋㅋㅋㅋㅋㅋㅋ,1개
105,Parirajput,Happy New Year everyone god bless you all and pony ❤😊,0개
106,,ポニちゃん赤ちゃんみたい！,0개
107,SunnySky,Why she’s so gorgeous 😭❤️ ?,1개
108,,진ㅅ짜 존예ㅠ,0개
109,JaynieGarcia,"Woahhh,beautiful pony❤",0개
110,SinanTV,"Incredible girl ❤️️❤️️❤️️❤️️❤️️
So cute",0개
111,Conniemoon,"🧀🍊와우 너무 상콤해요🍊🧀
    💝새해 복 많이 받으세용💝",2개
112,DeniseP,"Yes, yes I am still awake at 2 am watching pony.",0개
113,CHOPASMR,WOW!!so cute~lovely❤️❤️❤️❤️❤️,0개
114,황씨시,미쳤다 왤캐 상큼하냐...,1개
115,효은꿍,포니님 영상은 몇백번 봐도 존경스러워요..❤️,0개
116,SweetDreamsTVnaturesounds,포니 너무 이쁘넹 ㅎㅎ 상큼하다,0개
117,JackFranks,아 너무 너무 귀여워요,0개
118,아라,"이 영상 메이크업 그대로 차근차근 메이크업하는 영상 찍어주세오언니...
진짜 바러 에뛰드 달려가서 다 산다음에
영상 보면서 맨날 따라할래여 ㅠㅠㅠ❤❤❤
진짜 이 세상 혼자 살아 너무 이뻐..😭",0개
119,뿌뿌뿌,아후 언니 때문에 에뛰드로 제리 잡으러 갑니다🐭🛒,0개
120,이미현,넘귀여우신거아닌가요❤🙀포니님은 웜톤이신듯👍👏,1개
121,Heytodinha,"안녕하세요, 브라질 인이고 동영상을 좋아합니다.✨❤️😘",1개
122,,可愛い😭💓,0개
123,민주,미쳐썽ㅇ 존귀탱,0개
124,NoowulXoxo,Wanna know the brand of the lens she wore in this video 😭😭😭 someone enlighten me,0개
125,SHY,"배경지 색깔이 조금 미스인듯 ㅠㅠ 화장색감이 잘 안보여융 하얀색이거나 진짜 연한 핑크색 그랬으면 좋았을법 힝구,,",0개
126,김성은,컨셉 너무 즇은데.. 이렇게 말고 자세하게 한 번 더 찍어주셨으면 좋겠어요 ㅠㅠㅠㅠㅠ인스타에서 보고 화장 너무 찰떡에 제 스타일이라 바로 찾아서 들어왔는데 ㅠㅠㅠ,0개
