﻿,youtube_id,comment,like_num
0,KhalT,It's nice to see pony like this just hanging out with her friends and stuff.,318개
1,AmeliaP,"The way Holland was helping you with your hair is so sweet!
I can‘t believe you‘re friends with him and Soju. I love them! 

I feel like we got to know you even more through the vlog so please do more videos like this!",181개
2,CamelliaDecember,"I'm so melted when hearing Holland called ""Nuna!"" aaaaaa so cute~~",173개
3,몽실맹구,2:34 ㅋㅋㅋㅋㅋㅋㅋㅋㅋ 아 ㅠㅠ 버스 잡으려고 메다닥! 뛰어가는거 넘 웃기당,132개
4,KevinThai,You’re vlogging now?! This is so exciting! 😄,169개
5,뀨복이,"엥 우리언니 브이로그라니 내가 잘못본ㄴ거 아니죠ㅠㅠㅠ,,,???",97개
6,Daph,i just started watching it why is she so pretty wtfff hOOOW SHE WAS LITERALLY RUSHING IN THE BEGINNING I WOULD LOOK LIKE IM DYING,74개
7,노연우,지하주차장 모자이크 처리 짱이다.. 편집자까지 갓 포니..,86개
8,벨리곰,3:27 미모대박.... 메이크업 올려주실거죠??ㅠ,49개
9,서현,헐 이런 부이로그 넘나 조아요ㅠㅠㅠㅠㅠㅠㅠ ㅠㅠㅠㅠㅠㅠㅠ ㅠㅠㅠㅠ 쌩카메라 맞아요 ? ??..... 존예; ;; ;;;,70개
10,LeandroYamamoto,"When you already liked the video, but then you want to like it again 😭",11개
11,DearChriss,This is so different and really good !!! I'm enjoying every Pony's blogging video please upload more :D,25개
12,고릴라동공,혼자 주저리 주저리 말하는거 너무 귀엽다 ㅠㅠ 난 주저리 주저리 주접떠는중 ㅠㅠㅠ💜✨🌈ㅠㅠㅠ 브이로그 최고 ㅠㅠㅠ💜,37개
13,Drawing사랑핸지,소주야 기다려 누나가 갈게 ㅋㅋㅋㅋㅋㅋㅋㅋ 너무 귀여워요 언니 ㅠㅠㅠ🙊💗💗,36개
14,Helys,I never thought I'd see these three together eating noodles,19개
15,WhosThatNewGirl,I Loved and Holland and SUJU with her this friendship is everything to me <3,7개
16,hhjDjj,"i'm so happy to see this side of holland he's really a kind, funny, and talented person , my bb is perfect 😭💙",11개
17,AmeliaP,2 minutes in I‘m squealing at how cute and funny you are ><,27개
18,PhngThoNg,"""Nuna""
This name is so pretty 
Pretty cute :33",27개
19,daeunn,브이로그 계속올려주세요ㅜㅜㅜ 너무좋아요ㅜㅜㅜ 진짜ㅜㅜㅜ😭😻😭😻😭,24개
20,NayoungYoon,브이로그라니!!!!! 엉엉 감사합니다 ㅠㅠㅠㅠ,31개
21,씽구,"포니님, 이날 메이크업 너무 예뻐요! 따로 메이크업 튜토리얼 찍어서 업로드 해주시면 안될까요?",8개
22,CutiePie,Man I really want pony to do my makeup she is literally so beautiful 😍💜,7개
23,KahkashaAkhtar,Pony's beauty is beyond perfection,5개
24,클라라,헐 언니 이런 편한 평상영상 너무좋아요....,17개
25,Sinta,언니는 진짜 사랑!💕 앞으론 브이러그을 많이많이 찍으면 짱조아!,14개
26,RAINZombie레인좀비TV,10:41 밤에보면 위험한 거네요 ㅎㄷㄷㄷ,27개
27,ViviZ,Omg really Soju!!! I can’t believe you two did this video!!! Tons of love love 💓😆😆 I am so excited!!,7개
28,MariaPsilopoulou,I love you Pony! ♥️. No matter how much work you have to do you are always so sweet and smiling...you make my day better ☺️,16개
29,에헤이누르지마,헐 홀랜드 오빠 ㅠㅠㅠ 순간 눈을 의심했다 ㅠㅠㅠ,11개
30,CamilaZucarelli,My boy Holland. I LOVE HIM SO MUCH,2개
31,김수경,브이로그가 넘 기엽당 ㅋㅋㅋ,11개
32,아아,언니 성격 ㅜㅜㅜ잔짜 너무좋으신거같애요 내 친한언니였으면 소원이 없을듯.....,6개
33,MALLONG,소주랑 홀랜드라니... 이 누나 트렌드 좀 아네...,15개
34,mina코우,"the boy on my right, holland looks like e'dawn",5개
35,emilieksksks,"10:13 ""it's all about knowledge"" IM CRYING THIS IS SO FUNNY! i loves that vlog, i'm waiting for more hehehe",7개
36,allaizzashane,"Use this as a ""We love Pony/ Saranghae Pony"" button",9개
37,HQz,"메이크업 영상도 너무너무 사랑하지만 가끔씩 브이로그 영상 업로드 대찬성이에요!!!
+앞머리 정말 잘 어울리세요😀❤️",7개
38,수빈,어우ㅠㅠㅠㅠㅠㅜ 언니ㅠㅠㅠㅠ 브이로그라니ㅜㅜ 내가 항상 언니 옆에 붙어다니고 싶은 건 어떻게 아시고 이렇게 브이로그를ㅜㅜㅜㅜㅜㅜ 저 울어요 엉엉ㅇㅇ유ㅠㅠㅠㅠㅠ 감사해요 끄흡🙏🏻💗,3개
39,DruChampionPayne,Pony you're adorable!! ...and seeing all that food has made me hungry lol! :-D,3개
40,AndieXulu,Omg more vlogs PLEASE 😭❤️😍,3개
41,ErikaXu,"Lol, onnie mianne i laughed so many times seeing your tired face ㅋㅋㅋㅋㅋㅋㅋㅋㅋ",0개
42,김해인,남 칭찬해줄 때 말끝에 짱이지?! 짱이지! 하는 거 너무 귀여우시다ㅋㅋㅋㅋㅋㅋㅋㅋㅋ,4개
43,JGASMR,"포니님영상 알림떠서
행복한사람 ?",10개
44,YoutuberSHIN과함께,포니님 브이로그라니...감동 ♡ 앞으로 이런 영상도 자주 올려주세요 ㅎㅎ,4개
45,YosiKurniawan,I'm freaking in love with this vlog 🥰🥰🥰 I could see your activities.  Waiting for the other vloging 😘😘😘,0개
46,Ragdoll,ㅋㅋㅋ 말투 귀여운척 하지마  하는 포니님이 더 귀여운데욧?,4개
47,PangKouXiong,"All her vlogs should be ""pony's adventure time"" 💖",2개
48,퍼플,담에 실시간 켜주세요ㅠㅠㅠ❤❤❤,5개
49,maybeitakeyourhand,"woooaaahh, I love this!! thank you for also including subtitles ♥",0개
50,만야,"엌ㅋㅋ 홀랜드님 내 남자 아니면 관심 없대ㅋㅋㅋ 
아 근데 진짜 세 분 뭔가 되게 다 귀엽게 나오셨다ㅋㅋ",0개
51,복이,와포니님 진짜이쁘시다,3개
52,몽실맹구,꺄아아아악!!!! 브이로그 ㅠㅠㅠ 너무 새롭고 좋아유 ;-;,5개
53,,3:28 언니 오늘도 넘 이뻐여.. ❤️,2개
54,휴지,언니 이런 모습 처음본다ㅠㅠㅠㅜㅜ 반말 메이크업 영상도 찍어줘요ㅠㅠㅜㅜ 언니 너무 이쁘다고 ㅜㅜㅠㅠㅠㅠ,6개
55,쭈친태경,손꽁꽁얼어서 내손만져보라고 하는 포니님도 귀엽고 그손 소중하게 꼭 쥐고서는 깜짝놀라는 소주님도 귀엽고ㅜㅠㅜㅜㅜㅜㅜㅜㅜ,1개
56,YH,헐미쳤다 포니님 브이로그 미쳤다,3개
57,이서현,언니 진짜 브이로그 개조아 ㅠㅠㅠㅠㅠㅠㅠ 앞으로 많이많이 찍어쥬세요 사랑해요 갓포니💜💜💜💜💜💜💜💜💜,0개
58,Conniemoon,와아~~ 브이로그 색달라여😆,8개
59,AlyciaOgata,its weird hearing soju speak korean! 😅,5개
60,huankim,대화 비방용이라더니 ㅠ 진짜 얼마안나와써ㅠㅋㅋㅋ̄̈ㅋ꙼̈ㅋ̆̎ㅋ̐̈ㅋ̊̈,0개
61,은광아사랑해,브이로그보니까 언니랑 한층더 친해진 기분이예요ㅠㅠ❤❤,3개
62,띠요옹,"우런니 세상에 알쓰야 너무 귀여워,,,",0개
63,MinseoPark,앜ㅋㅋㅋㅋㅌㅋㅋㅋㅋㅋ 일단 무작정 찍고 편집팀한테 넘긴다는 거 너무 웃겨욭ㅋㅋㅋㅋㅋㅋㅋㅋㅋ,0개
64,DeniseArmy,"I'M SCREAMING FOR HOLLAND, PONY AND EVERYONE!!! 💞💞💞💞💞💞💞",1개
65,나무포도,꺄! 포니님 브이로그라니ㅜ 감격스럽당..😍 ㅜㅜ,0개
66,퍼플,한국댓글 내려가기전에 흔적 남겨용🤚,3개
67,seonayang,머양 ㅠㅠㅠ 이런거 너무 좋자낭 ㅠㅠ💜💜💜,0개
68,소주병참기름,13분이라니....130분이 편집돼서 그런거겠죠...? 흑ㅜㅜㅜ,0개
69,GamingAccount,"I ain't gonna lie, I've searched for my phone while I was watching a YouTube video, I searched for nearly 2 hours on and off it was only when I stopped the YouTube video that I realized that I was watching the video on my phone.",2개
70,김민주,엘레베이터 버튼 두 개 다 누르는거 너무 공감 ㅜㅜㅜㅜㅜㅜㅜㅜㅜ 귀여우쉼 ㅜㅜ퓨,0개
71,민주,ㅌㅌㅌㅋㅋㅋㅋ울언니 넘예야~~~~~~~~ 인간미 사랑해,0개
72,LilithLau,나는 당신이 정말 훌륭하고 완벽한 사람이라고 생각합니다. 협조 할 기회를 주실 수 있습니까?,1개
73,K,아니 진짜 이런 포니언니의 다른 모습도 볼수있고 친근한 이런 브이로그가 느무느무 좋아 진짜ㅠㅠㅠㅠㅠㅠ나 하루종일 울거야. ㅠㅠㅠㅠㅠㅠㅠㅠㅠㅠㅠㅠㅠ,0개
74,아진짜요,언니 이 브이로그 메이크업도 올려주새요ㅜㅜㅜ,0개
75,1718ekgl,"골뱅이무침도 포니가 먹으면 고급 파스타가 되는 건가,,,😭💙",0개
76,놞,와 예쁜사람들이 모여서 밥먹는다..,1개
77,뿌뿌뿌,언니 알쓰였군용 세상 귀요미,1개
78,츄잉,아ㅜ너무이쁘다 진짜,0개
79,무갸,포니님 브이로그 많이 찍어주세요ㅠㅠㅠㅠㅠ 너무 재밌네요ㅠㅠㅠㅠㅠ,0개
80,최승현,저 메이크업 영상 올려주세요오옹 ㅠㅠ 개이뻐,1개
81,백지우,"진짜 너무 이쁘다,,",0개
82,쩡유니맘,"이 날 메이크업 링크 좀 올려주세요ㅠ
이쁘네요~ 혹시... 영상 없으시면 좀....
찍어 주세요~ 이 날.. 메이크업이요~~",0개
83,JoJoYing,Please do more this kind of vlogging!!,1개
84,박혜림,언니 사랑해요 ♡,2개
85,1718ekgl,"이거즤 이거즤 ㅠㅠㅠㅠ 포니의 현실적인 순간들 ㅠㅠ 역시 언니도,,, 우리 민족이여떠,,,💙",0개
86,댕청여은,언니...정말 왜이리 예쁜거에욧!! 브이로그 넘나 좋다구용...ㅠㅠ엉엉 카메라랑 언능 친해져서 다음 브이로그 기대할게융..ㅠㅠㅠ(오열중)😭,0개
87,Nocciola,Omg I hope you make more vlogs in the future 💖,0개
88,FishyTheFish,"Woah, you're friends with Holland!!",0개
89,위니Weeny,너무 재밌는데요??!ㅋㅋㅋ 역시 갓포니님><,1개
90,이미현,브이로그 종종해주세요ㅠㅠ 이런거너무좋아요~!!!포니님의 일상뷰💜🙆‍♀️,0개
91,yvonnefernandez,I love this blog 💖 Pony is so beautiful 😍,0개
92,babyxiuminnie,"mds, ela está com o holland! aaaaa amo demais ❤",0개
93,NoogooKim,에피소드 2로 빨리 돌아와주세요💕💓👍🏻🙏🏻,1개
94,라엘리Raeli,포니님의 첫 브이로그?!! 너모 귀여우신 포니님 사랑해요❤️,0개
95,김다래,헐 홀랜드랑 포니 ㅠㅠㅠ💗💗💗,0개
96,AdamLengyel,pretty please keep the vlogs going >.<,0개
97,PINKKUMA핑크쿠마TV,포니님. 대박. 너무 좋아요. 너무 친근하고. 반말도 좋아요. 브이로그 또 기다려요!!! 언제나 러뷰♡,0개
98,YH,이놈새낔ㅋㅋㅋㅋㅋㅋㅋㅋㅋㅋ,0개
99,IndahNesia,1:04 ㅋㅋㅋㅋ 🤗,1개
100,soh,이 언니 말 너무 예쁘게 한다 정말... 사랑해요!,0개
101,AksSiq,Drag이 뭔가욥?!ㅠㅠ,0개
102,,ㅋㅋㅋㅋ언니가...혹시....길치????ㅋㅋㅋㅋㅋㅋ,0개
103,BaBy,please bring more vlogs ~ 💕🥰,0개
104,BrooklynDonatone,Pony and Soju!!! Two of my absolute favorite people! I'm totally in fan girl mode!,0개
105,BLah,와 포니님의 브이로그라니 ㅠㅠ행볻해라,0개
106,Meh,Loved this vlog😍😍 we need more,0개
107,,ponyさんいつも応援しています。,0개
108,MiraMirror,I think I'll these vlogs 😍😍ur just so sweet watching ur video makes people feel they know u in person,0개
109,김지현,2:36 호다닥,0개
110,Hubbubaa,"PONY 언니, please do a what I eat in a day video🥰🥰",0개
111,DmyTrueblue,More of this kind of vlog😍👍🥰❤️사랑해 PONY시👋,0개
112,Federica,This is the kind of people I'd like to hang with. Y'all are so cool and chill 😍,0개
113,낭만야옹,"택시에서 내렸는데 택시 다시탄다는 말에 현웃^^너무 러블리하다요!
넘사벽인 포니님이 브이로그할때는 귀여워귀여워^^♡",0개
114,박,이날 메이크업 몬가요 ㅠㅠ 너무 이뻐요❤️,0개
115,aininsofea,Omg ! she doing a vlog😍,0개
116,YvonneTiaga,Uwu my Holland and my Pony in one screen i'm so happy.,1개
117,ming,언니ㅠㅠ 패딩정보 알려주실 수 있으세요?ㅠㅠ,0개
118,달봉희,"언니 영어발음 완전 사랑스러워요.....
일상도 사랑스러운 우리 포니언니 ♥️
위험하지않게 다니세요🥺♥️",0개
119,,カヴィさんにも雰囲気が似てるよね〜,0개
120,StephaniePark,포니 언니 브이로그라닝 ㅠㅠ 💜,0개
121,유리,으이아아앙 브이로그야아아아아아아아아 포니스 브이로그야ㅠㅠ 흐어우존버 성공이다,0개
122,YobeePiano,브이로그 와중에도 너무나 예쁜 미모 💛,0개
123,ellesbn,aww i loved this vlog,0개
124,무갸,포니님은 오늘도 이쁘시다..♡,0개
125,TOKYORASHIKU,"포니님!! 안녕하세요!!!
저는 도쿄살고,일본TV 통해 처음뵙고 보게되었어요!!
댓글은 처음 이에요!!!😅
오늘 같은 영상은 일상을 보는듯....친근하고 재밌게 봣어요^^
참 예쁘시네요!!😻💕",0개
126,김구맠,너무 긔여워요 언니 ♥️♥️♥️♥️♥️😭😭😭짱이지! 짱이지!,0개
127,Youzinlee,헐 너무 기다렸어요 ㅠㅠㅠㅠㅠ,2개
128,김연주,언니 브이로그 많이많이 찍어주세요!!!! 일상적인 언니 모습 너무 좋아요ㅠㅠㅠㅠ,0개
129,유지희,이런 편한 브이로그 너무 좋아요 !!! 계속 올려주세용,0개
130,EileenChong,YES!!! More vlog!!!,0개
131,BloomLaniLauren,Wow~ Vlog,0개
132,JatinJangra,"So much thankful for your editing and providing eng subs 
. Love you a lott",0개
133,박한승,포니💜💜💜,0개
134,설린설린,와 브이로그라니 너무 감격스러워...,0개
135,이다연,울언니 최고예쁘지..,0개
136,이제노,아무리 언니가 말하고 움직여도 요정인 것 같았는데!! ㅋㅋㅋ이렇게 혼자 조잘조잘 + 인간미 넘치는 모습 보여주셔서 언니도 사람이라는 걸 깨닫게 되네요...!,0개
137,SamrawitSisay,I'm soooo glad yall are friends!!! I need a Soju and Holland collab!!!,0개
138,JoeLee,Love to see u in vlog.,0개
139,AOhh,안니 제발 브이로그 10102010개 찍어주세요 다 볼 자신 있어요 넘 꿀잼 ㅠㅠ,0개
