﻿,youtube_id,comment,like_num
0,아이,"근데 재시작하면서 용량은 작아지고 가격은 터무니없이 비싸다고 말 많더라구요 마케팅도 문제가있고...구매하시는분들 참고하세요 
그리고 한별릠 오늘영상도 잘봤습니다ㅎㅎ
겟레디윗미도 애타게 기다리고있어요 ㅠㅠ흑",947개
1,댁아리뚝딱뚝딱,"아멜리 한번 개쳐망하고 새로 차렸더니 감 잃었음 ㄹㅇ 가격은 올리고 용량 줄이고 섀도우 색 변하고(마카롱 그레이ㅂㄷㅂㄷ,,,,)아멜리 정신 차려 이 각박한 세상 속에서,,,",301개
2,삐뺘쀼뾰,아멜리를 좋아하는 이유를 물은건 아무래도 인스타에서 논란이 좀 있었어서.. 그런게 아니었나 싶네요... 돌아오면서 용량은 확 줄고 가격은 몇배나 뛰고.. 마케팅 또한..🤔 그래서 한별님은 그일을 모르시나..? 싶어서 질문을 했던게 아닐까 싶네요,635개
3,달보드레,솔직히 핑크텍스..장난하냐 4만원이면 거의 백화점입점브랜드 수준인데..,170개
4,SophieYa,아멜리가 가격만 내렸어도ㅠㅠ 인기가 더 많지 않았을까 싶어용..,516개
5,박영주,개창렬..명품화장품보다 가격대비더비쌈ㅋㅋ 마케팅도 너무 실망이고;,131개
6,이김,뱀파이어 진짜 유명했죠ㅋㅋㅋㅋㅋㅋㅋㅋㅋㅋ 추억이다,210개
7,택자스키,"다시돌아온 아멜리...시장조사를 잘못해도 한참잘못했지요ㅠㅠㅠㅠㅠ 
가격대비좋고질좋은제품들이 시장에널렸는데... 한때 아멜리 모으던게취미였는데 좀 실망스러운부분이있어용 ㅠㅠ",82개
8,Jen박젠,1:53 아멜리 전성기는 옛날.... 그리고 그 전성기와 함께 했던 나 😭 아멜리 분할 공구하던 시대 기억하는 동년배 있나욥,353개
9,여윤도경,솔직히 이런모습의 아멜리는 구입하지 말아야한다고 생각함,52개
10,쉐킷제리,"혹쉬 마카롱그레이 구매하실분들은 색상 많이달라져따는거 염두에두세용ㅠ 전엔 자연스러우면서 회기돌앗다면 지금은 그냥 흰기가섞인 회색이라 엄청별로입니다..
모르고두개나샀는데 짜증남ㅎ..",35개
11,꿀비,분할로 유명했던 아멜리ㅋㅋㅋㅋㅋㅋㅋ...추억이긴하네요,162개
12,박영민,아멜리 진짜.. 아리따움 모노아이즈도 없던 시절에 로드샵에도 섀도우 종류 그렇게 다양하지 않았을때 한줄기 빛 같았던 브랜드..,85개
13,,2:10 저렴한 퀄리티..?,14개
14,한별Hanbyul,"〰️ 영상 타임 라인 〰️


1:20 아멜리란 ?
2:09 아멜리를 왜 좋아하세요? (전제품을 구매한 이유?)
4:31 섀도 종류 소개

4:43 스텝베이직 라인 소개
7:52 *스텝베이직 전 제품 발색샷
8:07 스윗다이아 라인 소개
9:42 *스윗다이아 전 제품 발색샷
9:51 스파클스팟 라인 소개
10:51 *스파클스팟 전 제품 발색샷
10:58 적스타포지션 소개
11:09 아스트랄라이트 소개
13:31 섀도가 4만원이라서 아멜리에 전화한 썰(?)
14:28 *아스트랄라이트 전 제품 발색샷
14:41 비비드밤 라인 소개
16:31 *비비드밤 전 제품 발색샷


------------



꺄아아아악! 제가 화장을 입문할 시절... 레전설이었던 아멜리가 돌아왔습니다!ㅋㅋㅋㅋㅋ
오랜만에 영혼을 갈아 넣은 뷰티 영상인 것 같아요..!!!ㅋㅋㅋㅋㅋ
촬영만 거의 2~3시간이 걸린 영상이라 편집을 다 해도 1시간이 훌쩍 넘어서,
인스타에서 투표한 끝에! 섀도 / 립 / 베이스 편으로 총 3편에 걸쳐 들고 올 예정입니다!❤️
호다닥 편집해서 들고 올게요! ❤️




*앗 이번 영상에 오타가 좀 있네요 ㅠㅠ..😭
제품명 *아스트랄 라이트 입니다!!
꼼꼼히 체크를 못했는데 너그럽게 양해 부탁 드려요 엉엉 ㅠㅠㅠㅠ",247개
15,제가고추도작은주제에대들어보자면,저 반짝이 펄은 눈에 쓰는 제품이 아니라고 공홈에 써있던데요?? 써도 괜찮은건지..,35개
16,chrisopu,저렴한 퀄리티는 좀...,12개
17,김민희,13:07 와 이거 진짜 예쁘다.. 색깔 여러개 보이는 거 너무 예뻐ㅠㅠ,71개
18,왓투두,"5:20 부터 .... 뭘 사야할지 대 혼돈에 빠졌다 ... 
한별님 따라서 차곡차곡 200만원 지르게 생겼다 ....",82개
19,오이무침,섀도우가 수제작이라니까  가격이있어도 구매욕구가 생기네 수제작을 타이틀로 마케팅하면 잘돼지 않을까..?,6개
20,SKH,뭔가 정말 코덕이라고 해야하나 화장에 빠져있는 사람을 위해 장인이 만든 그런 느낌이네요. 모든 섀도우가 덧바르면 덧바를수록 색이 쌓이고 블렌딩도 잘 되고 그리고 뭔가 색깔 하나 하나가 기본부터 좀 튀는 색까지 하나도 소홀하게 선택되지 않은 느낌이에요. 진짜 제품들이 섬세한 느낌. 화장에 대해 잘 알거나 알고자 하는 욕심을 갖고 여러 시도를 해보는 분들에게는 최적의 브랜드인 것 같아요.,11개
21,이정원,와 아멜리 뱀파이어 레드였나 이 컬러 유명했었는데,42개
22,계란후라이배까기,솔직히 익스펜시브로즈는 갖고싶긴한데 넘비싸,5개
23,백일몽,너무많이 사서 썸네일부터 이거 광곤가?했어요 ㅋㅋㅋ,36개
24,사랑이가득한올라프를사랑해,"급한 별별님들을 위한 타임라인
4:44 섀도우 리뷰 시작
8:00 스탭 베이직 섀도우 전색상 살색
8:08 스윗 다이아 섀도우 리뷰 시작
8:51 177번 셀러브리티♡
9:43 전색상 발색
9:53 스파클 스팟 섀도우 리뷰 시작
10:51 전색상 발색
11:00 적스타 포지션 라인 섀도우 리뷰 시작
11:09 아스트라 라이트 섀도우 리뷰 시작
12:36 007번 아이싱 오로라 내취향
14:30 아스트라 라이트 전색상 발색
14:45 비비드 밤 섀도우 리뷰 시작
15:06 크림인데 유분기가 없다니 짱신기!
16:32 비비드 밤 섀도우 전색상 발색샷
16:51 구독 꾸욱~♡",122개
25,HNS,옛날 반짝이 풀 생각나는건 저뿐인가욬ㅋㅋㅋㅋㅋㅋ,7개
26,LUCY루씨,꺆✨✨아멜리 전제품이라닛..🤭🤭,58개
27,서당개,오늘 언니 완전 장미 의인화한 것같아요 너모 이뻐요  ㅜㅜㅜㅜㅜㅜ,23개
28,완와니,허어어어어어얼 이게 협찬이 아니라니 사비라니ㅠㅠㅠㅠ 넘나 감사드려요 아멜리는 섀도가 유명한데 매장이 별로 없어 발색 보기가 어려웠는데ㅠㅠ 이걸로 발색과 평을 보고 주문하면 되겟네용 헤헤헿,30개
29,ziele,한별님 오늘 진짜 예쁘세요....진짜..원래 예쁘셨지만!한별님은 역시 흑발이 최고세요❤,15개
30,AJK,아멜리가 진짜 섀도 장인 브랜드였죠 ㅠㅠㅠ 재출시 된줄 몰랐는데 한때 유명했던 템들 다시 보니 좋네요,8개
31,히히히히,와 아멜리 ㅜㅜㅜㅠ 중학교 때 전설이었는데!,13개
32,365사계절,Astral light는 빤짝이 풀 같앜ㅋㅋㅋ,14개
33,최개비,아멜리 뱀파이어 틴트의 제형이 입술 주름에 끼고 가장 자리만 빼고 지워져서 선이 남는다고 했는데 틴트류 후기가 정말 기대되네요🤩,8개
34,비타민D,헐 대박 미쳤다 드디어 아멜리 영상....!!!!!!! 넘넘 기다렸어용 ㅠㅠㅠㅠㅠㅠ 글구 오늘 헤메랑 레드 블라우스? 넘 찰!떡!이에요 ㅠㅠㅠㅠ 완전 백설공주님,12개
35,Youknow유노,아멜리 웨딩부케ㅜㅜㅜ 어떡해 너무 추억이에요 ㅋㅋㅋ 어디갔지,8개
36,조영팔,그냥 평범한데 넘 이쁘다 미쳤다 남발해서 ㅋㅋㅋ 잉?..🤷🏻‍♀️🤷🏻‍♀️🤷🏻‍♀️,2개
37,혜경,니트 정보 알 수 있을까요ㅠㅠ?? 하트단추 넘나리 사랑스러워요 ㅜㅜㅜ 😭,7개
38,강다솜,아.. 아멜리 분할로 유명했던거 기억나요ㅋㅋㅋㅋㅋㅋㅋㅋ 뱀파이어 틴트랑ㅠㅠㅠㅠ 추억이네요,3개
39,비가,인트로부터 취저라 한별님 노력이 느껴져요ㅜㅜㅜ 궁금했는데 정말 감사합니다 고생하셨습니다ㅜㅜ❤,5개
40,개구리,02:08 저렴한 퀄리티요 ?!,4개
41,LianeLee,인스타에서 보고 존버했는데... 넘 재밌고 유익해요ㅠㅠ 언니 최고최고❤🧡💛💚,8개
42,,섀도우 색 너무 이쁜데ㅜㅜㅜㅜ가격이 좀 사악..ㅠㅠㅠㅠ,2개
43,은상이,한별님 백설공주같아요!! ㅜㅜㅜ 넘이뿌용,8개
44,김승하,크 드디어 아멜리!!! 오늘 영상보고 쇼핑하러 갑니당!!! 근데 더 고민스러워질거같은건 저만 그런가요ㅋㅋㅋ,21개
45,시월,대밖.... 진짜 제품력 하나는 엄청나게 좋은데 너무 비싸다 ㅠㅠ,1개
46,조신한보라,헐헐 아멜리라니!!!! 진짜ㅠㅠㅠ 추억이네요ㅠㅠㅠ💜,0개
47,지우,한별님ㅠㅠㅠㅠ오늘 메이컵 너무 예뻐요ㅠㅠㅠㅠ혹시 오늘 메이컵 튜토리얼 올려주릴 수 있나요ㅠㅠㅠㅠ엉엉 너무 예뻐ㅠㅠ,3개
48,ghazalswaed,13:00 expensive Rose 🥺🧡💖,26개
49,리하,첫번째 댓글 ㅠㅠㅠ,1개
50,jiyeonpark,아ㅌㅋㅋㅋㅋㅋㅋ나 중3때 진짜 아멜리 뱀파이어 개유행했음...손으로바르는거......개추억이다 진짜.....,1개
51,영주,공주님 사랑해요 오늘 백설공주네요ㅠㅠ❤️,4개
52,김윰,이것이 아멜리 플렉스....,1개
53,츄츄몬,"아멜리는 그 입술 모델을 탁월하게 선택해서 더 유명해진거라 생각합니다 💋
근데 아멜리 원래도 좀 비싼 편 아니었나요? ㅠㅠ 또 가격이 올랐구나..",2개
54,이지은,언니 영상 업뎃되면 바로 감.. 오늘 분위기 너무 좋아요!!,5개
55,항나항나,드뎌 별이 언니 영상 ㅠㅠㅠㅠㅠㅠㅠ 너무ㅜ기다려ㄸ더여 언니 아프지는 않죠?! 항상 건강히 몸챙기기!!💕,0개
56,한별,가장 예쁜 언니😭✨❤️,0개
57,이미지,저도 쿨톤이라 다른 색조 브랜드것 쓰면 어색함에 립만 바르고 다녔었는데 아멜리를 알고나서 색조화장에 급 재미를 느꼈어요~ 쿨톤을 위한 브랜드라 감히 말합니당. 공감하고 가요~  ^^ 아멜리가서 몇개 더 질러야겠어요 ㅋ,4개
58,강혜인,크 언니의 뼈와 영혼이 들어간 언니의 강추강추아멜리영상이다아아아,0개
59,하늘빛물빛,아아 웨딩부케ㅠㅠ 최애템..깨져서 눈물만..다시 부활한대서 진짜 오래오래 기다렸네요,0개
60,KimChristina,진짜 알찬 리뷰였다ㅠㅠ 립제품이 젤 기다려지는데 기다리고 있을게요 한별밈♥️,0개
61,이갬,섀도우가 맛있게 생겼어유ㅠㅠㅠㅠ 언니의 차분하고 듣기 좋은 목소리 잘 듣고 가용!!!!,2개
62,안녕,와 아멜리에서 이백만원ㅋㅋㅋㅋㅋㅋ 미쳤다 대박,0개
63,nayeonbaek,영상 기다렸어요-~~~,0개
64,DaOn,2탄 빨리 보고싶어요ㅠㅠㅠㅠㅠㅠ 기대된다💕,0개
65,아리,5:55 갈색 두 개 색상은 쉐딩과 하이라이터 또는 베이스 컬러나 음영컬러로 사용하면 이쁠것같아요,0개
66,또잉오잉,꺅 아멜리라니!!! 진짜 추억이다 근데 너무 예쁘게 재변신해서 온거 아니에요?? 너무 비싼데ㅠㅠㅠ 사구싶게 만드넹 다음 편도 너무 기대돼요!!,0개
67,KjJulia,언니 발색 일일이 하신다고 고생하셨어요ㅜㅜ,2개
68,히히히히,립 제품은 없나요ㅠㅠㅠ 까만통에 립 색깔들이 진짜 예뻤었는데,8개
69,GHoF,헐 아멜리 ㅠㅠㅠㅠ예전에 사려다 없어진 브랜드라 눈물 광광 흘렸는데 대박..,0개
70,즈밍,아멜리 어디서 들어봤다했더니 ㅋㅋㅋㅋ그 찍어바르는 뱀파이어립 엄청유명했죠 ㅠㅠㅋㅋㅋㅋ,0개
71,SuzieKim,다 사고 싶어지구ㅠㅠㅠ텅장각이네여ㅜㅠㅠ흑이뻐여,0개
72,해연,아멜리를 모르다니! 넘 충격이다... 아멜리 섀도우 진짜 유명했는데...... 이런게 세대차이인가 ㅠㅠㅠ,0개
73,신수빈,13:32에 오타 났네요ㅠㅠ 오늘도 좋은영상감사해요❤️항상 응원합니당!,0개
74,이고은,언니가 인스타에 요모조모 올려서 계속 기대하고 있었다옹❣ 오늘도 빛나는 별언니구요 ~ 영상 짱 유용하구요 ~ 다음 영상 미치게 기대되구요 ~ 언니 사랑한다구요 ~ 🧡,0개
75,JUU,아멜리 옛날애 섀도우 색 진짜 잘 뽑기도하고 흰끼 낭낭한 섀도우도 많았고ㅠㅠㅠㅠㅠ 아숩따...,0개
76,이혜용,새도롤 많이 하진 않지만 그냥 소장하고 싶은 케이스 ㅋㅋㅋ 색도 넘나 이뿌네여,0개
77,늘오,"언니 오늘 피부표현 진짜 예쁜데
어떤 베이스 쓰세요ㅠㅠ알고싶습니다!!",0개
78,사랑이가득한올라프를사랑해,"74번째 좋아요♡
아멜리 전제품이라니 대박대박!!
오늘도 영상 너무 좋아유♡♡",0개
79,세상에,렌즈정보시급해요ㅠㅠㅠ❤️영상잘봤습니다❤️❤️,3개
80,이유갓진,흡 드디어 !!! 인스타 올라오는거 봤었는데 잘 볼게요옹 🥺❤️,0개
81,도도한배추,적스타 포지션은 그냥 모델 한테 쓸 색 밖에 없네요ㅋㅋㄱㅋㅋㄱㅋㅋ,0개
82,박정아,공주님❤️❄️,0개
83,oyyh,힌스 전색상도 부탁드려도 될까요! 너무 잘어울리실듯...,1개
84,Rebecca,즐거운 불금 한별님 영상 마무으리❤,0개
85,Liana,아멜리 알아요ㅠㅠㅠㅠ 허올.. 이걸 이제야 보다니ㅠㅠ,0개
86,JjJ,와.... 전제품이란 단어 보자마자 놀라서 침대에서 뛰어내렸어요 언니...,8개
87,lulu,섀도우 하나하나 다 너무 예뻐요ㅜㅜ 2편도 너무 기다려져요 언니ㅠㅠㅠ,1개
88,최다현,썸네일보고 홀린것 처럼 클릭...레드한별 완전 찰떡이잖아요~!~,0개
89,김건희,오늘도 언니의 진짜 너무 예쁘다를 들으러 온 별별입니당! 오늘도 얼굴 열일하시는 한별님ㅠㅠ 건강조심하세요!!❤❤❤,0개
90,꽃솔,한별님 ㅠㅠㅠㅜ 한별님이 올리시는 영상마다 제 지갑을 적극적으로 열게해요...🙊🛍 너무 예뿐거 아닙니까아...😢,0개
91,,와 아멜리 정말 추억이네요ㅜㅜ 뱀파이어 단지 되게 좋아했는데!!,1개
92,,언니 썸넬 너무 예ㅃㅓ요... 홀린 듯 들어왔습니다 ㅜㅜ 입술이랑 화장법 너무 궁금해요 ㅠㅅㅠ,1개
93,이유진,"언니 인스타에서 계속 이야기하셨던 아멜리 영상이네요!ㅎㅎ 말씀하신대로 3개 영상이 차례로 업로드 되는 걸까요?! 
오늘도 좋은 영상 감사합니다!!
언니 혹시 시간되시면 오늘 입으신 상의 정보도 알려주실 수 있을까요!!",0개
94,JMK,전에 말하신 아멜리네요 너무 기다렸어요💕,0개
95,냥아치,한별님 인스타 보고 너무 기다렸는데!!!그나저나 한별님 미모 무엇..?빨간색 진짜 찰떡ㅠ❤️이번 영상 너무 잘볼께요!!,0개
96,이루나,아ㅏㅏㅏ진짜 대박이당,6개
97,김민정,"전제품 플랙스 라니,,",1개
98,니니뇨니냐,혹시 새내기 코디 해주실 수 있으신가요?! 늘 우중충한 검은 옷만 입다가 샤랼라하게 입어보려고 하는데 뭐가 괜찮은건지 잘 모르겠어요ㅠㅠ,0개
99,JAY,헐 웨딩부케 다시 나왔구나 당장 달려갑니다 ㅠㅠ,0개
100,서현김,빨리 아멜리 립제품도 보고싶네요ㅠㅠㅠ,0개
101,송보경,비싸긴한데 비싼만큼 진짜 예쁘네요 모든 제품들이 다 ㅠㅠ,0개
102,,와 한별님 진짜 오늘 립이랑 옷 진짜 찰떡 이네용 ㅜㅜ 진짜 이쁘세용 ㅜㅜㅜㅜㅜㅜㅜㅜ!!!!!!,0개
103,쨩윤,기다렸어요ㅠㅠ아멜리ㅠㅠ❤❤,0개
104,윤지원,아멜리ㅜㅜ 추억의 브랜드 ㅜ,1개
105,채롱언니,"빨간색 옷 너무 잘어울려요 한별님 
백설공주같아요😍❤️❤️❤️",0개
106,김현재,아멜리 너무 궁금했는뎅 !!!! 기다리던 영상이에요 ㅎㅎㅎ 상의 정보도 알고싶어요 !!,0개
107,화끈암탉,굿굿♡♡♡,0개
108,이여름,알람이 바로 안떠ㅠㅠㅠㅠㅠ,1개
109,허클베리,아멜리에서 뱀파이어 틴트 진짜 좋아햇었는데 언니 영상 너무 잘봣어요 다음편은 꼭 틴트 영상 보여주세요 ~! 기대기대 😍👍🏻,0개
110,이채영,이 날 화장법 올려주세요 ㅠㅠㅠ 백설공주같아요 너무 예뻐요 😭😭,0개
111,김아라,와 진짜 다 너무이쁘다 특히 한병언이 빨간색옷이랑 너무 철떡..😍,0개
112,최선형,언닝 제가 이 영상 보고 싶어서 꿈에도 나왔다고 인스타에서도 그랬자나요...! 너무 좋앙><,0개
113,Karon,우왕 ♡♡♡♡♡♡♡ 선댓후 즐감할게여어,0개
114,Minnie,헐 진짜 후기도 별루 없고 색은 다 이뻐서 고민만 하고있었는데 ㅠㅠㅠㅠ 이렇게 딱 영상을 😭감사합니당 ❤️❤️,0개
115,YudongYun,"아스트랄 라이트 싱글섀도 하나가 4마넌.. ㄷㄷㄷ 
근데 글리터 크고 너무 예뻐서 하나쯤은 갖고 싶은 느낌이에여 ‘",1개
116,,언니 영상 속 립 정보좀용❤️❤️❤️❤️,0개
117,라일락LilacBeauty,세상에 아멜리 178만원이라니.. 저번 영상보고 너무 기다렸어요!! 한별님 흑발에 레드착장이라니 너무 고급지고 백설공주같아요♥ 아멜리가 4만원..? 싶었는데 수제작이라니.. 수제작 섀도우는 처음 들어봐서 너무 신기하고 뽐뿌오는데요?ㅎㅎㅎ,8개
118,윤쨩,언니 렌즈 뭐끼시나요 ㅠㅠㅠㅠ 너무이뻐요....,0개
119,SonneLee,사실 저는 아멜리라는 브랜드를 오늘 처음 알았는데 진짜 뭔가.. 코덕들이 좋아할만한 브랜드라는 생각이 드네요. 색도 제형도 너무 뻔하지 않고 정말 다양하게 뽑았고 케이스도 너무 예뻐요.,1개
120,뚠뚠,다음화는 언제 나올지..!!,1개
121,GottaGo,뱀파이어 레드인가 그거 아직도 있는데 ㅋㅋㅋ,0개
122,양파,바로달려왔습니다!♡ 근데 한별님땜시 날아간 돈이 한두푼이아냐..,0개
123,지호,와 아멜리 이렇게 색상별 리뷰 찾기 힘든데 ㅠㅠ 감사해용,0개
124,Toshie,사람이 너무 고급지다... 우아하게 예쁘시다♥,0개
125,PoppopPop,14:30 아이싱 오로라 존나사고싶어...,0개
126,문예림,헐 ㅠㅠㅠ 폐업했다가 재런칭을 했었나요? ㅠㅠ 한때 진짜 좋아했었는데 아멜리란 반가운 이름 듣고 달려왔더니 바뀐게 많은가보네요 ㅠ 아쉽,0개
127,피곤해,와.....대리만족무엇 .. ..존경스러워요 한별님 ㅌㅋㅋㅋㅋㅋㅋ,0개
128,디디,아멜리?? 처음 듣지만 이쁘네용,0개
129,임정숙,핑크솔트촉촉인가 그 섀도우 좋아했었는데 ㅋㅋ20대 초중반에...지금 어느덧37...,0개
130,여기다가놓고가주세요,아....한별님 영상보고 또 이렇게 사러 떠납니다....😂😂😂 항상 좋은 제품 소개해주셔서 감사해요 ㅠㅠㅠㅠㅠ ♡,0개
131,belenj,언니 오늘 넘 예뻐요!!ㅠㅠ 인간 사과 같달까🍎🍎,0개
132,박민영,색이  너무 이뻐여  ~~,0개
133,Ariel1989,웨딩부케..존예 새도우💖 이걸 모르면 간첩입니담,0개
134,핑핑이,으앙 다음 영상 기대됩니당!!💜💜,0개
135,송보경,스파클릴리 취저탕탕 ㅠㅠ,0개
136,Alice,아스트랄 라이트 데일리하진 않디만 진짜 겁나 예쁘긴 하다,0개
137,뷰티바라기,아멜리 브랜드를 몰랐는데 별이언니 덕분에 알게 되었오여~~아멜리 제품들 중에서 맘에 든 섀도우가 은근 많아서 구경해봐야겠오요~🤗🤞🏻❤️🥰💕😊,0개
138,ESFJ유형,아멜리진짜개좋아요 여러분 ㅠㅠㅠㅠㅠ와 한별님땜에 다시오픈한거알게돼센 ㅋㅋㅋㅋㅋ수ㅐ도우다사서 직접 소분해서팔고그랬어요 ㅋㅋㅋ하ㅜ 웨딩부케존나조흠,0개
139,전수정,컬러가 이뿐것들이 많이 있네요☺️ 영상 재미있게 잘 봤습니다❤💛,0개
140,jinjulee,이쁜 울언니❣️❣️❣️ 기다렸어요😭😭❤️,0개
141,요요요,한별님 오늘 입술에 뭐 바르셨나여...너무 아름다우세요...ㅠㅠㅠㅠㅠ,1개
142,성이름,243마카롱그레이 진심 코쉐딩할때 갸꿀입니다 눈 음영줄때도 좋아여 244 빈티지발렌타인 진심 개예뻐여 대신 단점은 얘네가 좀 가루날림이 있는뎅 그건 매트타입은 당연히 있어서ㅋㅋㅋ 쿨하게 넘어가줄수 있어여,1개
143,옌,베이크드파우더..??는 다시 안나왔나봐요 ㅠㅜ 잘깨져도 보라색파우더 넘 잘쓰던건데 ㅠㅠ 아쉽 ㅠㅠ,0개
144,달맞이옆,저도 아멜리를 사랑하던 사람이어서 슬퍼만 했는데 한별님 덕에!!! 재런칭 소식을 알게되었어요!! 넘 감사해요💙👍 저도 재구매하러 가야겟어용 >ㅅ<bb,0개
145,yunajung,아 깜짝아 언니 산타걸인줄 알았잖아용♥ 아멜리랑 찰떡..😍,0개
146,손아름,헉 저 이 택배 왔었던 언박싱영상 다시 보고있었는데..! 역시 언니랑 저...운명..?!,0개
147,율임,렌즈 정보좀요 ㅜ ㅜㅜ 너무 이쁘자나 ෆ,0개
148,Erwciiyrd,"언니 영어하는거 보여주세요!!
전 치일준비 됐습니다ㅋㅋㅋ",1개
149,IRISS,"저도 초창기에 웨딩부케 빈티지 발렌타인 사서 넘 잘 썼어요 
근데 이번에 용량이 너무 줄었네요 ㅠㅜ
리필 기다리고 있었는데..",0개
150,보라만두,아멜리 지금 영상보면서 알게됐어요!!,0개
151,HiHi,역시 아멜리=뱀파이어 아니겠습니까!ㅋㅋ 립리뷰도 빨리 보고 싶네요,0개
152,Byulsujin,전설의 3교시 아멜리수업..❤️,0개
153,내매력에빠져봐,비비드밤 미쳤다 진짜 저걸로 화장하면 예술이겠다 ... 비비드밤은 전색상으로 사고싶네요 ㅠㅠㅠㅠ 진짜 오늘 리뷰 짱 ㅠㅠ,0개
154,이현진,아멜리 제품으로만 화장한 영상 올려주세요💖,0개
155,장세빈,한별님 올해 18살 되는 고딩인데 정말 나중에 한별님 같은 사람이 되고싶어요ㅜㅜ 최근들어서 공부안하고 놀았는데 더 열심히 공부해서 멋있는 인생 살고싶네용,0개
156,둔둔이는룰루랄라,"헐 세상에 한별님 사랑해요
아멜리 완전 궁금했는데🤭",0개
157,EK,패키지도 색깔도 너무 이쁘네요!!! 빈티지 발렌타인 취향저격❤️ 아멜리 들어보기만 하고 써보지는 않았는데 이번기회에 하나 겟 해야 겠네용,0개
158,uy,언니가 진심으로 신난 것이 느껴져요ㅎㅎ 그리고 오늘 메이크업이랑 의상이랑 진짜 한 송이의 장미같아요. 초여름에 햇빛 사이로 활짝 핀 장미🌹,0개
159,화가많은소라카,"개당 1.5만원...? ? 화가나네...
잉... 영상 더 보고있는데 더 비싼 아이들이 나오네...",0개
