﻿,youtube_id,comment,like_num
0,JosephLevitt,"hoxy 썸넬 모르는 분들을 위해 부연설명  ) 예전 적도의 남자라는 드라마(엄태웅, 이준혁 주연) 에서 임시완, 이현우가 아역 역할로 나왔는데 ,  임시완이 배신하고 뒤통수 치는 유명한 장면. 

드라마 안본 사람은 있어도 저 짤 모르는 사람은 거의 없을 듯. 해당 드라마는 임시완이 해품달 이후 두번째 작품. 성인배우들 나오기 전 아역 역할이였지만 연기력 극찬, 호평을 받았음. 캐릭터상 악역을 맡았으나 얼굴은 또 ㅅㅂ 아름다워서 혼란한 마음을 담아 드라마 팬들이 '아름다운 개새끼' 라는 별명을 붙여줬음.",12개
1,카테나치오,솔직히 말해 썸네일 찍고나서 민망해서 웃었지????,21개
2,정태양,"30:19
무스타피 : 나 아닌뎅....",33개
3,강형석,5:25 경질 PTSD on,31개
4,MovieGo뜽구랑무비고,30:18 억울한 무스타피 ㅠ,20개
5,빵야,기달렸다 이시간만을.. 너무 재미있어ㅜ,7개
6,SOOJUNGJUNG,1:12 에 바다를 가른다던지 왜 뻘하게 웃기냐 ㅋㅋㅋㅋㅋㅋ,17개
7,덤푸트럭,30:23  다비드 루이스인데.. 무스둥절,8개
8,주영범,오늘도 수면전 번개맨... 감사합니다,5개
9,용이,늑대한테 통수 씨게 맞았네 ㅋㅋㅋ,9개
10,덤푸트럭,썸네일 겁나 잘뽑네,5개
11,FC바르셀로나,또 와버렸고...,5개
12,임독훈,점점 시간이 짧아지는게 안타깝지만 올라온다는게 너므 좋다,3개
13,쇼슈쇼,썸네일 병맛인게 너무 좋암 ㅋㅋㅋㅋㅋㅋㅋㅋㅋ,27개
14,우뇨니,세명 다 표정이 Wls인게 킬포ㅋㅋㅋㅋㅋㅋㅋㅋ,27개
15,판다밍굴의멜로디,30:06 벽뚫이라 그런 결과가...,6개
16,JosephLevitt,썸네일 ㅋㅋㅋㅋㅋㅋㅋㅋㅋㅋㅋㅋ,8개
17,Jun,35:47 번메리 등장,9개
18,JUNANK,썸넬 ㅋㅋㅋㅋ 담당요원 누구야 ㅋㅋㅋㅋㅋ,6개
19,황스타피,19:22 우리 형철이 형이 뭐라 하지 마세요ㅜㅜ ㅋㅋㅋㅋ,2개
20,이성호,"번개볼이 다른 사람들이 하는 fm보다 재밌는 이유
1.  굉장히 몰입한다
2.  자신들만의 플레이스타일을 고수한다
3.  번개, 황장비, 아다테타라는 환상적인 조합
4.  아스날",26개
21,김치냉수,썸네일이 날이갈수록 이상해짐 ㅋㅋ,3개
22,진태윤,썸네일 ㅋㅋㅋㅋㅋㅋㅋㅋㅋㅋㅋ,5개
23,RUNAWAY,썸넬 미친ㅋㅋㄱㄲ,4개
24,qigaco,0:35 경기출전 11시간(660분)동안 골 못 넣은거 맞는데,2개
25,박상연,"이영상은 마치 썸넬에 한번 웃고, 내용에 한번 웃는 혜자같은 영상으로 혜자누님도  울고갈 영상이라고 아니라고 할래야 아니라고 할수가 없지 않지 않을래야 않을 수가 없지 않은가..!",2개
26,KANTE7,썸네일 뭐옄ㅋㅋㅋㅋㅋㅋㅋㅋㅋ,3개
27,지승언,27:10 레게노 ㅋㅋㅋㅋㅋㅋㅋㅋㅋㅋㅋㅋㅋㅋㅋㅋㅋㅋㅋㅋ,1개
28,누레딘,1:57 황장비의 예언,1개
29,김한승,썸넬로 스포?,2개
30,Noarmy,어느순간부터 경질만 기다려진다..,1개
31,peniellife,ㅋㅋㅋㅋ 최근 생방을 보고 보니ㅎㅎ 이런 우여곡절도 있었구나 생각하게됨ㅎㅎㅎ,0개
32,달빛향기,울버햄튼 조오오오오온나 잘하네ㅋㅋㅋㅋㅋㅋㅋㅋㅋ,1개
33,2410윤희범,자기전에 보는 번개볼ㄱㅋ,1개
34,sorryforholy,벨레린 사고 쳤네 ㅋㅋㅋㅋ,1개
35,Surrender,와 개찌발렸네 ㄷㄷㄷㄷㄷ,1개
36,글잉크,"27:30
패스 오졌다...",0개
37,종협,번개볼은 져야재밋네ㅋㅋㅋ,1개
38,박주형,ㅋㅋㅋㅋㅋ영상이 짧아진 이유가 .. 기자회견 시간이 줄어서인가 ?,0개
39,BerkEmre,39:00 우리레노 뒤통수,1개
40,바리볼리,썸네읽ㅋㄱㄱㄱㄱㄱㄱㅋ,0개
41,YunseongLee,와 씨 너무 빨리 끝난다 ㅋㅋㅋ 순삭이네..,0개
42,와이건아닌데,아니 무슨 FM하면서 표정은 진짜 감독처럼 하고 있어ㅋㅋㅋ,0개
43,tv정광부,울브스 팬으로써 자랑스럽습니다,1개
44,김건호,월클 박번개,1개
45,황찬,30:30 다비드 루이스 실수인데 무스타피라 하시네요 .. ?,0개
46,김도영,점점시간이 짧아지는게 그저아쉽다ㅜㅡ너무재밌게 보고있는 컨텐츠,0개
47,이성근,ㅎㅇ,1개
48,김재현,41:54,0개
49,수퍼비너무좋아,잘나가는것도 좋은데 가끔식 이렇게 시즌1감성 나오는것도 좋은듯,0개
50,장성태,하 이제 자겠다,0개
51,RingKo,오늘 저녁에 보고 내일 아침에 또 봐야지 히히히,0개
52,seunghunLee,더비전이나 어웨이에서는 락커룸 대화에서 팬들을 위한 경기를 하자 골라주는게 좋습니다.,0개
53,JuniorChoi,근데 톧넘 흥민이는 어디감??,0개
54,킴빠방,"드락슬러 빠지고 오바,페페 선발이면 필패",0개
55,이헌형,20:07,0개
56,클라라,울브스개잘하네,0개
57,동규정,그동안 레노가 막아준게 얼마인데.. 실축도 잔실수가 많긴하지만 어쨌든 시즌 1때도 레노 아니었으면 18위였을건데 너무하네 종윤좌ㅜㅜ,0개
58,임민태쿠,번개볼 하이라이트는 안올오나요??,0개
59,전재혁,추생은 제작되어가고 있나요?,0개
60,금광현개섹시,아 ㅋㅋ 자려했는데 이러먄 못 자잖아,0개
61,조정옥,저번주 목요일 껀가요?,0개
62,이종민,썸네일 좀 무서운데...?,0개
63,이리,"시간끌기도 팀 지침에서 바꿔줘야되는데 팀지침을 쳐다도 안봐
콜라시냑 크로스 항상 막히는것도 엔드라인에서 올리라고 지침 내려서 그런거 같고.",0개
64,최동현,썸네일 진짴ㅋㅋㅋㅋ,1개
65,이준석,이제 잠이 오겠네,0개
66,여수다내꺼,보고 자려고 참았다,0개
67,YunseongLee,벨레린 xxxx,0개
68,청하랑별하랑,좀 더 길게 올려주세요,0개
69,jinseokhyun,키보드 살살쳐라,0개
70,JacobSeo,프리미어리그 재개 하기전에 달수네 처럼 팀별정리 해주세요,0개
71,Sunny,근데 형 게임이긴 한데 비슷한 능력치면 어린 애들이 좋아.. 걔들은 경기 많이 출전시켜주고 하면 능력치가 올라가는데 25살 이상부터는 능력치 상승이 힘들거든ㅎ 형이 느끼기에 그놈이 그놈이면 그나마 어린애들 위주로 출전시키면 좋아,0개
72,신승호,3,0개
73,saj,아 드뎌올라왔네,0개
74,HSohn,"형들 ""시간끌어!"" 라고 말을할게 아니라 지침을 바꿔야지 ㅋㅋㅋㅋㅋㅋㅋㅋ",0개
75,박선업,박번개와 드락슬러를 아스날로!,0개
76,이쁜우리누님,"이거야 이거 
진짜로 이 컨텐츠야말로
This is this 지
진짜 이 컨텐츠가 내 하루의 일부분이 된 거 같다 진짜",6개
77,JungHwanKim,잘나가다 갑자기 울브스전에 왜저렇게까지 털린거임? fm고수님덜 누가 설명좀,0개
78,재현,"번개볼 아웃!!!! 에메리볼 화이팅!!!





이건 추멘의 입장이었습니다.",0개
79,initwhat,"진짜 형들 응원하는데
지니까 재미있고 짜릿해 ㅠ",2개
80,프로게르머,"번개볼 보고 psg로 챔스우승 + 도메스틱 트레블 했습니다.






이적자금으로 한시즌에 4500억원을 주더라구요",0개
81,BlueCosmos,볘예린 다음은 자넬세,0개
82,김대훈,1,1개
83,왓더뻑보이즈,이거 없으면 잠 못자지,0개
84,아이린없이못살앙,"아 이게 실축 아스날이지ㅋㅋㅋㅋㅋㅋㄱㅋ
이제야 현실반영하넼ㅋㅋㄱㅋㄱ",0개
85,강원익,4,0개
86,TehyonKim,"번개볼의 리그 우승을 바라는 1인으로써 팁을 드리자면
동점일때는 외침을 [ 창의성을 보여라 ] 하면 거의다 고무됨으로 나오고요 , 
그 다음부터는 이기든 지든 [강한 요구]하면 거의다 집중해요. 
또 완전 이기고 있을땐 [칭찬]하면 거의다 집중합니다.
경기시작전 팀대화때는 [승리를 바란다]만 누루면 스트레스 받는경우 없고요,
그리고 전반끝나고 동점이거나 지고있을때 [불만이다]하면 거의다 집중찾습니다.
팀대화나 외침은 별거아닌건데 스트레스 받는 결과가 많이 나와서  팁을 말씀드렸어요 ㅋ",22개
87,김지헌,fm돈 줘야해요?,2개
88,구독만해준다면저별이라도따줄게챙,"심심해요????






그럼 가끔씩 놀러오세요 😄 😊 😁 😀 😉",1개
