﻿,youtube_id,comment,like_num
0,이스타TV,번개볼 시즌2 재생목록 : https://www.youtube.com/playlist?list=PL4wTB76rMYuXTUeLYIJHoIfAltnWngxh0,27개
1,StevenBergwijn,30:33 ㅋ 아다볼 아니랄까봐 흔드는 것만 잘하네 ㅋ,23개
2,박준현,극단적 수비 시켜놓고 시간끄니까 화내는 번개 당신은 대체 ㅋㅋㅋㅋㅋㅋㅋ,16개
3,조현준,번개 에펨보다 아스날 팬되게 생겻네,50개
4,리얼복지,수호미스터리 때문에 평소보다 일찍 올리신 건가? 암튼 다 좋습니다 호,36개
5,DuiJuu,이 형이 무리뉴 싫어하는게 자기랑 닮아서인거였어 ㅋㅋㅋㅋㅋ,19개
6,AnDes,6:39 서포터의 패드립,18개
7,사랑해요번개맨,외질 계속 걱정스러움 뜨는 이유가 콜라시나츠 다쳐서 그런거 아닌가..?,2개
8,옐로,23:56 아니 여기서 왜 슛이야 ㅋㅋㅋㅋㅋㅋㅋㅋㅋㅋㅋ ㅈㄴ 웃기네,10개
9,sBooo,종윤이형 왤캐 fm할때 예민해 ㅋㅋㅋㅋㅋㅋㅋ 화가 많아 ㅋㅋㅋㅋㅋㅋㅋㅋ,2개
10,안영화,번정무 슛무새 ㅅㅂ ㅋㅋㅋㅋㅋㅋㅋㅋㅋㅋㅋㅋㅋㅋㅋㅋ,3개
11,김외질,오늘 빨리자는날이다 좋아,41개
12,박상율,햇던말또하고 또하고 하니까 외침해도 무관심-,2개
13,황스타피,30:40  경험자의 조언,8개
14,LiverPool,ㅋㅋㅋㅋㅋㅋ썸네일 도랏 ㅋㅋㅋㅋㅋ,2개
15,이은수,행님 오바메양이 못하는이유가 수비수들한테 집중마크당해서수도있어요  결정력문제도있는거같다만..,1개
16,지켜줘야해랄아가는,너무 짧습니다ㅠㅠㅠ 1시간을 원해요,6개
17,23Daniel,가만보면 아다형철은 이제 즐기고 있닼ㅋㅋㅋㅋㅋㅋ,0개
18,장진우,약간 감독보다는 깡패같기도 하고 ㅋㅋ,1개
19,JW,"종윤이형 한국 구너대장으로써 
오바메양 재계약 좀 힘써줄수 없나...?",1개
20,piloakinda,"""He is gunners""",0개
21,PrograpperBeatz,40분정도나되도 항상 넘 짧아서 아쉽다 ㅜㅜㅜㅜㅜ,0개
22,LlLlILIL,으아ㅏㅏ 번개볼 봐야하는데 밀렸다 ㅋㅋㅋ,0개
23,SMLee,아다볼 혼자 흔들고 이러면 안돼ㅋㅋㅋㅋ,0개
24,gadak,와! 열시 와! 에펨,1개
25,박수빈,와 오늘은 빨리 잘수 있다 ㄴㅇㅅ,5개
26,JW,슛! 슛! 듣고 허정무님 유튜브 채널인줄 알았네요 :),0개
27,이성호,오늘은 번개볼 생방 하는날!!,1개
28,공원달,ㄷㅅㅋ하는거 보고 좀 배워요,0개
29,김유종,오늘은 1시간 일찍!!,1개
30,JYH,흔들기ㅋㅋㅋㅋㅋㅋㅅ,0개
31,싄난돠,점점 짧아져...ㅜㅜ,0개
32,이성재,형들 펨코에서 패치 좀 받아서 해줘 그거면 골 좀 들어가 진짜로,0개
33,배승수,추멘vs박번개 기원합니다!,0개
34,GOPRO,스페이스바 너무세게누르시는거같아요 ㅋㅋㅋㅋ부서질꺼같아요,0개
35,FabioH,와.... 오늘은 1시간 일찍 올라왔네!!,0개
36,지은이풀,이달의 ㅅ감독상!!,0개
37,4523,누가 종윤이 형님 '슛'모음 만들어줬으면. 발음 너무 찰짐,0개
38,김고둥,열시에 올려주니 이거보고 웹툰보고 딱 잘 수 있다 개꿀!!,0개
39,백승윤,매일 이시간을 기다리게된다....,0개
40,WooSeokChoi,썸네일 진짜 존나웃기네 ㅋㅋㅋㅋㅋ,3개
41,이명환,종윤이 형은 경기 전 트래쉬토크에 굉장한 강점을 가지고 있는 듯 ㅋㅋㅋㅋㅋㅋㅋ,0개
42,김대훈,뭐야 왤케 빨리 떠ㅋㅋㅋ 술먹다 허겁지겁 귀가,0개
43,PAS1SION,드락슬러 형편없는 헤딩실력 맞나 ㅋㅋㅋㅋㅋㅋㅋㅋㅋㅋㅋㅋㅋㅋㅋㅋ,0개
44,증승흐,성적 안정되니 이젠 맘놓고 앉아서하네 ㅋ,0개
45,,11:00,0개
46,Priori22,빨래 널고 보면서 자야지 딱대^^,0개
47,한상우,시간 너무 순삭이네,0개
48,이쁜우리누님,오늘 빨리 올려주셨네 개이득,5개
49,맛있는점심,18:00,0개
50,박영재,걍 이번작 게임이 원톱을 인식을 못함,0개
51,동규정,"번정무 번정놓 도대체 그의 별명은 몇개인건가.,",0개
52,뿌리마류,그래 이시간대야 내일도제발 이시간대!!!,0개
53,유동건,'해가 떠있네요',1개
54,권민성,형 fm얘기는 아닌데 피엘이나 라리가 재개돼니까 빅클럽들이나 빅클럽 팀상황 같은거 하면 좋을꺼 같아용,0개
55,김윤현,"드라마 보는 것 같네요
이집 드라나 잘 하네~",0개
56,GANANA,아니 왜 썸네일에 추멘보이냐,0개
57,전명규,빨리 잘수있게 해주셔서 감사합니다,8개
58,이재형,그냥 컵이고 뭐고 번개볼이나 씁시다. 나머지 전술 적응도를 떠나서 완성도가 부족한듯,0개
59,이형철,혹시 지금 여기 에펨 스킨이 다운받은 스킨인가요?? 저는 그냥 산 그대로 쓰는데 전혀달라서요ㅠㅠ 아시는분 댓글좀 달아주세여 ㅜㅜ,0개
60,이성일,번리뉴는 띵장이였다...,0개
61,Sam,한시간 순삭이네.  한시간 되서 끊기는게 완전 드라마 보는줄 ㅋㅋㅋ,0개
62,축구에관심있음,아프리카 방송 일정 공지 해주십시오!!,1개
63,4523,훈련 포메이션 추가 어케 하나여?,0개
64,송혁주,이거보고 드락슬러 피온에 영입했습니다,0개
65,프라트,오늘은 1시간 일찍 자는 날이다,0개
66,Haristory하토리Hat0ri,번개볼은 우리들의 최고의 피로회복제이자 수면제이다,0개
67,글잉크,수호극장 언제 올라와용,0개
68,김용현,빨리 왔네 개꿀인걸,0개
69,ZeeTube,스킨 어디서 어떤걸 받았는지 알수 없나요???,0개
70,포체티노,오늘은 또 왜 44분이냐!!!!!!!!!!!!!!,0개
71,쿠라니,빠잠하는날이네 진짜,0개
72,ViolaTremaine,"21:41 
37:11 
17:07",0개
73,노의성,3,2개
74,KANTE7,굿,0개
75,꼬마혁이,"FM 잘아시는 분들~!!  혹시 전술에서 
선수사진으로 나오게 하는법 아시는 분있나요?",0개
76,건우,형들 보싱와특집 찍어줘,0개
77,남예찬,난 맨유팬인데.. 뭔가 번개볼 보니까 개집한테 끌린다,0개
78,snailrace,아 장비볼 자카랑 토레이라 위치 바뀐거 개불편 제발 알아줘,0개
79,오정현,후다닥 달려와서 클릭을 눌렀다,3개
80,윤상헌,1,0개
81,StevoLee,번개볼 몇시노,0개
82,황제용,오늘 잘잘게요. 요원님들 감사함둥^~^,2개
83,56781234,Pepe는 어딨나요,0개
84,뮤키,유명 클럽 전술 관련 영상 기원( 3일차),0개
85,김근범,정말 찐따같던 번개가 맞나??,0개
86,김정민,6,0개
87,손동수,이제 박번개없이 살수 없는 몸이 되었다,2개
88,개그랜드,와 빨리 나왔다 만세 감사합니다 오늘은 일찍 잘수 있겠네요,0개
89,김텃새,"전술적으로... 오바메양이 너무 희생되야하는 전술이네요... 와플메는 중앙 하프스페이스로 올라오는 포지션이고 딥플지도 한타임 늦지만 결국 슬금슬금 올라오는 포지션이에요
공격지역을 보시면 오바메양지역에 2~3명이 몰려있는걸 보실수 있습니다. 결국 빌드업시 사이드로 빠지는 역할 외에는 힘을 못 쓰는 거죠. 
오른쪽 크로스시 만 보셔도 드락슬러랑 오바메양이 한지점에 붙어잇는걸 볼수 잇어요.  오바메양 너무 희생되는 전술같네요",2개
90,SERGIORAMOS,44:05,1개
91,박현주,섬네일 보고 안들어올 수가 웂다,0개
