﻿,youtube_id,comment,like_num
0,JungHwanKim,아 박종윤 하고 끝나는거 실화냨ㅋㅋㅋㅋㅋㅋㅋㅋㅋㅋㅋㅋㅋㅋㅋㅋㅋㅋㅋㅋㅋㅋㅋㅋㅋㅋㅋㅋㅋㅋㅋㅋㅋㅋㅋㅋㅋ,643개
1,서울KingGod,수위 ㅁㅊㅋㅋㅋㅋㅋㅋㅋㅋㅋㅋㅋㅋㅋㅋㅋㅋㅋㅋㅋㅋㅋㅋㅋㅋㅋㅋㅋㅋㅋㅋㅋㅋㅋㅋㅋㅋㅋㅋㅋㅋㅋㅋㅋㅋㅋㅋㅋㅋㅋㅋㅋㅋㅋㅋㅋㅋㅋㅋㅋㅋㅋㅋㅋㅋㅋㅋㅋㅋㅋㅋㅋㅋㅋㅋㅋㅋㅋㅋㅋㅋㅋㅋㅋㅋ,60개
2,최예지,"누가 더 레전드인가?
파브레가스 vs 반페르시     이걸햇어야지 아쉽다",23개
3,YEUNSUNGCho,10:02 번개좌를 향한 추우먼의 열렬한 구애,155개
4,운이,아 ㅋㅋㅋㅋ 마지막 엔딩까지 ㅋㅋㅋ 완-----------벽 오피스와이프,43개
5,맞춤법틀리면불편한사람,10:02 누나 아직 살아있는거지? ㅋㅋㅋㅋㅋ,114개
6,목시,10:00 부부의 세계 현실판인가,53개
7,조명진,2:11 추우먼 없는 쌍방울 이야기해서 놀랬자너 ㅜㅜ,30개
8,호강두,10:02 아내보다 번개맨을 사랑하는 추멘..,59개
9,이호석,10:02 추우먼의 마지막 모습....,101개
10,로이방,제작진 너네는 진짜...거기서 그렇게 끊냐ㅋㅋㅋ,29개
11,쨩고구마,진짜 존1나 웃음ㅋㅋㅋㅋㅋㅋㅋㅋㅋㅋㅋㅋㅋㅋㅋㅋㅋㅋㅋㅋㅋㅋㅋㅋㅋㅋㅋㅋㅋㅋㅋㅋㅋㅋㅋㅋㅋㅋㅋㅋㅋㅋㅋㅋㅋㅋㅋㅋㅋㅋㅋㅋㅋㅋㅋㅋㅋㅋㅋㅋㅋㅋㅋㅋㅋㅋㅋㅋㅋㅋㅋ요근래 이스타 컨텐츠 중에 젤 웃김ㅋㅋㅋㅋㅋㅋㅋㅋㅋㅋㅋㅋㅋㅋㅋㅋㅋㅋㅋㅋㅋㅋ,107개
12,이모저모,10:02 이주헌 (1981.12.11 - 2020.06.05),53개
13,yms9190,이 영상으로 알게된점: 번개맨은 굵고 추멘은 길다,98개
14,박휘찬,마지막 뭔데 ㅋㅋㅋㅋㅋㅋ 대답하고 해명없이 끝나네 ㅋㅋㅋㅋㅋㅋㅋㅋ,178개
15,LetsYS,9:53 여기만 보시면 됩니다 여러분,8개
16,국민들은날보고이렇게말하라했어,2:10 역시 추우먼 언니 부랄만 생각하시네요,18개
17,폴좌지,4:25 결국에는 트라오레한테 죽는거네ㅋㅋㅋ,29개
18,YounghoonPark,최근에 본 밸런스게임중 제일 웃겻음ㅋㅋㅋㅋㅋㅋㅋㅋ,6개
19,서대문청년,"박종윤 VS 아내에서
ㅋㅋㅋㅋㅋㅋㅋ

박종윤 콜하고 끝냄ㅋㅋㅋ

편집 미쳤네ㅋ
추멘도 미치고
아내도 미치겠네ㅋㅋㅋㅋㅋ",8개
20,슬픈고추,"이스타 예시 특징 :  부랄 , 유두 , 빨래",58개
21,,맨마지막ㅋㅋㅋㅋㅋㅋㅋㅋㅋㅋㅋㅋㅋㅌㅌㅌㅌㅌㅌㅋㅋㅋㅋㅋㅋㅋㅋ,79개
22,ZwayDavid,"4:50 ???: 미쳤어 와 진짜 미쳤어

진짜 단언컨대 이거 주책남들 원본 레전드입니다. 팟캐스트 들어가셔서 꼭 들어보세요 후회안합니다",14개
23,Jcheol,10:02 추멘 그는 좋은 유튜버였습니다..,55개
24,박연우,쌍방울 =불알 존1나웃기네 ㅋㅋㅋㅋㅋㅋㅋㅋㅋㅋㅋㅋㅋㅌㅋㅋㅋㅋㅋㅋㅋㅋㅋㅋㅋㅋㅋㅋㅋㅋㅋㅋㅋㅋㅋㅋㅋㅋ,18개
25,김수원,5:54 누들누드 아는 사람 있나ㅋㅋㅋㅋㅋㅋㅋㅋㅋㅋ,4개
26,김태성,마지막에 추멘 변명할까봐 바로 자른거 보소ㅋㅋㅋㅋㅋㅋ,30개
27,전제현,마지막 ㅋㅋㅋㅋㅋㅋ 엔딩 미쳤네 ㅋㅋㅋㅋㅋㅋㅋㅋㅋㅋㅋㅋㅋㅋㅋㅋㅋㅋㅋㅋ,17개
28,FC맷돌,마지막에 목숨 거셨네 ㄷㄷㄷ,2개
29,김찬영,그냥 끝내버리네 ㅋㅋㅋㅋㅋㅋㅋㅋㅋㅋㅋㅋㅋㅋㅋㅋㅋㅋㅋㅋㅋㅋㅋㅋㅋㅋㅋㅋㅋㅋㅋㅋ,2개
30,새참,아 오늘이 추멘 마지막 영상인가.......,2개
31,min,마지막 ㅋㅋㅋㅋㅋㅋㅋㅋㅋㅋ 개웃기네,3개
32,노승욱,6:35 앞 질문인 풀발과 ㄸㄸ이 추우먼이 못하는 것 마치 그림의 떡,5개
33,서울KingGod,3:19 ㅋㅋㅋㅋㅋㅋㅋㅋㅋㅋㅋㅋㅋㅋㅋㅋㅋㅋㅋㅋㅋㅋㅋㅋㅋㅋㅋㅋㅋㅋㅋ,1개
34,강형석,4:20 이건 둘다 트라오레한테 죽는거아님?ㅋㅋㅋㅋㅋㅋ,7개
35,Jcheol,"밸런스 게임 까지 ㅠㅠㅠㅠ
진짜 이스타TV는 최고야!!",1개
36,이형철,ㅋㅋㅋㅋㅋㅋㅋ하이라이트는 10:2 였네 ㅋㅋㅋㅋㅋㅋㅋㅋㅋㅋㅋㅋㅋ,1개
37,하수환,ㅌㅋㅋㅋㅋㅋㅋㅋㅋㅋ어니쉬바 ㅋㅋㅋㅋㅋㅋㅋㅋㅋ형수님 보시면 어떡해 ㅋㅋㅋㅋㅋㅋㅋㅋㅋㅋㅋㅋㅋㅋㅋㅋㅋㅋㅋㅋ,2개
38,insung,끝이 레전드네 ㅋㅋㅋ,2개
39,DKMoon,5:53 누들누듴ㅋㅋㅋㅋㅋㅋㅋㅋㅋㅋㅋㅋㅋㅋㅋㅋㅋㅋㅋㅋ아 씨밬ㅋㅋㅋㅋㅋㅋㅋㅋㅋㅋ 머슴ㅋㅋㅋㅋㅋㅋㅋㅋㅋㅋㅋㅋㅋㅋㅋㅋ 어렸을때 ocn에서 새벽 3시쯤에 했는뎈ㅋㅋㅋㅋㅋㅋㅋㅋ 무인도랑 삐삐인가 지하철도 기억나네,0개
40,fakeL,역시 추우먼은 이성을 좋아하네,2개
41,장동민,엔딩 레전드,2개
42,9wordclass,마지막이 명장면 ㅋㅋㅋㅋㅋㅋㅋㅋㅋㅋㅋ,1개
43,Leeilhwi,이 영상은 진짜다... 처음부터 끝까지 거를 타선이 없다 ㅋㅋㅋㅋㅋㅋㅋㅋㅋ,1개
44,정인우,10:00 아놬ㅋㅋㅋㅋ 마지막에 너무 웃겨서 박종윤만 10번 들었네,0개
45,캡셀토,"ㅅㅂ 엔딩이 이렇게도 완벽하다니ㅋㅋㄱㅋㄱㅋ
추멘 형님 살아계시죠?",3개
46,김대성,치트키 등장ㅋㅋㅋㅋㅋㅋ,1개
47,싄난돠,"여윽시 우리 추멘 괜히 추멘이 아니지랔ㅋㅋㅋㅋㅋ
ㅋㅋㅋㅋㅋㅋㅋㅋㅋㅋㅋㅋㅋㅋㅋㅋㅋㅋㅋㅋㅋㅋ
ㅋㅋㅋㅋㅋㅋㅋㅋㅋㅋㅋㅋㅋㅋㅋㅋㅋㅋㅋㅋㅋㅋ",0개
48,스카이워커,아 진짜 요원1은.다르닼ㅋㅋㅋㅋㅋㅋㅋㅋㅋㅋㅋㅋㅋㅋㅋㅋㅋ 한방에 끝ㅋㅋㅋㅋㅋㅋ,1개
49,정연민,7:40 ㅋㅋㅋㅋㅋㅋㅋ,0개
50,WKKim,편집력 풀핏 요원 ㅋㅋㅋㅋㅋㅋㅋ,1개
51,SHyeonJ,컨텐츠 미쳐 돌아가네 진짜 ㅋㅋㅋㅋㅋㅋㅋㅋㅋㅋㅋㅋㅋㅋㅋㅋㅋㅋㅋㅋㅋㅋㅋㅋㅋㅋㅋㅋㅋㅋㅋㅋㅋㅋㅋㅋㅋㅋㅋㅌㅌㅌㅌㅌㅋㅋㅋㅋㅋㅋㅋㅋㅋㅋㅋㅋㅋㅌㅌㅋㅋㅋㅋㅋㅌㅌㅋㅋㅌㅌㅌㅊㅊㅋㅋ,0개
52,DavidAhn,2:12 아니 불알드립 뭔뎈ㅋㅋㅋㅋㅋㅋ,0개
53,양상문,"6:49 ??? : 살려줘...

3:36~ 추멘 번개맨 동그라미 색깔 바꼈어요!!",0개
54,미스터송,10:02 추부의 세계,0개
55,minsoonoh,마지막 씹ㅋㅋㅋㅋㅋㅋㅋㅋㅋㅋㅋ,1개
56,Sinsumin,마지막 ㅋㅋㅋㅋㅋㅋㅋ,1개
57,하준영,4:48 주책남에서도 그렇고 종윤이형 이건 2번이야...,4개
58,지나가던행인,"10:03 아아, 님은 갔습니다",0개
59,이성호,아니 이렇게 끝내면 추멘 집에 어떻게 들어가 ㅋㅋㅋㅋㅋㅋㅋㅋㅋㅋㅋㅋㅋㅋㅌ,0개
60,수환,솔직히 조회수는 낮은데 재미는 축구보다 이게 더 재밌음ㅋㅋㅋㅋㅋㅋㅋㅋㅋㅋ,1개
61,DaDa,이컨텐츠너무보고싶어서 댓글도남겼었는데 행복ㅜㅜㅠㅠ둘만있는특유의케미너무보고싶었다..🙌🙌,1개
62,카자마,10:03 R.I.P,0개
63,Surrender,무친 엔딩 ㅋㅋㅋㅋ,1개
64,김동건,ㅋㅋㅋㅋㅋㅋ박종윤하고 끝내는게 킬포네 ㅋㅋㅋㅋㅋㅋㅋㅋㅋㅋㅋㅋㅋㅋㅋ,1개
65,황족첼시,존나 웃기넼ㅋㅋㅋㅋㅋㅋㅋㅋㅋ 이거 자주 해주시면 좋을거같아욬ㅋㅋㅋㅌㅋ,0개
66,에이비ABKim,이거 추멘 와이프 입장 영상도 달랔ㅋㅋㅋㅋㅋ,0개
67,김상대,아 진짜 보는 내내 웃었넼ㅋㅋㅋㅋㅋㅋㅋㅋ,0개
68,나비보벳따우,겨울에 불알을 왜 까냐고 ㅋㅋㅋㅋㅋㅋㅋㅋㅋㅋㅋㅋㅋㅋㅋㅋ 훅 들어오네 ㅋㅋㅋ,5개
69,서울첼시2호팬,이 부부 천생연분이네요ㅎㅎ,1개
70,HookaPilleo,"아 ㅅㅂ 엔딩뭐얔ㅋㅋㅋㅋㅋㅋㅋㅋㅋ
밑도끝도없이 끝내버리네 ㅋㅋㅋㅋ",0개
71,Llewyn,와 마지막 질문 해명 기회도 없이 컷해버리네ㅋㅋ,0개
72,minmong,6:13 새로운 컨텐츠,0개
73,sorryforholy,엔딩 실화?-------ㅋㅋㅋㅋㅋ,0개
74,jojojo,9:05 추우먼 누님 허벅지 ㅗㅜㅑ,0개
75,명이나물,드뎌 내가 추천한 주제가❤️❤️,1개
76,수마레,마지막 ㄹㅈㄷ,1개
77,오스만제국,굵기 길이 훅들어오네 미띤 ㅋㅋㅋㅋ,1개
78,Leesin,마지막만 3번봄ㅋㅋ,1개
79,박성완,해명할 새도 없이 끊는 타이밍ㅋㅋㅋㅋㅋㅋㅋㅋㅋㅋㅋㅋㅋㅋㅋ,0개
80,조현홍,영상 찍나 ㅋㅋㅋㄱㅋㄱㅋㄱㅋㄱㄱㅋㄱㅋ,0개
81,드림씨어터,뭐여ㅋ이 엔딩은..ㅋㅋ,0개
82,Min,10:02 ㅂㅈㅇ ..,0개
83,teriusjang,5:15  ㅋㅋㅋㅋㅋㅋㅋ ㅅㅂ 너무 리얼하네 박종윤ㅋㅋㅋㅋㅋㅋㅋ,0개
84,왓센버그,진짜 질문 밸런스 쩐다 ㅋㅋㅋㅋ,0개
85,린가드은퇴기원,5:00 ㅋㅋㅋㅋㅋㅋㅋㅋㅋㅋㅋㅋㅋㅋㅋㅋㅋㅋㅋㅋㅋㅋㅋㅋ,0개
86,한종준,치트키 소환,1개
87,YY,마지막 편집 개맛집이네ㅋㅋㅋㅋㅋㅋㅋㅋ,0개
88,김민기,중간에 오른쪽 위에 이름 바뀌었어요!!,1개
89,이런일이,명주실ㅋㅋㅋㅋㅋㅋㅋ,0개
90,꾸레와행복셀로나,존나웃기넼ㅋㅋㅋㅋㅋㅋㅋㅋㅋㅋㅋㅋ,0개
91,mookyung,ㅋㅋㅋㅋㅋㅋ마지막 개웃기네ㅋㅋㅋㅋㅋㅋ,0개
92,림토,너 히든풋볼 알아?가 이렇게 웃긴 적이 있었나ㅋㅋㅋㅋㅋㅋㅋㅋㅋㅋㅋㅋㅋㅋ,0개
93,박종훈,1:47 비뇨기과 어떠신지?,0개
94,김은정,형님 진짜 죄송하지만 더 라스트 댄스 영상은 인제 더 안올라오나요?ㅠㅠ,0개
95,갓항,영상 끝나는 타이밍보소ㅋㅋㅋㅋㄱㄲㅋㅋㅋㅋㄱㅋㅋㅋ,0개
96,알리오,편집 개찰지넼ㅋㅋㅋㅋㅋㅋㅋㅋㅋㅋ,0개
97,NuBre,앞부분도 다 재밌었지만 끝부분이 절정임.,0개
98,해인,오늘 마무리 레전듴ㅋㅋㅋㅋㅋㅋㅋㅋㅋㅋㅋㅋㅋㅋㅋㅋㅋ,0개
99,물주먹난쟁이,의사는 한번 잘못하면 사람이 죽을수도있는데 변호사는 1심 2심 대법원까지 3번의 기회까지 있어서 의사가 더 부담스러움,0개
100,PaulWalker,아나ㅋㅋㅋㅋㅋㅋㅌㅌㅌㅌㅋㅌㅌㅌㅌ ㅋㅋㅋㅋㅌㅌ 존나 기네 진ㅉ ㅋㅋㅋㅋㅋㅋㅋㅋ,0개
101,나수현,2:12 이 여자가 밝히기는...,0개
102,코노보이tubecoinsinger,??? : 형수님 여깁니다!!!,1개
103,윤종선,9:45 ???he is korean bail,0개
104,이우람,영상 뒤가 궁금하네 ㅋㅋㅋ,0개
105,이채민,4:52 ???:추성훈 싸움 ㅈㄴ 못해~!,1개
106,J트레이더,형들~~ 치트키 그만 써 ㅋㅋㅋㅋㅋㅋㅋㅋㅋ,0개
107,프로게르머,인트로 뭔데 간지,1개
108,미치고프리한동빡이,마지막 ㅋㅋㅋㅋㅋㅋㅋㅋㅋㅋ,0개
109,PaulWalker,노딱각인데 ㅋㅋㅋㅋㅋㅋㅌㅌㅋㅋ,0개
110,신발장,마지막 ㅅㅂ ㅋㅋㅋㅋㅋㅋㅋㅋㅋㅋㅋㅋㅋㅋㅋㅋㅋㅋㅋㅋㅋㅋㅋㅋㅋㅋㅋㅋㅋㅋㅋㅋㅋㅋㅋㅋㅋㅋㅋㅋㅋㅋㅋㅋㅋㅋㅋㅋㅋㅋㅋㅋㅋㅋㅋㅋㅋㅋㅋㅋㅋㅋㅋㅋㅋㅋㅋㅋㅋㅋㅋㅋㅋㅋ,0개
111,민지아빠,"편집자분...추맨한데 앙심있어요,?ㅋㅋㅋ",0개
112,안성준,추멘 형 살아계시죠?? ㅋㅋㅋㅋㅋㅋㅋㅋㅋㅋㅋㅋㅋㅋㅋㅋㅋㅋㅋㅋㅋㅋㅋㅋㅋㅋㅋㅋㅋㅋㅋㅋㅋㅋㅋ,0개
113,양호성,10:02 형수님 여기에요!!!,0개
114,헤르키,이쯤되면 코로나 이후로 이스타TV는 성장하는 괴물 성괴가 된거같음,0개
115,junsooBaK,ㄹㅈㄷ ㅋㅋㅋㅋㅋㅋㅋㅋㅋㅋㅋㅋ,0개
116,임동철,마지막 찢었다 ㅋㅋㅋㅋㅋㅋ,0개
117,SergioRamos,ㅋㅋㅋㅋㅋㅅㅂㅋㅋㅋㅋㅋ진짜 빨래인가했네,0개
118,hoC,3:37 갑자기 둘이 선택한거 왜 바뀐거임?,0개
119,고대장,특정 주제에 많은 시간이 배분됨 ㅋㅋㅋ,0개
120,fvckinbxdxx,5:20 조코비 시발 어이없어할거 생각하니깐 ㅈㄴ 웃기네 ㅋㅋㅋㅋ,0개
121,APL,ㅋㅋㅋㅋㅋㅋㅋㅋㅋㄲㅋ ㅁㅊ 뽕 다 뽑구나 형들,0개
122,얼도,ㅋㅋㅋㅋㅋㅋ 꿀잼,0개
123,ByounhhoAhn,마지막 역시 추맨,1개
124,MrJ,오늘도 이렇게 이스타tv는 평화롭군욯ㅎㅎㅎㅎㅎㅎㅎㅎㅎㅎㅎ,0개
125,장병규,쌍부랄 레.전.드 ㅋㅋㅋㅋ,0개
126,존시나,"마지막에 ㅋㅋㅋㅋ 개꿀잼이네요 ㅎㅎㅎㅎㅎ
잘 보고 갑니다~ ㅎㅎㅎㅎ",0개
127,visvimYeah,ㅅㅂ 엔딩 ㅋㅋㅋㅋㅋㅋㅋㅋㅋㅋㅋㅋㅋㅋㅋㅋㅋㅋㅋㅋㅋㅋㅋㅋㅋㅋㅋㅋㅋㅋ,0개
128,종윤이형사랑해,5:15,1개
129,Jeon,ㅋㅋㅋㅋ̆̈ 박종윤 ㅋㅋㅋㅋㅋ,0개
130,한국인,주헌이 누나는 학교 보건선생님이 더 잘어울려요,1개
131,정수,빡종해버리네 ㅋㅋㅋㅋㅋㅋㅋㅋ,0개
132,JekyllH,역시 마무리는 추멘 ㅋㅋㅋㅋㅋㅋㅋㅋㅋㅋㅋㅋㅋ,0개
133,조세령,주책남들 보는거같어,1개
134,곽수혁,조코비랑도 해주세요!!!!,1개
135,왜이리시끄러운것이냐,ㅋㅋㅋㅋㅋㅋㅋㅋㅋㅋㅋㅋ,0개
136,boongsan,아 엔딩보고 ㅈㄴ 쳐 웃었넼ㅋㅋㅋㅋㅋㅋㅋㅋㅋㅋㅋㅋㅋㅋㅋㅋㅋㅋㅋ,0개
137,Firstar,2편 만들어! 질식하기 전에!,0개
138,minjunGoo,마지막 ㅅㅂㅋㅋㅋㅋㅋ 박종윤ㅋㅋㅋㅋㅋㅋㅋㅋ,0개
139,손가람,ㅋㅋㅋㅋㅋㅋㅋㅋㅋㅋㅋㅋ 마무리 ㅋㅋㅋㅋㅋㅋㅋ,0개
140,개선생,역대급 엔딩,1개
141,StudioIAb,추멘 위장결혼이라는 썰있던데 역시나....,0개
142,MangoKIM,3:55 자신이 갖지 못한 것을 강렬히 원하는 두 사람,0개
143,허종,박종윤ㅋㅋㅋㅋㅋㅋㅋㅋㅋㅋㅋ,0개
144,구아,여보~ 얼른 들어와^^,0개
145,이지환,이젠 진짜 asmr만 남았다,0개
146,조우건,오우 마지막이 너무 강력크함,0개
147,키위,이주헌의 마지막 영상,0개
148,투박스,엌ㅋㅋㅋㅋㅋ 살아 있는거죠????,0개
149,MrLee,혀...형수님 여기욧 여기~!!!,0개
150,9hJeong,편집 미친 ㅋㅋㅋㅋㅋㅋㅋㅋㅋㅋ 마지막 뭐냐 욕쳐먹을라고 ㅋㅋㅋㅋㅋㅋㅋ,0개
151,박민재,???:집와서 보자^^,0개
152,우라늄,마지막은 종윤이형이 오피스와이프라서 선택쌉가능 아닌가,0개
153,HSYang,이게뭐에요ㅋ,0개
154,HCS,마무리개웃기넼ㅋㅋㅋㅋㅋㅋㅋ 박종윤하고 끝,0개
155,데머리와빛,형 이제서야 형의 성 정체성을 찾았구나?,0개
156,잠자리,아내보다 박종윤ㅋㅋㅋ,0개
157,두결이,"RIP Choo Man
1981~2020",0개
158,청포도맛썬칩,"앞으론 랩추종윤이 아니라
랩종윤으로 찾아 뵙겠습니다
추의 명복을.....",0개
159,샤라라,"대박 빵터졌어요^^
두분 케미 넘나조아조아~요!
이스타님 아내분 성격짱이실 듯
다 이해해주시니깐 개그로 승화시키는 것 같아요 ㅎㅎ
종윤님 귀염귀염 너모 좋아요~",0개
160,박진우,5살 박종윤VS박종윤 5명 5살 이주헌VS이주헌 5명,0개
161,아기뱀,생방 중에 받았던 주제다ㅋㅋ 종윤이형도 처음엔 뭔지 몰라서 검색했으면서,0개
162,aa,역시 여자가 되니까 남자가 끌리는구나,1개
163,송윤호,잘 끊었다,0개
164,멜론엘리,ㅁㅊ 박종윤 ㅋㅋㅋㅋㅋ,0개
165,멘탈비눗방울,"7:22 
재미없는 추멘이면 걍 꼰대고
말못하는 박종윤은 개목걸이 번개맨 아닌가요ㅋㅋㅋㅋㅋ",0개
166,저스티스후디드,이거 황덕연 임형철도 같이 하면 재밌겠다,0개
167,simonK,역시 명섭 팀장이 뭘 만들줄 아는 사람이야 ㅋ,0개
168,밤별헤는,내 머리속 만두와 손빨래의 정의가 바뀌었어..,0개
169,보급형감스트추멘,추멘 살아있으시죠...?,0개
170,GreatCloud,"아니 이 양반들 이제 생식기 드립없으면 컨텐츠가 안되나봐 ㅋㅋㅋ
종윤이형 요즘 오디오건 영상이건 컨텐츠에 그 드립 없었던적이 없다...
비 꼬만춤 저리가라네 ㅋㅋㅋㅋ
추성훈 진짜 찾아왔으면 좋겠다 ㅋㅋㅋ 리얼로 추성훈한테 5분 버티기 해봤으면 ㅋㅋㅋ
그리고 친구 ㅂㄹ을 택했던 조코비 그는 ㄷㄷㅊ....",1개
171,eeny,재밌다 요놈들아!!!진심.,0개
172,럽스타,원폭투하 앤딩,0개
173,MonstercallK,형수님 여기에요!!!!!,0개
174,혼그릿리,여기요형수님,0개
175,잘살아보세,추맨 리버플vs맨유 뺐네,0개
176,학자,해명 못하고 그냥 엔딩이네요 ㅋㅋㅋ,0개
177,갓라모스,ㅋㅋㅋㅋㅋㅋ졸라 웃기넼ㅋㅋㅋㅋㅋㅋㅋ,2개
178,조민석,잘가 추우먼 누나..,0개
179,이석준,박종윤 그는 도대체..,0개
