﻿,youtube_id,comment,like_num
0,김윤석,주말에 쉬면서 라면 끓인거 먹으면서 이스타 보는 재미..,192개
1,이선열,사이오닉스톰때문에 박스톰아니여?ㅋㅋㅋㅋㅋㅋㅋㅋㅋㅋㅋ,37개
2,진해운,1:26 왜 황덕연만 얼빡샷이냐 ㅋㅋㅋㅋㅋㅋ,44개
3,민준오,13:00 난 엄청 기대했는데.....,9개
4,라라랄로로로,오늘에 결론 덕연좌 어머니는 잘 계신다,13개
5,이윤수,"저번에 굿즈 나온거 진짜 반응 좋더라고요ㅋㅋㅋ 이번에 새로 사이즈 나온김에 친구들 생일선물로 하나씩 사주려 합니다.
근데 제가 친구가 없네요",51개
6,황스타피,2:36  요원들:  살려줘~~~,14개
7,해학의민족,"베스트11에 리그 1위팀 바르샤는 메시 뿐인게 현실이다ㅋㅋㅋㅋㅋㅋㅋㅋㅋㅋㅋㅋㅋㅋㅋ 꾸레로서 수아레즈,부스케츠,라키티치,피케는 이제 주전급에서 좀 내려와야 한다고 봐.. 진짜 냉정하게 후배들한테 기회주고 로테가거나 떠나야 한다고 본다. 바르샤 무너지는 이유? 늙어서. 초반 잘하다가 후반기에 급격하게 무너짐. 챔스 8,4강 가서 왜 미끄러질까. 답은 항상 나옴. 노장들이 경기 끝까지 집중을 못해. 비달만 특이 케이스로 끝까지 집중함. 로마전 참사가 전조증상이었고 리버풀전 참사가 사고였지. 근데 아직도 끌고 가려함..",28개
8,upallnight,1:26 MSN을 능가할 라인업,55개
9,최강혁,메시 22경기 19골 12도움 경기당 1.3 공격포인트가 넘어가는데 이게 떨어졌다는게 ㅋㅋㅋㅋㅋㅋㅋㅋㅋ,30개
10,아수,18:33 엥 그거 완전 황덕연 아니냐,3개
11,김윤식,1:22 형.. 집에서 입고 왔다며 텍이..,18개
12,이영서,1:39 이스타 공항도둑임?ㅋㅋㅋㅋ,12개
13,최승효,"형님들 
옷 진짜 잘 입고 있습니다~!!",5개
14,김태균,진짜 카르바할 저평가 너무 심함,3개
15,흑우의울음소리,15:35 보통급의 선수,3개
16,걱정키,EPL은 언제 나올려나..,11개
17,,덕연이형 슈퍼비 닮았네 ㅋㅋㅋ,2개
18,제목없음,0:36 오른쪽은 고래 같은데 ㅋㅋ,1개
19,,추멘ㅠㅠ 티입고 왔다면서 택도 안뜯....... 힙합인가,1개
20,남생2,"at원정고자
빌바오 홈 극강
재개 하자마자 불안불안하다...",5개
21,TunaTube동블리의튜나튜브,덕연 목소리가 너무 작게 들리는 거 같아요 ㅠ 종윤이 형 목소리를 적당하게 설정해 두면 덕연좌가 안 들려서 애매 ㅠㅠ 개인적으로는 덕연좌가 좀 더 텐션 올리서 같이 큰 목소리로 말해줬으면! 화이팅 👏🏻,2개
22,AndreiJung,썬더는 천둥이고 라이트닝이 번개에요 형! 박!라이트닝!,7개
23,빡시,라리가 1위인데 메시하나ㅋㅋㅋ 이게 바르샤에 현실..메시가 멱살잡고 바르샤 끌고있음. 나이가 있어서 힘들어 하는게 보이긴함. 이렇게된건 영입실패가 치명적.   메시팬으로 부상당할까 불안불안,44개
24,이규빈,"백업에 세비야에 디에고 카를로스가 없네요 ㅠ

이번 시즌 라리가 탑이라고 해도 과언이 아닌데
세비야가 수비팀으로 변모한 가장 큰 공간이기도 하고",9개
25,배터리5퍼남았다,8:09 ex)가자니가의 가차없는선방,1개
26,성준호,1:37 편집자님 박썬더가 더 어울리지 않을까요 ??ㅋㅋㅋㅋㅋㅋㅋㅋㅋㅋㅋㅋㅋㅋㅋㅋ,0개
27,티에리앙리,18:33 락싸 ㅋㅋㅋㅋㅋㅋ,0개
28,JugoslavenskaNarodnaArmija,4:26 로페테기는 포르투에서 뮌헨잡은거 빼고 한게 없습니다 선생님....,0개
29,우진최,저는 개인적으로 월클의 기준을 각리그 베스트11에 들 수 있어야 월클이라고 생각하는데 현시점 각리그 베스트를 알려주는건 리그 재개전에 아주 좋은 정보네요 항상 감사합니다~~!,2개
30,드립이해못하는사람,발베르데는 진짜 개잘하더라ㅋㅋㅋㅋ 데용보단 발베르데 ㅆㅇㅈ,25개
31,악학궤범,3:04 내다3,0개
32,글잉크,"오늘 빅매치 중계, 캐스터를 이스타tv에서!!!
추우먼 진짜 스틸야드 전문이네 ㅋㅋㅋㅋ",0개
33,곽찬호,0:37 삼각팬티 입니까..?,0개
34,오은택,"오야르사발,크리스티앙 포르투도 자격있음",1개
35,박지형,ㅋㅋㅋㅋㅋㅋㅋㅋㅋㅋㅋㅋㅋㅋㅋㅋㅋㅋ지적질할때마다 바꾸는거 진짜 킬링포인트,0개
36,황지원,0:37 추우먼 고래잡이?,0개
37,한창석,폰트가 라리가네ㅋㅋㅋㄱㅋㅋ,0개
38,SeoYoungChoi,추파파 후드 겨울 내내입음ㅋㅋㅋ퀄오져요,0개
39,문정재,펠리페 드디어 설명나온다 그동안 다른데선 설명없었는데 감사합니다,1개
40,김태형,황근본 얼빡샷 개웃기네 ㅋㅋㅋㅋㅋㅋ,0개
41,FuballClubGelsenkirchenSchalke04eV,콩등만 콩명ㅋㅋㅋㅋㅋㅋ,0개
42,김민석,"ㅋㅋㅋㅋㅋㅋ송해설의원님 목소리 닮은분,,, 장,,,읍읍",0개
43,김수한,역시 주말에 호두 벅벅 긁으면서 보면 재밌는 이스타 티비,1개
44,서준이,"여러분 오늘은 6월6일 현충일 입니다
우리모두 국군장병분들께 감사를 전합시다",25개
45,강병화,주헌이형은 이제 약간 게스트가 된것같은느낌 ㅋㅋㅋㅋㅋㅋㅋ,1개
46,정봉박,추우머언,1개
47,TheRedDevils,"형님들
옐로우 카드, 파이널랩, 맨오브더매치 3개 샀는데
축구관련 디자인이 더 많았으면 좋겠어용ㅎㅎ",1개
48,riskOURS,키~~~~야 황떡여이 ~~~~ 얼굴 마이 컸네~~~~~,0개
49,HyoshinKim,"메시 진짜 미친넘인가ㅋㅋ 
22경기 19골 12어시 ㅁㅊ",21개
50,박세환,형들 박번개 스포하지마 ㅠㅠ,0개
51,간지하드,형 썬더는 천둥이야... 번개는 라이트닝이고,1개
52,AJudgelight,22경기 19골 12어시는 뭐야 ㄹㅇ ㅋㅋㅋㅋㅋ,0개
53,수달라이커,박스톰에서 터졌따~~~!!!,0개
54,호잇,5:13 호세 보르달라스 아닌가요?,1개
55,박정우,레길론..,1개
56,이종덕,난  덕연이가  너무좋아♡,0개
57,박진우,테어 슈테켄이 후보에도 못드는ㅋㅋㅋ,16개
58,보노보노,넘 좋아,0개
59,CarlosKim,황덕연 말고 다른 사람 없나,1개
60,이선구,솨뢍해요 이스타❤️,0개
61,김성용,바지 2xl 부탁드립니다 허벅돼지다 보니 xl 33cm은 안맞습니다,1개
62,,외데고르 포함하면 레알소속만 5명 ㄷㄷ,2개
63,박성규,슈테겐도 들어갈만했는데 아쉽넹,0개
64,JUKim,Epl 베스트 11 하면 대부분 리버풀 선수들이겠다... ㅋㅋㅋㅋ,1개
65,그리즈만,epl도 오늘 해주시나요?,1개
66,아무말빌런,메시 오블락 예상,0개
67,이름성,기량이떨어졌는데 3시즌째 득점도움1위ㅋㅋㅋㅋ진짜 미친메갓ㅋㅋㅋㅋㅋㅋ리그는 그냥 지 놀이터네 ㅋㅋㅋㅋㅋ,0개
68,장윤수,"2:40 하루에 4개 올려주시면 저희가 
좋아할 거라고 생각하시는데 정말 
오예입니다",0개
69,황스타피,0:38  팬티도 파나요???,0개
70,동희정,"ㅋㅋㅋ 번개맨 저사진은 데스노트
라이토인가? 그사람 느낌있다",0개
71,김진우,라이트닝아님? ㅋㅋ,0개
72,djjdriei,가르시아 22살임?,1개
73,2518양승원,20분 든든하다,0개
74,PhilFoden,ㅎㅇ,0개
75,도라지,"아아 추멘 저는 이해 할 수 있습니다. 집에서 입고 온 옷이 택이 달려 있어도,,,다시 한번 느끼는 가장의 무게감,,",0개
76,페페종윤결혼해,아 개좋아 이스타 당신들만 기다리고 있다구(찡긋),0개
77,배승수,선수한명 멘트 하기전에 베스트 11 나오니까 아쉽네요...,2개
78,민규,"메시,라모스는 저 나이에 진짜 대단하네",0개
79,앙배불띠,"항상 선 씨게넘는 메갓,,,",0개
80,베일,레알이5명이넼ㅋㅋ,0개
81,Jcheol,"바르샤 팬이여서 경기 보는데 
외데고르 보는데 진짜 놀랬음 뭐 저렇게 잘하는 사람이 있었나?싶어서
등번호 보고 확인해 보니까 외데고르 였음",0개
82,바리바리GWON,진리는 선좋 후시.,0개
83,JW,"우와 외데고르 
축구전문가 이스타형님이 B급선수로 칭했는데 베스트에도 들고 성공했네!",0개
84,0Patandmat,1:28 근...본,0개
85,정유찬,편집자님 힘들수도 있는데 소리가 작아서 자막같은거 넣는것도 좋을듯..,0개
86,하하하히히히,"마르셀루 멘디 레길론
카르바할 하키미 오드리오솔라
ㅋㅋㅋㅋㅋ선수뎁스 무엇",0개
87,SeungJinLee,라이트닝 박,0개
88,김낙타,ㅎㅇ 추개맨,0개
89,호호잇,라모스 골 왠만한 중미보다 나은데ㅋㅋ,0개
90,,크로스가 없네,2개
91,지준성,오블락 후보 에반데....,0개
92,2버풀,형 지금은 나랏님 욕하면 ㅈ되는 세상이야,0개
93,캉테에당,Epl 도 오늘 올라오나요??,0개
94,박도현,오블락은 무조건 베스트11이라 생각했는데...,0개
95,뿡뿡이,메시는 부상으로 초반4~5경기 결장하고 득점1위도움1위;;;,0개
96,정봉박,번개의 재림,1개
97,안현빈,이피엘은 언제해줘요?,1개
98,승민,형님 파이널ㄹ랩 흰색티가 안보여욤,0개
99,응구라야,요즘 은근 덕연이 형이 종윤이형을 잘 돌려까네 그래서 더 보기 좋음 옛날에는 너무 경직된 느낌이었는데 요즘은 좀 편해보임,0개
100,00,센터백은 바란 카를로스가 들어가야 한다고 생각,1개
101,임승택,오야르사발..,0개
102,이파란원피스,사이오닉 스톰 말하는듯,1개
103,쨋,바란도 엄청 잘했는데,0개
104,고윤빈,슈테켄이 없네..,0개
105,맹구,크로스가 없넹,0개
106,NLPlusAlpha,"?? 방금 세리아 보면서 
댓글에 라리가 요청봤는데 응...??",0개
107,임민태쿠,번개볼 하이라이트는 안올오나요??,0개
108,장원준,황덕연사진 지건마렵네,1개
109,문성빡,아직 안봤는데 디에고 카를로스 있다,0개
110,장승균,카세미루가 흥민이 형이랑 동갑이라고?,0개
111,하태환,덕연이형 발베르데한테 디엠 뭐라고 하셨어요?,0개
112,ToniKroos,레알 4명 ㅊㅊ,2개
113,쏭랜덤,덕연이 썩쏘... 볼때마다 개패고싶다.,0개
114,이종수,운동하면서도 입기 좋나요?,0개
115,정민기,덕연이형 왜케 텐션 내려와있어.. 주헌이형한테 맞았어?,0개
116,김동규,근데 황덕연은 진짜 성격 좋은거같네  추멘과 번개가 그렇게 갈구는데도 잘 참는거보면,0개
117,patrick,카솔라가 없네,0개
118,노희호,프리미어리그두 해주나요?,0개
119,코리beanleg,12,0개
120,룰루랄라,라리가에서는 메시는 무조건 깔고 시작해야함,3개
121,APL,형들이 아직 조심스레 인정하지 않지만 최고의 축구 예능 체널 이될 끝까지 응원할께!! 그니까 떳떳해질때까지 화이팅!⚽️,0개
122,JH,썬더팍이 맞을듯;;박스톰보단~ 황캌 혹은 황줌인 어떠신지~~,0개
123,KaiseR,히든굿즈에만 10 넘게 태웠습니다 그럼에도 만족합니다. 제품 퀄리티 좋아요,0개
124,달빛향기,레게노,0개
125,,키퍼는 오블락 테어슈테겐 아닌가,0개
126,,근데 원하는 글씨체를 어떻게 찾으시는거지? 편집 ㄷㄷ,0개
127,프로크스,이주헌 팬티 스타일 없나요,0개
128,JiHongpark,페키르 진짜 졸라 잘하는데 주목을 못받네...댓글들 왜캐 바르샤 얘기만 많지??,0개
129,Firstar,추우먼이 입고있는 흰색 티는 이스타몰에서 안보이는데 어디서 찾을 수 있나요?,0개
130,면목동보안관,2,0개
131,커여운족제비,번개맨만 사람같이 찍힌 사진 쓰고 나머지 둘은 눈물만 나오네,0개
132,호돈신,디에고 카를로스를 안뽑았네. 세비야 수비의핵 디에고 카를로스가 뽑힐만한데?,0개
133,김지헌,걍 라디오처럼 듣는 재미가 있다,1개
134,민규,존나 이해 안가는데 온더볼 월클 아자르랑 역습전술에 잘어울리는 그리즈만이 왜 각각 레알이랑 바르샤로 갔냐 아자르가 바르샤가고 그리즈만이 레알 오면 본인 기량 더 만개 할 수 있었을텐데,1개
135,Crisis21,레길론 외데고르 둘다 레알에서임대보낸건가여?,1개
136,유호진,알레띠가 몇명이나 있을까??,0개
137,김승준,종윤이형은 얼굴 홀쭉해졌네,1개
138,판다밍굴의멜로디,"storm=폭풍
lightning=번개(사실상 박라이트닝)
thunder=천둥
(태풍=hurricane,cyclone,typhoon)...",0개
139,정종건,종윤이형 기분나쁘게하면 손변 통해서 고소먹는다 애들아 말조심해라,0개
140,오은택,소시에다드 감독 안넣어주네,0개
141,김동윤,"추멘님이 입으신 옷 사이즈는
어떻게 되나요?? 사이즈가 고민이 되어서... 알려주시면 감사드리겟습니다!",0개
142,한상우,이거랑 세리에 베스트11이랑 위닝하면 좋겠다. 추멘 형님도 이제 실력 올라오셨으니까 꿀잼일 것 같은데ㅎㅎ,0개
143,inchuljeon,이댓글엔 1등이없고 2등만 있어 ㅋㅋㅋ,0개
144,Criser,바르샤팬이지만 찢베르데는 라리가 올해의 미드필더 원탑이라고 생각하는데,0개
145,포기하지않는잉글랜드의정신,"1:26 MSN, MVP, BBC 등 쟁쟁한 라인업을 제친 최고의 트리오 LPG 트리오 ㄷ ㄷ (Lee, Park, Geunbon )",2개
146,Surrender,씹주헌 라리가는 믿고봐야지 vamos,0개
147,헤르키,"황덕연이 외국이야기 하면서 내가 어디 가봤다 할때가 제일 어색함...
이런말 하긴 그렇지만 딱 스타일이 시골에서 자라서 시골에서 쭈욱 살아왔을거같은데 스페인 영국 안가본곳이 없는 유학파..",16개
148,행복하세요,"와 무슨 최초로 라리가베스트일레븐에 바르사 선수가 메시 한명밖에 없냐.... 
메시없으면 바르사 역사상 최악의 암흑기 될수도 있을듯..",0개
149,재목이,Epl은형철이가 하나?,0개
150,StillKoh,역대급 폭염이라는건 맨날 언론 미디어가 하는 말임  언제나 여름은 더워,0개
151,우동,꾸레로서 이번시즌 한정 부스케츠는 저번시즌 무스타피랑 동급이라고 봅니다. 과거의 부스케츠는 없으면 불안한 그런존제라고 생각했으나 이번시즌은 선발에 나오면 무조건 욕이 튀어나오는 선수로 변했다는게 좀 암울하지만 이렇게까지 기량이 저하된 선수를 계속해서 쓰는 세티엔이 진짜 적폐새끼라고 생각합니다.,0개
152,NLEChoppa,하루에 5개? 장난하나 진짜 이렇게까지하는데 왜이리 안뜨는거임 ㅈㄴ이해안가네ㅅㅂ,21개
153,지구지구,외모지적하는 방송 퇴출이 답이다,0개
154,Park박민서,2등,0개
155,리얼복지,외데고르는 레알에서 천재 소년 소리 들으면서 온 후 임대 쭉 다닐 때 잊혀졌는데 본인 진가를 보여준 게 대단.. 나이도 음바페랑 동갑이니,1개
156,김승준,벤제마도 들어갈만하지 않나요?,0개
157,보노모보노,벤제마가 서브도못들어가네,0개
158,Revolution,"페키르->벤제마, 로디->레길론, 다코남->펠리페, 라모스->바란",2개
159,박주서,2등이다,0개
