﻿,youtube_id,comment,like_num
0,유동건,"""Good Morning""",15개
1,카테나치오,"형들 나중에 fm컨텐츠로 
추우먼 감독 vs 박번개 감독해서 
멀티로 1:1뜨는거 어떰????.",8개
2,Gunners,세 명 방에 가둬두고 FM만 시키고 싶다..,8개
3,upallnight,34:16 진짜 자카 많이 변했구나....,5개
4,Haristory하토리Hat0ri,번개볼 3인방은 진짜 세 얼간이를 이을 최고의 3인방이라고 생각합니다 ㅋㅋ,25개
5,쇼슈쇼,썸네일 존나 병맛이라서 존나 좋다 ㅋㅋㅋㅋㅋㅋㅋㅋㅋㅋㅋㅋㅋㅋㅋㅋ,10개
6,김진우,형 영상이 점점 짧아져 미안한데 예전처럼 1시간은 안될까..?,15개
7,바른말고운말,시즌 2는 성적을 얻고 의리를 버린 시즌인가요?ㅋㅋㅋㅋㅋ,6개
8,예동,21:07 프로페서,2개
9,이승주,아 존나 행복해,6개
10,유화선,전에보다 확잘해지고 재밌는데 짧다...,2개
11,행인길가던,아니 너무 짧어 형들,6개
12,JUNANK,7:26 자카의 죽이는 중거리.,1개
13,이원주,오늘도 썸넬 미쳤다~~  형들 fm오래오래 하자 추우먼도 오래오래 누나 하자~,2개
14,FC바르셀로나,ㅋㅋ 이제 나왔군,2개
15,밤하늘,기다리구이써따,3개
16,박정무어,13:42 레노 안일함 ㅋㅋㅋ 실화냐 ㅋㅋㅋㅋㅋ,0개
17,김물,황근본 님 굳이 불편하게 앉아있으신 거 개웃기네 ㅋㅋㅋㅋ,1개
18,EugeneChoi,가봉맨이 방송 만들어 가네 ㅋㅋ 썸네일거리도 주고,1개
19,김챔스,이거 보고 과제하겠습니다 교수님,1개
20,HowJ,올려주는대로 봐 ^^ㅣ발,1개
21,김동현,시간이 점점 줄어든다?!,1개
22,Leep,조회수 900회가 말이됩닊 9만회는 되어야죠 형 1시간때가 좋은거 같아ㅠㅠ  형 30분때 영상은 구만회,1개
23,박주형,바로 들어왔다 하루의 낙,1개
24,김영환,아 쌌다,1개
25,지은이풀,와 대승 ㄷㄷ,0개
26,박준현,외침으로 칭찬한번만 눌러주고싶다  ㅋㅋㅋㅋ,0개
27,사랑해요종윤이형,"내일 일욜이라서 오늘 졸라 늦게잘수있당
거기다가 에펨 영상이면 뭐..싸발적이네",1개
28,TgsS,굳굳,1개
29,전명규,영상 좀만 더 길었으면 좋겠다 주말인데 ㅜㅜ,0개
30,김김윤우,"이런대승으로 자신감을 찾은번개
맨시 리버풀전을 라인따위 신경쓰지않고 하던대로 하다 대패를당함.
보고있어 번개형?
강팀할땐 수비적으로가야된다
후회하지말고ㅜ",1개
31,송승현,책갈피 #18:44#,0개
32,정찬호,맨왼쪽 선수 누구죠? 램지나 이스코 닮았는데,0개
33,KalimHong,번개볼 많이해주세요 ㅠ.ㅠ,0개
34,이준혁,앞으로는 할때 가능하면 관중소리좀 줄여주세요...,1개
35,LimWorld51,내하루의 마무리 썬더볼!,0개
36,Surrender,다 봤다 자야지 굳밤!!!,0개
37,클라라,프리미어리그 안해도 우리에겐 번개볼이있다,0개
38,강원익,가봉맨 토템이네 ㅋㅋ,0개
39,pakimchi,번개볼 목표가 어디까지에요? 리그 우승만인가?,0개
40,글잉크,보자 하루에 5개 올렸으니까 일년이면 거의 2000개네,0개
41,이성호,아르센 번개는 언론 대응은 잘하지만 실력은 쓰레기였는데.. 박번개는 성적은 좋은데 인터뷰는 맨날 격노 아니면 번정놓이네 ㅋㅋㅋㅋ 무리뉴도 아니고 ㅋㅋㅋ,1개
42,이하윤,섹스,0개
43,박정태,"하루의 마무리는 번개볼이지 
번개볼 딱 보고 이제 종윤이형 빡치는거 보고 편안하게 자야지",0개
44,FC바르셀로나,시간이 너무 줄어드는거 같은데....... 최대 1시간 정도는 안될까요ㅠㅠ,0개
45,김성환,아스날의 수호신인 오바메양이 fm에선 쌍노무시키까지 추락하다니...,0개
46,이쁜우리누님,"이 3명의 조합은
박종윤 유비의 용맹함
황근본 관우의 화통함
ADA    장비의 인덕을
갖춘 천하제일의 삼총사다.......!!",1개
47,tonlea,이 타이밍에 댓달아야지 베댓 먹는데 생각이 안나네..... 포기!!,3개
48,허지훈,FM 잘 몰라서 그런데 94억 가지고도 이정도면 잘하는 거 아닌가요?,1개
