﻿,youtube_id,comment,like_num
0,이스타TV,번개볼 시즌2 재생목록 : https://www.youtube.com/playlist?list=PL4wTB76rMYuXTUeLYIJHoIfAltnWngxh0,1개
1,도태된잉여,종윤이형이 번개맨1차때는 아무것도 몰라서 뭔가 겉도는 느낌이었는데 2차때되니깐 몰입도 잘하고 더 꿀잼인듯 ㅋㅋㅋㅋㅋ,118개
2,jinjinAhn,32:35 아다테타 왜 중국어 하냐? ㅋㅋㅋㅋㅋㅋ아무리들어도 중국어 같네,12개
3,쯔꼬미,"0:10 아니 원래 사기가 완벽함인데, 자꾸 박번개님이 완벽함 만든거처럼 말하넼ㅋㅋㅋ 매번 대화할때 마다 정말루 옆에 보좌관님들 츙성 ^^7",28개
4,프라하가고싶다,형 이번엔 경질되면 안돼... 선덜랜드 지금 옆동네에서 하고 있어서 하기도 애매해 극락엔딩 가자,43개
5,이정빈,셋다 진심 찐몰입하네ㅋㅋㅋㅋㅋㅋㅋㅋ 개꿀잼,13개
6,전명규,11시만 되면 연어처럼 유튜브로 돌아오는 나...,27개
7,DeokJooHwang,12:52 ??? : 리버풀 첩자에게 응징을!!,23개
8,황스타피,36:20  전설의 카떽뜨 그리고 그의 카섹볼,18개
9,쇼슈쇼,"점점 늘어난다 시간이 ㅠㅜ 

요원들 사랑해요 ~~~~ ! (덜렁덜렁)",34개
10,kingbird,확실히 2번째 시즌이 더 재밌는거 같음ㅋㅋㅋㅋㅋ 너무 진지함ㅋㅋㅋㅋㅋ,12개
11,Jcheol,20:03 ㅋㅋㅋㅋㅋ 거의 월드컵 결승골 넣은 리액션이네,4개
12,현젠,"아 진짜 분량...




이렇게 자꾸 늘려주시면 감사합니다 ᵔᴥᵔ",10개
13,JM,12:47 아다테타 눈찔림 ㅋㅋ,20개
14,아나운서심리학자,24:35 이말은 성립하지 않는다  우리들의 감독 번개 팍은 그냥 정신줄이 없다,8개
15,인간,10:15 대환장파티,12개
16,황스타피,20:06 귀요미 3인방,9개
17,사랑해요종윤이형,방금 맨유 영상보고왔습니다..기분 안좋은데 이거나 보고 기분좋게 하루 마무리 해야겠네요,12개
18,jwkim,기다리다 금단현상 오는줄 알았다규!!,9개
19,이선열,나무위키는 왜보고 끝내는거야ㅋㅋㅋㅋㅋㅋㅋㅋ,3개
20,insung,근데ㅜ성님덜 마르티넬리는 왜 안키우시나유.. 그래도 잘키워놓으면 한시즌 15~20골은 꾸준히 박아주는데..ㅠㅠ,7개
21,김형섭,ㅋㅋㅋㅋㅋㅋ 장비볼 피온 시절 DDDDDD ㅋㅋㅋㅋㅋㅋㅋ,5개
22,세트약해,"10:26
피온충",2개
23,윤경원,"49:37 라이벌 황장비전술의 득점에도 진심으로 좋아하는 순수 그 자체, 아다테타",1개
24,SYBEAT,35:04 저요!! 2017이후에 안했는데 이거보고 시작했습니다....ㅎㅎ,2개
25,정민기,"32:37 번개맨 ""오방맨, 리스넬슨"" 
오바메양+가봉맨의 끔찍한 혼종",2개
26,김물,황근본 진짜 개웃기네ㅋㅋㅋㅋ,2개
27,오선비,아다 너무 치사한뎈ㅋㅋㅋㅋㅋㅋㅋㅋㅋㅋㅋㅋ 경기에서 이겼는데 나쁜 점만 딱 골라서 이야기하네 그 거 말고도 좋은 이야기많았는뎈ㅋㅋㅋㅋㅋㅋㅋ,0개
28,황스타피,"26:38  훔  바
26:58  훔   바 이 크",12개
29,아여여,10:26 황덕연 DDDD ㅇㅈㄹㅋㅋㅋㅋㅋㅋㅋ ㄹㅇ로 피파충이네,0개
30,구너3대째,15:46 VAR했는데 피케이 아닌거 500시간하면서 첨봄ㅋㅋㅋㅋ,0개
31,주영범,역시 튜토리얼 다음이 진짜지...,1개
32,정민기,덕연이 칭찬받거나 할때 웃는거 너무 귀여워 ㅠㅠ,9개
33,wowoaj,그냥 재밌네 ㅋㅋㅋㅋ,3개
34,DonghoKim,6편 어딨나요 ㅜㅠ,2개
35,한스,24:37 번정놓ㅋㅋㅋㅋㅋㅋㅋㄱㅋㅋㄱㅋㅋㅋㅋㅋㅋ,0개
36,최세움,형 하이라이트는 언제 나와ㅠㅠㅠ,1개
37,김종현,이거 시간 지나면 진짜 추억될듯,1개
38,에이비ABKim,진짜 왠만한 예능보다 재밌다!!,1개
39,DanielAgger,황 머시기 임형철 몰아세우지마라~,1개
40,civatv,"진짜 번개볼 보면서 하루를 마무리하네여 종윤이횽 ㅎ 
아다테따코치님 팬입니다!♡",1개
41,Herring,"진짜 시즌1때랑 엄청비교되네 ㅋㅋㅋㅋㅋㅋ
이 게임은 진짜 전술쌈이구나",0개
42,YunseongLee,"42:44 아다볼 본심 나왔네 ㅋㅋㅋㅋㅋㅋ
에둘러 아닌척",0개
43,조선왕조실록쌜록,한편의 영화같네 진짜  ㅋㅋㅋ,0개
44,ghnghkl,황떡연....ㅋㅋㅋㅋㅋㅋㅋ,2개
45,롤러폼,후...드디어 도착했구나 내...약....ㅎㅎㅎ,1개
46,StevenJang,이젠 없으면 살 수 없는 몸이 되어버렸다..,1개
47,158Zrte,엄청 재밌는데 언젠가부터 추녀볼이 안 올라오니 슬프네,1개
48,안녕굿잡,박번개 사랑해,2개
49,SungJoonPark,라인무새 형철 ㅋㅋㅋ 라인을 몇번말한거야 ㅋ,0개
50,kjh,A매치안가는 애들을 휴식을 왜줌? 경기도 안뛰는데,1개
51,키토빌더,"번개 ""시즌중에 휴가를 가?""",1개
52,윤성욱,16:06 현실반영 백태클,0개
53,조현홍,아다테타 웃음소리 ㅋㅋㅋㅋㅋㅋ,0개
54,나나야,너무 재밌다ㅋㅋㅋㅋ,0개
55,최정현,FM에서만 볼수있는 아스날 경기인거는 인정임,1개
56,정태웅,오바메양을 팔지 않으면 팀은 망할것이다!!~~~~ㅋㅋㅋㅋ ㄹㅇ임,0개
57,HexaLee,미스테리 극장 올려두새여 ㅠㅠㅠ,0개
58,LimWorld51,올레 몇일 일하고 왔더니 2개나 연속으로 볼수있다 오예,1개
59,DeanDeano,너무 기대된다궁~,0개
60,김지헌,번개맨 옷에 프랑스 국기임...?,1개
61,킹재연,국가가 허락한 유일한 FM 번개볼..,1개
62,도마도재배자,"22:30 OOO이 당연히 질 줄 알았다.
.
.
.
.
.
어느팀이 들어가도 이상하지 않네....",0개
63,황스타피,"7년간 휴가를 안 했다니 ..형 같은 워커홀릭 파트너가 있다니 그런 추누나는 



언제 나오죠???",1개
64,개그랜드,아 오늘 벌써 잘시간이 되었네 이거보면서 자겠습니다 감사합니다,0개
65,이준혁,가브리엘 마르티넬리 언어 강좌...,0개
66,AnDes,"0:31 번디바
4:17 계속된 맨유 견제
4:26 짭램지
23:50 귀엥두지 태클 관련 질문 회피
24:35 시즌 1호 번정놓
25:30 번개볼 검색하려다 무의식적으로 박번개를 치고 있는 종윤이형
37:05 끝없는 노리치 사랑",13개
67,770098,12:37 '가'레스 '봉'일,0개
68,GunnerKing,"역시 오늘도 꿀잼,,,👍🏻",0개
69,이선구,26:38 깨알 훔바ㅋㅋㅋㅋ,1개
70,DiaryRed,이거 보다 방구석 토크 같은 좀 진지한 파트가면 갑자기 어색한데 너무 웃김ㅋㅋㅋㅋㅋㅋㅋㅋㅋㅋ,0개
71,헤임달,에펨하면서 한 번도 벽뚫 신경 써본 적 없는데 번개볼시리즈 보고 나서부터 우리팀 승률 보니까 벽뚫뜨면 진짜 못이기더라 ㄷㄷㄷㄷㄷ,0개
72,신한서,매치엔진 다운받으셔야될듯 너무 말도 안되네요,1개
73,박태준,형철이형은 뭐저리 자꾸 휴식주는거야,1개
74,프렌시스앙리,이스타티비영상 그냥 뜨면 챙겨보는 수준이었는데... 와 이건 진짜 드라마처럼 기다리게 되네 시크릿가든 이후 이런 감정 처음이다,0개
75,FuballClubGelsenkirchenSchalke04eV,아스날(4),1개
76,김용현,오늘도 즐감할게여 형들!!!,0개
77,간손미찡,"옆동네에서는 선더랜드 이동네에서는 아스날....
일단 선더랜드는 2부리그로 승격했어 ㅋㅋ 조만간 아스날이랑 EPL에서 만나겠네 ㅋ",0개
78,종윤이형사랑해,보고 자라는 뜻인가,1개
79,임종윤,"아니 처음에 휴식줄때 왜 한명씩 보내는겨
선수단 창에서 다 선택하고 한번에하지
전술창에서 하시나 ㅠㅠ",0개
80,지은이풀,와 리버풀을 이기네 ㄷㄷ,0개
81,박준민,10:24 DDDDDDD,0개
82,으으,처음에 소리안나서 폰이상해진건가 하고 볼륨계속 눌렀넹ㅋㅋ,0개
83,룰루마루,"시즌 1때는 팬심이 컸다면
시즌 2는 감독적인 느낌이 더 있어서 몰입도 잘되고 더 재밌는듯ㅋㅋㅋㅋ",0개
84,판다밍굴의멜로디,바로 전에 올라온 영상에도 벽뚫있던데... 이겼나??,0개
85,김종석,요즘 밤에 맥주먹으면서 이거 보는 재미에 삽니다,0개
86,문용희,아 진짜 오늘 다음화 안올라왔을까봐 조마조마하면서 유튜브 키는게 하루 마무리인듯... 종윤이형 사랑해,0개
87,뭐마,와...fm을 뒤집어 놓으셨다 와 최고의 번개 와 매!!(호?)(수정),0개
88,AOAPINK,피파충의 DDDDDD,0개
89,리성희,이게 뭐라고 골들어갈때 같이환호하고 있는 나 ㅋㅋ,0개
90,PauloTim,"누워서 보다가 자면, 다음날 아침 못보고 남아 있는 십여 분에 너무 행복해짐 ㅎㅎ",0개
91,시작하는마음으로,하이라이트는 안 나오나요...,0개
92,이우진,근데 선수들 휴가를 안보내고 왜 감독이 휴가를 갖는거임??......,0개
93,김성훈,제가 이상한건지 번개볼시즌2 5화다음에 7화로 바로이어지네요 6화가 검색해도 안보여서요ㅠㅠ,0개
94,하이5,아스날 맨날 볼때마다 느끼지만 수비수 다갈아야겠다 안정적인 싼놈으로,0개
95,럽스타,미쳤다리 11시 정시업로드,0개
96,로크,"저도 번개볼보고 2016이후로 안하던 에펨 시작했습니다 
리즈로 프리미어 승격해서 현재 7위에여",0개
97,ikkim,맨시티는 여기서도 극강이네 ㅎㄷㄷ,0개
98,송영민,실축 보듯이 응원하는 느낌도 있어서 더 재밌었어요!!,0개
99,이선구,피파하는 사람 공감 10:23,0개
100,lumalu,호잇,1개
101,kongkong,번개볼,1개
102,뮤키,그렇다 황장비는 역시 피파충이다 나와같이 (아 그리고 유명클럽 전술관련영상 기원3영상차),0개
103,김다함,근데 추맨유는 끝난건가요??,0개
104,뮤키,번개맨→벼락맨,1개
105,졸령피곤행,자카는 진짜 축신이네,0개
106,글잉크,"이제 히든 전술하나 만들어야겠네
전술 친밀도가 중요하긴한데 비기기모드 하나 만들면 좋음",0개
107,김용준,근데 시즌 1때 한 시간이랑 지금 4~50분이 같은 이유가 그 땐 기자회견을 길게했고 알아가는 단계여서 시행착오(?)의 시간이 덧붙여져서 1시간이 넘어갔던거라 지금의 4~50분이 시간은 줄었지만 질적으론 똑같다고 생각함.,0개
108,Surrender,이게 생방전 마지막인가요? 너무 감사드립니다,0개
109,꼬마혁이,"저런 아스날을 이긴 황ㅡ유 





죄송합니다^^",0개
110,mayday,20:04,0개
111,GididjDucod,리버풀전 긴장감 오지네;;,0개
112,JW,확실히 박번개가 명장 축잘알이긴하다 옆동네보단,0개
113,이헌형,27:20,0개
114,레반,52:29,0개
115,JavierHernandez,다루 저주 빌런은 대체 뭐냐 ㅋㅋㅋㅋㅋㅋ,0개
116,모우빈,6화 없어요 6화 올라올 때까지 7화 안봅니다,0개
117,장진우,자카가 걍 갓인데 ?,0개
118,리버풀,Fm초본데 종윤이형 하는거보고 아스날 따라서 했습니다. 3시즌중인데 첫시즌에 가봉맨 쓰고 팔고 벨로티사서 리그 31 골 박았어요 벨로티 추천 ㅋㅋㅋㅋ,0개
119,여수다내꺼,이거 보고자려고 기다렷다,0개
120,유호진,남들은 베예린 못써서 안달인데 여기는 안쓰네..,0개
121,tjdth03,라카제트가 마무리할만한 상황을 얻고 가봉멘은 오히려 찬스를 만들어내면서 연계를 하는 느낌인데 라카제트가 마무리를 너무 놓치니깐 투톱 위치를 바꿔서 가봉맨으로 마무리할 상황을 만드는게 좋을거같아여,0개
122,자라나라머리머리,다음영상 언제올라옴? 겁나마렵네,0개
123,키토빌더,애들아 과자 뭐 먹으까,0개
124,김단우,근데 게임은 게임이다,0개
125,iwj,핰,0개
126,김유종,442일때 라카제트랑 오바메양 경기 중 스위칭 시키면서 하면 조금 나아져요!!,0개
127,조민혁,ㅅㅅ,0개
128,이선구,번개맨 우승가자,1개
129,안치와,요걸해네넼,0개
130,이쁜우리누님,"하... 맨유영상 보니깐 조금 착잡한 기분이 들었는데 번개맨으로 좀 힐링해야겠다.
그리고 이 영상에서 까지도 맨유팬들이랑 맨유 욕하는 댓글 안보이면 좋겠네요.....",4개
131,jongyeolchoi,치킨 시켜놓고 기다리고 있었습니다,2개
132,teriusjang,"앞으로 번개볼은 알람맞춰놓고 반드시 본방으로만 봐야겠네.. 본방때 본 카섹스,후다볼 등등 찰진 드립들이 전부 삐처리네.. 유튜브도 검열(?) 심하구나",0개
133,최현민인데요,지금 드락슬러가 ㅈㄴ 잘해주고 있음,0개
134,지구지구,번개볼 시리즈는 실패작 노잼,0개
