﻿,youtube_id,comment,like_num
0,박주혁,이제 대부분 부상 회복했으니깐 pl 재개 전에 각 팀 공격진 미들 수비진 골키 주간 포지션 처럼 점수 매겨보죠,299개
1,최재권,와 ..터지자마자 당일 바로올리네.. ㄹㅇ ㄷㄷ하다 이스타티비,206개
2,펭귄고기마시쩡,와 이걸 오늘찍어서 편집까지 ㄷㄷ 이게 이스타TV다 진짜,55개
3,Mini,7:41 요즘 번개볼에 미쳐있긴 한듯. 링크 있었던건 생각도 못했었네 ㅋㅋㅋㅋㅋㅋㅋㅋㅋㅋㅋㅋ,37개
4,Joel,"??? : 에펨이 나에게 미연시다 
ㅋㅋㅋㅋㅋㅋㅋㅋㅋㅋㅋㅋㅋㅋㅋㅋㅋㅋㅋㅋㅋㅋㅋ드립 뭔데",19개
5,goongshin,이러면 황희찬 라이프치히 갈수도있겠는데,15개
6,성남시티즌,우리 임아다 놀리지 마요 ㅠㅠ,15개
7,YongchanLee,이스타공장 슬슬 시동건다ㅋㅋㅋ 업로드 개빠른거보소ㅋㅋㅋㅋㅋㅋㅋㅋ,49개
8,킹갓시티,와 개빨리 올렸다ㄷㄷ,30개
9,유범근,13:04 ???:빠르고 정력적이고,50개
10,곰55,진짜 첼시팬 반응 정확한데요ㅋㅋㅋㅋ,11개
11,장윤수,와 일찍 올라왔네 감사합니다,148개
12,이지훈,황족 첼시~~~~,9개
13,김원식,13:04 정력????,19개
14,hun,"""클롭 : 건강한 케이타는 새로운 영입과 같아.""  이런 것만 제발 하지마라.. 진짜 새로운 영입을 해달라고 좀 ㅠㅠ",43개
15,최지원,13:04 추멘 왤케 대답이 시원찮누 ㅠㅠ,5개
16,모하비고스트,와 첼시는 진짜 너무 젊고 좋다 두어시즌 지나면 ㄹㅇ 존나 무서울듯,117개
17,청포도맛썬칩,이게 벌써 올라온다고?? ㅋㅋㅋㅋ 이 형들 추진력은 진짜 대단하다니까,17개
18,지방군,황족 첼시~~~~,11개
19,가봉맨,"첼시 0입 하더니......

다 계획이 있구나!!!",20개
20,HookaPilleo,1:14 표정 편집 개웃곀ㅋㅋㅋㅋㅋㅋㅋ,10개
21,JunhyukHyun,2:43 부터 따옴표 왜저런거에요?,9개
22,임독훈,와 첼시 진짜 기대된다,19개
23,hanjw03,첼시의 백인공격수 계보를 끊길 바래주는게 맞지만 배아파서 못하겠네ㅠ,14개
24,HyundukJeong,와 라인업만 봤는데도 첼시팬으로서 너무 행복하다.... 행복회로 ㅈㄴ 돌리게 되네 ㅋㅋㅋㅋㅋ,32개
25,연재김,최고야 마리나!!!,30개
26,minjunGoo,첼시팬은 행복합니다 지예흐 찬스메이킹이랑 베르너가 라인 깨면서 골 넣는 상상함,69개
27,이상범,헐 첼시가 베르너를 ㄷ ㄷ ㄷ ㄷ ㄷ ㄷ 오메야... 미쳐따리,108개
28,박강준,셰브첸코-토레스-모라타-베르너...아니 그냥 그렇다고...다들 잘생겼네 하얗고,6개
29,풋볼liverpool,베르너 원톱은 불가능 fm에서도 원톱이랑 투톱에서 확연하게 차이가 남,13개
30,김동환,첼시 펜이다...베르너가 버틸수 있을까.....? 셰브첸코도 매장시킨 팀이 우리 첼신데....베르너야..너는..버틸수있지?,27개
31,주영범,BBC에서 터진 거니까 거의 확정이겠죠? 진짜 온다면 지예흐하고 합 맞춰보면 재미 있을거 같아요!,13개
32,최상순,일찍 올려주셔서 감사합니다!!,2개
33,mongdol,이 선수 망합니다.,2개
34,영걸보크블린,쒸이이이이익 티모쉨 우릴버리다니 ㅠㅠㅠ 이름부터 티모였던걸 믿으면안됐어,2개
35,박승훈,13:14 근데 에이브라함이랑 오도이 다른사진 맞나요?,5개
36,낙엽을걷는징징이,베르너가 좋은게 곧 전성기 돌입하는 격수임 ㅋㅋㅋ 포텐만 터지면 완--벽,3개
37,이민호,라인브레이킹이 좋았던 첼시선수가 있었죠    ''토레스'',5개
38,YohanKim,리버풀이 미나미노 영입한게 독이 되어서 돌아오네 ㅋㅋㅋㅋ 이걸 웃어야 하는지 울어야하는지,0개
39,에드피닉스,"ESPN왈: 첼시는 모라타를 58m에 팔고 베르너를 49m에 사려고 한다 이런게 비즈니스다 근데





응 케파 시부럴",15개
40,MOOD,진짜 행복하다.. 지예흐..베르너까지.. 첼시팬이라 행복합니다 허허헣,4개
41,유재민,추멘형 너무 귀엽다 넨네네네넨네~할때,1개
42,퍼지바,파티 아스날도 거의 근접한데 다시 올려주시면 넙죽하겠습니다,1개
43,이번인생은글렀어,1:13 ㅋㅋㅋㅋㅋ편집자 미쳤나곸ㅋㅋㅋㅋㅋㅋㅋㅋ,0개
44,에곤쉴레,조회수 20만 가자! 요즘 조회수 반토막 나서 너무 마음 아파ㅜ,1개
45,이동선,이스타 채널 영상 정말 다 재미있고 추멘 번개맨 황덕연 손변호사님 다 좋은데 영상뒤에 설명이 너무 많아요 폰으로 이스타 영상 보시는 분들 많을텐데 눈이 아파요제 생각에는 뒤에배경을 선수나 부재목을 쓰고 자막을 다시는게 더 좋다고 저는 생각합니다,1개
46,장지환,13:31 추베,1개
47,권용석,형들 산초 관련된 이적 이슈도 다뤄줬으면 ㅠㅠ,6개
48,카밀,1:13  ㅋㅋㅋㅋㄱ,0개
49,최현철,첼시...잘생긴...백인...스트라이커.....흠...,1개
50,절대맥덕,에브라함이랑 오도이가 쌍둥이에요?ㅋㅋㅋ,1개
51,정연민,1:14 동공지진 ㅋㅋㅋㅋㅋㅋㅋ,0개
52,야나두,베르너 첼시 쌀것 같아...,16개
53,MrKim,8:22 뎀바바,0개
54,최갱,왠지 ㅈㄴ 잘할 것 같다... 램파드가 활용 개잘할 듯..,30개
55,은골로캉테,너무 좋아ㅎㅎ,1개
56,kimvelyY,진짜 너무 갑분첼이다....,0개
57,paul09134231,이정도면 영상찍으면서 편집한거아닠갘ㅋㅋㅋㅋㅋㅋㅌ,0개
58,,첼시의 잘생긴 백인 금발 스트라이커....,73개
59,살구잘말린,"형님들 혹시 선수 비교 영상 찍어주실 수 있나요? 티아고 알칸타라와 카이 하베르츠 두 선수의 비교. 뮌헨이 하베르츠 영입을 하기 위해서는 코로나 때문에 금전적으로 힘들어서 티아고의 재계약이 어렵다고 하길래 물론 하베르츠가 뮌헨에 온다는 것은 아니지만 
또한 지금 뮌헨이 티아고 대신 고레츠카를 그 자리에 기용했을 때 준수한 모습을 보여주는데 이런 상황을 고려해 봤을 때 하베르츠를 통해 공격진의 세대교체와 고레츠카의 티아고 대체가 맞는지 아니면 티아고의 재계약이 맞는지 궁금합니다",6개
60,히히힛,첼시 다 젊은데 4등해서 전성기 나이되면 개 무서울듯 마운트 진짜 좋음 ㄹㅇ 첼시는 = 젊음+잉글이라 기대된다,14개
61,김직선,잘커서 뮐러같은 선수가 됐으면 좋겠네유 ㅎㅎ,4개
62,WoohyeokKim,베르너 램파드가 ㅈㄴ잘쓸듯 ㄹㅇ,39개
63,야도키,오피셜 뜬다면 좋긴 하지만 기대는 안한다..,0개
64,마꼬,모라타 첼시 시절 개 임팩트: 이스타 핑크 색 사건,0개
65,쿠마카라,진짜 이 형들 축구소식 기다린게 느껴지는 업로드 속도;,0개
66,채소,베르너... 오늘부터 흑인... (메모),1개
67,에스티SeeYa,베르너 첼시가즈아!!!!,1개
68,조원우,와우~ 첼시 가즈아!!!!!!,1개
69,서정호,임아차차ㅋㅋㅋ 아차볼,0개
70,tlsdbsgh,나이 좋아~,0개
71,김희찬,베르너 첼시~ 산초딜은 이제 맨유로~,0개
72,최진욱,"4312에 타미 베르너 투톱, 지예흐 공미, 조코캉 미드, 주마 뤼디거 칠웰(노리고잇음) 세자르 or 제임스 첼시 스쿼드 개좋아졋네",0개
73,꼬북이아빠,와아아아아아ㅏ아아아아아아앙아ㅏㅇ아아ㅏ아아,0개
74,찬우,드맨이 보인다 보여ㅠㅠㅠ제발,2개
75,즈믄,13:30 브베,0개
76,김정근,네!방.구.석.토.크.입 니.다! 나만 이게 웃김?ㅋㅋㅋㅋ,0개
77,Tnalshall,사실 첼시랑 스타일이 좀 다르긴 한데 그래도 너무 기대된당,0개
78,노라라,"지예시, 베르너 둘 다 좋기야 좋은데 발동조건이 있는 애들을 다 델꼬 왔네",0개
79,김승연,마리나 누나 진도 넘 빨라 ㅋㅋㅋㅋ,0개
80,간장개장,지루 수염 밀은 사진 봐보세요. 개존잘임,1개
81,HwanseokKim,근데 베르너 그렇게 못생긴건 아니지 않나ㅋㅋㅋ,0개
82,TheMax72382,첼시팬으로서 행복회로 진짜 터지기 직전이다,2개
83,박헌우,진짜 오면 좋겠다,0개
84,Nuki,첼시 너무 좋다!!!!!!!!!!!!!!!!!!!,0개
85,Dissilent,"아핫 오늘 기분 좋은 소식이 있네 ㅋㅋ
근데 이런식이면 이제는 산초는 포기해야 할것 같네요",0개
86,남최용준,개빠르다 ㅁㅊ ㅋㅋ,1개
87,어불성설,오 뭐야 ㅋㅋㅋㅋ 첼시오네 ㅋㅋㅋ 첼시팬인데 ㅋㅋ 개꿀 ㅋㅋㅋㅋㅋㅋㅋ,6개
88,손윤수,제발 꽃길만 걷자,1개
89,광포한광냥이,베르너 독일 국대에서의 모습이 있어서 조금 의심 되긴함 스트라이커의 무덤인 첼시에서 살아남을지 흥미진진하네요 ㅋㅋ,0개
90,박서현,13:04 정....력??,0개
91,박성진,이렇게 된거 저렇게 의심가는 선수 말도 돈을 더 주고 하베르츠나 다른 플메 하나 데려오자,0개
92,정현,제발제발  와주라ㅠㅠㅠ,0개
93,이번인생은글렀어,첼시로 fm 하는데 ㄹㅇ루다 베르너 오지게 좋음.,0개
94,박홍민,와 영상찍는 속도 존경합니다. 형님들,0개
95,안성준,"와 첼시 젊은팀인데다가 이 선수들이 꾸준하게 잘해주면 짧은 기간안에 무서운팀 될 수 있을 것 같다
뉴캐슬도 인수 되면 PL 진짜 재밌어지겠네 다음시즌 넘 기대됩니다",0개
96,정권화,황조오오옥 체에에ㅔㅇ시이이⚽️💙💙💙💙💙,0개
97,K4NTE,첼시정보 올려줘서 감사합니다~,0개
98,BNBNJ,지예흐 타미 풀리식 베르너 길모어 마운트.. 너무 기대되네요 블루스 화이팅 !!,0개
99,inatbbangttua,이스타는 전설이다,1개
100,3,"리버풀팬인데
진짜 졸라 답답해요,,,,,하,,,,",5개
101,디에고시메오네,종윤이형 일름보야? 왜 자꾸 이를테면이래,1개
102,SpringFear,나이스!!,1개
103,에휴,코로나 사태 누가 가장 손해인가?로 영상 한번 찍읍시다,1개
104,전정식,임아다 ㅋㅋㅋ,0개
105,한선영,베르너 진짜 못생겼네 ㅋㅋㅋㅋㅋㅋ 흑인인데 얼굴도 못생겨 축구만 잘해라 제발 ㅋㅋ,0개
106,clusiveel,"나만 토레스, 모라타 행 할 거 같냐.. 국대에서처럼 항상 잘한것도 아니라",0개
107,신승우,아니 첼시 잘생긴 백인선수라도 영입해서 유니폼 팔 생각이나 하지 왜 못생긴 흑인 선수를 영입해 ...,0개
108,정민욱,진짜 여기에 산초까지 데려오면 향후 유럽축구는 첼시가 꽉 쥘수도 있겠다,0개
109,노르웨이숲,개에바임 베르너 개망해서 분데스로 돌아갈것 같은 안좋은 삘이..베르너는 솔직히 라이프치히 계속 있다가 뮌헨갈줄 알았는데..,0개
110,요타,행복첼시~~,0개
111,hoC,1:13 임’아다’마 트라오레,0개
112,김이삭,13:04 추멘 앞에서 선넘는 번개맨,0개
113,박준하,"이건 너무 리버풀이 안일했다 
여름에 그래도 빅영입 한명정도는 필요하지 않을까 싶은데....",0개
114,Hs00,콥으로써 멘붕까지는 아닌뎁;; 그냥 그런갑다 하던데 아닌가,2개
115,갑건,아~ 베르너 진짜 몬생겼네 ㅋㅋ;;;;,11개
116,KksshhKimm,와 진짜 영상 감사해요~~,0개
117,TGK,"리버풀 현재 상황
1.훈련장에 50m 안필드로드에 60m을 사용했고 지속적으로 돈이 나갈예정
2.반다이크 알리송을 비롯한 주요선수 7명정도 재계약 준비중
3.나이키와의 계약은 유니폼 판매에 비례해서 돈을 받는데 현시국에서 돈이 안됨
4.위와같은 상황에서 무관중으로 진행하게되면 적자가 심하기때문에 조심스러운 상황",5개
118,박서윤,업로드 속도 ㄷㄷ,0개
119,램반장,오면 스쿼드 개 딴딴해지고  어려서 몇년써도 좋을것 같고 챔스도 가능하겠네,0개
120,BY,첼시 너무 강해진다..,0개
121,ycry,첼시 좋아하지만..... 베르너 너무 존잘임,0개
122,정혁,오늘 자다가 일어나서 페북 봤는데 바로 베르너 이적 소식봐서 잠 다껬음ㄹㅇㅋㅋ,0개
123,TheraphosaBlondi,이야 지에흐에 베르너....해피서킷 돌리러 갑니다,0개
124,파케,"첼시 랖치 얘기하니까 암파두 생각난다..
잘 커서 베르너 다시 만나자",0개
125,김바보,근데 베르너가 라이프치히 같이 맞춰진 팀으로써는 좋은 선수인데 국대경기보면 불안한데,0개
126,조유빈,췔시~,0개
127,JooNI,베르너 개부럽네 ㅅㅂ.... 시티 상황만 좋았다면,0개
128,곷휴밀렵꾼,아스날만 ㅋㅋㅋㅋㅋ뭔가 이상한데?ㅋㅋㅋㅋ,0개
129,WonsukCHO,"페페=베르터+지예흐
???: 야이씨!, 빨리빼~ 사카넣어",0개
130,성민,블루스 카페에서 첼시팬들 베르너 못생겼다고 오지게 자기 최면 걸던데 ㅋㅋㅋㅋㅋㅋㅋㅋ,2개
131,woisang,타미랑 다른 유형의 공격수에 서로 적절히 경쟁 할거 생각하면 진짜 잘 어울린다,0개
132,곽준,과연 백인 존잘 스트라이커 계보를 깰수있을까...,0개
133,아아아,왼쪽풀백 알렉스 텔리스나 벨칠웰만 오면 담시즌 기대 엄청 되네,0개
134,불주먹보노보노,아 이스타 겁나 웃겨 ㅋㅋ,0개
135,코카콜라,"전성기에 나이 좀 먹은 선수 하나 있어야
젊은 선수들이 배울게 있다 생각함",0개
136,고대의스펙트럼,"세브첸코-토레스-모라타로 이어지는 백인 공격수 실패 계보가 멈췄으면...
그래도 뭔가 좀 불안불안하다...",0개
137,정종건,리버풀 영입 좀 해라 이러다가 0입되겠다,0개
138,하세요아룡,황첼이 오라면 와야지,1개
139,윤멋쟁이,와 미쳤다 ㄷㄷ,0개
140,김작가,리버풀 취재 기자들 요즘은 구단 대변인 수준이라.. 안필드 스탠드 중축계획 스테이 훈련장 건설은 거의 완공 수준.. 걍 딜 해서 좀 더 싸게 영입 하려다 망함..,0개
141,WOn,뜬금없이 잔류하거나 다른팀으로 가버리면 레전드,0개
142,SSUN,아주 좋아^^,0개
143,흘러가는인생,ㅋㅋㅋㅋㅋㅋㅋㅋㅋㅋ종훈이 왓비 카페 회원인거같은데???,0개
144,KOKO,"요원분들 유니폼합성 진짜 잘하시는듯
여지껏 하셨던거 볼때마다 느끼네요",0개
145,최혜성,나이스 ㅋㅋ,0개
146,,"아,,, 첼시는 흑인 스트라이커 써야하는데,,",0개
147,이종민,우리 치크도 있어요~~,2개
148,뱅수,3분만에 댓글 60개넘네 ㄷㄷ,0개
149,우진,리버풀 팬들 현자타임 존나오겠다 ㅋㅋㅋㅋㅋㅋㅋㅋㅋㅋㅋㅋㅋㅋㅋㅋㅋ,0개
150,동희정,항상 기대보단 걱정이 되는게첼시의 톱자원 영입..,0개
151,afsdddasasfds,첼시의 잘생긴 백인 스트라이커라 ..,0개
152,프로미스총수프로미스총수,비피셜이면 거의 유력하다보면 되는데 첼시가 베르너를 영입하네 이건 솔직히 예상못함.,0개
153,송민,노련한마리나가클롭을이겼다,1개
154,타디스,닭 쫒던 개 지붕만 쳐다보네,0개
155,전경배,"베르너가 그렇게 잘하던가,,,",0개
156,박태준,저친구를 놓치면 어떡하냐 아이고,0개
157,s,"오시멘 아스날
 릴 향우회",1개
158,steevejeong,"램파드의 변형 442 볼 수 있을 듯? 에브라함 베르너 투톱, 마운트 조르지뉴 캉테 지예흐 4미들",0개
159,HyunJin,진짜 베르너  첼시로 이적한다면 첼시가 무서움.... 첼시팬들 축하합니다!!,0개
