﻿,youtube_id,comment,like_num
0,안은솔,"이건 머리 튜토리얼 필수다 언니 꼭 올려줘요 ,,, 제발요 ㅠㅠㅠㅠㅠㅠㅠㅠㅠㅠㅠ",65개
1,youtubeseriez,Her hair her skin her lips everything is on point,20개
2,nicollechirinos,Un que no entienda coreano y tampoco tenga subtítulos en español lo voy aver 😂😂❤️❤️❤️,83개
3,아쁨,"왜 희주님이 바르는 립스틱은 다 뽐뿌오는지,,👄이거 헤어스타일링 하는법도 궁금해용",32개
4,dezzzym,It doesn’t have subtitles but for some reason i feel like i can understand what she’s saying after watching almost all her vid. 너무 예쁘다🥰,23개
5,jungkookpop,me encantó el maquillaje💗💗 por cierto! yoo me recomiendas alguna cushion o base para piel grasa? gracias te amooo me encantan tus videos💗💗💗💗💗,23개
6,전지은,희주님 메이크업 영상이 제일 재밌어요😭❤️ 뭔가 기분이 좋아진다고 해야될까...?❤️,22개
7,Tievoli,와 진짜 이쁘신것같아요.. 제 동생이 보길래 우연히 보게되었는데 피부도 좋으시고 인기정말 많으실 것 같아요!! 특히 목소리도 하이톤이셔서 영상보는 내내 귀도 즐거웠답니다. :D,22개
8,PamAg,"Oh i don't understand
Also me: I'm gonna keep watching to the end💗💗💗",2개
9,nuriapamela,"Hermosa como siempre. 😍
Como se que quieres practicar el español te recomiendo que veas La casa de Papel💖💖 stay safe",19개
10,MelanieVilla,"Te amo yoo!!! Me encantan tus videos sigue asi, saludos de Ecuador ❤",5개
11,BolitaMochi,"Tan hermosa, amo todo de ti,adoro tu voz 💜✨",11개
12,정진아,언니 진짜 이런 영상 너무해! 나 단발로 잘랐잖아 이 영상만 보고 머리 결정할 걸 너무 후회 중 🤤 근데 언니 뭔가 벚꽃 병아리••• 🌸🐥 이잉 너무 귀여워 깨물고 싶다 건강 조심하세요 저 임파선염 때문에 항생제 먹으면서 고생 중••• 영상으로 힘냅니다 빨리 보고 싶다 내 친구들도 언니 실제로 보고 싶어한다 내가 언니 실물 엄청 예쁘다고 자랑했어 ✌🏻 사랑합니다 병아리님 💛🐤🐣🐥,9개
13,ShavDance,That hairstyling tutorial please 😭💕,4개
14,LuBlink,"Yoo ese look del pelo te queda muuuuuy bien, te queda kawaii y te queda muy lindo con ese maquillaje, seguí así HERMOSA!!!! ❤️❤️❤️",11개
15,부루룽,ㅁㅊ 이 언니가 최고다,8개
16,ladiesnght,Te amo sos una genia😭❣️,9개
17,유지를유지하라,꺄아아아악 썸넬 미쳤다 언니 사랑해 🌷♥️,7개
18,,딱 심심할때 어떻게 알구 영상을 똭!!!곧 여름이 다가오는데 언니랑 너무 찰떡이 계절같아요💙,5개
19,soberry,언니 진짜 난 언니의 핑크를 좋아해 언니의 모든걸 사실 다 좋아해 오늘도 레전드 찍으셨다 ✨🤍,3개
20,우당탕쪈,웨이브잔뜩 언니오늘도 잔뜩 예쁘세요 💗,5개
21,ContainedFire,"I love how you're doing your thing with the make-up videos, but you seriously are on a level to be on cover on Vogue!",1개
22,AndyRomn,"Diosa❤👀
Haz mas videos en español! Porfis 😍❤",5개
23,방소현,희주님 오늘 진쨔 조녜에요ㅠㅠㅠ❤️혹시 이 영상에서 하신 헤어 스타일링 방법도 영상으로 올려주실 수 있나요??🥰🥰🥰,2개
24,닝닝냥냥비뱌뷰,와 진짜 안어울리는 색깔이 뭐에요 핑크도 어울리고 주황도 어울리고 언니 hoxy..유니콘?,9개
25,KimYerin,"언니 너무 예뻐요ㅠㅠㅠ 인트로부터 미쳤,,,❤️❤️",3개
26,밍밍,썸넬.... 화보인줄...ㅠㅠ 그으냥 존예에여ㅠㅠㅠㅠ 머리는 왤케 또 잘 어울려서 우는중ㅠㅠㅠ 이번 화장도 또또 찰떡이네요!!! 영상 맨날 올려주세요ㅜㅜ,0개
27,럽멜,허어어어얼 진짜 쫀예 아닌가여 ??? 사랑해영💖💝🐣,3개
28,Nika,Me encanta ver tus videos antes de que les pongas subs para practicar mi coreano (escuchando) y vuelvo a ver el video con subtítulos para saber si me equivoqué o no hahaha. Como siempre te ves super linda <3,3개
29,arinct,핑끄 메이크업 너무 예뻐요 ㅜㅜㅠㅜㅜ 생얼도 예쁜 희주언니 🥺❣️,1개
30,디카프리오왕자님,러블리가 사람이라면 바로 언니 당신 ❤️😆,2개
31,valentinacastro,"Heejoo es tan diva, me encanta!",3개
32,Jooniepop,YOU ARE SOOOOOOOO ADORABLEEEE AND PRETTY,3개
33,정다휘,ㅜㅜㅜㅡㅡㅠㅜㅜ 완전 핑크빛 그자체잖아요ㅠㅜㅜ,1개
34,진서,정말 이 언니ㅠ 항상 볼 때마다 하이틴 영화 주인공 같아요ㅠㅠ🤍🤍🤍🧝🏻‍♀️⭐️✨ㅠ존예,1개
35,비비빅정재현똥꼬,와 너무 이뻐요ㅜㅠㅠㅠㅜㅠㅠㅠㅠㅜㅠ으갸갸갸갸,1개
36,Sanshine,HERMOSAAAA ❤️,7개
37,NaomiDenisse003,"¡Me encanto tu maquillaje! 😍Yoo's beautiful,  y si haces un video imitando el maquillaje latino ? Seria muy curioso ver como te queda a ti el maquillaje fuerte ♥️. Saludos desde BC, México.",3개
38,nrhy,진짜 피부 무엇..ㅜㅠ,0개
39,혜성,썸네일 보고 머리 튜토리얼도 같이 있나 해서 들어왔는데 없네유ㅠㅠㅠ 다음에 시간 되면 꼭 올려주세요 넘 이뻐요 ㅠㅠㅠ,0개
40,삥뽕,오마이갓 ㅜㅜ 당신 넘 예뻐ㅜㅜㅜㅜ❤️,0개
41,SonneLee,진짜 이런 쨍한 핑크가 잘어울릴 수 있다니 넘나 대단하고.. 머리도 찰떡이네요. 저도 헤어 튜토리얼 보고 싶어요!!,1개
42,여니,히주언니.. 핑쿠도 찰떡.. 오늘 메이크업 영상 보니까 왜인지.. 언니가 만들고 있다던.. 립 올른 보고싶어졌어요ㅠㅠ!!!!!,0개
43,okeydokeysmokyeee,전 어케 딱 11시반에 일어난가죠..? 텔레파시><,2개
44,베어,넘 예뻐요ㅠㅠㅠㅠ,0개
45,박은비,"이뻐,, 언니 너무이뻐요,, 정말 그말뿐 ㅠㅠ 사랑해여 증말룽❤️❤️❤️",0개
46,오름oreum,희주님 항상 네일아트가 독보적인 거 같아요 :') 디자인은 네일샘이 정해주시는건가요? 어디에서도 볼 수 없는 ㅠㅠ 넘 예뻐여,1개
47,써유니SSEOYOONY,언니 사랑해요 진짜,2개
48,방탄사랑,희주님 오마이걸 승희 닮았어여!존예...♡,1개
49,dams,헐ㄹ렁ㅇ헐ㅇ엉ㅇ 언니는 뭐든 다ㅏㅏ어울리고 이뻐용ㅠㅠㅠ 목걸이 어디꺼에요?????,0개
50,유멍멍,언니가 바르면 뭐든지 예뻐... 언니 평생 영상 올려줘여😣❤️❤️❤️,0개
51,eunkyulKim,목소리 진짜 너무 좋으신것 같아요!!❤️❤️❤️      웜톤이시라고 들었었는데 (맞는 정보인가요?)핑크가 진짜 너무너무 잘 어울려요!! 사랑해요❤️❤️❤️❤️,0개
52,민카,희주언니 인스타 보자마자 달려왓슴돠💗,1개
53,졍국,너무이뻐 자쥬올려줘요ㅜㅜ❤️,1개
54,팡궁디팡,와 얼굴 줌한거 항상 궁금했는데 멀리서 보던 그 피부 현실이었네...완벽한 당신..,0개
55,쁘띠,빠글빠글 머리 너무좋아요ㅠㅠ 저두 요즘 펌해서 저런느낌인데 메이크업도 한번 참고해야겠어요😚,0개
56,혜원,일어나자마자 언니 영상 .. 난 오늘 운 다 쓴게 분명해 ... 사랑해 ♡ ❤️,0개
57,김아영,요즘 언니 영상만 보고 있어요ㅜㅜㅜ넘 이뻐,1개
58,김미애,알바 끝나고 보는 영상 너무 행복해요ㅠㅠ 황금연휴에 일하는 사람 저여저여..ㅎㅎ 그래도 언니영상보고있으니까 진상들때문에 스트레스 받은게 다 사라지는중ㅠㅠ❤️ 오늘 진짜 너무너무 귀엽고 진짜 너무너무 이쁘고💗💗 오늘 해어스타일도 그렇고 메이크업도 너무 이쁘고 진짜 아름다움 끝판왕!!❤️❤️,0개
59,BonnyBonny보니보니,넘무 죠아용 원래도 이뿐데 더 이뿨 U R so pretty😍,1개
60,방울토마토,아 색 천재,0개
61,기미찡Msfreckles,말할 때 자꾸 보이는 희주님의 귀여운 아랫니 두개가 너무 귀엽고 사랑스러워요🥺❤️,0개
62,은제로,공주님이당 진짜루 ... 히주공주님🤍💖,0개
63,남주혁NARAE,"머리 웨이브넣은거 넘예쁘댜 먹방브로그 다이어트브이로그도 재미게따요 언닌 오늘영상도 체고야,,,💖💖",0개
64,UUuu,언니 영상보면서 힐링할께용❤️🥰,1개
65,정윤서chyoonsir,요즘 희주님한테 빠져서 어제도 하루종일 희주님 영상들만 봤어요..❤️,1개
66,김채은,이거 보자마자 섀도우 팔레트 바로 샀잖아요!!! 색이 너무 예뻐요 진짜 ㅠㅠㅠㅠ,0개
67,Arii3,"Ayy sos tan hermosaa, te re admiro x tu linda personalidad y x tu conocimiento he aprendido mucho de lo que me gusta con tus videos..saluditos desde Argentina TE QUIEROO!!💖💖😙",3개
68,모모,희주님 렌즈 모끼신거에용~~?!!! 넘나 영롱쓰,1개
69,JJ,"오마갓 썸넬 레전드에요 ,, 후 ,,, 그리구 희주언니 룩북 존버 중,,,,",1개
70,maroni,흿쮸 싸란해〰️〰️〰️❤❤❤,0개
71,황둠칫Doomchit,언니 오늘도 예쁘시네요❤️,0개
72,nayeongkim,언니 나 바로왔어요 잘볼게용💓 겟레디윗미 20분 30분짜리도 만들어주라주❤️❤️,1개
73,지윤지윤,희주언니 겨울쯤?에 홀리카홀리카 팔레트 써서 화장한 영상 저만 못 찾고있나요ㅠㅠ너무 보고싶은데 어떤건지 아시면 꼭좀 알려주세용...아무리 찾아도 안 보여서ㅜ,0개
74,DaniellaMedina,"your makeup looks wonderful! as does your hair!! 💘😭 could you maybe do a hair tutorial on it? if it's not too much trouble? love you girl, take care!",0개
75,brithanydelatorre,I love hoy 😊,1개
76,melody24,예쁘다😍,0개
77,장혜민,"언니는 대체 피부가 왤케 맨질맨질 이뻐요??
너무 이뻐요 다❤️❤️",0개
78,이수민,언니 파데프리 메이크업 해주쎄요 !!!!!,0개
79,MayerliAriza,Aunque no entendí nada buen video :v saludos desde Colombia,3개
80,Happyrim혜림쌤,즹맬르 히듀는 안어울리는 톤이 머야~~,3개
81,밍꾸꾸,언니 깁미 하트 ෆ,0개
82,김연희,존예탱구리 넘나 이쁘심 ㅎㅎㅎ 붙임머리 어디서 하셨나요??,0개
83,biaaaLee,잘봤어요 언니.. 사랑합니다 ♥♥♥♥,0개
84,HouseYOYO,온닝 연애하더니 미모가 뿜뿜포텐터져요 체리같이💓,0개
85,아름Areum,아 언니 너무 예뻐요 ...💗💗💗💗,2개
86,이채연,사랑해요 히주언니 ❤️❤️❤️🥺,0개
87,김콩이네Kimkongshouse,너머 아름다워...🌸🌷💗,0개
88,김가영,디즈니 공주님해죠요..! 공주님이다공주님..💕,1개
89,Marieking,Hola amo tus maquillajes primero al que llego a tiempo 💖💖amoo,2개
90,넝이,희주님 헤어영상도 쫌 찍어주세요 특히반머리 존예,1개
91,YisethBotello,Te ves preciosaaa😍,3개
92,시연늬,희주언니 스페인 말로 하는 메컵도 잘 봤는데 이 영상두 너무 예뻐요 힐링하구 갑니당!!,0개
93,김예지,요새 점점 러블리해지는거같아용 !! 영앤리치프리티다하쎄여🥰 이제 베스트드라이버 희주님이지만 항상 안전운전하시고 건강잘챙기고! 우리오래오래 보아용💖💖,1개
94,JJ,희주님 새 차 뽑으신 거 축하드려요 😍 저도 나중에 차 사게 되면 큰 거 몰고 싶더라구요 ㅋㅋㅋ 면허를 1종으로 따서 학원 다닐 땐 항상 트럭 몰았었는데 희주님 말씀처럼 큰 차는 시야가 탁 트여서 너무 좋아요 ㅠㅠㅠ 일반 승용차 모니까 땅에 붙어서 다니는 느낌이 들었었어요 ㅋㅋㅋㅋㅋㅋ ㅠㅠㅠ 희주님 오늘 전체적인 룩이 완전 하이틴 영화(or드라마) 주인공 같아요 발랄쓰 💖💖💖 편안하고 행복한 연휴 되세요옹~~!,0개
95,조주현,젤이쁜거얄쥬?,0개
96,Jeicyncanal,Hazlo en español 😞,2개
97,유정,웨이브 찰떡!! 웨이브 머리 자주 해주세요!,0개
98,baebae,포됴메콥🍇,0개
99,무드은moodeun,희쥬 사랑해 ෆ,0개
100,밍꾸,희주언니 분위기 정말 부럽네요🙌🏻👍🏻,0개
101,21AlejaQuintero9A,"Ohh! Estaba en clases en línea cuando subiste tu vídeo :'D tuve que salir!!

Por cierto! Para practicar tu español has un DRAW MY LIFE para explicar tu vida acá en Colombia y todo eso❤️❤️
 
행운을 빕니다!❤️❤️",1개
102,문주희,언니 미모보고 지나가던 개미도 놀라겠어요.. 요즘 핑크 메이크업에 관심생겼는데 언니가 딱 !! 😍,0개
103,AlexSaide,너무 이쁘세용 ㅠㅠ 저도 며칠 전에 바닐라코 파운데이션을 샀는데요 혹시 누가 컬러랑 바닐라 색상이랑 큰 차이가 있나요??,0개
104,SamDonne,❤😍 from Amsterdam,1개
105,이여진,하 존예,0개
106,kimtaehung,انا معجبة بطريقة وضعك للمكياج عنجد واو 😍💜💜💜,0개
107,1993thLee,원피스?정보 부탁드려요ㅠㅠ,0개
108,MaribellTatianaSarriaFernandez,Deberías de ser modelo o idol. Eres hermosa!,1개
109,앙꾸,머리고데기하는법도알려쥬세요오오..💖언니는사랑..🥰🥰,0개
110,지원박,목걸이는 어디건가요 ?! ❤️❤️,0개
111,LandieYao,I can't wait till we get English subtitles <33333,1개
112,Yoongi,نتي ماشاء الله كتحمقي 😍❤️,1개
113,DuraznitoPintor,"yoo´s es muy hermosa !!! me encantó el maquillaje, y su cabello se lució uwu, espero, si tienes tiempo, hacer un video de tu rutina de cuidado de cabello
SALUDOS !!",0개
114,dmmore,Para cuándo nuestro video para las que hablan español??? 😣😣😣😣😣😣😣😣😣😣😣😣,6개
115,꼬추쪽쪽,저런 촌티핑크를 소화하는 분이있구나,1개
116,모모,히잉 예뽀요,1개
117,눈누난나눈누난나,옷 이뻐요오오 알려주실수 있나용,0개
118,suriasolis,당신은 너무 귀여워요 .💗,0개
119,전지현,언니 저 에스쁘아 비글로우 파운데이션 22호 쓰는데 21호 살까요 23호 살까요ㅠㅠ??,0개
120,Stayconfident,머리하는것도 보여쥬세욧🙊,0개
121,SprinkleKindness,pink makeup really suits you 💗 anw your such a beauty ☺️,0개
122,NgocNguyen,OMG where did you buy that dress? it looks so cool.,0개
123,양지원,온니 제 댓글이 보이시나요!!!!!!!!!!!??????사랑해요!!!!!!!!!! 😘,0개
124,엘리Ellie,머리 너무 예뻐요💗,0개
125,장수빈,바닐라코파데 진쨔..좋더라구요,0개
126,lorena,muito linda ♥️,0개
127,큐링,언니 여름 패션하울 해주세욥...!,0개
128,,I love you pretty😭😭💜💜,2개
129,Yassminemjati,"You are so beautiful 🥺💕
I love you ❤❤",1개
130,Juan,Es una mezcla entre Sulli y Yooa (Oh my girl) :o,0개
131,,全部のパーツがかわいくないけど、メイクうまいから雰囲気でるんだよね。メイク本当に大事だな～,0개
132,CeriClark,Skincare routine! ❤️,0개
133,마이멜로디,"항상 느끼는건데
네일넘예뻐요
한번씩자세히 보여주세요
캡쳐해서 해보고싶어요
목걸이도 정보주세용~~",0개
134,Sydney,What are your top 3 favorite foundations?:),0개
135,LuNascimento,😍👏👏,0개
136,김연탄,희주님 머리 방법 알려주세요!!,1개
137,drtj8,"당신은 메이크업없이 아름답습니다.
🤤❤️",0개
138,PoppyKim,벚꽃톤업 프라이머로 파데프리 메이크업 해도 괜찮을까요???,0개
139,ManarOsman,You look amazing 😍😍 can you put   English subtitles to your vedios please 😍😅,0개
140,TorrieDang,you’re so pretty!!,0개
141,ClaudiaNolasco,😍,1개
142,Sanaaburas,اووه جميييلة🥺🤍🤍🤍예쁘다,0개
143,EsmeraldaSanchezValle,Te amoooo eres hermosa <3,0개
144,dafwestr,"Hola, eres una chica hermosa, rara vez veo a una coreana que sea ves tan preciosa sin maquillaje! Tu rostro es hecho por los mismo Dioses ajskdsksj eres hermosa, amo tu piel ❤️",1개
145,KendraVital,Divina como siempre!❤ Gracias por alegrar mi cuarentena con tus vídeos ❤✋🏻👌🏻,0개
146,ValeriaOspinaFonnegra,Me encanta parce  <3 <3 <3 <3 <3,0개
147,VictorArtRodriguesCruz,"Llegue temprano, adoro tus videos 🥺❣️❣️❣️",1개
148,thaongn,how did u style ur hair 🥺 so lovely,0개
149,EsmeraldaSanchezValle,No entendí nada pero me encantó 😂❤️,0개
150,LilianaMiranda,"Más vídeos en español, porfa!!!! 🙏🙏🙏🙏",0개
151,mica,Hee-joo nunca te salen granitos? Tenes algun secreto para prevenirlos? Tenes una piel perfecta !✨💗,1개
152,Queenofthorns,"El cabello ondulado se te ve igual de HERMOSOOO🌸👌🏻💜💜💜 Y tu maquillaje como siempre, es super cute y bello🥰🥰🙌🏻♥️ Saluditos🤗💖",0개
153,HanaLux,"De verdad te admiro tanto, te quedó muy bonito el maquillaje y eres tan preciosa 🥰",0개
154,,わかりませんでした,0개
155,hellolindasau,Hair tutorial? 😍😍😍,0개
156,AlexandraInzunza,En españooool😥,1개
157,MirandaRamos,"que linda ereeeess, muy lindo maquillaje por cierto💗",0개
158,BrunaRodrigues,Amei a maquiagem estava muito linda 😍❤,0개
159,quewhea,"Que piel tan perfecta que tienes!! 💓
Yo la tengo toda fea :(",1개
