﻿닉네임,댓글,좋아요수,날짜
안지안,"#보호종료아동을위한커뮤니티케어센터 안지안입니다 ㅎㅎ 좋은기회로 보호종료아동을 알릴 수 있고, 많은분들이 저희를 응원한다는 것을 알고, 힘차게 살아갈 힘을 주셔서 감사합니다❤ 새롬님과 롬앤에서 달아주신 날개로 더 힘차게 날겠습니다❣",243개,2020. 5. 30.
김첨지의럭키데이,헉 이분 얼굴이 낯이 익다 싶었는데 무엇이든 물어보살 나오신 분이군요..!!!,39개,2020. 5. 30.
이영은,진짜 롬앤분들이 고민많이 하셔서 캠페인 만드신게 느껴져요ㅠㅠ 너무 멋있고 저도 제품 나오면 구매할게요!,46개,2020. 5. 30.
윤햇님,이 캠페인을 계기로 기부에는  재능기부를 뿐만 아니라 이로인해 정서적 지원을 할 수 있다는 것에 대해 대중들의 인식을 바꿀 수 있었음 좋겠어요!,13개,2020. 5. 30.
봄봄,뷰티 회사에서 처음보는 프로젝트다,79개,2020. 5. 30.
자축인묘진샤오미배터리,지안님 뭔가 낯이 익다거 생각했는데 인간극장에사 봤네요!!!! ㅠㅠㅠㅠ 반가워요,14개,2020. 5. 30.
다미다,"예전에 거리의만찬 이라는 프로그램에서 보호종료아동에 대해 접하고나서 ‘보호 종료 아동’이라는 단어로 인한 편견? 그 단어로는 담을 수 없는 ‘청년’ 그 자체로서의 꿈과 가능성을 한껏 응원하고싶다는 생각을 했었는데, 이런 캠페인 진행 그리고 진정성이 가득 담긴 캠페인 소개 영상을 보니 역시 롬앤과 개코님~이라는 생각이 드네요🙆🏻‍♀️",5개,2020. 5. 30.
김규리,헐 언니 왜 하루나 기다리게 해요 ㅋㅋㄹㅋㄹㅋㄹㅋ 인스타에서 봤던 그 웃픈 상황 ㅋㅋㅋㅋㅋㅋㅋㅋ 아 내일 잘 볼게요... 흐흫ㅎㅎㅎ,94개,2020. 5. 30.
야호야호,캠페인 너무 좋은것같아요! 노력으로 일구신 지금의 위치를 감사하게 여겨주시고 이렇게 선한영향력 행사하려 하시는게 너무 멋있어요! 😊 저도 꼭 참여하고 제품나오면 구매하러 가야겠네용!❤,61개,2020. 5. 30.
최민기와최당긴기,"이래서 롬앤을 안사랑할 수가 없어요,,, 정말 뷰티회사가 노력해서 받은 사랑을 기부로 풀어내는 회사 흔치않은데 대단하세요. 보호종료아동 주변에서는 많이 본 적이 없고 잘 몰랐던 터라 신경써서 알지 못했는데 감사합니다. 저도 물어보살 보고 인상깊었는데 인트로에 나오신 분이 지안님이신지 몰랐어요..!! 저도 슬로건 공모전 참여 해 볼게요:) 앞으로 화장품 구매할 일이 있으면 무조건 롬앤안에서 고를게요,, 물론 벌써 그래왔지만,,",62개,2020. 5. 30.
박선하,대에에ㅔㅔㅔㅔ바가아ㅏㅏ,16개,2020. 5. 30.
Jimimi,"취지 정말 좋아요 ㅠㅠㅠㅠㅠㅠㅠㅠㅠㅠㅠ 이렇게 선한 영향력을 행사하고 선한 힘을 퍼트리는거 너무 좋아요 보호종료아동 많은 사람들이 아직 많이는 인식하지 못하면서도, 지나쳐서는 안될 중요한 문제 중 하나라고 생각했는데 너무 좋은거 같아요! 꼭 구매할게요 이번 시리즈를 넘어 다른 조명이 필요한 분들에게도 이어지는 지속적인 콘텐츠가 되었으면 좋겠어요 롬앤의 선한 영향력을 응원합니다!",5개,2020. 5. 30.
토마토맛토,"막 사회에 첫발을 내딛기 시작한 보호종료아동에게 롬앤의 화장품들을 선물해도 좋을 것 같아요! 보호종료아동뿐만 아니라 저소득층 한부모가정(특히 아버지와 사는 자녀들), 미혼모 등 대상을 확대해도 좋을 것 같단 생각이 들었습니다:)
롬앤의 CSR 활동 앞으로 더 기대할게요💕",3개,2020. 5. 30.
내매력에빠져봐,"이런 좋은 프로잭트 만드신 개코님,롬엔 관계자분들,등등 적게 일하고 많이 버세요 ㅠㅠㅠ  이런 선한 영양력 유튜버 너무 좋습니다 ㅠㅠ",3개,2020. 5. 30.
써니s,지금 일요일 9시 30분인데!! 아직 85분이나 남았다능ㅋㅌㅋㅌㅋㅋㅋㅋㅋㅋㅋ,4개,2020. 5. 30.
이세상가는사람100년전,기대합니당 계정이 삭제되서 바꿨어요.....그래도 바로 찾아서 구독했어요!! 히히,5개,2020. 5. 30.
지연이는얼땡중,"저도 tv에서 안지안 봤어요
보호종료아동에 기부도하고 너무착하셔요",5개,2020. 5. 30.
지민,꼭 할게요 언니 !,5개,2020. 5. 30.
쨍jjaeng,"정말 너무 신선한데 따뜻해서 진짜 좋은것같아요ㅠ 캠페인도 참여했고, 제품도 나오면 꼭 사겠습니다!❤🙋🏻",1개,2020. 5. 30.
방울토마토,취지가 너무 좋아요 언니.. 나 이런거에 감동받네... 와엠아크라잉,3개,2020. 5. 30.
김하은,"아 취지가 너무 좋아요ㅜㅜㅜㅜ 롬앤, 개코님 모두 너무 사랑해요 나오면 진짜 다 살거예요🥰❤️❤️❤️",1개,2020. 5. 30.
OE,하루낰ㅋㅋㅋㅋㅋ,2개,2020. 5. 30.
은빛시내,안지안님 무물보에 나오셨지않나..?,5개,2020. 5. 30.
노서하,뭐죸ㅋㅋㅋㅋㅎㅎㅎㅎ💕💕💕,2개,2020. 5. 30.
jeifrom,취지 너무 좋은거같아요💞 꼭 참여하겠습니다✨ 개코님 화이팅💞 롬앤 화이팅💞,15개,2020. 5. 30.
주해란,"사회적 취약계층까지 함께 하는 롬앤 멋집니다^^♥
이작은 시작이 보호종료아동을 돕는 계기가 되길 바랍니다!!
롬앤화이팅^^
그리고 지안이도 화이팅!!",1개,2020. 5. 30.
CHERISH,얼마전 인간극장 재방송에서 봐서 개코님 보고 꽤나 반가웠고 언제쯤 컨텐츠가 나올까싶었는데 너무도 좋은 취지의 프로젝트가 나왔네요~ 열심히 생각해봐야겠어요!!,1개,2020. 5. 30.
박연서,너무 이쁜생각이네요 !! 역시 롬앤 ㅠㅠ,1개,2020. 5. 30.
민아,오완전 너무 좋은것 같아용ㅠㅠ!!,1개,2020. 5. 30.
손하연,보호종료아동 중요한 문제에요:) 저도 사회분과에서 사회문제 여럿 공부하다보면 늘 마주치고 요즘 중요시하게 여기는 문제더라고요. 좋은 의도의 프로젝트 너무 멋져요 롬앤 화이팅...☺☺,1개,2020. 5. 30.
나미자까,헐 모야모야 하루 너무 길잖아요ㅠㅠㅠ,1개,2020. 5. 30.
펀치,ㅜㅜㅜㅜ흐엉 언니 너무 멋잇어요,1개,2020. 5. 30.
나연,역시 내 사랑 롬앤..........진짜 사랑훼..,0개,2020. 5. 30.
빛한,진짜 멋있는 사람들이 하는 멋있는 일 이걸 롬앤이 합니다! 진짜 롬앤은 볼 때 마다 느끼는건데 멋있는 거 같아요 화장품 만드는 것도 엄청난 퀄리티로 일을 할 때도 멋있고 이런 것도 기획하시고 그래서 제가 들어가고 싶은 회사 1등 이지 않을까요??ㅎㅎㅎㅎ 열심히 롬앤에 들어가면 필요한 사람이 되기위해 공부하고 있어요 !!! 롬앤&개코님 사랑해요❤️❤️❤️,0개,2020. 5. 30.
사랑해요윤지언니,"방금 참여하고 왔습니당 !!
이런 선한 캠페인을 열어주신거에 너무 감사하고 많은 노력이 담겨있는만큼 그 노력이 헛되지 않게 열심히 참여하고 관심을 가지겠습니다 💜💜 늘 노력해주셔 감사드릴다름입니다",1개,2020. 5. 30.
이개미,멋져요 멋져요~ 응원하겠습니당~!!ㅋ,0개,2020. 5. 30.
,헐 대박 개코님 진짜 사랑해요ㅠㅠ 앞으로도 개코님 영상 챙겨보면서 좋은 정보 얻어갈게요 !! 생일 축하드려요 !!,3개,2020. 5. 30.
Cloudnwm,너무 멋져요 언니 ♡ 꼭꼭 저도 참여할게요!,0개,2020. 5. 30.
3전예은,이거보고 인간극장 다시보기하러 갑니다 총총,0개,2020. 5. 30.
박선하,대박대빅,2개,2020. 5. 30.
너굴너굴,진짜 고심많이 한 프로젝트인게 느껴지네요!! 그런데 보호종료 아동을 지원하는게 아니라 인식개선을 위해 기부금을 쓴다니 생소하네요 세부적으로 어떻게 쓰일지 궁금해요~!,1개,2020. 5. 30.
지니어스애플,언니 여름 맞이 체리립 바르는 영상좀 보여주시면 안돼나요? 여쿨인데 체리립 바르는 영상 보고싶어서요ㅜㅠ,0개,2020. 5. 30.
노가리곰,역시 재밌어요...,0개,2020. 5. 30.
조영팔,너무 좋네요 롬앤,0개,2020. 5. 30.
윤STYLE지,왕 !! 3뽜,2개,2020. 5. 30.
구름빵,너무 멋있어요 응원해요,0개,2020. 5. 30.
미남좋아,"언니 생일 축하해요! 언니는 제가 태어나서 처음 구독해본 뷰티블로거이자, 유일하게 챙겨보는 뷰티유튜버에요. 8년 전 언니 블로그를 처음 들어갔을 때 화장은 저렇게 하는 거구나, 세상엔 저렇게 많은 종류의 화장품이 있구나, 하고 감탄했던 제가 생각나요. 그리고 언니의 일상포스팅을 보며 나도 저런 멋진 대학생이 돼야지! 했지만...현실 속 대학생은 평범 그 자체더라구요ㅋㅋㅋㅋ지금도 종종 블로그 들어가서 옛날 포스팅을 보곤 해요. 언니 블로그는 입시에 찌든 고딩이 쉴 수있는 유일한 공간이였거든요. 그때 게시물을 읽으면 저때의 난 저랬었지~하는 생각이나서 왠지 아련해진달까....ㅋㅋㅋ 뭔가 오래 간직해온 보물상자 열어보는 느낌이에요. 이런 예쁜 보물상자를 선물해줘서 정말 고마워요 언니. 5글거리는 말이지만 그냥 언니의 존재 자체는 저에게 큰 위안이 된다는 것만 알아주세요!!ㅋㅋㅋㅋㅋ생일 완전축하드리고 결혼하고 맞는 첫 생일인 만큼 최고의 날을 보내시길 바랄게요!",17개,2020. 5. 30.
장소현,너무 아름답다,0개,2020. 5. 30.
고소미소미,언니 나 오늘 못 잘듯 궁금해 죽어,0개,2020. 5. 30.
양홍원빵사왕,어허허허허허허허허헣ㅎ,0개,2020. 5. 30.
deugeu드그,"흠 편집자님이거나 저번에 공지에 올리셨던 거 아닐까아 ,,",5개,2020. 5. 30.
6시내고환,언니 모야모야모야모야,0개,2020. 5. 30.
자비,모모모모모모야모야모야,1개,2020. 5. 30.
옌향,참여는 어디서하나요??,0개,2020. 5. 30.
Youtube쏘니아,"취지 너무 좋은것같아요ㅜㅜ
프로젝트 참여할게요..  롬앤 완전 제 최애브랜드됬어요ㅜㅜ",1개,2020. 5. 30.
박선하,오오오,1개,2020. 5. 30.
이다영,롬앤 진짜 칭찬해💜🙆‍♀️💜,0개,2020. 5. 30.
이름없,꺙,0개,2020. 5. 30.
DeenahBaig,Love you and your makeup skills so much 💕,3개,2020. 5. 30.
미월드스트리밍채널또,.,0개,2020. 5. 30.
HQz,😍😍😍😍😍😍😍,0개,2020. 5. 30.
봄희,"먹고 살기도 힘든 판국에 누가 누굴 도와줘.. ㅋㅋㅋ 고아원 애들도 지들이 자립 할 때 되면 지들이 알아서 해야지.. 부모가 있어도 부모 그늘에서 살지 못하고만..
돈 아깝다..",0개,2020. 5. 30.
,"هايي🙂💙


Hi🙂💙",2개,2020. 5. 30.
SaeromMin개코의오픈스튜디오,"⭐️⭐️⭐️⭐️2020년 5월 6일 오후 3시 OPEN!⭐️⭐️⭐️⭐️
(5월5일에 보고 계신 여러분! 내일 오픈됩니다 ㅎㅎ 오늘 아니에유!)


🎁A박스
78%할인 186,000 → 39,900 무료배송
https://smartstore.naver.com/a_coi/products/4908757718


1. 롬앤 제로 레이어 립스틱 - 15,000
2. 롬앤 베러 댄 치크 - 12,000
3. 피카소 꼴레지오니 14 블러셔 브러쉬 - 32,000
(아래부턴 A,B 공통 구성품 입니다.)
4. 웰라쥬 원데이 앰플 키트 (4종) - 24,300
5. 로벡틴 닥터 마스크 아쿠어 5개입 - 20,000
6. 코스알엑스 하이드리움 모이스처 파워 인리치드 크림 - 23,000
7. 네이처 리퍼블릭 블랙빈 안티 헤어로스 샴푸 - 15,000
8. 헤라 셀 세럼 미니어처 - 23,750
9. 헤라 블랙 파운데이션 미니어처 - 17,000
10. 실리콘 립스틱 정리함+메세지카드





🎁B박스 
77%할인173,200 → 39,900  무료배송 
 https://smartstore.naver.com/a_coi/products/4908759794



1.롬앤 제로 레이어 립스틱 - 15,000
2. 롬앤 베러 댄 아이즈 - 18,000
3. 피카소 블랙몬스터 스펀지 - 12,900
(아래부턴 A,B 공통 구성품 입니다.)
4. 웰라쥬 원데이 앰플 키트 (4종) - 24,300
5. 로벡틴 닥터 마스크 아쿠어 5개입 - 20,000
6. 코스알엑스 하이드리움 모이스처 파워 인리치드 크림 - 23,000
7. 네이처 리퍼블릭 블랙빈 안티 헤어로스 샴푸 - 15,000
8. 헤라 셀 세럼 미니어처 - 23,750
9. 헤라 블랙 파운데이션 미니어처 - 17,000
10. 실리콘 립스틱 정리함+메세지카드




+
여러분 영상에도 나오지만,
꼭 롬앤 옵션 먼저 선택 하시고 헤라 옵션으로 넘어가셔야해요.
그래야 원활하게 구매가 가능하십니당❤️",781개,2020. 5. 4.
몽몽몽,"아 진짜 답답하네... 이런 혜자 구성이면 사람 몰릴거 당연한데 왜 본인들이 준비를 안해놓고 판매자 탓을 하지? 전 네이비즘 + 네이버 페이 연동 + 미리 로그인으로 제가 사고싶은 구성 성공 했구요, 저렇게 하니까 30초도 안걸렸어요. 그 시간을 까먹었던, 사정이 있었건, 로그인을 안해놨건, 다 본인 탓인데 대체 그걸 왜 수량 탓 재고 탓을 하죠? 본인이 똥손이거 준비를 안한거잖아요. 받아들이세요 좀. 왜 좋은 구성을 준비해주신 개코님이 욕먹는지 모르겠네요. 제품 Q&A 진짜 가관...",149개,2020. 5. 4.
아영,구매 못해서 속상한건 이해하는데 개코님 실망이라는 분들은 뭐지...,145개,2020. 5. 4.
송슬기,"네이버 스토어팜 Q&A가 난리네요
욕 적어놓고, 비리가 있니 마니 수량이 터무니 없다 어쩐다 보는 제가 다 눈이 찌푸려집니다
개코님은 좋은 마음에 설레하며 기획하고 하나하나 신경써서 준비하셨을텐데 저러니 Q&A 답변 담당하시는 분께도, 개코님에게도 참 무례한 짓 아닌가 싶네요ㅠㅠ 개코님 구독자든 아니든 우리 이렇게 예의없이 살지는 맙시다ㅠㅠ 영상 조회수만 해도 20만이 넘고 A박스 찜 개수는 2000이 넘어있었어요. 수량 터무니 없이 적게 준비한 건 절대 아니라고 보고, 너무 대혜자 이벤트다 보니 많이 몰리고 해서 1-2분만에 품절 됐을겁니다ㅜㅜ 속상한 마음 충분히 이해하지만 우리 욕하지 말아요ㅠㅠ...",275개,2020. 5. 4.
김갬굴,"진짜 수량으로 뭐라하시는 분들 엄청 많은 거 같아서 자체 수량조사라도 해볼까합니당,,,,
⭐️저처럼 성공하신분 대댓이나 좋아요 좀 눌러주세요,,,!⭐️",286개,2020. 5. 4.
,수량이 아무리 적어도 수익 내려고 만든 박스도 아니고 좋은 취지로 만든 박스고 또 이익은 전액 기부한다고 했는데 수량이 무슨 상관인가요 ㅠㅠ 본인 못 사면 수량 왜 이렇게 적냐는 식으로 불평해도 되는 건가요 🥺 댓글 좀 예쁘게 달읍시다 여러분,151개,2020. 5. 4.
자비,열심히 준비하셨는데 다들 쿨톤은..쿨톤은.. 하시니까 제가 다 힘빠짐 ㅜㅜ 새롬님 인생템이니까 새롬님이 좋아하는 색 넣으신거 일텐데.... 쿨톤색도 넣는다고 좋지도 않은 제품 넣으면 여러분도 싫을테잖아요..,336개,2020. 5. 4.
이유리,아니 이거 진짜 개미쳤는데...? 타 유튜버들이 진짜 별로인 제품 싸게 끼워넣는 게 아니라 구성품 미쳤음,316개,2020. 5. 4.
RickyMoslow,본인의 인생템 박스인데 자기에게 맞는 톤으로 당연히 구성을 하셨겠죠..,376개,2020. 5. 4.
먕먕,첫 번째라고 하셨으니 두 번째도 있겠죠..?! 아쉽게 광탈한 저는 두 번째 박스 기다리겠습니다 총총.. 큐앤에이에 욕까지 쓰는 사람 있는데 제반 비용 제외 모든 수익금 기부에 78% 할인 안 포장까지 꼼꼼히 신경 쓰셔서 열심히 기획하셨는데 광탈했다고 해서 욕까지 하는 건 좀 아닌 것 같아요 좋은 마음으로 열심히 기획하신 개코님이 보시면 얼마나 속상하시겠어요..ㅠ 안 좋은 말 쓰지 말고 두 번째 박스 기다립시다!!,142개,2020. 5. 4.
joshuaview,"좋은 취지로 기획했더니 오히려 재고가 왜 부족하냐, 실망이다 어쩐다 인스타그램이며 유튜브며 큐앤에이쪽에서도 징징대는거 보면 진짜 웜톤 쿨톤 운운은 애교 수준.. 
꼭 개코님 유튜브 아니더라도 좋은 취지로 하고싶어해도 몇몇 뷰티 유튜버들이 공구하는거 왜 두려워 하는지 알 것 같다 거지근성인지 뭔지 본인 운이 없었던걸로 역으로 감 놔라 배 놔라 하는 사람들 꼭 있고.. 글 써놓은거 보면
어쩔땐 진짜 몸서리 처질 정도로 역겨움",50개,2020. 5. 4.
yongkoon90,수량이 완전 터무니없이 적진않을거에요ㅠ 조회수가 20만인데... 저기서 1퍼센트만 사도 2천개입니다. 워낙 가격이 저렴하다보니 훨더 많은분들이 아마시도하지않앗을까싶네요. 제반비용제외 기부라니..ㅠ실패햇지만 좋은데잘쓰엿으면좋겟네요,119개,2020. 5. 4.
cukienikie,블로그때부터 느꼈지만 무엇이든 대충하는건 없는분이신거 같아요. 꼼꼼하시고 생각도 깊으시고. 항상응원합니다 ❤️,477개,2020. 5. 4.
,"한 번 쓰고 버려지는 쓰레기들을 많이 만들고 싶지 않아서 예쁜 박스를 포기했다니,,, 언니 너무 멋있어... 야무지다는 말을 인간으로 형상화하면 언니가 아닐까?",112개,2020. 5. 4.
흰둥이,구매는 못했지만 환경을 위해 예쁜 패키지를 포기했다는말에 정말 감동받았어요.  보이는거에 치중하는 요즘 시대에 뭐가 정말 더 중요한지 알고 계신 개코님! 멋있어요😘,24개,2020. 5. 4.
오레,자기들 못샀다고 뭐라하는거 진짜ㅋㅋ 개코님이 기부하는 좋은 마음으로 싸게 팔아주신 건데 그거 가지고 어이없다는 둥하는 거 진짜 보기싫다,41개,2020. 5. 4.
OE,댓글 내리면 내릴수록 유튜브나 판매는 아무나 하는게 아닌걸 실감하게된다.. ㅋㅋ 기부금이 마음쓰신만큼 좋은곳에 잘 쓰이길. 피카소브러쉬는 어차피 몰릴거 알았으니 필요한거 제값주고 사려합니다. 갖고싶은건 돈주고 사는게 당연하니까요.,38개,2020. 5. 4.
민정김,상품 Q&A는 일기장이 아닌데ㅋㅋ,36개,2020. 5. 4.
kayleekim,"진짜 이런 개코같은 분이 떡상하고 찬양 받아야될분임,,
진짜 자신의 경험을 토대로 알려주고 아낌없이 , 냉정하게 품평하고 
진짜 너무 유익한 정보들만 주시려고 노력하는 모습에 오늘도 언니가 더 좋아집니다..",101개,2020. 5. 4.
3전예은,"여러분 개코님은 봄웜톤이십니다.
개코님의 '인생템' 박스니깐 웜톤 위주의 섀도우나 립으로 구성이 되있는건 당연하다고 생각합니당ㅎ",113개,2020. 5. 4.
나하,저는 3시시험 1분 미룬다 생각하고 대기탔다가 네이버 페이 간편결제로 3:00:22초에 결제 성공했슴다 제발 못샀다고 물량이 10개밖에없었냐고 비리아니냐고  악질적으로 qna도배하시는 분들 자제좀 해주셨으면좋겠어요ㅡㅜㅜ 개코님 마음 상하실듯...,47개,2020. 5. 4.
은영,블루베리칩이나 피그피그 등 쿨톤 제품이 하나만 있었다면 고민도 안하고 바로 샀을텐데..!!너무너무 혜자롭고 좋은데 조끔 아쉬워요ㅜㅜ 립컬러 하나를 안쓰더라도 구매를 해야 하나 엄청 고민중입니당,278개,2020. 5. 4.
장윤영,"시계맞춰놧는데 결제가 느려서 실패햇네요..ㅠㅠ 아쉽지만 지나간거니 미련 안가질께요
다들 못사신분 날선 댓글 맘아파요 
엄청난 할인에 엄청난 구성 이고 
수익도 좋은데 쓰이는 일인데 못사서 속상한 마음을 개코님께 공격적으로 말 안하면 좋겠어요 ㅠㅠ",46개,2020. 5. 4.
삼식봇,"스토어팜 큐엔에이 보면 어이없다고, 재고 많이 준비 안하는거냐는 둥 산 사람이 있기는 하냐고 하시는 분들이 많은데 산 사람 봐도 있고 운이 안좋았던거지 이건 개코님 탓 할게 아닌데 왜 탓 하시는지,,",6개,2020. 5. 4.
누뉴뉸뉸,정각에 사서 성공했어요! 그냥 폰으로 수월하게 했구요!! 수량 넉넉하게 준비하셨는데 수요자가 많아서 금방 품절된 것 같아요... ㅜㅜ 더군다나 개코님은 좋은 의미에서 준비하신건데 왜 욕을 먹어야 하는지 ㅜㅜ,18개,2020. 5. 4.
먕먕,하 진짜 현생 불가... 괜히 욕심내서 크롬으로 대기티다가 결제 직전에 팝업 차단 때문에 광탈하고 아무것도 못 하고 광광 우는 중.. 언니 젭알.. 젭알 같은 제품으로 2차... 재입고 바랍니다... 제발제발제발ㅠㅠㅠㅠㅠㅠ 피카소 브러쉬 진짜 너무 갖고 싶어서 어제부터 기대했는데ㅠㅠㅠㅠ,38개,2020. 5. 4.
김지원,13:35에서 첫번째라고 하셨으니까 두번째도 있는거죠..?,14개,2020. 5. 4.
빵묵쟈,1:47 제품마다 이렇게 하나하나 설명해주고 이렇게 본인의 제품에 애정있는 사람에게 이벤트수량이 적니뭐니 욕적는사람들 제발 정신차리세요 애초에 수량 정해져있고 구매못하면 못하는거지 좋은취지로 기획한 사람에게 욕하지마세요 남한테 욕하고 비수꽂은거 본인에게 고대로 돌아갑니다.,4개,2020. 5. 4.
대복이는야옹,어제부터 2시 40분에 알람 맞춰놓고 네이버시계 키고 기다렸다만 결제창 갔는데 품절이라해서 현타온 1인,17개,2020. 5. 4.
HannaChoilee,진짜 한국은 뭔놈의 그놈의 웜톤쿨톤 ㅠㅠ,62개,2020. 5. 4.
난니가너무좋아도라에몽,완전 신경쓰신거 티 팍팍 나는데 댓글에 쿨톤 얘기밖에 없어서 저까지 마음이 쫌 그러네요..쿨톤분들 아쉬운건 알겠지만 댓글 대부분이 쿨톤얘기가 너무 많아서 괜히 개코님도 섭섭해하실거 같고...립이랑 색조는 친구한테 선물해주고 나머지만 써도 완전 혜자구성인대ㅠㅠㅠ,33개,2020. 5. 4.
신승민,산 거 기분좋아서 계속 영상 보러오는 중,46개,2020. 5. 4.
saraj,웜쿨 많이 타는 극쿨톤인데 피카소 브러쉬 하나만 있는 걸로 걍 끝났네 뭐 ㅋㅋㅋㅋㅋㅋㅋ 다른 기초들도 개이득,22개,2020. 5. 4.
민또,아니 이건 가성비도 아니고 그냥 혜자 아닌가요...? 근데 이거 언제까지 저 가격으로 파실건가요? 꼭 사고 싶은데 돈이 없어서 나중에 사려하는데ㅠㅠ,917개,2020. 5. 4.
ayj,"퍼스널컬러도 좋은데
내가 좋아하는 색, 다른 분위기를 내고
싶을 때 바르는 색 이렇게 사지 않나..
난쿨톤이니깐! 웜톤이니깐! 이건 절대 안돼면
남이 추천하는 아이템 영상은 안 맞지
않을까싶네요.. 허허...
가을웜 봄웜 여쿨 겨쿨 따로
준비해서 박스가 나왔다면 인생템이 아니라
퍼스널템인 이름이었겠죠...
쿨톤 1개 웜톤 1개 나왔어도 여쿨이랑 겨쿨이랑 둘 중 하나였을테고 갈웜이랑 봄웜하나였을텐데요..
봄웜~여쿨 이런식으로 겹치는 분이 더 많지
봄웜갈웜 겹치는 사람이 더 적죠...",10개,2020. 5. 4.
류산들,저처럼 품절이어서 못사신분 있나요ㅠㅠㅠ?,10개,2020. 5. 4.
뷔뷔뷕,"개혜자인 구성 환경까지 생각하는 센스 모든 제품에 팁+손글씨 선택지까지 있는 완벽한 구성이지만... 쿨톤은 울어요ㅜㅜ 언니,,, 어떻게 쿨톤 박스는 안나올까요......?",50개,2020. 5. 4.
하쿠랜드HAkuLAND,이번에 롬앤 신상 쿨톤이쁜거 많은데 ㅠㅠ 어째서 ㅠㅠㅠㅠㅠㅠㅠㅠㅠ 옵션 한가지는 쿨톤계열이였음 좋았을것 같아요 ㅠㅠㅠㅠ,56개,2020. 5. 4.
빛나리,미쳤다ㅠㅠㅠㅠㅠ 개 혜자에 환경 생각하는 마음까지ㅠㅠ 보통 이름을 걸고 박스를 만들면 연예인 굿즈같이 본인 자아가 너무 들어간 박스로 보기에는 이쁠지 몰라도 활용도는 없는... 구성이 많았는데 진짜 딱 구매자만 생각한 새롬님 마음이 너무 느껴져서 너무 좋아요ㅠ,35개,2020. 5. 4.
심예은,쿨톤은 뭘 사야 할까요ㅠㅜㅠㅠ 립이라도 쿨이었으면 바로 샀다 진짜루ㅠㅜㅠㅠㅠㅠ,75개,2020. 5. 4.
,"이거 아마 세시에 딱 새로고침 하시거나 정확히 세시에 들어가신분들은 많이 튕기셨을거에요ㅠㅠㅠㅜ 이 영상 조회수만 20만이기도 하구요ㅜㅜ 저는 깜빡하구 세시정각보다 2~30초 정도 늦게 들어갔는데 튕기거나 하진 않더라구요(그대신 헤라 블랙파운데이션 21호 품절..,) 못사신 분들 너무 새롬님에게 불평하시지 말아주셨으면해요,,🥰🥰😉",22개,2020. 5. 4.
우아한크루아상,"헐 ,, 진짜 3시 1분에 결제하는데 21호 재고 없다고 안 된다해서 23호로 바꾸고 하려는데 품절 ,,,,,,",6개,2020. 5. 4.
김보미,재고는 대충 어느정도인가요ㅠㅠ????? 꼭 사고싶은데 대박 사고싶은데 완전 사고싶은데,32개,2020. 5. 4.
나야,가격도 가격인데 다 기부한다니 거기다 친환경 포장지까지 개코님께 또 반했어요\\>< 이번에 못 사서 너무너무너무 아쉽지만 다음번에 또 하신다면 꼭 구매할게요!!ㅠ,8개,2020. 5. 4.
먕먕,"A에 블루베리칩이나 B에 말린 메밀꽃이 있었더라면,,8ㅅ8 하지만 안 살 수가 없는 구성... 쿨톤이 a 구성 사면 오바일까요? ㅠㅠㅠㅠ",136개,2020. 5. 4.
녕안,A에 쿨톤구성 B에 웜톤구성이면 좋았을텐데요ㅠㅠㅠ,72개,2020. 5. 4.
주은,가성비가 내려 와우,492개,2020. 5. 4.
에승,호엑...광탈   ㅜㅡ푸ㅠㅠㅠㅠㅠㅠㅠ,4개,2020. 5. 4.
쀼쀼,이런 대혜자 구성을 내가 원하는 A박스 21호로 구매했다는게 너무 뿌듯하다 ㅋㅋㅋ 아직도 기분 좋고 구성품이 대박이라 계속 들어와서 보는 중..,5개,2020. 5. 4.
뚜비뚜밥,왜 난 이걸 이제야 봤는가....,4개,2020. 5. 4.
뚜링,"언니...ㅠㅠㅠㅠ 한번만 더해주세요ㅠㅜㅜㅜㅠㅜㅜㅠ 
1분도 안돼서 품절...? 이게 말이 되나요ㅠㅠㅠㅠ",7개,2020. 5. 4.
tkfka사람,"언니 이거 진짜 2분만에 품절,,,,이거 완전 티켓팅이에욬ㅋㅋㅋㅋㅋㅋㅋㅋㅋㅋㅋㅋㅋㅋ",4개,2020. 5. 4.
토야,제발 2차 해주세요ㅜㅜㅜㅜ 대가탔는데 1분만에 품절되버리네요,9개,2020. 5. 4.
하뜨,배송지랑 카드등록 다해놓고 확인만 눌렀더니 성공했어여ㅠㅠㅠㅠㅠㅠㅠ행볶쓰ㅠㅠㅠㅠㅠㅠ언니 사랑해요💖💖💖,5개,2020. 5. 4.
아원츄,엑소 티켓팅으로 단련된 나의 손꾸락..여기서 빛을 보다..원하는거 바로 성공했습니당😘 감사합니다ㅇ 내가수..그리고 새롬님!!,4개,2020. 5. 4.
LestateLee,종이테이프 종이충전재 정말 좋은생각이에요 환경도 생각하는 새롬님 최고😁,398개,2020. 5. 4.
강낭콩,쓸때없는 쓰레기를 만들지 않은거 진짜 현명한 선택 하신거같아요!,10개,2020. 5. 4.
유희원,결제했는데 결제완료되었다가 품절이라고 뜨더니 결제취솤ㅋㅋㅋㅋㅋㅋㅋ 계좌에서 돈이 나갔다가 다시 들어옴ㅠㅜㅜㅜㅜㅜㅜ,5개,2020. 5. 4.
이애영,대기탔는데 그냥 광탈이네요ㅜㅜㅜㅜ,3개,2020. 5. 4.
,품절되서 당황했어유ㅠ구ㅜㅜㅜ,3개,2020. 5. 4.
OLNJES,평소 화장품에 관심이 막 있지도 않고 한데 판매 30분 전에 영상을 보고 꼭 사야겠다해서 기다렸다가 빨리 샀어요 ㅠㅠ 사고 좀 있다 바로 품절 됬는데 정말 이런 좋은 제품 내주셔서 정말 감사합니다 ...!,5개,2020. 5. 4.
이지희,인생템 박스 한번 더 해주시면 안될까요??ㅠㅠㅠㅠ,6개,2020. 5. 4.
쀼쀼,A박스 구매 성공했어요💕 좋은 화장품들 저렴하게 구매할 수 있게 해주신 개코님 감사합니다 ㅠㅠ❤️,5개,2020. 5. 4.
,b 세트 성공했어요! 새롬님 예쁜 것만 보시고 터무니 없는 말들에 상처받으시면 안돼요 ㅠㅠ 좋은 이벤트 감사합니다!,7개,2020. 5. 4.
정소,와 품절 돼버렸어ㅠㅠㅠㅠ 엄청 빨라ㅜㅜㅜㅜ,3개,2020. 5. 4.
kindaA,구성 너무 좋은데ㅜㅜ 쿨톤은 사고 후회할지 안 사고 후회할지 오조오억번 고민 중.....,5개,2020. 5. 4.
몽몽몽,아니 댓글은 또 뭐 단체로 쿨톤병 걸렸나 제품 얘기는 없고 쿨톤은요 ㅠㅠ 가 반 이상이네 진짜 두번째 박스 내달라면서 댓글은 죄다 쿨톤ㅠㅠ이고 제품 qna는 재고 제대로 준비한거 맞아요???? 이러는데 잘도 새롬님이 두번째 박스 내주시겠다 진짜 어이가 없어서 참나,5개,2020. 5. 4.
천소희,콘서트 티켓팅 보다 더 빡센 개코언니 화장품 세트.,3개,2020. 5. 4.
정수진,언니 진짜 결제버튼 바로 눌렀는데 결제불가... 뭔10초만에 픔절이야....,4개,2020. 5. 4.
방서인,아 못샀어ㅠㅠ 사람들 너무 빠른거 아니야? ㅋㅋㅋㅋㅠㅠ 꼭사고싶었는데 아쉽다..,3개,2020. 5. 4.
소연하다,결제 취소 실환가여,4개,2020. 5. 4.
JuneKang,개코님 여쿨은 어떤 조합을 선택해야할까요?ㅜㅜ,32개,2020. 5. 4.
안다연,ㅜㅜㅜ 언니 2시 30분부터  계속 대기하고 바로 들어가서 주문하는데 1분만에 품절됐어요ㅠㅜ 다음 재입고는 언제쯤일까요,4개,2020. 5. 4.
,대기타고있었는데 5분만에 품절 ㅋㅋㅋ큐ㅠㅠㅠ,4개,2020. 5. 4.
키읔,언니 다음엔 쿨톤도 꼭 해주세요ㅠㅠㅠㅠㅠ 진짜 광광울고있어요...,16개,2020. 5. 4.
로즈,8:30 이 부분 왜 잘렸지?? 뭔가 더 설명이 나오려던 거 같은데 갑자기 다음 장면으로 넘어가네유,4개,2020. 5. 4.
이경연,아 언니 진짜 손 덜덜 떨면서 시계 띄워놓고 성공했어요ㅠㅜ티켓팅 짬바가 이렇게 도움 되다니 엉엉ㅠㅜ얼른 입금하고 기다릴게요😭🥰,2개,2020. 5. 4.
5다형,ㅠㅡㅠ저만 광탈했나요...? 카드결제하려고 하니까 구매할 제품이 다 소진되었다구....ㅠㅠㅠ구매하신 분들 너무 부러워요🥺🥺,4개,2020. 5. 4.
,개코님 저 샀어용!!!!!!ㅠㅠㅠㅜㅜㅜㅜ엉어우ㅜㅜㅠㅜㅜㅜ,5개,2020. 5. 4.
DoriBear,AB가 웜쿨인줄 알았는데 웜웜이네요ㅜ 롬앤은 쿨톤색조 나름 유명하다고 생각하는데 없어서 아쉬워요...,72개,2020. 5. 4.
Amelia,솔찌키 피카소 브러쉬 있는걸로 끝났다구 봅니당...브러쉬하나 가격에 무슨 구성이 이렇게 미친구성일수가있져ㅜㅜㅠ여러분 지금 웜쿨이 중요한게 아니라구여😭😭 어제 포니14 세일하길래 홀라당 구매했는데...눈물을 머금고 B박스를 구매해야겠어여!!!살 수 있게쬬🥺,32개,2020. 5. 4.
Bluemoon,쿨톤은 돈이 있어도 못사는 구성이다... 너무해,9개,2020. 5. 4.
식빵,그래 난 못샀다... 다음 박스 노린다...,4개,2020. 5. 4.
이시언,개코님ㅜㅜㅜㅜㅜ너무 사고 싶어서 대기타고  기다렸는데 로그인하는 사이에 페운데이션이 매진되서 사지를 못했어요ㅜㅜㅜ한번만더 판매해주시면 안될까요 돈없는 학생이라 너무 사고싶었는데ㅜㅜㅜ,3개,2020. 5. 4.
이연,결제 승인 취소 문자를 받았을 때 그 참담한 심경이란...,4개,2020. 5. 4.
유웃,항상 이벤트하는거 실패한다ㅠㅠㅠㅠ언제 성공할수있을까,2개,2020. 5. 4.
YJ,워후.... 영상 지금봐서 바로 링크 들어가봤더니 둘다 품절..ㅎㅎㅎㅎ ㅠㅠㅠㅠㅠㅠ 언니 또 안열리나요ㅠㅠㅠㅠㅠ 너무 구매하고 싶은데ㅠㅠㅜ,3개,2020. 5. 4.
잇땅,딱 구매창 넘어가서 결제하는데 파데만품절ㅜㅜㄱ결국못샀네요ㅜㅜ,2개,2020. 5. 4.
한보니,언니 다음에는 쿨톤이 쓸 수도 있는 구성도 부탁드려요 ㅠㅠ 가성비갑인데 못사서 조금 아쉽네요ㅠㅠ언제나 응원합니당,344개,2020. 5. 4.
소양,여쿨뮤트는 살수가없겠군요ㅠㅠㅠㅠㅠㅠ너무 사고싶었는데..ㅜㅠㅜ,12개,2020. 5. 4.
최정원,예전에 덕질할 때 티켓팅을 많이 해서 그런가 ㅋㅋㅋㅋㅋㅋㅋㅋㅋ 한번에 원하는거 샀네요 배송 기다리겠습니다 ㅠㅠㅠㅠㅠ ❤️❤️,2개,2020. 5. 4.
김영은,아아아 언니 제발 많이 풀어주세요 ㅠㅠ 실패했어요 ㅠㅠㅠㅠㅠㅠㅠ다시 한번 더 해주세용 ㅠㅠ,3개,2020. 5. 4.
702,쿨톤은 웁니다ㅜㅜ,30개,2020. 5. 4.
도이,쿨돈구성도만들어주세요ㅜㅜ,8개,2020. 5. 4.
고은,언니ㅠㅠㅠㅠㅠㅠ 30초만에 매진 됐어요ㅠㅠㅠㅠㅠ 아 알람 맞춰놓고 존버했는데 결제하려니까 다 팔렸대요ㅠㅠㅠㅠㅠㅠ 아 너무 속상해ㅠㅠㅠ 혹시 재입고 예정은 있나요? 완전 티켓팅 수준의 치열함이었어요...ㅠㅠㅠ,3개,2020. 5. 4.
공주처돌이,너무너무 사고싶지만 쿨톤은 웁니다ㅠㅠ,42개,2020. 5. 4.
TodayIsme,언니1분만에품절은 넘심....ㅠㅠㅠㅠㅠㅠㅠ 로그인 하는 사이에 품절됐어요 1분도 아님 30초임,10개,2020. 5. 4.
hkrosyMarshmallowS2,"저 언니생일선물겸 제것까지 A, B박스 2개 다했어요ㅜㅜㅜㅜㅜ 지금까지 손떨리네요ㅠㅠ😥",2개,2020. 5. 4.
단아,아ㅠㅠㅠ 웜톤이면 바로 사는건뎅 ㅠ,6개,2020. 5. 4.
김아린,쿨톤박스도 부탁드려요ㅠㅠㅠㅠㅠ쮀에발😭❤️❤️,3개,2020. 5. 4.
keik,1분도 안되서 품절..,3개,2020. 5. 4.
mena,하... 쿨톤은 운다 진짜.. 하....,308개,2020. 5. 4.
포포,도대체 재고가 몇개길래ㅜㅜㅜㅠㅠ,2개,2020. 5. 4.
채은,ㅠㅠ딱 맞는 컬러들이라 너무너무 좋아했는데 초시계 보고 딱 3시 되자마자 들어갔는데도 품절이라뇨..!! 억울하네요😂😂 아무래도 한 박스당 제품량은 많은데에 비해 가격이 매우 싸서(=가성비가 엄청남. 걍 한마디로 혜자 그 자체) 2차 판매는 좀 무리이실 것 같은데 아쉽네요 그래도 이런 이벤트 해주셔서 감사합니다👍,9개,2020. 5. 4.
정현아,쿨톤은 ㅠㅠㅠ,15개,2020. 5. 4.
황찬성쌍꺼풀에끼어서죽고싶다,쿨톤은 뭘 사야 될까요..ㅠㅠ? 구성이 다 너무 혜자라서 사고 싶은데 거의 다 웜 하네요...ㅠㅠ,8개,2020. 5. 4.
김유리,이언니 진짜 좋아할 수 밖에 옶당ㅋㅋㅋ 이런 패키지?박스 같은거 많이 내주세요 이왕이면 이번엔 쿨톤으로요 ㅠㅠㅠ,5개,2020. 5. 4.
은지EUNJI,개코님 ㅠㅠ 진짜 일분만에 품절됐어요 ........ 2차 판매는 안하시나요 ㅠㅠ ??,3개,2020. 5. 4.
오연희,저 결제 약 20초 만에 끝내서 a세트 1번 구매했어요 ㅠㅠㅠㅠ네이버시계까지 맞춰서 달렸는데 네이버페이에 익숙해진 나자신 칭찬해😭😭 샴푸는 남친주고 크림 마스크는 동생주려고 겸사겸사 합리화해서 구매했어요! 좋은 이벤트 기획하시느라 고생하셨어요!! 화장품을 사는 편이 아니라서 롬앤 제품이 아직 없었는데 이런 좋은 기회로 쓰게 돼서 기분이 너무 좋네요:-)),4개,2020. 5. 4.
박낑깡,와ㅠㅠ 진짜 너무 사고 싶은데 다 좋은 것들이라 바로 품절 될 것 같아요..( ˃̣̣̥᷄⌓˂̣̣̥᷅ ),3개,2020. 5. 4.
먕먕,"쿨톤은 웁니다 엉엉😭😭
웜톤이었으면 바로 샀는데...! 그래도 고민 중이에요 롬앤 개코님은 저의 화장길을 열어주신분 화장의 어머니...사야되나 ㅠㅠ",682개,2020. 5. 4.
김소희,쿨톤박스도 있었으면 더좋았을거같아유 ㅠㅠㅠㅠ,2개,2020. 5. 4.
Ivegotadream,엥 잘 선택해서 주문까지 갔는데 주문불가상품 있다고 떠서 물거품 됐어요ㅠㅠㅠ흑흑 나만 그런가,6개,2020. 5. 4.
디카프리오왕자님,말이안된다 ㅠㅜㅜㅜ안사면 바보임 이건 그냥,2개,2020. 5. 4.
조다희,아 진짜 사고 싶은데 제 톤에는 안맞는 색조라서..... 엉엉 웁니다,3개,2020. 5. 4.
교수님은교수형,아 진짜.. 댓글창 보니까 내가 다 속상하네 좋은 취지로 연건데 쿨톤 웜톤 운운하고 못샀다고 괜히 짜증내고,3개,2020. 5. 4.
,하 제발 쿨톤으로도 내 주시면 안 될까요ㅠㅠㅠㅠ 너무 사고 싶은데 고민 돼요ㅠㅠㅠ,46개,2020. 5. 4.
앗쓰바씨바,"성공했습니다,,,후 네이비즘 네이버시계 보면서 초초했는데 다행히 사고싶은거 다 샀네용 행복하다",2개,2020. 5. 4.
민민,2시 50붐 부터 대기타다가 딱 3시에 옵션 다 누르고 결제할려고 했지만 품절 ㅠㅠ 아쉬워요 다들 왜이리 빨라용 ㅠㅠ,2개,2020. 5. 4.
미정,이렇게 혜자구성에 ㅠㅠ 기부에.... 환경을 생각한 친환경소재로 포장까지 ㅠㅠㅠㅠ 진짜 마음이 너무 따닷해져여 ㅠㅠ💕새롬님 팬이 될 수 밖에 없네요 ㅠㅠㅠ 💕💕💕💕💕💕💕,230개,2020. 5. 4.
강밍,쿨톤은 다음 박스를 존버하겠습니다ㅠㅠ,2개,2020. 5. 4.
,A박스 분위기 헤라 21호로 성공했습니다ㅠㅜ!! 3시 10분전부터 대기탔는데 성공할 줄 몰랐네요ㅎㅎㅎ,1개,2020. 5. 4.
박혜인,진심으로 개코님 진짜 정성이 하나하나 느껴져요.. ㅜㅜ 최고 아닌가요... 이렇게 착하고 예쁘고 다 하는 사람 처음 봐요...❤️,2개,2020. 5. 4.
오즈에맙소사,"이거 언제까지하나유ㅜㅜㅜㅜ
진짜 사고 싶은데 돈이 없어서...선착순인가요?",1개,2020. 5. 4.
홍수아,"구매성공해서 기분죠아서 영상 계속 들어옴,,ㅎㅎㅎㅎㅎ🥰💖💖",2개,2020. 5. 4.
김가희,쿨톤은...ㅠㅠ,9개,2020. 5. 4.
스폰지밥,a박스는 완전 바로 품절이었나봐요...못샀어요ㅠㅠㅠㅠ,2개,2020. 5. 4.
EnterName,친환경 포장재까지 너무 기획이 기특한거 아닙니까 ㅠㅠ 쿨톤도 껴서 한번 더 해주세요!!!! 🙏🏻🙏🏻🙏🏻,2개,2020. 5. 4.
상꼬맹이ss,전 왜 이 영상을 지금 본 거죠ㅠㅠㅠㅠㅠㅠㅠㅠ,1개,2020. 5. 4.
초식동물,저는 계속 대기하다 구매했어요! 친구 선물 고민하고 있었는데 진짜ㅜㅜ감사합니다!! 전액기부라는 예쁜 맘과 좋은 구성 개코님 찬양하라👏👏,2개,2020. 5. 4.
설이,"퍼스널컬러별로 이벤트 계속 해주시면 안될까요ㅠㅠ
저는 여름쿨톤라이트인데...여쿨라 모여ㅠㅠㅠ",16개,2020. 5. 4.
,"다음에는 쿨톤을 위한 A,B 박스로 부탁드려요ㅠㅠㅠㅠㅠㅠ",51개,2020. 5. 4.
,10분 대기하고 열리자마자 주문해서 성공했어요~ 이런 이벤트 기획해 주셔서 너무 감사해요!! 구매 못하신 분들은 아쉽지만 다음번에는 성공하시길 바랄게요ㅠㅠ,2개,2020. 5. 4.
BLight,진짜 혜자도 이런 혜자가 있을 수 있나ㅠㅠㅠㅠㅜㅠ대박이다ㅠㅠㅠㅠㅠ,0개,2020. 5. 4.
정민지,겨쿨딥 웁니다...ㅠㅠ  갈딥도 좋은데 전부 여뤼여뤼하댜... 광광,2개,2020. 5. 4.
Najoo나주,쿨톤인데 옵션 뭐고를ㅋ가요......ㅠ,3개,2020. 5. 4.
시니언즈시니의,아니 개코님 이건 그냥 떠먹여주시는 수준 아닌가요 그래서 사랑해요,4개,2020. 5. 4.
이승보,언니 진짜 사랑해요ㅠㅠㅠㅠㅠㅠ제가 좋아할만한 제품만 모아둔 거 실화입니까. 역시 언니랑 저는 데스티니...❤️😊,0개,2020. 5. 4.
꿀꿀요정,언니..1분만에 사라졌어..로그인하니깐 다 품절이야😭😭하긴..그 혜자스러운걸 누가 안사겠어..그래두 언니가 추천했으니깐 따로라두 사봐야지..😭🥰,2개,2020. 5. 4.
minmin,선생님....쿨톤은...그저 웁니다..,3개,2020. 5. 4.
유아네스,증정해주시는 실리콘 케이스는 브러쉬 세척하고 꽂아서 말리면 너무 좋을것 같아요. 증정품까지 센스넘치는 인생템 박스!! 지금 구매하러 갑니다~~,386개,2020. 5. 4.
뿝뺩,"A,B 조합 이면 웜 쿨로 나뉘어있겠지 하며 들어왔는데ㅠㅠ 아쉽네욤",2개,2020. 5. 4.
buzzprk,아 진짜 놓치면 안될 것 같은데 쿨톤이라 너모 슬프네요 ㅠㅠㅠㅠㅠ 피치칩이랑 코랄플랫? 그나마 베이스로 아주 옅게 쓸 수 있을 것 같기도... 하고.... 기부까지 하시구 제가 더 감사드려요 ㅠ ㅠ,2개,2020. 5. 4.
솔이녤,이거 한번만이라도 좋으니까 재발 재입고 해주세요..재발요ㅠㅠ살려고 했는데 시간상 안돼서요(중요한 사정)제발요ㅠㅠ혹시 재입고돼면 알려주셨으면해요..,2개,2020. 5. 4.
황유빈,아악 옵션까지 다 선택했는데 결제불가에여ㅜㅜㅜㅜㅜㅜㅜ 너무 아쉬워ㅠㅠㅠㅠㅠ 무슨 마스크사는것보다 더 빡세요 엉엉😭,0개,2020. 5. 4.
우루롹끼,왜 이제 봤는지ㅠㅠㅠㅠㅠㅠㅠㅠㅠㅠㅠㅠ제발 재판매 해주세요... 원래 인스타 셀럽이나 유튜버분들 제품 절대 안사는데 이건 미쳤어요 ㅠㅠ,1개,2020. 5. 4.
햇살,10분전부터 네이비즘 켜놓고 3시에 딱 결제눌렀는데 배송지를 안바꿔놔서 실패했어요ㅋㅋㅋㅋㅠㅠ 앞으론 배송지 잘봐놓고 해야겠네요 몇번의 티켓팅을 해도 항상 첫트실패라서 나중에 재입고가 되면 좋겠지만... 안된다면 너무 좋은 프로모션 성공하신분들 축하해드릴게요,3개,2020. 5. 4.
부승관아들부루마블,"와 잔짜 티켓팅 급이다
재입고할 생각 없으신가요ㅠㅠㅠㅠ쿨톤까지 해서ㅠㅠㅠㅠㅠ",1개,2020. 5. 4.
앩옹,진짜 정성 대박이에용ㅜㅜㅜ 보는내내 갬동😭,0개,2020. 5. 4.
먐먐,옛날부터 원했던건데 ㅜㅜ 공홈에 있는 모델 메이크업 가끔씩 올려주면 안될까요..? 모델분이 예쁜것도 있겠지만 화장이 너무 예쁘고 테그닉이 궁금하더라구욤 특히 말린복숭아꽃..,2개,2020. 5. 4.
아리아리,쿨톤 상품있으면 무적권 사는데 ㅜㅜㅠㅠ,8개,2020. 5. 4.
김은비,으아악 개코님!!ㅠㅠ💖 a박스 구매완료입니다! 너무 사랑해용...ㅠㅠ 알람 맞추고 딱 들어가서 아슬아슬 하게 a 박스 구했어요!!ㅠㅠ 결제하고 다시 보니깐 파데 다 품절이더라고요... 조금만 늦었어도 못샀을것 같아용ㅜㅜ 가슴 떨려서 미치는줄 알았습니다 못구할것같았는데 구해서 진짜진짜 행복해용... 너무너무 혜자템입니다 받아서 직접 사용해볼 생각하면 두근두근 거림... 이런 갓성비 혜자 행사 진짜 감사합니다ㅠㅠ!!!적게 일하시고 많이 버세요🥺🥺💖💖👍🏻‼️‼️,2개,2020. 5. 4.
딸기탕후르,이...이게 뭐에여..? 진짜 안살 수가 없잖아요ㅠㅠㅠㅠ 무조건 삽니다! 사랑해유❤❤❤,1개,2020. 5. 4.
이다현,한번 더 오픈 하실 생각 없나요....ㅠㅠ 품절되서 못 샀어요ㅠㅠㅠㅠ 간절히 바랍니다....ㅠㅠ,2개,2020. 5. 4.
재은,아니 다들 손이 얼마나 빠른거야..정각매진 실화?,2개,2020. 5. 4.
재은,개코님 알라뷰..슈퍼똥똥손인 나는 알았지..내가 실패할걸..그렇지만..난 당신을 정말 사랑해.. 앞으로도 승승장구하세여!..그럼..이만..♡♡,2개,2020. 5. 4.
이순간,"와 언니 진짜 최고예요 ㅠㅠㅠㅠㅠ 준비 많이 하신게 너무 잘 느껴져요,,,, 구성품들도 하나같이 마음에 들고 언니 말때문에 안 살 수가 없네요 랜덤박스라는 기획이 재밌어서 여러가지 랜덤박스 많이 봤는데 진짜 이렇게 알찬 구성도 드무네요 내일 사는 것도 치열하겠죠,, 딱 대기타고 있어야겠어요 ⸝⸝ʚ̴̶̷̆ ̯ʚ̴̶̷̆⸝⸝ ❤",4개,2020. 5. 4.
얼라와나두,언니 쿨톤꺼도 만들어주세요ㅠㅠ,74개,2020. 5. 4.
숭냔,엥 진짜 너무 좋은데요.....? 안믿겨져....... 영상 시작할때 롬앤있으면 믿고 산다했는데 바로 나왔네요...❤️,1개,2020. 5. 4.
하비,이거도 구성이 너무 좋아서 구매할거지만 쿨톤도 출시해주시면 그것도 구매할게요..쿨톤 박스 부탁드립니다,11개,2020. 5. 4.
봄봄,이게 대학교 온라인 강의보다 유익하다,21개,2020. 4. 28.
kayleekim,언니 학생인 제가 가장 좋아하는 메이크업이 피부가 투명하고 화장 중에 하얗고 우유같은 피부에 물든 색조 화장을 좋아하는데요! 그런거는 어떻게 하는지 알려주실수있을까요??  여러분도 아실지모르겠는데.. 살짝 수채화처럼 우유같은 살짝 광 도는 피부에 쿨톤 색깔 핑크 블러셔 짱인거아시죠..피부에 물든거같은..그런 느낌..,17개,2020. 4. 28.
Thesixthsicksheikhssixthsheepssick,언니.. 눈두덩 살 많은 무쌍 아이라인... 그리는 방법 제발... 컼,685개,2020. 4. 28.
kayleekim,"난 맨날 화장 무너진 후 집 가면 눈이 숯덩이로 칠해져있던데 진짜 이런 꿀팁을... 교수님, 인강비는 롬앤 제품 막 사드리는 걸로 대체하겠습니다",508개,2020. 4. 28.
이민영,"1. 기초화장
원인: 눈 주변 기초화장을 너무 많이 해서
해결방안➡️ 보송보송하게 만드는게 중요, 손에 남은 걸로 바르거나 면봉으로 속눈썹 닦기
2. 피부화장❗
원인: 눈 주변 피부화장이 두껍게 발라져서 
해결방안➡️퍼프에 남은 걸로 눈 주변 바르기, 가루 파우더로 눈 주변 두드리기, 베이스 섀도우 바르기
3,4 교시는 영상에서 확인하는 걸로 ㅎㅎ",83개,2020. 4. 28.
호비오빠는희망이쩌러엽,개코님 제가 다크서클이랑 착색이 많이 되는데...다크서클 컨실러로 자연스럽게 가릴수있는 방법 좀 알려주세요 콤플렉스여서 ㅜㅠ,187개,2020. 4. 28.
룬룬,저....화장을 지우고 나면 애굣살 부근과 는 앞머리 쪽에 발랐던 섀도우가 눈곱처럼 나오는데 이건 어떡해요.....????,263개,2020. 4. 28.
슈가슈가슙디,언니 무쌍 해주세요...진짜 제발...사랑해요...,115개,2020. 4. 28.
MUSIC뮤직,"언니 가을딥톤 하셨던 것처럼 봄웜 브라이트톤 파악하기, 봄웜 브라이트톤 색조추천, 봄웜 브라이트톤 메이크업 이렇게 해주세요!ㅎㅎ 언니도 봄웜이셔서 더 잘아실듯ㅎㅎ",62개,2020. 4. 28.
최연준개사랑함,"와... 썸녜일 완전 화장하고 나서 몇시간 후에 내눈이라 홀린듯이 들어오고 개코님이라 들어옴... 
+) 개코님 저 이번 쥬시래스팅 쿨톤컬러만 나온 그 미니미니한 틴트 진짜 너무 잘쓰고있어요ㅠㅠㅠ 피그피그 체리밤 다 너무 예쁘고 피즈 색상도 진짜 저한테 찰떡이에요ㅠㅠㅠ 그리고 영롱한 립글로즈도 너무 예뻐요ㅠㅠㅠㅠ 사랑해요 롬앤ㅠㅠㅠ💖💖",92개,2020. 4. 28.
느린일상,5:00 이렇게 언더쪽 파우더처리하면 눈주름부각되는데 어떠케하나유.... 눈밑 주름 넘나 시른것,91개,2020. 4. 28.
LaurenZaw,I also have similar problems with my eye makeup too >//< I sometimes wanna give it up,7개,2020. 4. 28.
아지,"1:00 기초화장법
1:00
2:51 피부화장법
2:51
5:21 아이라인 그리는법
5:21
9:29 마스카라 하는법
9:29",144개,2020. 4. 28.
이이,"안그래도 눈물이 많은데 렌즈끼면 인공눈물까지 넣어서 아이라인이 나중엔 아예 없어져요ㅠㅠㅠㅠ 진짜 지속력 좋다는 아이라인 많이 써봤는데..
영상 보고 꼭 따라해볼게요!!
요즘은 밖에 안 나가서ㅋㅋㅋㅠㅠㅠ 다음에요",16개,2020. 4. 28.
빈서,언니.. 속눈썹이 잘 안올라가는 속눈썹 직모를 위한 뷰러 추천이나 잘 올리게 하는 영역 좀 찍어주세요 ㅠㅠㅠㅠ 항상 뷰러를 찝고 그 당시에는 괜찮은데 1시간만에 다시 내려오고 똑같아져서 스트레스 받아요 ㅠㅠㅠ 속눈썹 잘 올라가는 방법 좀 알려주세요 ㅠㅠㅠ,48개,2020. 4. 28.
최민기와최당긴기,개코님 혹시 여쿨라이트 찰떡 메이크업 색조 영상 찍어주실 수 있나요ㅠㅠ 눈화장하면 할 수록 못생겨지고 늙어지고 립도 조금만 웜해도 바로 떠요ㅠㅠㅠ😭😭😭😭,74개,2020. 4. 28.
HIY,저 맨날 눈화장 번져서 집가면 눈밑에 엄청 시커매져서 고민이었는데 감사합니당ㅠㅠ,55개,2020. 4. 28.
옐코,내가 지금 까지 본 인강중에 이게 제일 유익했다(눈화장 자주 번지는 1인),27개,2020. 4. 28.
HanK,저거 이미 다하고 있어도 번지는 눈은... 도륵,17개,2020. 4. 28.
사랑둥,아 롬앤 싱글섀도우 내줬음 좋겠다 ㅠㅜㅠㅜ 말린메밀꽃 두번째 회갈색 컬러만 갖고 싶어 ㅠㅜㅜㅜ,10개,2020. 4. 28.
몽다,칠판 지우개 움직이는거 처음 알았다...,7개,2020. 4. 28.
truth,ㅠㅠ 제가 알바끝나면 진짜 팬더된적이 많았는데 ㅠㅠㅠ 이 영상보고 참고 해야겠어요 ㅠㅠㅠ 감사합니다 ㅠㅠㅠㅠㅠ👍,6개,2020. 4. 28.
박현서,제발 개코님 무쌍편 해주십시오 절하겠습니다 ㅠㅠ,21개,2020. 4. 28.
헷헤,개코님 하지만...프로다클써클러(눈위?옆까지 다크서클있는사람)은 퍼프에 남은양만으로 눈에 피부화장을 하면..섀도우색이 죽어서 올라가요...칙칙그자체...ㅠㅠㅠ그러면 어떡해야할까요.....진짜 다크라해야할지 암튼 눈두덩까지있는  어두운 이거 너무 ㅠㅠㅠ엉엉,14개,2020. 4. 28.
Apricott,My eye shape is almost like this! My eyelids droops all the way down so I often find times I don't bother with eyeliner because you can't even see it. 😭,1개,2020. 4. 28.
half하프,파운데이션 남은 양으로 눈을 커버할때 피부가 어두운 사람은 너무 커버가 약해서 섀도우 색상이 잘 안보이는데 어떻게 하나요?,9개,2020. 4. 28.
인어곤듀,뷰티유튜버는 언니가 최고에요 나만 알고싶다.. 아니 대박나라 아 백만명찍으면좋겠 아니 안돼 나만알거야,16개,2020. 4. 28.
immensean,슨상님 속눈썹붙이는것도 이렇게 근접촬영해서 알려주실수있나요? ㅜㅜ 진짜 속눈썹붙이는거.....인생의 과제,6개,2020. 4. 28.
원지,2:32 이 부분에 자꾸 눈물 ..? 이 나와서 번지는 데 어떡하죠 ㅠㅠㅠ ???,3개,2020. 4. 28.
아델,언니 ㅠㅠ마스카라 ㅇ언더에 바른게 내려와서 팬더가 되더라구요ㅠㅠㅠ언더는 어떻게 발라요?̊̈?,5개,2020. 4. 28.
방탄은내꼬,"제가 화장을 처음해서 붓팬으로 하는데 손이 떨려가지고 ...그렇게..(생략)
 개코님 영상 감사합니다😘",8개,2020. 4. 28.
여혜,"근데 진짜  개코언니가 알려준대로 하니까 화장 잘먹고 그러더라구요ㅠㅠㅠ 저번에 매트립스틱 바르는 방법대로 해봤는데 와.. 진짜 그렇게 잘 지워지던 립이 안지워지고 남아있고 그런거 보고 얼마나 감격스러웠는지...
개코언니 사랑해요..",5개,2020. 4. 28.
하얀소매,아ㅠ 썸네일 완전 나다ㅠㅠㅠㅠ눈깜빡이면 검은눈물ㅠㅠㅠ,2개,2020. 4. 28.
MongMong,와ㅜㅜㅜ진짜 꿀팁이요ㅠㅠㅠ초보자한테 완전 찰떡꿀팁ㅠㅠㅠ너무 감사합니다ㅜㅜㅜㅜ복받으실거에요😍😍,0개,2020. 4. 28.
김민서,8:41 이거 진짜 저ㅠㅜ,2개,2020. 4. 28.
쀼야,언니 천천히 오셔도 되니까 무리하지 않으셨음 좋겠어요❤,8개,2020. 4. 28.
0055,하... 무쌍에 눈두덩이 살도 많고 눈알 자체에 눈물이 많아서 그런가 뭘해도 1시간도 안되서 다 번짐....,3개,2020. 4. 28.
이예원,"언니,, 속눈썹 붙히는 방법 알려주세여ㅠㅠㅠㅠ",2개,2020. 4. 28.
정지연,전 속쌍인데 점막쪽을 그리려하면 눈이 너무 간지러워서 못그리고 꼬리쪽만 그린답니다..ㅠ,8개,2020. 4. 28.
Youtube구름캔디,개코님 ! 무쌍이나 속쌍은 점막 안채워도 되나용 ...? 저 속쌍 무쌍중간쯤되는데 그냥 눈을 뜨면 점막이 안보이더라구용 .. 어쩐지 점막을 채워도 안보이더니만 ..ㅎㅎ,12개,2020. 4. 28.
힘내는SE님,ㅠㅠ지성+무쌍+뷰러를 엄청 짱짱하게 해도 시간이 지나면 속눈썹이 낙타처럼 가라앉아서 눈을 감았다 뜨는 과정 자체가 마스카라를 언더에 검게 흔적 남게 하더라구요ㅠㅠ 하물며 아이라인은 거의 포기 상태였는데 조언해주시는 방법 참고해서 꼭 성공해보겠습니다 ㅎㅎ 감사해요♡,9개,2020. 4. 28.
배경진,점막에 아이라이너 그리는 거 안좋다고 들었는데요ㅠㅠ 그래서 전 점막에 아이라이너 안그려요 😕,13개,2020. 4. 28.
라이언,진짜 개코님 안경 잘어울리심ㅋㅋㅋㅋㅋㅋㅋ,0개,2020. 4. 28.
맹구는못말려,쌍수 붓기 덜빠진 아이메이크업 방법도 부탁드려요ㅠㅠㅠㅠㅠ,1개,2020. 4. 28.
zezewonh,눈덩이에 살 무지많아 아이라인 그리기도 겁나서 화장할때 아이라인을 못그리고있어요ㅠㅠ 무쌍 아이라인그리는법 플리즈😭,2개,2020. 4. 28.
KeepGoing,"9:18 이때 사용하신 브러쉬 알려주세요 ㅜㅜ 영상 잘 보구 가용,,!!",3개,2020. 4. 28.
HQz,와 저에요 저ㅠㅠㅠㅠ영상 감사해요,2개,2020. 4. 28.
효성맘,"썸넬 제 눈인줄... 뭘 발라도 번져요ㅠㅠㅠ 
주의 깊게 보겠습니다! 이와중에 칠판 글씨 넘 예쁘신 것...❣️",1개,2020. 4. 28.
clairk,기대하고 들어와서 영상 끝까지 봤지만 다 이미 하는 방법ㅠ 하지만 번집니다... 흑,0개,2020. 4. 28.
박삐용,어케 제가 궁금한것만 콕콕 찝어서 알려주시나요ㅜㅜㅜ 정말 감사합니닿ㅎㅎㅎ,0개,2020. 4. 28.
펀치,개코님ㅜㅜㅜㅜㅜ저는 쉐도우가 진짜 잘 지워져요...다른화장은 다 그대로 있는데밤맘되면 쉐도우 안바른것처럼 날아가버립니다.....왜그럴까요 ㅎ ㅏ,0개,2020. 4. 28.
박꽁,아이라인만 그리면 늘번져서 못그렸는데 많은도움받고가여^^,2개,2020. 4. 28.
yoongi,ㅠㅠㅠㅠㅡ감사해요ㅜㅜㅜ 화장하면서 맨날 눈화장 번지고 막 끼는거 짜증났었는데 ㅜㅜㅜ,0개,2020. 4. 28.
,아 ㅣㅋㅋㅋㅋㅋㅋㅋㅋㅋㅋㅋㅋㅋㅋ썸넬 저 화장 처음했을때랑 똑같애서 깜짝놀랐어요,0개,2020. 4. 28.
윤설하,왜 저는 해당사항이 없죠... ㅜㅜㅜㅜㅠㅜㅜㄱ,0개,2020. 4. 28.
뽀십,오늘도 영상 감사해요!! 혹시 개코님이 주로 쓰시는 브러쉬 모음집 영상 올려주실수 있나요? ㅎㅎ,6개,2020. 4. 28.
은영,헐ㅠㅠㅠㅠㅠㅠㅠㅠ 너무 감사해요!!! 아무리 찾아봐도 쏙 이해 되는 영상 없었는데ㅠㅠㅠ!!!! 감사합니다💓💗,0개,2020. 4. 28.
다이아몬드,ㅠㅠㅠㅠㅠㅠㅠㅠㅠㅠㅠㅠㅠ전 유루증이 있어서  아무리 좋은거써도 번져요ㅠㅠㅠㅠㅠㅠㅠㅠ,0개,2020. 4. 28.
뜨뚱,"ㅠㅠ 아이라이너 그리는 부분에서 반 속쌍,반 무쌍은 웁니다 ㅠ",0개,2020. 4. 28.
,와 꿀팁이네ㅔ야 ㅜㅜㅜㅜㅜ,1개,2020. 4. 28.
혀니,눈뜨면 무쌍되는 속쌍화장법 좀요...ㅠㅠ,1개,2020. 4. 28.
쪼하,개코님 영상만 기다렸어욤 사랑해여,0개,2020. 4. 28.
liaaliceNeverland,무쌍이라서 뷰러해도 점막이 안보임ㅋㅋㅋ,0개,2020. 4. 28.
예동,ㅠㅠㅠㅠ개코님 지성피부 베이스편 올려주세요ㅠㅠㅠ맨날 매트하게 하려고 하면 기름때문에 나중엔 다 뭉치고 또 반대로 촉촉하게 하려고하면 그 날은 그냥 산유국천지...ㅎ ㅠㅠㅠㅠ고민이에요,0개,2020. 4. 28.
,진짜 영상 하나하나 다 정성이 깃든 티가 나요 ㅠㅠ 진짜 감사합니다💗,0개,2020. 4. 28.
이재혁,와 언니 사랑해요 ㅠㅠㅠ,3개,2020. 4. 28.
,언니 넘 유익하고 좋아요ㅠㅠ채널 더 커지면 좋겠네여ㅎㅎ,1개,2020. 4. 28.
뭉뭉,영상에서 사용한 마스카라 정보 궁금해요!,0개,2020. 4. 28.
항이,저만 오디오가 이상한가용..😂 약간 먹먹한..?느낌... 영상보는데 문제는 없지만 혹시나하고 댓글남깁니당..!,1개,2020. 4. 28.
애옹,"저는 눈화장 번져본적도 없는데 보고있네요ㅋㅋㄱㅋㄱ하 과제나해야되는데,,",0개,2020. 4. 28.
써니s,언니 무쌍 모델분 모셔와서 눈 부어보이지 않는 메컵 해주세요!,0개,2020. 4. 28.
써니s,언니 무쌍 모델분 모셔와서 눈 부어보이지 않는 메컵 해주세요!,0개,2020. 4. 28.
써니s,언니 무쌍 모델분 모셔와서 눈 부어보이지 않는 메컵 해주세요!,0개,2020. 4. 28.
밍밍,눈밑끼임 ㅜㅜㅜ 파데조금 발라도 끼면 어떡하죠ㅠㅠㅠㅠㅠ,0개,2020. 4. 28.
유리아,오늘도 도움 지쨔 마니 받구갑니다아ㅠㅠ,0개,2020. 4. 28.
임수현,톤마다 완전 잘 어울리는 색조합 알려주세요ㅜㅜ 립이랑 블러셔랑 따로 노는느낌이 너무 들어요ㅠㅠ,0개,2020. 4. 28.
윤윤,언니 제발 브러쉬 종류별로 추천해주시면 안돼여 ㅠㅠㅠㅠ?,0개,2020. 4. 28.
초록아니,이 시리즈 재밌어서 맨날 봐욤ㅇㅅㅇ힛,0개,2020. 4. 28.
식후깡,"개코언니 다크서클 알려주세요 ㅜㅜ 다크서클이 눈 앞머리랑 눈 밑이 이어지는 모양의 다크서클인데
제가 눈 주름이 체크무늬고 가로세로라서 끼는걸
싫어해서 또 가리진 못하고 그냥 쿠션 퍼프로 아주 살짝
바르는데 그러면 또 눈화장 금방 없어지고 진짜 너무
고민이에요 다크서클 영역 부탁드립니다 ♥️♥️",2개,2020. 4. 28.
령령,크.....볼 때마다 느끼는 건데 하나하나 친절하게 설명해주심...진짜 띵강의...,0개,2020. 4. 28.
이영주,새롬님!! 저는 마스카라를 하면 번지거나 쳐지거나 하지는 않는데 회색이 돼요ㅠㅠ 이유가 뭘까요?? 회색 안되게 마스카라 하는 법 알려주세요!!,5개,2020. 4. 28.
이jj,나 한번도 번진적 없었는데 이 방법 이미 쓰고있었었네요..헐,1개,2020. 4. 28.
972매옹,와..섀도우 처음 바를때 색 어떤지도 모르고 그냥 바르고 다녔다가 흑약사됐오...,1개,2020. 4. 28.
에취,똑똑하세요 ❤️❤️ 화장에 대해 너무 잘아시고 ㅠㅠㅠ,0개,2020. 4. 28.
그냥한요한은,하..저는 눈에 눈물이 너무 많답니다... 뭐가 많이 들어가서 계속 눈물나오면 닦으라 10분도 지속이 안돼요..특히 리퀴드타입..,0개,2020. 4. 28.
쵸르나야,눈화장 끼일 쌍꺼풀 갖고싶어 ㅠㅠㅠㅠㅠ,0개,2020. 4. 28.
Allyb,와 진짜 필요한 영상이다 싶어 보다가ㅇ0ㅇ 내용도 설명도 너무 꼼꼼하구 좋아서 9구팔레트비교도 보구 구독햇어요!  앞으로도 좋은 콘텐츠 마니 만들어주세용 하팅!이세여~,0개,2020. 4. 28.
꾹아사랑해,와우~대박~저는 눈화장 할때마다 눈물이 나는데 기초화장법과 피부화장법 문제 였어요ㅠㅠ이런 꿀팁 알려주셔서 정말 감사합니다~~^^,0개,2020. 4. 28.
웅웅,자고 일어나서 부운 눈이 붓기가 빠지면서 눈물 흘러 번지는 건 어떻게 해야 하나요 ˕˕ ˕˕ ..,0개,2020. 4. 28.
안재윤,언니 영상 너무 잘 보고 있어요!! 혹시 다음에 하이라이터 추천도 해주실 수 있나요??,0개,2020. 4. 28.
루미sky,개코님 덕분에 저한테 맞는? 화장법 실력이 갈수록 늘어갑니다...☆,0개,2020. 4. 28.
이진아,마스카라 추천 영상.... 색조화장품 BEST 추천 영상도 올려주셔요.....😭😭 항상 감사히 영상 잘 보고 있습니닷ㅎㅎ,0개,2020. 4. 28.
CHAE채승SEUNG,"왜 저는 뷰러를해도 점막이 안보일까요,,,? 점막 안채워도되는건가용 ㅠㅠ",0개,2020. 4. 28.
ISssn,요새 언더마스카라 번지는것때문에 고민이많았는데ㅠㅠㅠㅠ 뿌리쪽을 얇게 내일 발라봐야겠어요!!!,1개,2020. 4. 28.
mimiDoor,"1. 눈에 로션은 다 바르고 남은양으로
2. 면봉으로 점막근처+삼각존 닦기
3. 파운데이션도 남은양으로
4. 파우더: 삼각존(손으로)+애굣살까지!",1개,2020. 4. 28.
냥냥,다크써클에 보라색+초록색+갈색이 섞여있으면 무슨 색 코랙터를 쓰는게 좋을까요 ㅠㅠ..?,0개,2020. 4. 28.
KIM채원,"내가 기다린 영상입니다!!!!!!!!! 아이라인, 마스카라 번짐 답 없음요ㅠ^ㅠ",0개,2020. 4. 28.
나는김쭈,우왕 빨리왔어요 ㅎㅎ 조흔영상 감사해요,0개,2020. 4. 28.
기원전미녀,저렇게 하는 데도 눈에 물이 팔당 댐 처럼 쏟아져 나오는 나는 어쩔 수가... ㅠ,0개,2020. 4. 28.
Rosie,"눈두덩이 살이 많아 눈뜨면 쌍커풀이 없어지는 속쌍 메이크업도 부탁드립니ㅏ다ㅏㅏ
그럼 이만 총총.....",0개,2020. 4. 28.
짱치킨,쉐딩 보고싶어요ㅠㅠㅠ 특히 코쉐딩이요,0개,2020. 4. 28.
김나영,아 날 위한 영상이냐거~~~~새롬님 궁예력 오졌다~~!!~!~!!!,0개,2020. 4. 28.
Patjwi,언니...왜인지는 모르겠는데 제가 웃을때 생기는 팔자주름부분에만 피부색이 어두워져서 (주름X 색소침착으로 추정) 너무 스트레스 받아요ㅠㅠ 어떡하면 좋을까요...?,0개,2020. 4. 28.
콩집사,"개코님 말린메밀꽃, 말린장미, 블루베리칩, 스윗피, 피그피그 출시해주셔서 너무 감사드립니다 쿨톤의 앞날에 꽃길을 깔아주셨어요ㅠㅠ💙",0개,2020. 4. 28.
민영,언니ㅠㅠ 전 많이 노란편이라서 아무리 톤업크림이나 씨씨크림 파데 이런걸 다 발라봐도 다크닝때문에 계속더 얼굴색이 어두워져요ㅠㅠ다크닝이 안오게 처음메이크업때의 얼굴색이 계속지속될수있는 방법은 없나요?ㅠㅠ,1개,2020. 4. 28.
킴예발잉,눈꼬리에 눈물이 고여 어떤 걸 해도 다 지워짐...메포...맥...심지어 웨딩메이크업하시는 분도 절레절레 하심 ㅠㅠ,0개,2020. 4. 28.
와츠유얼네임,"언니 ㅠ 저는 유분기가 진짜 심해가지구
화장하구 1시간만 지나도 바로 떡져서 반들번들 해져요ㅠㅠ 그러면 또다시 수정을 하거나
파우더 바르는데여 ㅠㅠ 수정도 어케해야 떡져보이지 않고 잘할수있는지하구 유분기 있는 얼굴 메이크업 같은거 설명 해주시면 안될까여?ㅠ

어케 유분기때문에 고생하시는 분들은 없나요 ㅠ??ㅠㅠ???? ㅠㅠ허 ㅠ 진짜 코에 개기름 진짜 시러 ㅠㅠㅠ",0개,2020. 4. 28.
유림,"썸네일 보고 저한테 무조건 필요한 영상이라 홀린듯 들어왔어요,,,💓",0개,2020. 4. 28.
짜민꾱,역시 개코님 👍👍❤,0개,2020. 4. 28.
gumikonn,Thank you for CC and great tips ^^,0개,2020. 4. 28.
감자옌니,3 감사합니다 진짜 필요한 꿀팁이였는데,0개,2020. 4. 28.
소완,개코님 마스카라 위아래 바르고 눈 깜빡일때마다 윗 속눈썹이랑 아래 속눈썹 달라붙는 건 어떻게 해결해야 할까요?ㅠㅠ,0개,2020. 4. 28.
딩동댕,눈에 기초도 안하고 쿠션도 안하고 아이라이너도 속쌍이라 점막 안채우고 마스카라도 안했는데 번지는 이유가 뭘까요..ㅠㅠ,0개,2020. 4. 28.
김쟝,내가 기초랑 베이스메이크업때문에 번졌구나... 오늘도 감사합니더 ㅠㅠㅠㅠ,0개,2020. 4. 28.
예리예리,"언니,저 아이섀도우는 제품명이 뭔가요?",1개,2020. 4. 28.
둔두루둔둔,가끔 무쌍이어서 점막을 안 채워도 되서 기쁘지만 속눈썹 마스카라 하고난 영상보면 쌍커풀 있는 눈이 그렇게 예뻐서 슬프더라...,0개,2020. 4. 28.
김하늘,"감사합니다. 면봉으로 섀도 바르기전에 유분 잡아주고, 점막 드러나는 부분만 아이라이너 바르고, 마스카라 도 살살 발라봐야겠어요!",0개,2020. 4. 28.
조찌바,개코님 뭔가 영상퀄리티가 좋고 화장에 대해 잘 알려주는것도 맞지만 저는 이상하게 영상보고있으면 마음이 편안해져요...우울하거나 힘들때도 와서 그냥 멍 때리고 보고잇으면 좋더라구여ㅋㅋㅋㅠㅠ아무튼 좋다구여 계속 많이 만들어주세요 감사합니다♥,0개,2020. 4. 28.
구름,정말 저한테 꼭 필요한 영상이네요! 눈화장 번지는거 고민이였는데 너무 감사드립니다ㅎㅎ 다음 화장할때 이 영상 꼭 참고해서 화장해볼께요😊,0개,2020. 4. 28.
오늘도박지민,이언니 눈 진짜 이쁨,0개,2020. 4. 28.
오로르,너무 유익한 강의예요 감사합니다~,0개,2020. 4. 28.
보통의숲Ordinaryforest,썸네일 제 눈 찍어논줄 알았어요! 넘나 알찬 영상😂,0개,2020. 4. 28.
kkkk,팬더 고민이었는데ㅜㅜ때마침 감사해요!!!!,0개,2020. 4. 28.
예인,눈 점막을 뒤집어까서 다 채워야 예쁜줄알았는데 아니였네요! 꿀팁 감사합니덩👏👏,0개,2020. 4. 28.
다바,흐앙 ebs인강 듣다가 요 인강 들으니까 넘 행복하다....🤍,0개,2020. 4. 28.
행인1,저는 눈이랑 눈껍이랑 사이가 매우 좁아요! 쌍카풀이 있어서 그런 것도 있고 걍 좁아요! 새끼 손가락도 잘 안 들어가요ㅠㅠ 섀도우만하면 눈이 부어보이고... 이럴 땐 어떻게 해야할까요??,0개,2020. 4. 28.
암낫언엠티멜론,팬더 소환완료,0개,2020. 4. 28.
치킨유노,퍼프이름이 에뛰드 뭐...였죠..?,0개,2020. 4. 28.
뭐라고썼는지보자,썸넬 오늘 ㄴㅐ 눈이자나...,0개,2020. 4. 28.
캐롯바니,펄 쉐도우 바르는 법 좀 알려주세요ㅠㅠ,0개,2020. 4. 28.
정유뽀짝,언니 사랑해요,1개,2020. 4. 28.
채은,섀도우 많이 올리면 진짜 안번져요,0개,2020. 4. 28.
아인,딱 내가 원하는 영상..,1개,2020. 4. 28.
,뷰러를 했을 때 점막이 아예 보이지 않으면 굳이 점막을 채울 필요가 없나요?,0개,2020. 4. 28.
먹는거쪼아,"좋은 정보 감사드려요!!
좋은 예시때 낀 렌즈 뭔지 알수 있을까요??",0개,2020. 4. 28.
Odarling,어떻게 점막에 가이드라인 찍을때 눈하나 깜빡이지 않을 수 있는건가요... 내가 쫄보인건가,0개,2020. 4. 28.
김게르마늄,와 기초 유분은 생각도 못 했어요 대박 감사합니다,0개,2020. 4. 28.
mini미니,헐 전국 팬더들중 한명 접니다............. 썸네일보고 호다닥 달려왔어요ㅠㅠ!!!!!!!!!! 이거 참고해서 이쁜 눈화장 해볼래요 감사합니다ㅠㅠㅠㅠ♥♥♥♥♥♥♥,0개,2020. 4. 28.
문예지,맨날 눈화장 번지는 저한테 필요한 영상이네요:),1개,2020. 4. 28.
김초희,속쌍..?무쌍? 인데 시간 지나면 마스카라가 하얘져요 진짜 너무 스트레스에요,0개,2020. 4. 28.
꾸꾸꾸,너무 유용해요 감사합니다 ❤️ 혹시 1교시 기초화장법에서 쓰신 렌즈 정보 알수있을까요~~??,0개,2020. 4. 28.
jinlee,제가 하지말라는걸 다 하고있어서 바로 지워지는거였군요.... 이제 배웠으니 안지워질꺼에요!!! 감사해요♡,0개,2020. 4. 28.
야생곰,"뷰티 수능특강 정말 잘 들었습니다.
머리에 쏙쏙  잘 들어오게 설명 진짜 잘해주셔서  좋아요",0개,2020. 4. 28.
음,어ㅏ 최고예요 눈화장 안 번지는 애들보면 그렇게 부러울 수가 없었는데 진짜 개짱 최곱니다,0개,2020. 4. 28.
이채원,아이라이너를 새로 샀더니 모든게 해결됨...;;;,0개,2020. 4. 28.
솔이SolYi,새롬님 뷰티인강에서 뷰러찝는 방법 좀 알려주실 수 있을 까요?? ㅠㅠ,0개,2020. 4. 28.
suekim,아이라이너 스머징 할때 쓰신 브러쉬 정보 좀 알려주세요 ^^,0개,2020. 4. 28.
핍쇼,점막을 안채우면 안예쁜데 뒤집어까서 채우면 번져서 예쁨을 포기하고 겉만 아이라이너 그린지 1n년째..  그렇구나... 잘배워갑니다아,0개,2020. 4. 28.
싱글이요,언니 지금 딱 이영상 렌즈 뭐에여 ㅠ,0개,2020. 4. 28.
sunk,눈은 시간이 지나면서 유분때문에지워집니다.,0개,2020. 4. 28.
잇햇,요롷게 눈 화장 하는법이랑 다 나와있는뎅... 입술 모양 예뻐지는 법은 없나용...? 전 입술도 얇고 작은 편이라 ㅠㅠㅠ 두꺼워지구 싶은뎅..,0개,2020. 4. 28.
듕가듕가,언니...제가 입술아래 턱 살이랑 볼이 빵빵하게 올라와서 그림자가 져서 그런지 모르겠는데 항상 인중에서 입술아래 턱옆 이랑 볼 사이가 까무잡잡하더라구요...컨실러랑 코렉트로 열심히 다져봐도 똑같은데 어떡해야할가려,0개,2020. 4. 28.
민굠,언니 스킨케어 하는 법? 알려주세요 ㅠㅠ 화장 할 때마다 피부가 떠서 스킨케어에 문제가 있는 거 같은데 어떻게 해야할지 잘 모르겟어요 ㅠㅠ,0개,2020. 4. 28.
heK,눈에 눈물 줄줄 나는 그지같은 눈 갖다버려..흑흑,0개,2020. 4. 28.
동글동글호빵이,개코님 무쌍눈도 해주셨으면 좋겠어요!,0개,2020. 4. 28.
아뭐더라,개코님!! 제가 무쌍에 좀 큰 눈인데 마스카라 바르다보면 눈두덩이에 조금씩 검정색이 묻을 때가 있어요ㅠㅠ 어떻게 하면 안 묻히고 잘 바르나여..ㅜㅜ,0개,2020. 4. 28.
ItsDAmirah,"Bookmark:

1. Base makeup - 1:43
2. Foundation - 3:17
3.  Eyeline 
- 6:53
- 7:43
4.  Mascara - 10:01",1개,2020. 4. 28.
태범,명강의 입니다.. 눈화장 잘 번지는 애들보면 꼭 기초랑 파데를 눈에도 피부에 하는것 처럼 바르던데 이것만 신경써도 완전 많이 나아져요ㅠㅠㅠㅠ 그리고 투명 파우더 발라주면 거의 번질 일 없는. .,0개,2020. 4. 28.
김루나,끼일 쌍꺼풀이 없다...,1개,2020. 4. 28.
콩콩,면접용 메이크업에 꼭 응용해보겠습니다 요즘 더워져서 걱정이었는데 감사합니다ㅜㅜㅜㅜ,0개,2020. 4. 28.
정은,"❤사려고 하시는 분들을 위한 가격표❤


💖 00:30 오렌즈 비비링 브라운 (원데이)
10개입/18000원, 20개입/32000원 
도수는 0.00부터 -8.00까지 가능
💓섀도우
00:46 라카 저스트 아이팔레트 #로투스
라카 공홈가격 25000원
00:54 트윙클팝 젤리글리터 11호 #벚꽃반짝 
클럽클리오에서 구매 가능, 단품 4900원
11호+12호+13호=9900원에 판매중!!

💖 02:40 스톤베리 3콘 그레이(2주)
4개입/25000원 도수는 0.00부터 8.00까지 가능
💓섀도우
02:53 롬앤 배러 댄 아이즈 #말린메밀꽃 
공홈 가격 18000원 !!무배!!

💖 04:07 시크리스 3콘 코랄 브라운(원데이)
20개입/32000원 도수는 0.00부터 10.0까지
💓 섀도우
04:21 롬앤 배러 댄 아이즈 #말린복숭아꽃
공홈 가격 18000원 무배!!

💖 06:11 오렌즈 블라썸 3콘 브라운(한달)
2개입/20000원 도수는 0.00부터 8.00까지 가능
💓섀도우
06:18 디어달리아 시크릿 가든 팔레트 #플라워베드
공홈가격 52000원... 현재 블루밍 에디션으로 판매중

참고로 렌즈는 현재 의료기사법때문에 온라인에서 구매불가합니다!! 가까운 오렌즈 매장을 찾아주세용",236개,2020. 4. 10.
sujinnoh,카메라 화질을 가장 잘 활용하는 유튜버....,1개,2020. 4. 10.
RinaLee,언니 렌즈 꼈다 뺐다해서 눈 빨개진거 봐ㅠㅠㅠ 우리를 위해서 이렇게까지나 해주시다니ㅠㅠ 역시 새롬쌤밖에 없어❤️,651개,2020. 4. 10.
yreal,스톤베리 그레이 ㄹㅇ 입니다...낄때마다 주변에서 렌즈뭐냐고 물음,382개,2020. 4. 10.
사랑해요윤지언니,"언니, 계절톤별 구분하는법이랑 그거에 맞는 메이크업 알려주실수 있어여??",221개,2020. 4. 10.
혜은,4:08 노래 : Ethan Dufault - Right There,44개,2020. 4. 10.
바나나빠따,ㅠㅠㅠㅠ 헉 렌즈 꼈다 뺐다라니...힘드셨을거 같은데 이렇게 예쁘게 올려주셔서 감사해요!!,57개,2020. 4. 10.
조정민,학생 신분이라 진하게 화장은 못하지만 언니 영상 보면서 좀 크면 꼭 저렇게 해봐야지 생각해요 지금도 립 화장 뿐이지만 언니가 알려준 방법으로 화장품 청소도 하고 깨끗하게 관리 중이에요 입술 각질 관리도요!매번 이쁜 영상 고마워요 언니 ㅎㅎ,61개,2020. 4. 10.
dkdkdnedmcmcs,0:38 노래제목좀 알려주세요ㅠㅠㅠㅠ,7개,2020. 4. 10.
MUSIC뮤직,"렌즈랑 섀도우랑도 조합이 있구나..... 몰랐어요ㅋㅋㅋㅋ😅
+언니 봄웜 브라이트톤 이해, 특징, 색조추천 해주세요 가을 딥톤 하셨던 것처럼요!!!!! 언니도 봄웜 브라이트셔서 잘 설명 가능하실듯ㅎㅎ",15개,2020. 4. 10.
다은,오늘도 좋은 영상 감사합니다 ❤️,29개,2020. 4. 10.
zxc,여름뮤트 인생 렌즈 오렌즈 아이스골드인데 언니가 끼면 어떤 모습일까 궁금해요 ㅠㅠㅠ 타 렌즈들에 비해 유명하지는 않은데 언니 영상에서 꼭 보고 싶어요 ㅠㅜ 렌즈 유목민이었던 내가 스무 통 넘게 쓴 렌즈는.. 아이스골드 니가 처음이야... 참고로 한달용 13.2 그레이 렌즈예용,54개,2020. 4. 10.
하빵빵,전부다 써봤고 쓰고있는 렌즈ㅋㅋㅋ 역시 내눈에만 이쁜 렌즈들이 아니였어요...,14개,2020. 4. 10.
은하수저편에서,"오늘도 고퀄리티...돈내고 보고싶네요 진짜..ㅠㅠㅠㅠ
아 근데 너무 렌즈를 자주갈아끼시는것같아서 영상이 늦게 올라가도 좋으니 제발 🙏 텀을 길게 해서 눈에
안정이 된다음에 하는것도 좋을것 같습니다..
눈이 빨갛게 충혈되셔서 걱정되네요 😥 
오늘도 좋은영상감사합니다 😍",5개,2020. 4. 10.
JesstarUwU,당신의 피부를 아름답게하는 방법을 멕시코 사람들에게 설명하십시오. ❤️😊😻,4개,2020. 4. 10.
유너블,아니....어쩜 이렇게 BGM마저 항상 찰떡으로 넣으시는지ㅠㅠ 찬양해 새롬님!,5개,2020. 4. 10.
이채은23,헐 ㅠㅠㅠ 언니 너무 이쁜데 다 원데이 인가용?,5개,2020. 4. 10.
FerBTS,나는 당신의 동영상이 가장 좋은 ❤️❤️,8개,2020. 4. 10.
윤햇님,"화질장인 새롬쓰.....
말린 라벤더 진짜 인생템되서 정말 잘 사용하고있으니 단종 절대안돼요.....
죽을때까지 쓰게 해주세여ㅜㅜㅜㅜㅠ",7개,2020. 4. 10.
이지현,이 컨텐츠 넘넘 찬성입니다 썸넬이랑 제목보자마자 안누를수가 없었어유❤,3개,2020. 4. 10.
오현정,렌즈미 오모댤 그레이 엄청 인기있고 많이끼던데 한번만 리뷰해주세요 ㅜㅜㅜ,2개,2020. 4. 10.
박지하,언니.. 브러쉬 관리법 올려주실 생각 없나요ㅠㅠㅠ 어떻게 관리해야 하는지 정말 막막해요..,1개,2020. 4. 10.
암낫언엠티멜론,아아ㅏㅏ 진짜 너무 예뻐요ㅠㅠㅠ 근데 조금더 자주 만너고 싶어요;;♡,0개,2020. 4. 10.
혜린,"진짜 개코님 영상 화장품 살때 넘 도움이돼서 좋아요♡
진짜 이쁘고 활용성 굿굿인 영상 많이 만들어주셔서 감시합니다>< 
진짜 화장품 살때 넘 도움이 되서 좋아요
개코님 화이팅!!♡",1개,2020. 4. 10.
와우와,헉 렌즈추천ㅜㅜㅜ 재밌게 보겠습니다!,3개,2020. 4. 10.
천국의계란,언니 저도 진로를 화장품쪽으로 가고 싶은데 언니처럼 잘하려면 많이 노력해야겠죠?ㅠㅠ 힘들겠지만 열심히 노력해볼께용! 오늘도 영상 잘봤어요 오늘도 좋은 정보 감사해요☺️,2개,2020. 4. 10.
JiHyeN,오렌즈의 렌즈들 중 직경이 작은 렌즈들 중에서 화려하진 않지만 그래도 꼈다는 티는 내고싶은 렌즈들  추천해주세요!,8개,2020. 4. 10.
YelimKang,"쿨톤이지만 웜톤 메이크업 왤케 이쁘죠ㅋㅋ쿠ㅜㅜ 2,3탄 꼭 해주세용! 렌즈 직경 13.0-13.3 까지의 그레이 컬러 렌즈도 보고 싶어요 !! 스페니쉬 라인이랑 어울리는 메이크업도 궁금해요☺️💓",0개,2020. 4. 10.
정유경,예뻐요❤❤,3개,2020. 4. 10.
으악,오렌즈 신상으로 나온 스칸디라인 정말 예뻐요..! 다음에 부탁드립니다!!,3개,2020. 4. 10.
다캡,나 이 언니 너무 쪼아 진짜 예쁘시고 매력 넘치시고 영상 하나하나가 다 도움되고 섬세하고 설명도 다 귀에 쏙쏙들어오고 진짜 너무 쪼아여😍😍,0개,2020. 4. 10.
내돈내산렌즈리뷰,"와아ㅜㅜ 대체 어떻게 이렇게 이쁜 화질로 촬영을 하시는건가요?
장비와 금손과 좋은 스튜디오가 필요한걸까요?
아무리 찍어봐도 이쁘게 따라하기가 힘드네요ㅠ 많이 배우고 갑니다🤣🤣
자주 영상보러 놀러올게요!",0개,2020. 4. 10.
조수빈,아 진짜 언니 화장 하는거 보면 힐링돼❣️,0개,2020. 4. 10.
이알맹,오렌즈 스페니쉬 리얼올리브랑 리얼피치 해주셨으면 좋겠어요‼,2개,2020. 4. 10.
victoriaD,진짜 언니 영상만큼 깔끔하고 고퀄인 영상 없더라구요 ㅠㅠㅠㅠㅠㅠㅠㅠ 뷰티유튜버중 최고...,0개,2020. 4. 10.
이지연,새롬님 영상미랑 편집 완전 내스탈이에요...❤,2개,2020. 4. 10.
,와악 미쳤다 진짜 이언닌 진짜 뭘 알아 ;;; 들어올 수 밖에없는 그거 알지 그거,0개,2020. 4. 10.
김민정,"헐헐 완전 넋빠지고 봤다ㅋㅋㅋㅋㅋ
그래픽까지 다보이니까 색다르고 더 이쁘다..ㅠㅠㅠㅠㅠㅠ",0개,2020. 4. 10.
진서,저 눈이진짜 콤플렉스여서요ㅜㅠ 렌즈없이도수있는안경꼈을때 눈커지는메이크업알려주세요ㅠㅜㅠㅜ,0개,2020. 4. 10.
bdbdbdbd,와 이건 진짜 정성이다,1개,2020. 4. 10.
정예빈,오늘도 영상 너무 잘봤어요ㅠㅠ💗 혹시 실례만 안된다면 렌즈미나 렌시스중에서 가장 좋아하시는 렌즈 소개랑 어울리는 섀도우 조합 소개해주실수 있나요?,0개,2020. 4. 10.
징니Wldms,언니.. ㅠㅠ 화장할때마다 너무 스트레스인게 있는데요ㅠㅠㅠ 피부 메이크업할때 다른곳들은 다 촉촉하고 정말 안뜨는데 눈밑만 어떤짓을해도 다 뜨고 주름에 끼이고 ㅠㅠㅠㅠ 어떻게 해야하나요ㅠㅠ꼭 알려주셨으면 좋겠어요😭😭,0개,2020. 4. 10.
민꾸리,헐 ㅠㅠㅠ 렌즈 고민하고 있었는데 마침 딱 ㅠㅠㅠ 감사해용 도움이 많이 됬어용 ❤️❤️,0개,2020. 4. 10.
여정수영,아이렌즈 끼고있는 것 과 그렇지 않은 것 차이가 별로없어 보는건 나 뿐 인가?,1개,2020. 4. 10.
급암,0:43 노래 제목 제발요,2개,2020. 4. 10.
써니s,언니 무쌍 모델분 모셔와서 눈 부어보이지 않는 메컵 해주세요!,0개,2020. 4. 10.
서리,화질도 넘 조코 렌즈도 짱짱 언니 영상은 항상 옳다 근데 눈 건강 조심해요 😭,0개,2020. 4. 10.
jhkIM,"오렌즈 카리브3콘 브라운(먼슬리, 직경 13.0) 진짜 넘 예쁘고 편해서 인생렌즈인데 잘 모르는거같아 아쉬워요ㅠㅠ 이거랑 메이크업 해서 알려주세용 항상 유용한 영상 감사합미다 최고에요👍👍💕",0개,2020. 4. 10.
이현경,언니ㅠㅠ 렌즈 나눠서 끼시지..ㅠㅠ 저번에두 눈 벌겋게 됐었는데...ㅠㅠ 도움 많이 됐어요,0개,2020. 4. 10.
수민,개코님 !! 오늘도 영상 잘보고갑니당 ❤️❤️❤️ 질문이 잇는데용 혹시 오렌즈 비비링 브라운렌즈 훌라현상이 잇나용 ???,0개,2020. 4. 10.
이하연,저는 직경 작은 렌즈를 선호해서 직경 작은 렌즈 위주로 2탄 기대해봐도 될까요💕💕💕,0개,2020. 4. 10.
전주연,맨날 언니 영상보고 화장품사요ㅎㅎ영상 볼때마다 너무 많은 도움이 되고있어요 무엇보다도 영상을 찍으실때 항상 준비도 많이 하시고 사람들이 정말 메이크업을 자신에게 맞게 예쁘게하고 다니셨으면 좋겠다는 마음이 느껴져서 늘 기분 좋게 영상보고 갑니다. 새롬언니 사랑해요❤️,0개,2020. 4. 10.
강연수,4:08 부터 나오는 노래 제목 뭔가요 ㅠㅠㅠㅠ,0개,2020. 4. 10.
하늘,"언니 영상 잘 보고있어요 ㅠㅠ 혹시 이제까지 내셨던 립중 봄 , 여름 , 가을 , 겨울 톤 모음 영상 만들어 주실 수 있나요 ㅠㅠ !! 감사합니다 항상 응원할게요 ❤️",0개,2020. 4. 10.
하얀나무,4:10 부터 나오는 노래 제목이 뭔가요 ㅠㅠ,0개,2020. 4. 10.
Newzzi유진,"와 렌즈 추천도 좋은데 섀도우 조합 너무 좋아요❣️ 그리고 비지엠,, 진짜 하트시그널같은 찰떡 브금",0개,2020. 4. 10.
이채은23,헐 ㅠㅠㅠ 언니 너무 이쁜데 다 원데이 인가용?,0개,2020. 4. 10.
강수경,사랑합니다 ㅠㅠㅠ,0개,2020. 4. 10.
박수민,렌즈관련 영상 너무 좋아요~~ 학생렌즈 추천도 부탁드려요👍👍,0개,2020. 4. 10.
이현경,언니ㅠㅠ 렌즈 나눠서 끼시지..ㅠㅠ 저번에두 눈 벌겋게 됐었는데...ㅠㅠ 도움 많이 됐어요...!!!,0개,2020. 4. 10.
우리엄마,이 컨텐츠 너무 좋아요 사랑해요! 너무너무 맘에 들어요!!ㅎㅎ 제가 더 보고싶은 렌즈가 있으면 찾아서 추가로 달아놓을게요!😊😊😊😊❤❤❤,0개,2020. 4. 10.
롱아서,영상에서 뭔가 다른 거 같아서 들어보니 녹음이 엄청 깔끔하게 된 거 같아요! 노이즈가 다른 영상들에 비해 거의 없는 거 같아요! 거의 ASMR 녹음할 때 같은 그런 음질...? 엄청 조아요~~~,0개,2020. 4. 10.
강새벽,선생님... 드디어 롬앤에서 여쿨 라이트를 위한 신상이 출시됐는데 라벤더색이 부담스러워서 구매하지 못하고 있는 어린 양을 도와주세요... ㅠㅠㅠㅠ,0개,2020. 4. 10.
하수영,"여쿨 라이트는 오렌즈 라벤더골드 왕추천합니다,, 막 부담스러운 라벤더 아니구 그레이시한 톤이에요ㅜㅜ 1달용인데 제발 사세요ㅠㅠㅠ",0개,2020. 4. 10.
,헐 짱이다...혹시 렌즈미 제품 추천영상도 올려주실수 있나요..?,0개,2020. 4. 10.
엽떡좀,스톤베리랑 비슷한 렌즈 없을까여ㅜㅠ 한달짜리로요😭😭,0개,2020. 4. 10.
cumongte,너무 신박하고 조아용 ㅠㅠ 롬앤 신상 말린라벤더 메이크업도 보고싶어요~,0개,2020. 4. 10.
밍밍구,렌시스! 에일린 그레이 / 스텔라 그레이 등 렌시스 제품 궁금해요! 사진 후기가 제일 많아서 필터 때문에 어떤 느낌인지 감이 안오더라구요 ㅜㅜ,0개,2020. 4. 10.
민지,"2탄, 3탄 너무 좋아요!!! 계속 해주세요❤❤",0개,2020. 4. 10.
하늘Haneul,아 정말 최고에요 영상미가... 롬앤 신상 팔레트 메이크업도 보여주세용!!!,0개,2020. 4. 10.
잠보mings,개코님 한가인 닮은거같아요ㅜㅜㅜㅜ,0개,2020. 4. 10.
FallincheezePenguin,언니 젭알 빨간머리앤 qna 부탁해요ㅜㅜ,0개,2020. 4. 10.
박수빈,7:24 이 팔레트 이름 뭔가요??ㅜㅜ 제발 아무나 알려주세요ㅠ,0개,2020. 4. 10.
용용,와 근데 새롬님 그냥 눈동자색도 너무 예쁘시네요....,0개,2020. 4. 10.
,대박 너무좋ㅇ아,0개,2020. 4. 10.
노랭이노랭,"혹시 직경 13.0 이하의 노란끼,초록끼 없는 그레이 렌즈 아시는 분ㅠㅠㅠ제발",0개,2020. 4. 10.
무쌍승희다요,오렌즈 메리미 그레이욤 ! 개코님 영상에서 봤는데 너무 예쁘더라구욥!,0개,2020. 4. 10.
마요,4:30 에 나온 노래 뭔지 알수잇을까요?ㅜㅠ,0개,2020. 4. 10.
남다름여친,"비비링 라인 이쁘죠 ㅠㅠ
브라운도 예쁜데 핑크도 예뻐요! 이질감드는 핑크가 아니라 은은한 핑크빛이라 눈색이랑 어우러지면서 자연스럽게 예쁘더라고요 다만 개인적으로 전 원래 눈보다 살짝 큰 직경을 좋아하는데 이건 좀 자연스러운 직경이라 좀 아쉬웠네용",0개,2020. 4. 10.
설화,오렌즈 비비링 브라운... 사러갑니다 넘무 예쁘잖아여~!~!~!~!~!@ 13.0 렌즈도 많이 추천해주세요!!!😍,0개,2020. 4. 10.
구마,오우.... 챡!하고 붙는 거봐... 렌즈 구매욕구 상승합니다,0개,2020. 4. 10.
준아,일찍 왔다!!,1개,2020. 4. 10.
SoobinsaQTxT,Thank you for the English captions!,0개,2020. 4. 10.
항상1등,ㄹㅇ 이뻐여 언니,1개,2020. 4. 10.
홍합에물린이특,초반에 나와서 얘기하는건데.. 언니 채널 배너 너무 이뻐요.. 메이크업이 너무 레전드인것같아요...,0개,2020. 4. 10.
최유진,"우와 서클렌즈 관련 영상은 처음봐요 
투명만끼고 서클껴본적없는데 뽐뿌오네요",0개,2020. 4. 10.
최유진,"우와 서클렌즈 관련 영상은 처음봐요 
투명만끼고 서클껴본적없는데 뽐뿌오네요",0개,2020. 4. 10.
예지,"유익한 영상 감사해요!!!
언니! 렌시스에 에일린 그레이도 해주세요!!",0개,2020. 4. 10.
이불,스톤베리 그레이 이거 ㄹㅇ 내 인생렌즈....,0개,2020. 4. 10.
하삐삐,새롬님 렌즈미에 칵테일 문라잇 그레이도 진짜 이뻐요!2만원짜리 한달착용인데 생각보다 너무 안튀어서 데일리 메이크업 하고 다니면 너무 이쁘답니다ㅠㅠ제 최애렌즈에요!,0개,2020. 4. 10.
330,"헐 언니 너무 좋아요..! 2탄 3탄 존버합니당 적당한 근접샷이랑 메이크업을 자세히 보여주시는게, 렌즈뽐뿌 오게하는 영상이네요..ㄷㄷ",0개,2020. 4. 10.
BLINK유진,오렌즈 비비링 렌즈는 지수가 광고했는데ㅔㅔ!!,0개,2020. 4. 10.
mmmkkk,오렌즈 비비링 브라운 너무 이뿌내요... 라카 팔레트도 뽐뿌 옵니다....!!!!!,0개,2020. 4. 10.
PraisetheLord,카메라는 대체 뭘 쓰시길래 현미경화질인거죠?! 와우!! 알려주세요 개코언니!❤️,0개,2020. 4. 10.
베이지집사,흑 쿨톤이어서 슬프댜ㅠ,0개,2020. 4. 10.
,"بحبك يا قمر صح ما بتعرفي اللغه العربيه 
بس هيك كتبت 
ههههه الكوريين عيونهم يجننو ❤❤",1개,2020. 4. 10.
백종원진심녀,"와; 온니는.. 차에 기름 넣을때 뭐 넣어요? 휘발유?


난 당신 온리유 ,,💖✨💗",0개,2020. 4. 10.
정창수,봄웜톤 메이크업 영상도 올려주세요!!,0개,2020. 4. 10.
유민,오렌즈 심포니 3콘 그레이요ㅠ!! 화려한 메이크업이랑 잘 어울리는 렌즈인데 개코님께서 어떻게 메이크업 룩을 연출하실 지 너무 궁금해요 ㅠㅠ 아니면 비비링 그레이 같이 데일리한 그레이 렌즈와 이번 롬앤 신상인 말린 라벤더 팔레트의 조합도 궁금해요 ㅠㅠ,0개,2020. 4. 10.
서지현,"렌즈미 악마 리얼핏 3칼라 브라운, 그레이,  홀로리스 마일드 그레이 오렌즈 시크리스 3콘 내츄럴 그레이, 스페니쉬 원데이 써클그레이요",0개,2020. 4. 10.
김민서,마스카라는 어디꺼에요 ?? ㅠㅠㅠ,0개,2020. 4. 10.
준아,일찍 왔다!!,0개,2020. 4. 10.
제시하다Jessiehada,크👍🏻👍🏻이뿌다.. 라식 한게 후회되네요 🤣,0개,2020. 4. 10.
가지가지하는령이,단연 현존하는 유튜버중 가장 친절하고 꼼꼼하게 정보 알려주는 유튜버👍🏻,0개,2020. 4. 10.
지후,"개코님 근데 이번에 새로나온 섀도우 팔레트 그 봄라이트한테 맞는 말린복숭아꽃 팔레트 기존에 있었던 말린망고튤립이랑 좀 비슷하나요?
라이트인데 제가 말린망고튤립이 있는데 새로나온 팔레트 보는순간 비슷하다고 생각했었거든요",0개,2020. 4. 10.
윤정민,왜 사람들이 새롬님만 찾는지 알수있는영상이네요 렌즈와어울리는 섀도우의 조합도 생각하시고 만드신거같아 메이크업계의 감히 천재라고 부르고싶네요❤,0개,2020. 4. 10.
세연,"저두 예쁜 렌즈 하나 추천 해두 되겠슴니까 ,,? 
오렌즈 블링썸 그레이 인데 햇빛 아래서 보면 존예고 조명 아래서 보면 개이쁘고 아 모르겧어요 진짜 이뻐요 ㅠㅠㅠㅠㅠㅠㅠㅠ 그거 끼고 이쁘다는 말 정말 많이 듣고 3통째 사용중!",1개,2020. 4. 10.
팀장,아이고... 렌즈 낄 때 손가락에 글리터 붙어있는 거... 조심하세용...ㅠㅠ,0개,2020. 4. 10.
걈냠댬럄먐뱜샴얌쟘챰캼턈퍔햠,제가 잘 못 본거일수도 있는데 개코님 삼백안이에요?? 진짜 삼백안이면 부럽네요ㅠㅠ,0개,2020. 4. 10.
나나나나나나,역시 믿고보는 개코님♡♡,0개,2020. 4. 10.
오리링봉봉,"분위기별로 맞는 렌즈 모음도 있었으면 좋겠어요! 사무직같은 일을 할때는 어떤 렌즈가 좋고, 놀러갈때 적당히 화사하게 보이는 렌즈는 어떤것들이 있는지 알려주는 강좌? 스타일로요!",0개,2020. 4. 10.
김나나,현미경으로 봐도 예쁜 개코님💕💕,0개,2020. 4. 10.
최혜원,완전 도움되는 영상😍😍,1개,2020. 4. 10.
이소림,가격도 적어주시면 좋을것같아요 ㅜㅜ,0개,2020. 4. 10.
유영주,요즘 신상렌즈 많이나왓는데 오렌즈랑 렌즈타운 신상렌즈도 보고싶어요,0개,2020. 4. 10.
체리링,"전 직경 작은 스페니쉬 라인만 어울리는데
스페니쉬 기본이랑 서클 리뷰랑
비슷한 느낌나는 렌즈 추천해주세요!💗",1개,2020. 4. 10.
최혜원,완전 도움되는 영상😍😍,0개,2020. 4. 10.
코코,"2,3탄 보고싶어요!!! 저는 코랄 그레이가 데일리에용ㅋㅋㅋㅋㅋㅋ 색감은 데일리가 아니지만  눈도 또렷해보이고 오묘해서 자주 끼게되요. 다른 렌즈들도 한번 도전해봐야겠어요💜💜💜",2개,2020. 4. 10.
영비,"쌍커풀은 어케해야 쉽게 되는지
알려주시면 안되나용 개코님이라면 분명히..
흑ㅎ흐흑 구훟극",0개,2020. 4. 10.
김순이,언니 눈동자 자체가 되게 갈색이고 예뻐요!!,0개,2020. 4. 10.
유히,"새롬님 제가 새롬님을 최근에 알았는데 새롬님이 롬앤과 무슨 관련이 있는지 자세히 모르겠어서요 ,, 알려주세요 🙏🏻 대신 답변 괜찮습니다",0개,2020. 4. 10.
SeoLee,그래픽이 비비링처럼 자연스럽지만 직경이 13.5인 렌즈 꼭 보고싶어요 ㅠㅠ 그런 렌즈 찾느라 몇 십만원은 투자했는데 아직도 못 찾았어요 (っ˘̩╭╮˘̩)っ,0개,2020. 4. 10.
PamelaVelazquez,"Se que no hablas español pero me encanta tu canal, saludos desde Mexico. <3",0개,2020. 4. 10.
주원,제가 눈 곡률이 엄청 특이해서 일반적으로 나오는 B.C 8.6은 못 끼는데 B.C가 여러개로 나오는 컬러렌즈 잇나요 ??,0개,2020. 4. 10.
아잉,이쯤에서 카메라렌즈가 궁금합니다.😱,0개,2020. 4. 10.
정솔,클렌징 영상 올려주세요. 화장을 시도 하려 할때마다 클렌징 할 줄 몰라가지고 포기해여...,0개,2020. 4. 10.
쑤민앙,언𓆗𓂭 렌즈 낄때마㉰ 눈⍤⃝𓂭 아픈데̄̈ 이게 뭘까요҉... 넣을때마㉰ 눈⍤⃝𓂭 따끔따끔거려요҉ ㅠㅠ,0개,2020. 4. 10.
missr0209,오렌즈 러시안골드랑 실버요!,0개,2020. 4. 10.
김슬기,스페니쉬 렌즈요!!,0개,2020. 4. 10.
날개달린로미Romie,렌즈를 쉐도우도 궁합이 있어따니.......오늘 또 배우고 갑니당,0개,2020. 4. 10.
,홍채가 좀 까만편인 사람이 껴도 괜찮나요? 개눈같이 보일까봐요ㅠㅠ,0개,2020. 4. 10.
,홍채가 좀 까만편인 사람이 껴도 괜찮나요? 개눈같이 보일까봐요ㅠㅠ,0개,2020. 4. 10.
혜주,오렌즈 스페니쉬 그레이!!!!도 찍어주세여!!,0개,2020. 4. 10.
사랑해요윤지언니,이란 기획을 하시다니...,0개,2020. 4. 10.
o다혜,"개코님 혹시 다이소 잉크틴트 예쁘게 바르는법있나요??
착색력이 어마어마해서 어떻게 해야될지 모르겠네요ㅠㅠ",0개,2020. 4. 10.
사랑해요윤지언니,"이란 기획을 하시다니,,",1개,2020. 4. 10.
천사,화려한 종류의 렌즈도 보고싶어요 !!,0개,2020. 4. 10.
김예은,자막까지 달아주는 세심한 사람♡,0개,2020. 4. 10.
백종원진심녀,언니... 제가 아홉통 쓴 인생탬이있는데요... 렌즈미 칼루아밀크..... 진짜진짜너무너무너무예뻐요.........ㅠ,0개,2020. 4. 10.
유키,렌즈타운이나 렌즈미 것도 해주세욥!,0개,2020. 4. 10.
Youtube쏘니아,와..  어울리는 섀도우까지..  이러니까 개코개코하지bb,0개,2020. 4. 10.
으논으논,언니 저는 안구건조증도 심하지 않은데 렌즈만 끼면 끼고난후 3분정도만에 1분간격으로 계속 눈이 흐려지고 뻑뻑하고 답답해요 왜 그럴까요ㅜㅜ,1개,2020. 4. 10.
서나리,렌즈 색깔별로 다른 점 이랑 분위기 보여주셨음 좋겠어욤 헿 일단 그레이에 정착하겠슴가,0개,2020. 4. 10.
주시,언니 기다렸어요 ˃̵ࡇ˂̵,0개,2020. 4. 10.
아린최,"그레이 렌즈 끼고 브라운계열 (솔솔말린 솔방울 , 해변에선 코코넛 ) 같은 셰도우를 바르면 이상한가요 .. ?",0개,2020. 4. 10.
어깨춤출래나도,"언늬,, 화질대박이야,, 이렇게 댓글 답 잘해주시는 유튜버는 언니가 최고인것 같아,, 그리고 화장솜씨까지 완벽해,,! 미춌따리ㅠ 넘모 이뿌자너",0개,2020. 4. 10.
메은,베러 댄 아이즈 말린장미에는 어떤렌즈가 어울리는지 알려주세요!!,0개,2020. 4. 10.
옹야미,예비중이 쓰기 좋은 화장품 추천 해주세요오,0개,2020. 4. 10.
이마크,4:21 쯤에 나오는 노래정보 좀 주세요..................................제발여,0개,2020. 4. 10.
쥐눈이콩,나는 내가 렌즈 알못이라고 생각했는데.... 전부 껴본 렌즈네.... 오늘도 좋은 영상 감사합니당 ❤️,0개,2020. 4. 10.
김수민,미친다 미쳐,0개,2020. 4. 10.
10101,본래 눈도 되게 예쁘세요....,0개,2020. 4. 10.
JSK,"개코님 저 짙은 눈화장이 안어울려서 말린라벤더 꼭 써보고싶은데 라벤더컬러는 어떻게 활용해야 좋을지 모르겠어서 사는게 망설여져욥...ㅠㅠ 말린라벤더로 하는 화장이랑, 어울리는 립컬러도 같이 알려주는거 보고싶어요ㅠㅠㅠ!!",0개,2020. 4. 10.
지우,자연스런컬러렌즈는 렌즈를 낀 불편함에 비해서 그만큼의 티가안나서 짜증나던데,0개,2020. 4. 10.
,언니 내가 사랑한다고 안했었나? 사랑해,0개,2020. 4. 10.
징진,렌즈가게 회사보다 더 영업이 잘되는 개코 님...,0개,2020. 4. 10.
조혜수,4:14 파인애플 같다,5개,2020. 4. 10.
조민선,학생들이 끼기에도 무난한 렌즈 있을까요?? 가격도 저렴한 편에서요!!,0개,2020. 4. 10.
전주연,그레이 렌즈도 많이 추천해주세요,0개,2020. 4. 10.
이현이누서노황홍현화율무차팸도금,13번쨔 좋아요! 색 너무 이쁜데 제가 눈이 안좋아서ㅠㅠㅠ,1개,2020. 4. 10.
