﻿,youtube_id,comment,like_num
0,UNA유나,"🌸 당첨자 발표 🌸

당첨되신 분들 모두 축하드립니당~🌹
이메일로 개별 연락드리니 확인해주세요~ 😃

1. 꼬미 / assze@
2. 정민정 / alswjd1856@
3. 전예진 / wjsdpwjs0310@
4. 여년이 / younghyun-@
5. 박순 / parksun3@
6. 하콩너브리 / eareina0210@
7. 장혜미 / wkdal5523@
8. 수경 / sukong1003@
9. 율율율 / twa01057@
10. JJong / soul-safe@
11. 김소희 / 010thgml@
12. 김서연 / guccicindy@
13. 선영아사랑해 / torabbit1028@
14. 안다솜 / yagoo0@
15. 문하은 / scmmge@
16. 깡지 / kjw8243@
17. 김태현 / k_taehyun94@
18. SAKE / lse3458@
19. 정은미 / gswmoon0920@
20. 김유나 / kimyuna0604@",5개
1,TrcLam,Could u add substitles pls I really appreciate it. Thank u ily :3,89개
2,FbsjabdDhsjdhs,Please put subtitles. Everyone is wearing masks unfortunly,51개
3,김지은,"ㅠㅠ수술장 간호사로서 원래도 마스크 계속 착용하는데 코로나때문에 거의 하루종일 착용했더니 몇주전부터 얼굴이 완전 난리였는데!!!! 이렇게 도움되는 영상 돌려주셔서 감사해요! 진짜 꼭 저에게 필요한 영상이었습니다. 요즘 너무 스트레스 받고 있었거든요... 저는 그저 얼른 끝나고 일상에서 마스크 없이 다닐 수 있으면 좋겠어요. 사람들의 눈이아니라 얼굴 표정까지도 볼 수 있길 바래요. 항상 유나님 좋은 영상에 감사드려요! 모두 코로나 이겨내시고 화이팅이요 :-)
megan1991@naver.com",31개
4,삔크vvink,"2월달에 아부지 기일이였는데 코로나때문에 대구경북권 비상으로 내려가지도 못했어요 ㅠㅠ 마음 한켠이 너무 무겁습니다. 코로나 끝나면 아부지산소가서 마스크 벗고 인사드리고싶고 귀여운 조카들도 마스크벗고 놀아주고 싶어요.일상의 소중함과 감사함을 느끼는 요즘이네요 유나님도 화이팅!
yebin522@naver.com",18개
5,YBK,코로나가 끝나면 부모님 모시고 첫 월급탄 기념으로 외식하고싶어요 ! 입사한지는 벌써 3달차되가는데.. 코로나때문에 첫 월급받고 집에서 치킨배달시켜먹은게 다라서 기분좋게 근사한데서 저녁 한끼 대접해드리고싶습니다 ! ykset7416@naver.com,4개
6,소정Smalljung,😷😷😷코로나 끝나면 코인노래방!! ㅠㅠ 제발 ㅠㅠ 저희 동네에서 코로나 확진자가 한명 생겨서 코노는 커녕 집밖에 나가는 것도 너무 무서워요... 코인노래방을 제일 가고 싶어요 엉엉 ㅠㅠ 빨리 코로나가 안정화되서 집밖 카페가서 수다떨고 맛있는 거 사먹고 영화보고 그럴 수 있는 평범한 일상이 다시 돌아왔으면 좋겠어요 이벤트 감사합니다 유나님💜 sojungtwo@naver.com,6개
7,뽐뽐,"취업하고싶습니다...집에서 매일 컴퓨터보는거 너무 우울해요~! 그래두 언니 영상보면서 지금 재정비하는 시간이다 라고 맘 다잡으며 있답니다! 
다 잘 되겠죠~~~!!

candy-love86@naver.com",2개
8,엘리고고,"마스크 벗고 요가하러 가고 싶어요. 살이 쪄서 운동을 해야해요ㅜㅜ 빨리 코로나 종식되면 좋겠어요. 늘 잘보고 있어요~~ 
ahj2100@hanmail.net",1개
9,박솔,"코로나가 끝나면 꼭 중학교에 가서 새 친구들 사귀고 싶어요ㅜㅜ
제가 예비중1인데 집에서 방콕만하고 온라인 수업만 듣는데 화상으로 하는게 아니여서ㅜㅜ
코로나가 빨리 끝나  새 친구들을 사귀고 싶네요!
parksol0908@gmail.com
ps. 여러분도 코로나 조심하세요!",3개
10,김지인,"코로나 끝나면.. 제에에에에발.. 왁싱 하고 싶어요 ㅠㅠㅠㅠㅠㅠㅠㅠㅠㅠ 
kji8373@naver.com",0개
11,와와,"저는 코로나끝나면 본가에 내려가고싶어요ㅠㅠ병원에서 근무해서 집에 가는 것도 눈치 보이고 조카가 곧 태어나서 산모 만나는 것도 눈치가 보여 본가에 못내려간지도 몇달째네요ㅜㅠㅠ
mjk9214@naver.com",2개
12,애이팽크,친구랑 마스크 안쓰고 놀러가고싶어요ㅠㅠㅠㅠ화장도 불편하고 마스크써서 답답하고 물같은거 먹을때 불편해요ㅠㅠㅠㅠ wjyr04@naver.com,0개
13,하루의라루,여행가고싶어요ㅠㅠㅠ워홀가서 못돌아오고있는 친구랑 같이 부산여행...ㅜ,0개
14,꽁님,"본가가려면 6시간걸려서 코로나때문에 본가를 못가요..ㅠㅠㅠㅠ끝나면 잠잠해진다면 본가에가서 부모님보구싶어요ㅠㅠㅠ
jkislove@naver.com",1개
15,MeliMeli,코로나 끝나면 본격취준입니다 ㅠㅠㅠ 시험도 미뤄지고 지금하는일에 최선을다하기 !,1개
16,김다이엍터,코로나 끝나면 한강너무 가고싶어요ㅠㅠㅠ마스크안끼고 공원돌아다니구 싶습니다,0개
17,희스토리heestoryVLOGchannel,"저는 어린이집에서 영어를 가르치는 프리랜서라서 무기학 개학이 연기된 바람에 강제 백수가 되었어요ㅠㅠㅎㅎㅎ
코로나가 잠잠해지면 얼른 아이들과 만나서 즐겁게 영어를 하고 싶어요🙏🏻🙏🏻
gml33394@naver.com",2개
18,듀융듀,"코로나가 끝나면 대구에 있는 친구들을 만나고 싶어요ㅜㅠ
Kcd99093@nate.com",0개
19,윤미진,"마스크 벗고 남산타워까지 걸어서 가보고 싶어요ㅠㅡㅠ 그냥 마스크를 벗고 사람과의 만남을 꺼리는걸 안하고싶네요. 오늘 특히 날이 좋아서 더더욱 코로나가 끝나길 간절해져요😭
forever1687@hanmail.net",0개
20,막달려뷰티,와... 진짜 맘도 얼굴도 이쁜언니♡ 오래전부터 봐왔는데 방부제피부 부럽다요진심 ㅜㅜㅜ 코로나때문에 다들 우울했을텐데.... 멋져용~~ 영원한 팬 고고입니당♡,0개
21,lzulzii,"코로나가 끝나면 꼭 바다 보러 가고 싶어요 ㅠ ㅠㅠㅠ코로나가 터지는 바람에 그렇게 기다렸던 대학교 졸업식도 못하고 대학원을 입학했는데 학교도 못가고 슬퍼용ㅠㅠ여행을 못가서 바다라도 너무보고 싶네용~~
ulziinyam07@gmail.com",0개
22,최윤주,"친구 만나서 진짜 맛있는 거 먹으러 가고 싶어요~ 옷사러 쇼핑도 가고싶고....
하고 싶은게 정말 많네요ㅠㅠ 
안그래도 피부가 말썽인데 빨리 진정되면 좋겠네요 
유나님 감사합니다~우리 모두 힘냅시다!!!
true_is@naver.com",0개
23,이도희,"코로나 끝나면 봄옷 사러 가고 싶어요ㅠㅜ 지금 코로나 때문에 마스크를 써서 피부가 가렵고 빨개져서 너무 속상해요 원래 민감성이라 😭 
그리고 기초는 하지도 않아서 ..ㅎ
이메일 ldh93862928@gmail.com",1개
24,박예지,"마스크 벗고 제대로 된 화장좀 오랜만에 해보고 싶어요ㅠㅠ!~ 요즘 써보고 싶은 메이크업 제품들이 많은데 못쓰고있는ㅠ..
cheeze17@naver.com",0개
25,Mcdonalds,"여기 이렇게 너무너무 일하고싶어하는 사람이 있어요ㅠㅠ!  일하고싶어도 못 하는 상황이 너무나 힘들고 정신적으로도 너무 아프네요..
muju1017@naver.com",0개
26,도방,"코로나가 끝나면 가족들과 해외여행 가고 싶어요ㅜㅜㅜㅜㅜㅜㅠㅡ 
0602ehgml@gmail.com",0개
27,오지랖금지,"코로나 끝나면 취업위한 자격증 취득하고 싶어요ㅠㅠㅠㅠ 토익이 싹다 취소되서 이제는 토익 티켓팅을 해야하네요 허허🤣



thgmlwls486@naver.com",1개
28,김수민,"코로나가 끝나면 한강에서 산책하고싶어요 ㅠㅠㅠㅠ마스크 벗고 시원한 공기 마시면서 거리낌없이 수다떨고싶네요.. 대학교 대면강의 돼서 캠퍼스도 거닐고 싶어요 !! 온라인 강의 너무 힘드네용..

akseb0830@naver.com",0개
29,yalasungyalari,"코로나가 끝나면 도서관에 가고 싶어요ㅠㅠ 임용고시생인데 집에서 공부하느라 집중이 잘 안되네요! 코로나 초반엔 도서관 휴관도 안해서 마스크 쓰고 갔었는데 ㅠㅠ 마스크 쓰니까 턱에 뾰루지가 미쳤어요 영상보고 도움많이 받았습니다! 감사해요! 

eph0429@naver.com",0개
30,jyeachk,"코로나가 끝나면~~ 피크닉ㅜ 꽃놀이 너무 가고 싶어요!! 마스크 벗고 하하호호 맛있는 거 먹으면서 좋은 이야기 나누고 예쁜 풍경 눈에 담으며 여유롭게 바람을 느끼고 싶네요~~♡♡
fhwmcpfl@naver.com",0개
31,mingle,"코로나가끝나면 꼭 바다 보러가고싶어요ㅠㅠㅠㅠ 오랜기간 준비했던 시험을합격하고 코로나가 터지는바람에 그렇게 기다렸던 여행을못가서 바다라도 너무 보고싶네요😭
parkminna95@naver.com",0개
32,onlyone,"날 좋은 날에 마음껏 산책다니고 싶네요ㅜㅜ
영화도 보러가고싶구
공연도 보러가고 싶어요
요새 공기도 좋고 날씨도 너무 좋아서 더욱 아쉽게 느껴지는 
무엇보다 코로나때문에 연기된 시험일정 확정이 얼른 났으면...

dlfjswpf@hanmail.net",0개
33,호비,언니~~좋은 영상 감사합니다~~!! 유나언니도 늘 항상 힘내요!!! 언제나 화이팅 입니당!!!,0개
34,Hyejin,"저는...! 코로나 끝나고 상견례부터 하고싶어요ㅠㅠ
날짜 다 잡아놓구 상황이 상황인지라 부모님께 내려가지도 못하고 있어요ㅠㅠㅠ 그 동안 피부관리라도 열심히해놔서 조금이라도 더 이뻐보이고싶어요!

jhp2623@naver.com",0개
35,이은정,"코로나 끝나면 캐나다로 유학간 동생을 꼭 만나고싶어요ㅠㅠ 생일인데도 챙겨주지도 못했네요ㅠㅠㅠㅠㅠㅠㅠ



dmswjd3420@naver.com",0개
36,이유경,언니...혹시 아토피성 여드름에 관해서도 다뤄주실 수 있나요....?ㅠㅠㅠㅠ,0개
37,송두두,마스크없이 돌아다니고싶어여~정말 편한마음으로..ㅎㅎㅎㅎ songjee7@naver.com,0개
38,종십티비화장품분석,수딩젤 후 헹구고 기초케어하니까 수분감이 원래피부가 좋은거 처럼 촉촉한 기분이네요 감사합니다🤗,0개
39,wooheek,코로나가 끝나면 진짜 예쁘게 메이크업해서... 이 곳 저 곳 놀러 나가고 싶어요!!!!  wooheessi@naver.com,0개
40,SylviaChoi,"코로나 끝나면 운동하러가고싶어요ㅠㅠ
원래 허리가 안 좋아서 필라테스나 발레핏했었는데 지금은 거리두기기간이 길어지다보니까 가지를 못하네요ㅠㅠ안 그래도 저도 이직하려다가 코로나때문에 강제백수되어서 우울하지만 다들 화이팅하시자구요!

hwieun11@hanmail.net",0개
41,032690,"코로나 끝나면 ㅠㅠ 친구 만나서 정말 맘 편히 카페에서 수다떨고 맛집도 갈거에요. 그리고 한강에서 피크닉도 즐기고 싶고요ㅠㅠ(겨울이 오기 전에 코로나가 끝났으면.....ㅠㅠ......)
저는 코로나 시작하고 밖에서 식음료를 즐긴적이 없어요. 당연히 즐겼던걸 이렇게까지 그리워하게 될 줄이야... ㅠㅠ
마스크 벗고 자유롭게 숨 쉬고 싶고...
하😭😭 얼른 바이러스 이기는 방법이 나오면 좋겠네요.





kissmexiah@hanmail.net",0개
42,이현,"회사 면접이 있었는데 코로나 때문에 미뤄졌어요ㅠㅠ 코로나 끝나면 면접 보러가고 싶습니다!!!
gjfzm1996@naver.com",0개
43,삥쁑,저는 코로나 끝나면 무엇보다 학교를 다시 가고 싶어요ㅠㅠ 전에 당연했던 많은 것들이 감사한일이었고 소중했음을 느끼는 나날입니다ㅠㅠㅠ 전세계적으로 판데믹현상이 종료된다면 해외여행도 가고싶어요ㅠㅠㅠ 작년부터 예약한 해외여행 일정이 2개나 취소되었어요ㅠㅠ 코로나 종식전까지 모두 건강합시다!!ㅠㅠ csb3589@naver.com,0개
44,버터프레첼,"마스크 벗고 퇴사기념 서핑배우러 가고싶어요ㅠㅠ..퇴사했는데 나가지도 못하고 계속 마스크껴서 없던 좁쌀여드름이 생겨서 화장품바꾸려했는데 존버는 승리한다! 수딩젤이랑 슬리핑팩 구해서 피부를 다시 원상태로 돌리고 싶어욥ㅜㅜ! 꼭 뽑아주세요!!♡
chunbong1209@gmail.com",0개
45,InininLll,자격증 시험좀 보고싶어요 ㅠㅠㅠ 자꾸 밀리네요 vapfhs3@naver.com,0개
46,ARMYlove,저도 마스크 때문에 피부가 예민해져서 찾고 있었는데...  근데 유나님은 넘사벽 피부네요 ㅎㄷㄷ,1개
47,유봄이,코로나 빨리 끝났으면 좋겠어욤!! 마스크 너무 답답해욤ㅠ.ㅜ 코로나 끝나면 제일 먼저 하구 싶은거 마스크 벗기욤.. 그다음에 콧바람 쐬로 놀러가고 싶어욤~~생각만 해도 좋네욤ㅎㅎ qnrgks18@naver.com,1개
48,김수정,자유롭게 수업하고싶습니다 mn01105@naver.com,0개
49,이정희,"취준생인데 토익시험 1월에보고 계속 미뤄져서 너무 지쳐요ㅠㅠㅠ 아직 갈 길이 멀었는데 멘탈이 무너집니다😭😭 얼른 코로나가 사라져서 봄 기운 가득받고 공부에 더 집중하고싶어요!!
214800@naver.com",0개
50,김킴킴,"마스크 벗고싶어요 ㅠㅠ  마스크를 오랫동안 써야 되는데 비염이여서 숨이 막혀서 컥컥 거려요
sbfhdkje26@naver.com",0개
51,BBeumASMR쁨,피피크림 파리에서 자주 쟁여왔었는데 진짜 추천해요!,1개
52,glove,"선인장 알로에 넘 좋을 것 같아요  벚꽃구경도 못가구ㅠㅠ 코로나가 여름까지는 꼬오옥 끝나서 마스크벗고 물놀이 가고파요 설마 마스크쓰고 물놀이 하는거아니겠죠..언니영상감사해요💚

misshmk@naver.com",0개
53,gunilbae,"대구에 살면서 서울에 병원을 다니고 있었어요~  코로나 때문에 당분간 병원을 오지 말라고 연락을 받고 당황스럽고 .. 힘듭니다~  얼른 코로나  해결책이 생겼으면 좋겠어요~

nawon1106@hanmail.net",0개
54,applea,"코로나 끝나면,.,.우선 여행을 가고 싶어요!!!ㅜ.ㅜ 회사에서 연차를 주는데... 집콕.,... 답답해요 ㅜㅜ코로나 끝나면 바로 여행 가고싶네요! kar424@naver.com",0개
55,루씨,"코로나끝나면 아이들데리고 쇼핑몰에 쇼핑가고싶으네요ㅜㅜ
항상영상보면서 일할때도 큰도움받고있어요^^
long5184@hanmail.net",0개
56,뜡아복,"예쁜카페투어하기&친구들이랑놀러다니기
ajajaj7530@naver.com",0개
57,nobby,"코로나가 끝나면 취직하구 싶어요! 백수생활이 너무 좋아서 학교 졸업하구 뒹굴거리고 있었는데 이렇게 상황때문에 집에 틀어박혀 있으니까 묘하게 밖에 나가고 싶어지더라구요. 어제까지 단기 알바를 하고 더 그런 생각이 들었어요!

gulliver13@naver.com",0개
58,ghp,"코로나가 끝나면 시험을 보고싶네요ㅠㅠ 취업을 준비하면서 필요한 시험들이 예정되어있었는데 다 미뤄지고..취소되어서 너무 속상하네요 ㅠㅠ 
그래도 그만큼 심각한 상황속에서 더 고생하시는 분들이 많을테니 저는 열심히 사회적 격리두기를 하는 중이에요!
최근에 마스크를 자주 사용하고 공부때문에 숙여서 있는 시간이 많아져서  홍조도 여드름도 심해졌는데 수딩젤 받으면 도움될것 같아요!
코로나 때문에 많이 힘들겠지만 우리 모두 더 힘내요~!
ace2727@naver.com",0개
59,장다영,"언니 항상 영상 잘 보고 있어요~~이번에 대학들어간 새내기인데 코로나때문에 학교도 못가고 봄을 즐기지 못해서 너무 아쉬워요 코로나끝나면 학교 캠퍼스에서  놀고 싶네요 언제 끝날진 모르겠지만요ㅠㅠ 꼭 이벤트 당첨되었으면 좋겠어요 ㅎㅎ
da1418@naver.com",0개
60,JoeyJawad,헐 이거 딱 필요했어요ㅜ 마스크 때문에 입 주변이 완전 뒤집어져서 고생중이었어요 감사합니다,0개
61,홍선영,나만 여드름이 나는거 아니였구나 ㅠㅠ 쓸데없이 스킨케어만 바꿨네ㅔㅜㅜ,0개
62,Eun2Ko,"항상 유익한 영상 감사합니다, 전 코로나 끝나면 장롱면허 탈출하려고 운전연수 받으려구요, 연수받고 연습열심히 해서 올해 안엔 운전하고 가고싶은 곳 가는게 목표에요~",0개
63,김보라,"코로나가 끝나면 온천가서 피로를 풀고 싶어요
마스크 끼고 야근하려니 넘넘 힘드네요 ㅠㅜㅠㅜㅠㅜㅠ",0개
64,YJ,"코로나 끝나면 코인노래방 가고싶어요...진짜 혼자 코노가서도 한시간 부르는데 강제 방콕하니까 스트레스 풀수가 없어서ㅜ 요새 마스크 쓰니까 턱이랑 볼에 트러블나기 시작해서 너무 슬퍼요😥
kjy3775@naver.com",0개
65,배가은,"코로나 끝나면 빨리 야구장가서 응원하고 싶어요ㅠㅠ 근질근질 합니당 ㅠㅠ 마스크때문에 뒤집어진 피부때문에 피부과 가서 약도 처방받아 먹고있어요ㅠ 유나님 영상으로 약 안먹게 될수있길 ㅠ
(야다 그린티 클렌징밤 최애템으로 쓰고있슴당🥰)
bbgani@naver.com",0개
66,YsO,"코로나 끝나면.. 마스크 없이 공원 많이 걷고 싶고요! 좋아하는 뮤지션 콘서트 너무너무너무너무 가고싶어요 꽥꽥 소리 맘껏 지르고 싶네요! 코로나 빨리 끝났으면 좋겠어여><
ohsunlove@naver.com",0개
67,JayLee,"진짜 피부가 엉망진창 되었는데 이런 영상 올려주시니까 좋네요ㅠ 이것저것 써보면서 효과가 더 좋은걸 찾아야하는데 넘 막막하더라구요. 잘 참고하도록 하겠습니다:)
저는 코로나가 끝나면 다시 여행계획을 짜고싶어요. 회사다니고 난 후 처음으로 짠 여행계획이 파토났거든요. 환불문제때문에 스트레스만 만빵이고...^^
다시 여행계획짜면서 행복에 젖고싶어요!
(wnffl20000@gmail.com)",0개
68,혜성,"miri0502@naver.com
수업하고 싶어오 ㅠㅠ... 아실지 모르겠지만 요즘 온라인 수업때문에 교사들은 죽어나고 있답니다.. 뉴스는 매번 온라인 수업이 잘이루어지고 있다고 하는데 실상은 그냥 교사들한테 채찍질하면서 억지로 이뤄낸 성공이에요... 아이들이 보고싶어요ㅠㅠㅠㅠㅠ",0개
69,hgee,"도서관 가서 공부 하고 언니랑 한강가서 맥주 마시는 소소한 행복 다시 느끼고 싶네요.
grace122904@gmail.com",0개
70,dpwls4975,"코로나 끝나면 그냥 마스크 벗은채로 돌아다니고싶어요ㅠㅠㅠ그게 얼마나 행복했는지 평소에는 몰랐는데ㅠㅠ그리고 얼른 온라인 강의 말고 강의실에서 수업듣고싶어요ㅠ실습도 나가야하는데 제가 실습할 병원이 요즘 코로나로 인해 엄청 떠들석하더라구요ㅠ빨리 이 코로나가 괜찮아졌으면 좋겠네요ㅠㅠ
dpwls4975@naver.com",0개
71,뀨뀨,"요즘 코로나때문에 학교도 못가서 너무 우울해요ㅜ
집에만있어야되서요..ㅜㅜ  코로나끝나면 학교도가고싶고
시내도 빨리가고싶어요😥
lisa86810@gmail.com",1개
72,박현정,코로나 끝나면 마스크 벗어 던지고 좋은 사람들과 수다딸고 입벌려 소리내어 크게 웃기,0개
73,황예은,퇴근후 수영장 가기요ㅜㅜ제발,0개
74,김수연,코로나 끝나고 가족들과 꽃구경 가고 싶어요ㅠ 가족들과 외출 안한지 넘 오래되었어요. jkj9286@naver.com,0개
75,HANUEL명탐정코셍,"덕질할꺼에요... 콘서트도 보러갈꺼구 공연도 보러갈꺼구 공방도 다닐꺼에요.... ㅠㅠ 부산 여행도 갈꺼구요..... 아니 여행은 좀 천천히 갈께요 ㅠㅠ 해외 스키장 원정도 갈꺼에요 ㅠㅠㅠㅠㅠㅠ
진짜 집에만 있는거 너무 심심해요.... ㅠㅠ 
pohoha@naver.com",0개
76,꼬미,"코로나 끝나면 취직하고 싶어요ㅜㅜ 병원관련 종사자라...요즘 구인,아르바이트 구인글도 정말 가뭄에 콩나듯 있어요
저 같은 경우는 코로나19 오기 전부터 개인적인 사정으로 쉬고 있었던지라..요즘은 일 하고 싶어도 할 수 없는 상황이 되었어요ㅠㅠ유나님 안그래도 요즘 피부가 말이 아닌데..이벤트 열어주셔서 감사합니다👍🙇‍♀️
코로나19 다 같이 힘내서 이겨봅시다!!💪
assze@hanmail.net 입니다^ ^",1개
77,hyejinHong,"코로나 끝나면 아무래도 놀러가고 싶네요 ㅜㅜ 정말 벚꽃이 넘 보고싶네요 ㅜㅜ

sophy0923@hanmail.net",0개
78,장서인,"코로나끝나면 친정집에 가고싶어요ㅜㅜ  대구경북권이라 친정엄마도 당분간 오지말라고하시고.. 최근 또추가확진자가 나와서 못가고있답니다 폭풍성장하는 손주보고싶으실텐데 영상통화로 대체하며 버티네요 얼른 코로나가 잡히길..!!! 조금더힘내봅니다 모두들화이팅^^..
seoinll.naver.com",0개
79,우하나,"아기 어린이집 보내구 수영 다닐꺼예요!!!! 엉엉 ㅠㅠ 독박육아맘에게 너무 힘든 요즘입니다 ㅜㅜ 저는 언니추천으로 야다 클렌징밤 사용중인데 너무 만족해서 토너패드도 사용해보고 싶더라구요! 제발 당첨되면 좋겠어요 ㅜㅜ

angela_retouch@daum.net",0개
80,수경,"우선 제일 먼저 하고싶은 건 학교 가고 싶어요ㅠㅠ!! 학교 다닐 때는 그렇게 가기 싫던 학교가 가고 싶어지는 날이 올진 몰랐네요.. 두번째는 친구들이랑 한강이랑 전시회 등등 놀러가고 싶어요! 나름 집순이인데 하도 안 나가니까 나가서 놀고 사진 찍고 싶더라고용!! 코로나가 빨리 잠잠해져서 중국에서 일하셔서 실업자..?가 되버린 아빠가 다시 일하셨으면 좋겠어요😁
sukong1003@naver.com",0개
81,awesomeyoora,코로나가 어여 끝났으면 좋겠어요ㅠㅠ마스크를 착용하고 일해야하는 직업이라 하루종일 착용하는데 숨막히고 너무 답답해요..힝 땀도 많으편이라 트러블도 더 자주 생기는거 같아요~:( 코로나가 끝나면 공원가서 마음껏 산책하고파요 코로나 전에는 몰랐던 사소함이 정말 소중한 요즘이에요~ dhdbfk1004@naver.com,0개
82,윤지비,"코로나가 끝나면 날씨 좋은 날 마스크 벗고 상쾌한 공기를 잔뜩 마시며 바람 쐬고 싶어요~ 평범한 삶이 이렇게 소중하다는걸 이번을 계기로 알게되었네요.

yunsmi@naver.com",0개
83,sweetkim,"코로나가 얼른끝나서 가족여행 가고싶어요~
아버지 칠순여행 겸 해서 가족여행이였는데 결국 미뤄졌거든요 ㅠ 
빨리 가고싶어요~

poohpure@naver.com",0개
84,뿌뿌뿌뿌,"취업준비해야지요 학원도 시험도 취소되서ㅠㅠ
 마스크가 닿는 턱이랑 광대쪽에 알러지가올라오더니 염증이랑 트러블이나서 꼭필요한영상이었어요 감사합니당
kdm89831@hanmail.net",0개
85,sisosjk,"코로나 끝나면 대구에 계신 할머니 봬러 가고싶네요!!
rkdtlsfk38@naver.com",0개
86,박은주,"코로나19가 끝나면 목욕탕을 제일 가고 싶어요^^
eunju3924@naver. com",0개
87,김연정,"코로나끝나면수영장가서운동하고시포요~~♡
jjungi1012@gmail.com",0개
88,동동동,"영상 잘 봤습니당🤭
코로나 끝나면 미루던 면허따고 친구들과 차끌고 국내여행가구싶어요
 그리구 평범한 일상 아무생각없이 생활 하구싶네요 ㅠ.ㅠ 소확행..☆
lys5125@naver.com",0개
89,고다영,"코로나 끝나면,가장 먼저 하고 싶은 것은 제주도 가고 싶어요🍊!코로나 때문에 여행도 못가고 밖에도 마음대로 못나가서 집에만 있으니깐 너무 지루하고 심심한데 여행을 너무 가고 싶어요ㅜㅜ

🍊 koda2003@naver.com 🍊",2개
90,자원,"코로나 끝나면 마음 편하게 여행도 가고싶고, 자격증 시험도 쳐야 하고, 영화관 가서 영화도 보고싶고,,, 하고싶은거 너무 많아요..ㅠㅠ 유나님 추천해주신 앰플들 사용해 봐야겠어욯ㅎ 감사합니당 😆 
@wjdekthf8155@naver.com",0개
91,미니,"코로나가 끝나면.. 대학교가고싶습니다.. 새내긴데 집에서 유나님보며 피부관리중입니당 

sohe96@naver.com",0개
92,가연,코로나 끝나면 탁 트인 곳에서 공부하고 싶네요 ngy011109@naver.com,0개
93,서고운,"코로나가 끝나면 기차타고 여행사고싶어요ㅠㅠ

zgonz@naver.com",0개
94,조현,"클럽가서 놀고싶어여 ㅠㅠㅠ

whskagus85@icloud.com",0개
95,안영,"영상 잘 봣어요..마스크땜에 아예 기초화장만 하는데 피부가 너무 칙칙해지고 입주변 입술까지 뽀로지땜에 울울햇엇는데 도움 마니 되네요😍👍👌 
코로나 끝나면 우선 마스크 버릴거에요 ㅠㅠ 그리고 미뤗던 신혼여행이랑 가족여행 가고싶어요...유나님도 여행 좋아하시는거 같은데 좋은 여행지 추천부탁드립니다.
anying7838@gmail.com",0개
96,한워밍,코로나 끝나면 남자친구와 꽃 구경 가고싶어요 wldnjs8961@naver.com,0개
97,hjkwon,"코로나 끝나면 마스크 없이 공원에서 돗자리 깔고 맘껏 수다 떨고 싶어요 ㅠㅠ 치킨에 맥주까지 같이❤️👍🏻

hjeekwonrgw@naver.com",0개
98,요미,대구 사람인데 집을 못가구 있어요.. 집가고 싶어요..bu03142@naver.com입니다,0개
99,황인준,"코로나가 끝나면 
우한으로 여행을 가보고 싶어용!
hi1358@naver.com",0개
100,윤잉,코로나 끝나면~ 제일 소소하게 마스크 안끼고 동네 걷고 맛잇는거 먹으러가고싶어용! blueeejean@nate.com,0개
101,someoneyouvenevermetbefore,"개강하고싶어요 개강,, 
꿈에 그리던 대학 라이프 돌려내 엉엉엉ㅠㅠㅠ
큰맘먹고 2월에 학교앞에 자취방 구했는데 온라인 개강이라뇨.. 월세 돌려내 엉엉ㅠㅠㅠ

dlsgo1125@gmail.com",0개
102,한은진,"연말결산보고 토너패드샀는데...수딩젤 놓친게 아쉽네용ㅜ  코로나 끝나면 한강가서 자전거타면서 바람쐬고싶음 마음입니다만..그땐 봄이 아닐거야!! 쏘 새드~😷😢
aahaneunjin@naver.com",0개
103,양밍,"코로나가 끝나면 집콕만 하느라 너무너무 힘들다는 조카들 데리고 캠핑 가고 싶네요~~~물론 제가 더 가고싶어요ㅠㅠ

yang2387@naver.com",0개
104,LeahJinsunShin,"코로나 끝나면 아무것도 신경 안쓰고 아이랑 산책하고 놀이터가고싶어요! 일상이 너무 그립습니다ㅠㅠ
shinjs-@hanmail.net",0개
105,율율율,"언니 저는 코로나 끝나면 일하고 싶어요ㅠㅠ 설끝나고 부터 2월 부터 터지는 바람에 지금까지 집에만 있었더니 일이 너무 하고싶어졌어요ㅠㅠ 일할때는 힘들었지만 그래도 사람들속에서 있을때가 제가 가장 좋거든요..! 언니가 선물로 이벤트하시는것들... 마침 제가 다 떨어진것들이라 사긴해야되는데 일을 안하다 보니... 경제적으로도 너무 힘들어 가지구 그냥 집에있는 아무것들이나 바르고 있었는데 이제 슬슬 진정시켜주고 관리를 해야할때가 아닌가 싶네요ㅜ그래서 더 힘내고 의욕도 생길거 같아요...!!! 그래서 저두 방구석에서 언니영상만 보는것이 아닌 언니같은 커리어 우먼이 되고 싶어요ㅠㅠ!!

twa01057@naver.com",0개
106,DadaU,"코로나가 끝나면 편하게 마스크벗고 공원산책하고 싶어요! 미세먼지 없을때도 코로나땜에 답답하게 하고다녀서 너무슬퍼요ㅠㅠ 어서 잘 종결됐으면 좋겠어요
cyborg93@naver.com",0개
107,이지현,"저는 코로나가 끝나면 부모님이 사시는 대구가서 집밥도 먹고 가족이랑 시간 보내고싶어요ㅠㅠ 연초엔 시험때문에 설날에도 못갔는데 연이어 코로나라니요 흑흑 가족들 보고싶어요😢

ygh4710@gmail.com",0개
108,mab,"해외여행이요ㅠㅠ 오래전에 계획해뒀던 해외여행이 코로나 때문에 취소되어서 여행도 못 가고 놀러도 못 가고 너무 속상해요😭 연휴도 얼마없는 2020년인데 여행이 정말 가고싶어용
bma1212@naver.com",0개
109,승장,"코로나가 끝나면 수영장에 가고싶어요 !
물이 너무너무 좋은데 이번 여름에 꼭 코로나가 끝났으면 좋겠어요..ㅜ
유나님 좋은 제품들 추천 항상 감사드립니다♥
tmddus2sms@naver.com",0개
110,SeheeJeong,"마스크 트러블때문에 고생중인 1인입니다ㅠㅠㅠㅠ 마스크 쓰기전에는 깨끗하게 관리 중이였는데....ㅜㅜㅜ 토닝받으러 피부과도 못가는중이고...저는 그냥 마스크만 안쓰면 좋겠어요 그럼 트러블이 좀 가라앉을것같아요ㅜㅜㅜㅜ 병원에 근무중이여서 맨날 코까지 뒤집어 써야해가지고 ㅜ 마스크만 벗을 수 있다면 너무 행복할것같아요!!!!
sehee0915@naver.com",0개
111,꼬마마법사,"영상 감사합니다.
코로나가 끝난다면.. 정말 끝난다면..
본의아니게 집에서 유배생활했던 아이들과 함께 강릉에 갈 예정입니다.
생각만으로도 좋네요^^*
모두 힘내시고 좋은생각만 할 수 있었으면 좋겠습니다.
natural7174@hanmail.net",0개
112,GracieNa,"저는 마스크 벗고!! 가족들과 외식도 하고, 친구들이랑 한강나들이 하면서 햇빛쬐고 싶어요~~🤗
커피숍가서 수다도 떨고, 밖에 맘껏 돌아다니고 싶습니당!!!!! 일도 가고 싶어요~~~ㅠㅠㅠㅠ
그날이 오기까지 집에서 잘 버티고 있으려구요😭
bit1985@hanmail.net",0개
113,최용재,빨리 코로나가 풀려서 친구들 만나서 놀고 싶네요 뷰티 유투버 화이팅 qudghk010@naver.com,0개
114,gyung9414,"코로나 끝나서 미뤄지고있는 시험을 얼른 치르고싶습니당ㅠㅠ

gyung9414@naver.com",0개
115,SS,"코로나 끝나면 그냥 마스크부터 벗어재끼고 다니고 싶네요. 실내에서 쓰는 마스크는 너무 답답해요 ㅠㅠ
그리고 입시생들은 학원가야하는데 학원도 다 문을 닫아서 힘들어유

sonhaneul2001@daum.net",0개
116,이영주,"수영하러 갈거에요.  물속이 너무 그리워요.
yjoo0114@naver.com",0개
117,chungchoi,"코로나 끝나면 원래 계획했던 가족여행을 가고 싶어요~ 막내 취업하기 전에 어렵게 시간 모아 계획했었는데 못 가게 되었거든요..😥 함께 사회적 거리두기 잘 지키며 코로나가 종식되길 기원합니다.


chldbcjd123@naver.com",0개
118,우냥이랑모모랑,"코로나 끝나면 마음껏 데이트하고 싶어요 ㅠㅠ
그동안 맨날 붙어다니다가 2월에 남자친구가 이사갔는데 하필 코로나가 생겨서 365일 동안 360일 만나던 저희가 한 달에 2-3번도 못보고 있어요 ㅠㅠㅠ
지금 3년차인데 (위기는 아니지만) 느무 보고싶어죽겠네요 (´°̥̥̥̥ω°̥̥̥̥｀)
모든 장거리커플들 화이팅이에요 !!
wldls3196@naver.com",0개
119,KJK,"저는 코로나 끝나면 취업준비해서 꼭취업하고싶어요!! 경제도 너무 함들어지구..... 그래도 하나씩좋아지겠죠!!  유나님도 건강조심하세욥!!
(kkj950910@naver.com)",0개
120,박정순,코로나 끝나면 여행 가고싶어요~ 올해 계획했던 여행 다취소되고 집콕만 하려니 답답하네요ㅠ eekfrldywjd@nate.com,0개
121,최예린,"코로나가 끝나면 남자친구랑 제주도 가고 싶어요ㅎㅎ!! 원래는 제주도 여행 계획을 만들었는데 그냥 계획만 덩그러니 있고 실천을 못하고 있어요ㅜㅜ점점 확진자가 줄어 들고 있지만 이럴때 일수록 더 조심해서 어디든 마음편하게 돌아다닐수 있는 
날이 오길 기다리고 있어요 ㅎㅎ 
우리 모두 마스크 없이 생활하는  날이 오도록 화이팅해요!항상 조심하세요♥️
yer1n2@naver.com",0개
122,김미령,"코로나가 끝나면 군대에 간 동생 면회 가야겠어요!! 너무 답담해 해서 ㅠㅠ 또 저는 마스크 벗고 다니고 싶어요!!! 트러블이 턱쪽이 너무 심해서 ㅠㅠ 예전처럼 평소처럼 생활 했으면 좋겠어요  빨리 취업 했으면 좋겠어요 ㅠㅠ 코로나 때문에 취준생을 너무 슬프네요!!

alfud233@naver.com",0개
123,김한나,유익한 영상 감사합니다 언니 영상은 봐도봐도 질리지 않고 매번 너무 재밌게 잘 보고 있답니다 저는 코로나19 끝나면 아빠랑 외식도하고 놀러도 가고싶어요 ~~^ ^jinhanna218@naver.com,0개
124,김하영,"gkdud1367@naver.com

코로나가 끝나면 그동안 못했던 바깥 활동을 가족들과 함께 즐기고 싶어요 !! 계속 집에만 있으니 너무 답답하고 우울해지거라고요 ㅠㅠ 빨리 코로나가 종식 돼서 모든 사람들이 행복해졌으면 좋겠어요 :)
유나님 항상 좋은 정보 전해주시는 것만으로도 감사한데 이렇게 기분 좋은 이벤트까지 해주셔서 정말 감사합니다 !! 항상 즐겨보고 있어요 언니 (?) ~~",0개
125,Boyu,코로나 끝나면 부모님 모시고 해외여행 가고싶어요 ㅠㅠ 크루즈여행 예약해둿는데 다취소하고 집콕중이에요.... 요새 관리도안하고 스트레스 먹는걸로 풀어서 살도많이찌고 마스크때문에 트러블도 엄청 나서 큰일이랍니다... ㅠㅠ lhjbook@naver.com 입니다!,0개
126,소혜빈,"다른 지역에 있는 친구들 만나서 같이 놀고 싶어요!!

thgpqls52@naver.com",0개
127,신은경,"개강 좀 해서 대면강의가 시급합니당
싸강 너무 힘둡니다 강의내용도 잘 이해허기 힘들구ㅠㅠ
ckdtjsfl@naver.com",0개
128,코카콩,"코로나가 끝나면 아이들과 나들이 가고싶어요ㅠㅠ
코로나로 인해 바깥으로 나가지 못하기에 그에 따른 스트레스가 많이 쌓였을것 같아서요~
그래서 아이들과 함께하는 나들이를 가고 싶어요^^

kkh1273@nate.com",0개
129,DianeKang,"코로나 끝나면 영화 개봉 미뤄졌던 것들 영화관 가서 보고싶어요. 교회도 못 나가서 교회도 가고 싶고요.... 운동도 못하고 안 움직이는 게 이제 더 습관처럼 돼서 헬스장도 얼른 다시 가고 싶어요 ㅠㅠ
baconcheese1@naver.com",0개
130,leeeunyoung941,속건조 완전 심해서 걱정했는데 저 마스크팩 꼭 싸봐야겠어요!!,0개
131,이진영,"유나님 ~오늘도 찐꿀정보 영상 잘봤습니다
코로나!!! 코로나~~코 ! 로! 나 !
으아~~~~~ㅜㅜ
마스크없는 외출은 상상조차 못할 정도로 매순간 함께 고 있네요 
오랫만에 오늘 남친이랑 서래마을 한바퀴 돌며 데이트 하는데 손에 들려있는 커피한목음
마시려니 여간 힘든게 아니더라구요ㅜㅜ
마스크 살짝 내리고 한목음 ~꿀걱!
다시마스크 올리고 ...
무엇보다 콧등부분에 메컵이 지워져 빨개진 코를 보이기가 창피 했거든요 ㅋㅋㅋ
하... 스트로우 구멍이 나있는 마스크가 있었음 좋겠다 생각했습니다 ㅋㅋㅋ

이노무 코로나가 종식되면!!!!!!!
마스크없이  데이트 하고 싶네요 ~

종식되는 날이 오긴 오겠죠??
😃👍😍🥰

항상 부러운피부 ! 유나님 피부의비결은
관리의결과?
모태꿀피부? 모태플러스 관리? 나도 유나님처럼 관리하면 좋아질수있나? 희망을 품곤 하거든요   ㅜㅜ  홈케어 열심히 하드랬죠
어김없이 관리후 상태는 훨씬 좋아 지긴 한다에 확신을 갖게 되구  그러다 소홀해졌다가 .... 그러다 영상 업로드 되면 필받아서 관리모드 전환 ㅋㅋㅋㅋㅋ
꾸준히 올려 주시는 영상 보고 다시금 관리할수있는 원동력 주시니 감사감사감사 
ㅎㅎㅎㅎ
구구절절 할말이 많아진다고 한다.......
유나님 ~사랑합니다❤️
ljy339@naver.com",0개
132,김선주,코로나가 끝나면 남자친구랑 맘껏 여행가고 싶어요. jpd23@hanmail.net,0개
133,딸딸아들세아이맘,"코로나 끝나면 아이들셋 신랑이랑 다섯명 식구 모두 데리고  영화보러가고 십어요ㅠㅠ
dada8484@naver.com",0개
134,최은선,"sobeast___@naver.com
현재 대학생인데 온라인수업으로 대처하고 있어요. 집에서 수업한다는 사실에 처음에는 좋아했는데 점점 싫어지고 있어요ㅠㅠ 친구들도 못보고 맘편히 카페도 못가고 집에만 있어서 수업듣고 과제하고ㅠㅠ 그냥 맘 편하게 친구들 만나 교수님 원망하며 카페에서 과제하고싶네요ㅠㅠ(그렇다고 진짜 과제를 원하는거 아니구요..헤)",0개
135,SHDNP,"빨리 출장 가고 싶어요~ 코로나로 요즘 다른 나라들이 더 심각하잖아요.. 같이 일하던 사람들도 많이 걱정이에요ㅠㅠ 이제 당분간은 해외 출국은 꿈에도 못 꾸게 되어, 강제 일이 없어서 많이 힘들어요.. 일을 못하는게 이렇게 괴로울줄이야ㅠㅠ 모두 힘내세요!!
diana8908@naver.com입니다.",0개
136,짱구홍홍,"코로나로인해 집에만 있었더니 살이 엄청 쪘어요 어서 헬스장 가서 운동하며 스트레스를 날려 버리고 싶네요 ㅎㅎ
hsh3673@naver.com",0개
137,신유리신유리,"코로나 끝나면 하고싶은일은 부모님과 해외여행을 가고싶어요ㅎㅎㅎ
dbfl5437@naver.com",0개
138,김하연,"코로나가 끝나면 요가학원 제일 먼저 가고 싶어요!!
꽃축제, 알바, 친구들이랑 데이트 등등 맘편히 다 하고 싶어요ㅠㅡㅠ

mini961216@naver.com",0개
139,쩡은,"코로나 끝나면 보고싶은 사람들 만나서 여행가고싶어요 !! 다른지역에 사는 친구들, 특히 기숙학원에서 휴가 한 번 못나오고 공부하는 친구들 ㅠㅠ 코로나 끝나서 휴가나오면 얼른 맘편하게 놀러가고싶어용 🥺항상 좋은정보 주셔서 감사합니다 유나님💛💛 
hje0603@naver.com",0개
