﻿,youtube_id,comment,like_num
0,도전100일헬창키우기,무천도사의 쿵푸팬더 각성 시키기,3개
1,jacobzeon,ㅋㅋㅋㅋ 조카랑 잘 놀아주는 착한 삼촌들 같아요 ㅋㅋㅋㅋㅋ 졸귀,456개
2,이장해,"9:20 도라에몽 펀치 개뿜었네ㅋㅋㅋㅋㅋㅋㅋ
         과거로 갈래? 미래로 갈래?",302개
3,YoungseokKim,정찬성 선수 말을 많이하는 건 아닌데 왤케 웃기지 ㅋㅋㅋㅋ,733개
4,피재,6:06 뭔 발차기하는데 총소리가 나 ㅋㅋㅋㅋ,112개
5,JeongSeopByeon,그 와중에 덩치부심있는거 진짜 실화냐 ㅋㅋㅋㅋㅋㅋㅋㅋ,104개
6,lol우린기태,정찬성순수 성격이 진국이네 ㅋㅋㅋ 느긋하니~,526개
7,이재민,11:10 ㅋㅋㅋㅋㅋㅋㅋㅋㅋㅋㅋㅋㅋㅋㅋㅋㅋㅋㅋㅋㅋㅋㅋㅋㅋ장기 빼줄까 ㅅㅂㅋㅋㅋㅋㅋㅋㅋㅋㅋㅋㅋㅋㅋㅋ믿고보는 케미다 진짜,377개
8,DaysGood,15:11 거북이와 돼지의 교감,96개
9,임둘기,4:00 원투 맞는 거 까지가 한세트임?ㅋㅋㅋ,40개
10,50대몸짱TV,피티 코스가 너무 고급집니다~ 레전드도 만나고 부럽부럽ㅋ,146개
11,Essentialview,"날은 점점 더워지는데 빡형 옷 저렇게 입고 인내하는 게 더 신기하고 대단합니다
건강관리 잘하세요~
올여름 장난아니랩니다",450개
12,SangYo,7:24 본때를 보여 주랬더니... 본 배를 보여주는 공혁준님... 화이팅...,171개
13,서형,빡저씨 저 옷 진짜 마음에 들었나보다ㅋㅋㅋㅋㅋㅋ,103개
14,정환리일기장,13:48 배 때리고 당황하시는거 개웃김ㅋㅋㅋㅋㅋㅋㅋㅋㅋㄴ,85개
15,PatrickKang,혁준이는 진짜 계란이랑 싸우면 1초만에 뻗겠다 ㅋㅋㅋ 말잘듣자 평소에,48개
16,신나는헬리,7:20 발차기가 귀여워보이긴 처음이다..,100개
17,남천,9:23 ㅋㅋㅋㅋㅋㅋㅋㅋㅋㅋㅋㅋㅋㅋㅋㅋㅋㅋㅋㅋㅋㅋㅋㅋㅋㅋㅋㅋㅋ,114개
18,핫포테이토,13:51 사이버돌쇠 ㅋㅋㅋㅋㅋㅋ 빡빡이 아죠씨 겟앰프드 왕년에 좀 하셨나보네,85개
19,이주영,계란님은 못하는 운동이 없으신가봐요ㅋㅋㅋ 계란킥 멋짐 ㅋㅋ,293개
20,박민환,8:50  He is ACE bed,89개
21,seokheekim,계란형님께서 애 많이 쓰시네 ㅠ (감동.. )혁준님께는 삶의 은인이네요 . 그리고 진심으로 많이 부럽다 혁준님. 주변에 계란형 같은 든든한 산같은 존재가 있어서 ..,44개
22,정현우,14:10 이분 왜이리 무섭게생김 ㅋㅋㅋㅋㅋㅋ 진짜 보스몬스터같네,39개
23,고준혁,4:07 왜 앞에 궁뎅이가 있누...,55개
24,jeorinebaetchew,오 굉장히 모시기 힘든 선수분이랑 스파링하셨네요,10개
25,김연태,"진짜 최고로 너무 웃기다 ㅋㅋㅋㅋ
억텐도 아니고 최고의 예능 프로그램 ㅋㅋㅋ",71개
26,유준서,"도라에몽 펀치 ㅋㅋㅋㅋㅋ
과거로 갈래, 미래로 갈래 ㅋㅋㅋㅋㅋ",38개
27,안성현,14:10 무에타이 리신 존똑 ㅋㅋ,65개
28,정용주,이번 편 진짜 레전드 나왓네 ㅋㅋㅋㅋㅋㅋ개웃기다,42개
29,안성현,"8:14 
11:50 
진성헬창 ㅋㅋ",49개
30,주먹왕랄프,15:11 이번 화 주요장면 ㅗㅜㅑㅗㅜㅑ 오늘은 이거다,26개
31,AH,8:13 레그 프레스인가? ㅋㅋㅋㅋㅋㅋㅋㅋㅋㅋㅋㅋ 도랐ㄴㅔㅋㅋㅋㅋㅋㅋㅋㅋㅋㅋㅋㅋㅋㅋㅋㅋㅋㅋㅋ,26개
32,유자달,11:36 선수님 뒤로 빠져주시는 거 뭐얔ㅋㅋㅋㅋㅋㅋㅋㅋㅋㅋ 귀여우셬ㅋㅋㅋㅋㅋㅋ,24개
33,보쌈쿤,6:05 와..... 지린다,30개
34,이상훈,15:07 이렇게 가까이 본건 혁준이 밖에 없을듯ㅋㅋㅋ,25개
35,No417,12:45 헬터스켈터 ㅋㅋㅋㅋㅋㅋㅋ 무슨 전문용어처럼 진지하게 나와 ㅋㅋㅋㅋㅋ,44개
36,김호수,8:50 느낌좋다 되겤ㅋㅋㅋㅋㅋㅋㅋㅋㅋㅋㅋㅋㅋㅋㅋㅋ,36개
37,구독하면로또당첨,"아 이번편 짱웃기네 ㅋㅋㅋㅋㅋㅋㅋㅋㅋㅋㅋㅋ
리얼로 복부두배맞고 안되겟습니다 
한대맞고ㅠ그로기 ㅋㅋㅋㅋㅋ
정찬성선수는 예능 유투브 하시더니
입담이 많이 느셨어 ㅋㅋㅋㅋㅋㅋㅋ
짱웃김 ㅋㅋㅋㅋㅋ",15개
38,dyrgod,진짜 김계란 킥은 진짜배기다 ㄷㄷㄷ,31개
39,청예,14:29 ㅋㅋㅋㅋㅋㅋ 뛰어가는거 존나 귀엽네 ㅋㅋㅋ 겁먹은 하마 새끼 같다,30개
40,BakeSale,8:37 기저귀 갈고있는 공아가..,32개
41,김문환,그래도 예전처럼 포기하지 않고 열심히 하는거 보니 진짜 김계란님이 사람 하나 만든거 같아서 보기좋네요. 다음주까지 1주일 어떻게 기다리나 슬픕니다,11개
42,송민섭E,"2:30 많이 맞았겠구나
뜻밖의 팩트폭행",20개
43,연주,죄송해요... 닉이 기억이 안나서 대머리 아저씨 라고 쳤는데 나왔어요....,7개
44,최민수,6:04 계란형 멋있다 ㄹㅇ,58개
45,오함마바키,"나 유투브 보면서 이렇게 재밋던 적이 없다 ㅋㅋㅋㅋㅋㅋㅋㅋㅋ
체중 살리는 그라운드 전용 컨탠츠하나 해주세요 ㅋㅋㅋ 주짓수 레슬링 같은거 ㅋㅋㅋ",85개
46,무율,9:20 과거로 갈래 미래로 갈랰ㅋㅋㅋㅋㅋㅋㅋㅋㅋㅋㅋㅋㅋ,57개
47,블랙말랑카우우,08:10 ㅋㅋㅋㅋㅋㅋㅋㅋㅋ레그프레스인가? ㅁㅊㅋㅋㅋㅋㅋㅋㅋㅋ,19개
48,멀티펑션,9:10 와 120키로를 그냥 넘겨버리네 ㅋㅋㅋㅋ  ㄹㅇ 괴물,16개
49,버블팝버블,늘 궁금했는데 계란님 숨쉬기는 편하실가...,16개
50,김유환,16:13 혁준이 양말 짝좀 맞춰주세요,53개
51,비비디바비디부,백승민 선수는 그냥 정찬성 선수랑 1+1이네 ㅋㅋㅋㅋㅋㅋㅋ,25개
52,김강현,13:28 계란님 조심해요 혁준이의 본능대로 안길뻔,17개
53,minthechink,카프레이즈 카프레이즈 카프레이즈 ㅋㅋㅋㅋㅋㅋㅋㅋㅋㅋㅋㅋㅋㄱㅋ,2개
54,사람,"3:56 4:02
혁준이 맞는거 왤케 웃기지ㅋㅋㅋ",12개
55,김성호,13:07 혁준이 넘어지는 거 왜이리 귀엽냐 ㅋㅋㅋㅋㅋ,38개
56,IntaeCho,7:27 ㅅㅂ 왜 귀여운거냐 ㅠㅠㅠㅠㅠㅠㅠㅠㅠㅠㅠㅠㅠㅠㅠㅠㅠㅠㅠㅠㅠㅠㅠㅠㅠㅠㅠㅠㅠㅠㅠㅠㅠㅠㅠㅠ,1개
57,Alphamale,11:50 이 와중에 카프 레이즈ㅋㅋㅋㅋㅋㅋㅋㅋㅋㅋㅋㅋㅋㅋㅋㅋㅋㅋ,5개
58,배한민,5:50 이 형 진짜 날라갔는데 리액션인 척 하네,21개
59,usedfactory,옛날에 무도기다리듯이 토욜11시 기다렸다,53개
60,옥이,"혁준이 레알 월클이네ㅋㅋㅋ
정찬성 선수랑 유튜브를 해?",3개
61,mad4u,13:07 보기에는 안쎄보이는데 저거 한번으로 저게 눕네....,31개
62,,정보) 포켓몬 싸움은 일진들이 찐따 각각 골라와서 싸움 붙이는 걸 말한다...,21개
63,이재원,8:12 레그 프레스래 ㅋㅋㅋㅋㅋㅋㅋㅋ,14개
64,쌉미미,14:30 왤케 귀엽냐고 공혁준 ㅋㅋㅋㅋㅋㅋㅋㅋ,25개
65,김민호,11:10 ㅋㅋㅋㅋㅋ 장기빼줄까에서 존나터졋네,2개
66,인생이,6:05 발차기에선 나면 안될것같은 소리가 나는ㄷ..,1개
67,dongwookang,6:04 계란 형한테 깝치면 안돼는 이유,8개
68,Bengi,13:51 사이버돌쇠 ㅋㅋㅋㅋㅋㅋㅋㅋㅋㅋㅋㅋ,17개
69,녛잊,13:47 선수분 때려놓고 너무 찰지게 맞아서 놀람 ㅋㅋㅋㅋㅋ,6개
70,IntaeCho,8:51 ㅋㅋㅋㅋㅋㅋㅋㅋㅋㅋㅋㅋㅋㅋㅋㅋㅋㅋㅋㅋㅋㅋㅋㅋㅋㅋㅋㅋㅋㅋㅋㅋㅋㅋㅋ 되게 느낌 좋다 ㅋㅋㅋㅋㅋㅋㅋㅋㅋㅋㅋㅋㅋㅋㅋㅋㅋㅋㅋㅋㅋㅋㅋㅋㅋㅋㅋㅋㅋㅋㅋㅋㅋㅋㅋㅋㅋㅋㅋㅋㅋㅋㅋㅋㅋㅋㅋㅋㅋㅋㅋㅋㅋㅋㅋㅋㅋㅋㅋㅋㅋㅋㅋㅋ,1개
71,틀니압수,9:45 BBW한테 당하는.avi,15개
72,사과,하.. 행복하다. 혁준이가 이케아 가구 조립하는 영상 보고 난 후 이거 보니 행복함.,36개
73,저는페미니즘을자지합니다,"정찬성형님은 어떻게 저렇게
순진해보이고 착해빠져보이는데
ㅈㄴ쌘거지? 고라파덕 스타일 ㄹㅇ;",16개
74,SH,호신술 저렇게하면 범죄자되는 나라라서ㅋㅋㅋㅋㅋㅋㅋㅋ 못할 듯,2개
75,치킨먹고맴맴,진짜 둘이 같이 다니면서 별에별 컨텐츠 다 찍는데 너무 웃기다 ㅋㅋㅋㅋㅋㅋㅋㅋㅋㅋㅋㅋㅋㅋ,8개
76,장우성,혁준이 발차기하는거 귀엽네 ㅋㅋㅋㅋ,2개
77,트롤반장,1:35 혁준이는 자신만만이아니라 뱃살풍만이에요 살살좀...,2개
78,DnineY,14:43 ㅋㅋㅋㅋㅋ빡형 인성,2개
79,비비디바비디부,8:33 개귀여웡ㅋㅋㅋㅋㅋㅋㅋㅋㅋㅋㅋㅌㅋㅋㅋㅋ,20개
80,슈윗한슈,6:05 와씨 미들킥 대박ヲヲヲヲヲヲヲヲヲ총소리가 나네,1개
81,솔리테어,8:14 ㅋㅋㅋㅋㅋㅋㄲㅋ 진짜 미치겠다,1개
82,운동하는중딩,혁준이 유도도 시켜봅시다 !ㅋㅋㅋㅋ,4개
83,안광민,6:05 맞으면 뼈 다 나가겠는데....?,8개
84,둥어,"공혁준님 초심 찾으세요.
인스타 다 봤어요",5개
85,채널,정찬성선수 그냥 평범하게 말하는데 한마디 한마디가 엄청난 개드립이 숨겨져있어 ㅋㅋㅋㅋㅋ,11개
86,유승현,15:12 이거 뭔데ㅋㅋㅋㅋㅋㅋㅋㅋㅋㅋㅋㅋㅋㅋㅋㅋㅋㅋ,5개
87,IvanOh,13:11 두루치기,9개
88,agentsmith,6:05 뭐야형?,101개
89,smyang,UDT 킥 잘보고갑니다 와 ㅋㅋㅋ 쭈니는 몸부터만들자 ㅎ,2개
90,delight3288,3:30 몸이 썩었대ㅋㅋㅋㅋㅋㅋ,8개
91,이장원,계란형 킥 너무잘차서 진짜 깜놀 ㅋㅋㅋㅋㅋ,1개
92,농구는DLo처럼,10:58 원래 고통은 한 박자 늦게옴,1개
93,무요,6:05 혁준이 방송에서 계란님 나올땐 다들 클린한 채팅 칩시다..,82개
94,Dongle,카프레이즈 카프레이즈 ㅋㅋㅋ역시 정상이 아니야 ㅋㅋㅋㅋㅋ,1개
95,에쎄이essay,신지드 그라가스ㅋㅋㅋㅋㅋㅋ 썸네일보고 안볼수가ㅋㅋㄱㅋㅋㅋ,1개
96,이쿠맨,3:57 ㅋㅋㅋㅋㅋㅋㅋㅋㅋㅋㅋㅋㅋㅋㅋㅋㅋㅋㅋㅋㅋㅋㅋㅋㅋㅋㅋㅋㅋㅋㅋㅋ,1개
97,운뚜루뚜루,스파링할때부터 끝날때 까지 웃었네 ㄹㅇ ㅋㅋㅋㅋㅋㅋㅋㅋㅋ,2개
98,박민욱,11:49 카프레이즈 카프레이즈ㅅㅂㅋㅋㅋㅋㄱㅋㅋㅋㅋㅋㅋ,1개
99,Woom,혁준이 귀여워서 미칠거같다ㅋㅋㅋㅋㅋㅋㅋㅋㅋㅋㅋㅋ,1개
100,최쿠마,06:48 누가 봐도 간류,2개
101,정서승,8:38 응애 혁준이 기저귀 갈아조,17개
102,ninenugungianasbaroma,ㅋㅋㅋㅋㅋ찬성이 귀엽다 계란발차기 칭찬해주네,0개
103,된장이,14:10 일리단 아님?ㅋㅋㄱㄲㅋ,1개
104,짱수영,계란님께 케어받는 혁준이  부러울따름이고ㅎㅎㅎ,1개
105,0후돌이,"감상문 : 
ㅋㅋㅋㅋㅋㅋㅋㅋㅋㅋㅋㅋㅋㅋㅋㅋㅋㅋㅋㅋㅋㅋㅋㅋㅋㅋㅋㅋㅋㅋㅋㅋㅋㅋㅋㅋ",1개
106,푸곰돌,ㅋㅋㅋㅋㅋㅋ정찬성선수 말하시는거 웃김ㅋㅋㅋ,1개
107,KingKiller,ㅋㅋㅋㅋㅋㅋㅋㅋㅋㅋ개웃겨 몸이 썩었데ㅋㅋㅋㅋㅋ,1개
108,박준식,와 근데 혁준님 살 진짜 많이 빠지셨다..,1개
109,서호나,"정찬성 선수님 팩폭 겁나 웃기다ㅋㅋㅋㅋㅋㅋㅋㅋ 겁나 재밌어
9:21 ㅋㅋㅋㅋㅋㅋ 도라에몽펀칰ㅋㅋㅋ 과거로 갈래? 미래로 갈래? 앜ㅋㅋ 웃음이 안멈춘다",0개
110,팩팩팩트폭력배,팩폭형 챔피언... 존경합니다... 저도 그렇게 되고 싶은데 어떻게하면 팩폭을 그렇게 잘 하시죠? 어떤 훈련을 하시나요??,1개
111,학폭피해9년차,"혁준이 진짜 우리 동네 막내 였으면 좋겠다
너무 귀엽다.",1개
112,성이름,8:14 레그프레스 도랔ㅋㅋㅋㅋㅋ,1개
113,sBan,15:06 단백질 섭취 🥚🥚,19개
114,정용준,포켓몬 싸움 ㅇㅈㄹ ㅋㅋㅋㅋㅋㅋ,2개
115,DIYDIEFPV,계란님 킥은 김동현 선수도 인정했던....ㅋㅋㅋ,1개
116,IntaeCho,13:33 근데 팔 두개 모은다고 커버 가능한 몸이 아닌것 같음...히트맵이 너무 큼...,0개
117,SUBZERO,조곤 조곤 딜 넣는게 영상 킬링포인트네ㅋㅋㄱㅋ,1개
118,예버디,오옼 오옼만 몇번을 보는지..ㅋㅋㅋ,1개
119,HJ,1:53 냥냥펀치 개커엽닼ㅋㅋㅋㅋㅋㅋ,1개
120,박민준,08:32 왜 아무도 이거 언급 안함ㅋㅋㅋㅋ 백숙같아서 귀엽네,0개
121,Eo,형 운동영상 하나만 올려줘 ㅠ 형의 우람한 엉덩이로 스쿼트 하는 걸 보고싶어 ㅠ,1개
122,김선인장CactusKim,정찬성 선수 성격 진짜 너무 좋다... 친구로 따지면 뭔가 항상 부르고 싶은 친구 느낌이심..,0개
123,래퍼정우준들어와서랩한번듣고가,와 계란형 발차기  진짜 놀랏다ㄷㄷ,1개
124,으악,6:50 그 왜 있잖아..  철권에 그 곰...,12개
125,이수민,과거로 갈래 미래로 갈래 이지랄ㅋㅋㅋㅋㅋㅋㅋㅋ 한 1분동안 혼자실실 쪼갰네 ㅋㅋㅋ,1개
126,익명,혁준이 개 귀엽네 ㅋㅋㅋ 역시 공아가야...,0개
127,JongsungKim,혁준이 졸라귀엽네 ㅋㅋㅋㅋㅋㅋㅋㅋ,0개
128,관광버스,난 저 표정이 너무 귀여워 ㅠㅠㅠㅠㅠㅠㅠㅠㅠㅠㅠㅠㅠㅠㅠㅠㅠㅠㅠㅠㅠㅠㅠㅠㅠㅠㅠㅠ,0개
129,방가방가,진짜 팔이 너무 짧은거 아니냐 ㅋㅋㅋ,0개
130,SuperMan,8:36 저는 왜 손질한 생닭이 생각나죠 ㄷㄷ,0개
131,rpshf,9:49뽀뽀하래ㅋㅋㅋㅋ,1개
132,MiaS,김계란...당신 너무 섹시해ㅋㅋㅋㅋㅋ,1개
133,압둘알리이성택,6:04 무에타이 리신,1개
134,DA,6:05 개머시써 김계란.....💖,27개
135,Rewrite,혁준이 왤케 귀여워ㅋㅋㅋㅋㅋㅋㅋㅋㅋㅋㅋㅋㅋㅋㅋㅋㅋㅋㅋㅋㅋㅋㅋㅋㅋㅋㅋㅋㅋㅋ,0개
136,GizmoBeam,5:49 무슨 트럭에 치인줄ㅋㅋㅋㅋ 이세계 가는줄 알았자너,0개
137,raie,보면 볼수록 공아가 귀여워요ㅋㅋㅋ힘들어하는 표정이 진짜 일품ㅋㅋ,0개
138,맫똘,16:17 계란형 왜 무릎에 터번쓴 아랍인이 있어?,1개
139,보뇨쵸꼬빙,ㅋㅋㅋㅋㅋ 아 귀엽네 진짜 ㄱㅋㅋㅋㅋㅋㅋ,0개
140,diablojim,ㅋㅋㅋㅋ 아 배아퍼 졸라 웃었다 ㅋㅋㅋㅋㅋㅋ,1개
141,강정호,15:05 뭘먹있는거야ㅋㅋㅋㅋ,16개
142,이지태,13:50 계란님 겟앰프드 유져였습니까 ㅋㅋㅋㅋㅋㅋㅋ,0개
143,Ruka,오늘거 진짜 웃기네 ㅋㅋㅋㅋㅋㅋㅋ,1개
144,qwerty,"15:05
어디 유명한 헙에서 많이 본 자세인데?",13개
145,빵양,Zzzzzㅋㅋㅋㅋㅋㅋㅋㅋㅋㅋㅋ스턴건ㅋㅋㅋㅋㅋㅋㅋㅋㅋㅋㅋ,1개
146,김원준,눕혀야되는데 혁준님이 누워버리네 ㅋㅋㅋㅋㅋㅋㅋㅋ,1개
147,대빠겜방,아 너무 좋다 진짜ㅋㅋㅋ,0개
148,Nova,땀 공격 개웃기넼ㅋㅋㅋㅋㅋㅋ,1개
149,하늘,존나 귀엽네,2개
150,빙슨,아니 눈가리니까 더무서웤ㅋㅋㅋㅋㅋㅋㅋㅋㅋㅋㅋㅋㅋㅋㅋㅋㅋㅋㅋㅋㅋㅋㅋ,0개
151,킹동혁,"빡형 은근 게임 다양하게 했네 ㅋㅋ 던파, 겟엠, 롤 등등 🎮",1개
152,강준식,9:20 이건 당한거 써먹는거아니냐 ㅋㅋㅋ,0개
153,bellasoft,혁준이형 왜케 귀여웤ㅋㅋㅋㅋㅋ,0개
154,신민섭,"진짜 스파링은 레전드다 ㅋㅋㅋㅋ 옛날 1박2일나 무도에서 보던 순수잼으로 빵터졌넼ㅋㅋㅋㅋㅋㅋㅋ
아 너무 재밌었다 레전드 에피네 ㅋㅋㅋㅋㅋㅋㅋㅋㅋㅋㅋ",0개
155,3대800교사,공혁준 제일 재밌게 운동하는 것 같다 ㅋㅋㅋ보기 좋다 ㅋㅋㅋ항상 응원합니다,0개
156,태진박,아 사이버돌쇠 좋아 뭔데ㅋㅋㅋㅋㅋㅋㅋㅋㅋㅋㅋㅋ,0개
157,회색늑대,김계란 오른발 킥 뭐야 ㄷㄷ 저거 맞으면 진심 골로갈듯. 중상단 다 잘차네,1개
158,Awesome,혁준이킥할때 개귀엽네 다리가짧아서 ㅋㅋㅋ,0개
159,뾰족한동그라미,진짜 우리 공아가 개귀여워 ㅋㅋㅋㅋ,0개
