﻿,youtube_id,comment,like_num
0,피지컬갤러리,"면도날 너무 비싸지 않나요?
더 이상 속지마세요.
전세계 26억개 판매,
글로벌 3위 면도기 브랜드 
5중날 면도기가 지금 100원!
http://bit.ly/백원_요잇
 
면도기는 레이지소사이어티!",24개
1,힙으뜸,ㅋㅋㅋㅋㅋㅋㅋㅋㅋㅋㅋㅋㅋㅋㅋㅋㅋㅋㅋㅋㅋㅋㅋㅋㅋㅋㅋㅋ 아 ㅋㅋㅋㅋㅋㅋㅋㅋㅋㅋㅋㅋ ㅋㅋㅋㅋ 혁주니 지짜 너무 조아여ㅋㅋㅋㅋㅋㅋ 담주에 가정방문할겁니다. 혁주니 기다려~~~~~,32개
2,소련여자SovietgirlinSeoul,9:05 워웍이죠,25개
3,sorrywhite,"벤의 사생활 혹은 벤의 시점 컨텐츠 어때요?? 벤은 절대 말하지 않지만 자막으로 심경을 보여주는 거에요, 벤의 기여움과 피지컬갤러리 제작자님들의 센스면 충분히 재밌을 거 같아요",185개
4,gosarinamul,남편분인가? ㅋㅋㅋㅋㅋ 뭔가 쫒겨나는게 흔한 아빠들 보는거 같아 ㅋㅋㅋㅋㅋㅋ 개귀엽네 ㅌㅌㅌㅌㅌㅋㅋㅋㅋㅋ,401개
5,예성찬,지단박치기 미친건가 ㅋㅋㄲㅋㄱㅋㅋㄱㅋㄱㅋㄱㅋㅋㅋㅋㅋㅋㅋㅋㅋㅋㅋㅋㅋㅋㅋ,64개
6,남자의자신감,혁준이가 이제 계란형이랑 친해졌다고 좀 대드는데 거기에 또 받아주며 강약 조절 지리는 계란형 ㅇㅈ,57개
7,백수앞을본백수,1:10 아니 계란님 무슨 인형같네 ㅋㅋㅋㅋㅋ 넘모 귀엽자너,54개
8,윤진홍,빡빧이 아저씨  우리 아이가 달라졌아요가 아닌 공혁준과 우리결혼했어요 라고 바꿔주세요 그게더 잘어울려요 ㄹㅇㅋㅋ,56개
9,아침형닭고기,확실히 혼자 케릭터 로 이끄는 것보다 두명 세명 케릭터들이 서로 이야기를 만드니까  tv 예능보는거 같넹 ㄸ,13개
10,quartz9,와... 처음 운동 시작했을때랑 비교하면 혁준이 살 진짜 많이 빠졌다... 대단하네.,318개
11,띵,14:06 Daegebu is man..,44개
12,CPA합격,16:07 내가 뭘 본거지...;; ㄷ ㄷ,160개
13,StarLightL,5:05 와 지단박치기 진짜 옛날부터 친구들한테 하던건데 이걸 하는사람이 또 있어서 행복합니다.,0개
14,크크크,"진짜 혁준이가 지금 계란님이랑 뺀다해도
 그이후 이 프로젝트가 끝난 이후에도 유지했음좋겠다 바로 원상태로 돌아가면 서로 맘상할듯..",19개
15,우주비행,"9:07
그라가스 갱당함 ㄷㄷ",10개
16,치킨먹고맴맴,"둘이 이렇게 캐미가 잘 맞을 줄이야 ㅋㅋ
진짜 엄청 친해진게 눈에 보임 ㅋㅋ",36개
17,츠츠츠츠,"1:09 김계란 구멍난거 
1:22 양말 챙겨줌
5:14 초딩싸움 , 시끄러운 어머님",48개
18,전부다해보는선생님전생님allcher,10:12 노량진과 가락시장의 차이 ㅇㄷ,58개
19,이용,레깅스 광고효과 오진다 혁준이가 xs를 입는걸 눈으로 보다니;;;,13개
20,프로도전러PRODO,3:44 ㅋㅋㅋ와 진짜 많이 빠지셨네 ㅋㅋㅋㅋㅋ,12개
21,KimSpin,16:07 매드맥스ㄷㄷ,44개
22,장혁재,"16:12  타코상! 타코상!! 타코상!!!
아 겁나웃엇넼ㅋㅋㅋㅋㅋㅋㅋㅋㅋㅋㅋㅋㅋ",19개
23,ZZI,12:00 뒤에 서장훈 ㅋㅋㅋ,4개
24,펭귄나라,혁준이 말라가는게 보인다,1개
25,JDkim,"아니 진짜 저친구는 밉지는 않음 ㅋㅋㅋㅋㅋㅋㅋㅋㅋㅋ 진심으로 
진짜로 주변에 먹는걸 진심으로 저렇게 좋아하는 친구들 있음 약간 보면 진짜 건강한 돼지들 ㅋㅋㅋㅋㅋㅋ",11개
26,MorrisSpark,"와 김계란 부럽다...
공혁준 먹방쇼 직관하네ㄷㄷㄷ",58개
27,UiCheolKim,와 티비에서 하는 프로그램 보는거같다 개꿀잼이넼ㅋㅋㅋㅋㅋㅋㅋㅋㅋㅋㅋㅋㅋㅋ,8개
28,이현범,8:40 같은 빡빡이 다른 사람 ㅋㅋㅋㅋㅋㅋ,15개
29,김맨,와 진짜 첫화랑 비교하면 진짜 쪼옥 빠졌네ㅋㅋㅋㅋ얼굴이랑 배도 홀쭉해지고 레깅스 입었을때 많이빠진거 보여서 깜짝놀람,370개
30,최민호,9:05 형도 감스트한테 넘어왔구나ㅋㅋㅋ,7개
31,마어듀,저 덩치에 저렇게 귀엽기 가능한갘ㅋㅋㅋㅋㅋㅋㅋㅋ 텐션 올라간거 졸귀고,5개
32,우리데프트,원인치 펀치에 존나 웃었네 진짜 ㅋㅋㅋㅋㅋㅋㅋㅋㅋㅋㅋㅋㅋㅋㅋㅋㅋ,28개
33,김진형,으뜸님이랑 대화할ㄸ때 계란형보고 얘기하는거 쥰나귀여움ㅋㅋㅋㅋㅋ,4개
34,강율,"1:31 
3:35 
으뜸님이랑 이야기 하면서 왜 계속 계란형을 봐 ㅋㅋㅋㅋㅋㅋㅋㅋ 미녀판독기 on",91개
35,운동하는고등학생헬린이성장일기,5:42 이선균ㅋㅋㅋㅋㅋㄱㅋ,30개
36,CKLuv,8:40 그래서 누가 계란님임,16개
37,DavidHwang,진심 개좋아 진짴ㅋㅋㅋㅋㅋㅋㅋㅋㅋ둘 케미 미쳤ㅋㅋㅋㅋㅋㅋㅋㅋㅋㅋㅋㅋㅋㅋㅋㅋ,15개
38,이안,남편분 카메라 호다닥 피하는거 왤케 귀요미심ㅋㅋㅋㅋㅋ,100개
39,홈즈홈트레이너즈,7:16 계란 방구 엄청 독한데 ㅋㅋㅋㅋ,16개
40,,김계란 공혁준 둘다 너무 귀엽닼ㅋㅋㅋㅋㅋㅋㅋㅋㅋㅋㅋㅋㅋㅋㅋㅋㅋㅋㅋㅋㅋ,5개
41,노승주,2:40 위생에 철저해서 집상태가 그랬던건가,6개
42,진덕,어이 김씨ㅋㅋㅋ 계란혁준으뜸조합 개웃기네ㅋㅋ,2개
43,AsmrBackSsu,정신사나운데 개웃기네 ㅋㅋㅋㅋㅋㅋㅋㅋㅋ 추석 때 모인 친한 친척들같앜ㅋㅋㅋㅋ,293개
44,탕구리,"ㅋㅋㅋㅋㅋㅋㅋㅋㅋㅋㅋ 문어가 익사했다 ㅋㅋㅋㅋ 
와 근데 혁준이 진짜 건강해지는거 같아서 좋네요",39개
45,김민서,아니 영상이 존나 처음부터 끝까지 존나웃곀ㅋㅋㅋ,5개
46,나르트르,14:50 이런 혁준이는 회식자리에서 어묵국물만 먹었다고 했는데 살이 쩌서 김계란한테 추궁받자 회식자리에서 따른걸 먹었다고 고백했다,17개
47,3손,빡포션 홈페이지에 성분표 게시 부탁드립니다.,3개
48,어썸블리스AwesomeBLISS,11:47 진짜 마스크로 호흡곤란이 보이네요 ㅋㅋㅋㅋㅋㅋ,494개
49,yoonsay,6:29 으뜸님 찐텐이네zzzzzㅋㅋ 귀여우시다,1개
50,이창민,혁준님이랑 계란님 두 분 다 너무 귀엽닼ㅋㅋㅋㅋㅋ,3개
51,뚜뚜니,ㅋㅋㅋㅋㅋㅋㅋㄱ여잔데 저 면도기 사고싶음,6개
52,운동조아,이 셋의 조합은 진짜...ㅋㅋㅋㅋㅋㅋ,2개
53,쌉미미,4:31 ㅋㅋㅋㅋㅋㅋㅋㅋ개귀엽네,2개
54,아지세상,"11:52 김계란님의 오해, 공의 머쓱타드",23개
55,용용,6:13 왜 접시가 벌써 비었어 ㅋㅋㅋㅋㅋㅋ,37개
56,SunflowerDarling,1:12 ㅋㅋㅋ귀여웡,2개
57,Jacob7style,16:12 타코상 !! 타코상 !!! ㅋㅋㅋㅋㅋㅋㅋㅋㅋㅋㅋㅋㅋㅋㅋㅋㅋㅋㅋㅋㅋㅋㅋㅋㅋㅋㅋㅋㅋㅋㅋㅋㅋㅋㅋㅋㅋㅋㅋ,136개
58,김준기,1:09 계란형 ㅈㄴ 귀엽네 ㅋㅋㅋㅋㅋㅋㅋㅋㅋㅋㅋㅋㅋㅋㅋㅋㅋㅋ,1개
59,이얼싼스,혁준이 볼수록 귀엽네 ㅋㅋㅋ,1개
60,voiceLovers,혁준님 티셔츠의 생기가 사라질 때까지 화이팅이여 ㅎㅎ,30개
61,지중해,상극은 서로 잘맞는다더니 둘이 개 친해졌네 ㅋㅋ,1개
62,Robertomaestro,매회 이걸 보는데 진짜 계란이형 진짜 좋은 사람으로 보인다!,90개
63,DZD,4:58 개기엽네 진짜 ㅋㅋ,1개
64,JHSeok,케미 너무 좋네 ㅋㅋㅋ 행복해보임,1개
65,조민규,15:19 리미트가 해제된 빡빡이라...,1개
66,IlIlIllIlIlIlIl,"근데 확실히 얼굴살이 빠진게






눈에 안보이니까 더 열심히 하자 혁준아",10개
67,영여리,공혁준 먹방 진짜 찰지네 ㅋㅋㅋㅋㅋㅋㅋㅋㅋ 빠져든다 ㅋㅋㅋㅋㅋㅋㅋㅋ,1개
68,alpngso,진짜 영혼의 단짝임 재미있게 보고 있습니다 ㅋㅋ,1개
69,오늘아,혁준님 살빠지니 보기너무좋네요 건강하게 먹방가쟈~,4개
70,jk,와 먹을때 손이 왜케 빨러 ㅋㅋㅋㅋㅋㅋㅋㅋㅋㅋㅋㅋㅋㅋㅋㅋㅋㅋㅋㅋㅋㅋㅋㅋㅋㅋㅋㅋ,1개
71,국밥부장관,타코상ㅋㅋㅋㅋㅋㅋ,3개
72,우주이,8:31 나는 여기부분이 왤케 웃기짘ㅋㅋㅋㅋㅅㅋㅅㅋㅅㅋㅅㅋㅅㅋㅅㅋㅅㅋㅅㅋ아 진짴ㅋㅋㅋㅋㅋㅋㅅㅋㅅㄱㅋㅋㅋㅋㅋㅋㅋㅋㅋ,0개
73,NoelGallagher,근데 둘이 진짜 친해졌다 ㅎㅎ 보기 좋네,1개
74,딩동,계란이형 사랑해ㅋㅋㅋㅋ,1개
75,DA,2:32 엄마가 나한테하는 소리랑 똑같잖아....ㅋㅋㅋㅋㅋㅋㅋㅋㅋㅋㅋㅋㅋ,229개
76,벚꽃마녀,8:36 벤 살려어ㅠㅋㅋㅋㅋ,1개
77,NameNo,네이버 웹툰 돼지우리 60화에 빡저씨 나왔어 ㅋㅋㅋ 월클 ㄹㄱㄴ,2개
78,강약,8:42 벤 wasted당하는거 왜이리 웃기짘ㅋㅋㅋㅋㅋㅋㅋㅋ앞에서 다들 으쌰으쌰 하는데 혼자서 뒤에서 귀엽게 당하구있냐구 ㅠ,8개
79,이준,빡빡이아저씨 이제 예능까지... 보통 사람 아니네~,3개
80,강민서,10:59 수산시장에 오랜만에 와본 회장님과 경호원같네 ㅋㅋㅋㅋ,0개
81,개핑,9:14 남산이 부럽다,16개
82,jghe,혁준이 마스크가 너무 작아.. ㅠㅠ,0개
83,저글링의산책채널,3:42 채팅창 '꼴린다 하아' ㅋㅋㅋㅋㅋ,0개
84,KWS0000,14:57 부터 좋아하면 닮는다더니 말할때 제스처도 둘이 닮아가네,48개
85,양세준,진짜 혁준님 너무 대단하시고 귀여우세요 ㅠㅠ 진짜 좋아요 앞으로도 다이어트 화이팅 -~~,1개
86,중해몽,와 혁준이 살 진짜 많이 빠졌다 ㅋㅋㅋㅋㅋ,0개
87,쌉미미,10:00 세수해줬다는게 핥았다는건가 ㅌㅋㅋㅋㅋㅋㅋ,0개
88,김균,혁준이 진짜 음잘알이다 ㅋㅋㅋ만든사람보다 더 잘 알아,0개
89,,형 어제 t1방송에서 페이커형님이 김계란형 언급함ㅋㅋㅋㅋ,0개
90,김범률,7:38 혁준이는 2사이즈냐고 물어본게 아닙니다 E사이즈냐고 물어본거에요,8개
91,노세형,1:31 수준이..전문가 수준,0개
92,소심한사자,아니 진짜 혁준이형 의자말고는 몰랐는뎈ㅋㅋ 재밌넹 ㅋㅋㅋㅋ,0개
93,이화진,14:39 이 형 약하네; 신고각,11개
94,,선글라스는 돌려가며 써주시는걸로 ㅋㅋ 맨날 똑같으심ㅋㅋ,1개
95,동선동주민,1:10 타마고아니키 오른발 계란 두개 뭔데ㅋㅋㅋㅋㅋㅋㅋㅋㅋㅋㅋㅋㅋㅋㅋㅋㅋㅋㅋ 원래 빵구 난 건줄 알았자너ㅋㅋㅋㅋㅋㅋㅋㅋㅋㅋㅋ,0개
96,,ㅋㅋㅋㅋㅋㅋㅋㅋㅋㅋㅋㅋㅋㅋㅋㅋㅋㅋㅋㅋㅋㅋ헬파티 그자체,1개
97,JongsangKim,8:01 갑자기 분위기 패트와 매트 ㄷㄷ,0개
98,SoJuu,혁준이 마스크 터지겠다...,1개
99,sangLee,진짜 티비보다 훨씬 재밌다 ㅋㅋㅋㅋㅋㅋㅋㅋㅋㅋㅋㅋㅋㅋ,0개
100,김종은,ㅋㅋㅋㅋㅋㅋㅋㅋㅋㅋㅋㅋㅋ 아 졸라 공혁준 귀엽다,0개
101,마릴린멜로,5:41 이선균 성대모사 아무도 안 알아줘? ㅋㅋㅋㅋㅋ,89개
102,정애송,5:05 지단박치기 개웃기네ㅋㅋㅋㅋㅋㅋㅋㅋㅋㅋㅋㅋㅋㅋㅋㅋㅋㅋㅋㅋ,0개
103,심약국,저 양복입은 분은 으뜸님 남편분이신가욬ㅋㅋㅋㅋㅋ자꾸 화면에 걸리는데 도망가시네,1개
104,5프라IN,5:28 선생님 한테 주의 받고 장난치는 초딩 같음ㅋㅋ,0개
105,박유진,1:16 양말 왜주나 했더니 계란님 양말빵꾸 크게남ㅋㅋㅋㅋㅋㅋㅋㅋ,0개
106,박소민,계란님 으뜸님 집 호수가 영상에 그대로 나오는데 괜찮은 건가요 수정해야 될 거 같아요 혹시 몰라 걱정됩니다,251개
107,MustangFord,ㅋㅋㅋㅋ계란형이랑 혁준님 이제완전친해졌어ㅋㅋ,0개
108,윤서준,아 강아지 진짜 계란으로 보이나?ㅋㅋㅋㅋㅋㅋ,0개
109,BodyweightKing맨몸왕,6:46 어이 김씨 ㅋㅋㅋㅋㅋㅋㅋ,0개
110,rgrgrgrgrgrg,"와 진짜 사람 작아졌다 혁준님
둘 케미도 너무 좋음",0개
111,땅콩리뷰영화추천리뷰어,ㅋㅋㅋㅋ요즘 혁준님 귀여운 맛에 살아요ㅠㅠ,1개
112,석이,와 얼굴  빠진 티가 난다 ㅋㅋ 신기 ㅋㅋㅋ,1개
113,서민욱,아니 예고편 둘다 너무 귀여우시다 ㅋㅋㅋㅋㅋㅋ,0개
114,영상좀보자,남산이 엄청 밝히누.. 음흉한짜식ㅋㅋㅋ,0개
115,김민성,얼굴 검은그림자가 다 사라졌다 ㅠㅠ,55개
116,SGKANG,와 근데 혁준님 진짜 피부가 좋아짐 ㅋㅋㅋㅋ 기름기 쪽 빠져서 첫 방송때 여드름 가득하던 그 피부가 아님 ㅋㅋㅋ,0개
117,ChanHeeJang,우리 르건즈 안색 진짜 좋아졋다ㅠㅠ,0개
118,inhwanJoo,두분이 진짜 찐친되셨네요 ㅋㅋㅋㅋㅋㅋ,0개
119,김동욱,혁준이 너무 귀엽다ㅎㅎ,0개
120,조성민,15:00 손동작이 계란형 손동작인데?? 이런것도 닮아가는거야 둘이??ㅋㅋㅋㅋㅋㅋㅋ,11개
121,만병통치약뿔몬뿔녹용5000년전,약만 보면 로이더ㅋㅋㅋㅋㅋㅋㅋㅋㅋㅋㅋㅋㅋㅋㅋ,0개
122,JBeen,티키타카 너무 좋탘ㅋㅋㅋㅋ,0개
123,김진수,지단박치기 개 웃기네 ㄱㅋㅋㅋㅋ,0개
124,맘킬러,0:07 순간 내 눈을 의심했네...,8개
125,MSK,왜 혁준씨는 아베노마스크를 쓰고있어,34개
126,서서tv,저렇게 옆에서 누가 코칭해주면 진짜 살 잘빠지겠다 ㅋㅋㅋ,0개
127,3대800교사,빡형 확실히 으뜸님 좋아하는 게 느껴짐ㅋㅋㅋ,0개
128,황성현,7:12 베스킨 라빈스 드립 나오고 진짜 베라광고 뜨넼ㅋㅋㅋ,0개
129,유진웅,와 이제 목이랑 턱이 확실히 분리됐네 많이빠졌다,1개
130,간단간헐적단식관리앱,어이 김씨ㅋㅋㅋㅋㅋㅋㅋㅋㅋㅋㅋㅋㅋㅋㅋㅋㅋㅋㅋㅋㅋㅋㅋㅋㅋㅋㅋㅋㅋㅋㅋㅋㅋㅋㅋㅋㅋㅋㅋ미챴네ㅋㅋㅋㅋ,47개
131,뭉킹,형 페이커형이 형 언급했어ㅠㅠㅠ,0개
132,정글뺏는띠모,ㅋㅋㅋㅋ으뜸님 귀여워 ㅋㅋㅋ해맑은거,0개
133,김건환,1:17 립밤 같음..,1개
134,이주선,14:40 혁주니 살빠지니까 콧날봐라..,0개
135,엔브이,예전보다 살 빠지니까 뭔가 더 귀여워진 것 같음 ㅋㅋㅋㅋ,10개
136,퍽퍽,7:13 아니 왜 요기요 베라 광고가 뜨냐고 ㅜㅜㅜ,0개
137,FATDOO,7:12 아니 광고로 베스낀31나오네ㅋㅋㅋ,0개
138,TonyStark,ㅋㅋㅋ먹으면서 계란형 눈치엄청보네ㅋㅋ,0개
139,현빈,지단박치기ㅋㅋㅋㅋㄱㅋㅋㅋ,0개
140,theskyofwing,다음주가 더 기대되는걸?!,7개
141,BarbarossaKN,22만 부르자마자 미간에 주름진거 너무 웃기네요 ㅋㅋㅋ,0개
142,moossam,진짜 예능 보는거 같아 ㅋㅋ,0개
143,김정민,3:43 사람이 운동같은걸 하면 달라지는구나ㄷㄷ ㄹㅇ,0개
144,닉네임,다음주 너무 궁금하네 ㅋㅋㅋㅋㅋㅋ,0개
145,브레드유건,주머니에 뭘 저렇게 많이 챙기는거야 ㅋㅋㅋㅋㅋㅋㅋㅋ,0개
146,까르보불닭,0:53 우리 개콘에 오나미누님 집인줄 알았습니다,0개
147,F2CH,아 ㄹㅇ로 김계란 머리 만져보고 싶다 ㅋㅋㅋ,0개
148,이강산신령,아 ㅋㅋㅋ 박보검~나웃겨,0개
149,NIACIN,진짜 정신없겟다 심으뜸님ㅋㅋㅋㅋㅋㅋㅋㅋㅋㅋㅋㅋㅋ,0개
150,쌍우,처맞는 소리 개처웃기넼ㅋㅋㅋㅋㅋㅋㅋㅋㅋ,0개
151,DouglasSuh,1:08 양말 왜주시나 했더니.......ㅜㅜ 계란님 양말좀 사드려야겠네,0개
152,윤희,아니 ㅋㅋㅋ왜 광고볼떼마다 왜 거기에 넣냐고ㅋㅋㅋㅋㅋㅋ,0개
153,김민수,천천히 건강하게 살빼는게 너무 보기좋다,1개
154,박유리,아이가 살 빠진 거같아요ㅋㅋㅋ,0개
155,양성진,11:56 이거 왤케 웃기냐 ㅋㅋㅋㅋ,0개
156,한땡땡,16:07 미쳤냐고ㅋㅋ,0개
157,금슈,다음주 물만난 김계란 기대됩니다 ㅋㅋ,49개
158,영탑맨YoungTopMan,ㅋㅋㅋㅋ다음주도 꿀잼각!,0개
159,CVGame,1:09 계란님 양말ㅋㅋㅋㅋㅋㅋㅋㅋㅋㅋㅋㅋㅋㅋㅋㅋㅋ,0개
