﻿,youtube_id,comment,like_num
0,Rossoverde,썸네일 혁준이보고 그냥 지나칠 수가 없었닼ㅋㅋㅋㅋㅋㅋㅋㅋㅋㅋㅋㅋㅋㅋㅋㅋㅋㅋㅋㅋㅋㅋㅋㅋㅋㅋ,2개
1,외국밈전문가,말 한마디로 남자들 수천명이 젖꼭지를 만지게 할수 있는 남자... 김계란...,16개
2,김우현,"안녕하세요.
여유증 손으로 확인하다 아버지가 방문 열고 들어오더니 다시 급하게 닫고 나가셨습니다....
하트주세요.",1개
3,,혁준이 공짜 피티의 대가가 이거였나....,384개
4,StudioBlackSheep,1:34 형아... 기분이 이상해;,362개
5,,결론: 정상체중이거나 멸치인데도 불구하고 가슴이 튀어나와있다면 병원을 가야되지만 그냥 내가 돼지면서 가슴이 튀어나오면 지금 먹고있는거 내려놓고 운동이나 해라.,121개
6,량령량,ㅋㅋㅋ 계란형  이걸본 남자들  다젖꼭지 만지게 하는 초능력을 가졌구나ㅋㅋ,140개
7,설봉탕,혁준이 왈 : 나처럼 150kg 찌는것도 재능이다,101개
8,Kingster,여유증을 개선할 수 있는 운동에는 어떤 운동들이 있는지도 궁금해지네요! 관련해서  여유증 개선 운동과 운동방법에 대해 소개해주시면 정말 좋을 것 같아요!,25개
9,카카오,"아니 썸네일 진짜....내가 좋아하는 공혁준 젖탱이 강제로 봐야됩니까 진짜 화






려한 조명이 나를 감싸네",117개
10,이동훈,저 수술해주신 원장님 이시네요 ㅜㅜ 수술 전에 기도해주신게 기억에 남아요,168개
11,김태연,"1:58 들으면서 여유증이 아니라는거에 안심하는 와중에 갑자기 뼈때리시네 ㅋㅋㅋㅋ
형 너무 아프잖아요 ㅋㅋㅋㅋ",6개
12,김민혁,여유증때문에 여름되면 자동으로 허리가굽는다..얇은 티 입고 허리피고 다니는사람 진짜 개부럽,13개
13,엄격근엄준식,혁준이는 대단히 여유로운 남자군,15개
14,박지수,요약 : 양치를 잘 하자,8개
15,스티즈,저 원장 진짜 좋은 의사다  수술을 권하지 않는 의사라..,5개
16,YUSSVI유쓰비,3:24 오늘의 결론 일단 운동 시작하고 안되면 수술,93개
17,보노보노,빡형 처진살에 대해서도 다뤄주심 안대나여 ㅠㅠ,13개
18,ApplePIEqq,썸넬 미쳤넼ㅋㅋㅋㅋㅋㅋㅋㅋㅋㅋㅋㅋㅋㅋ,52개
19,기러기러가비리기리치디,"고3때 알바비 모아서 실루엣에서 영상에나온 의사선생님이 수술해주셨습니다
근데 수술후에도 붓기가있다고하여 집에와서확인해보니 전보단작아져있긴하지만 여전히 붓기를 감안하더라도 확연히 여유증인 상태였습니다
그래서 병원측에 붓기감안을 해도 수술이덜된거같다 라고말을했더니 의사스케줄이 꽉차있어서 확인이 어렵다고 되려 화를내시더라구요
350만원모아서 수술을해도 환자가 문제가있다고 여기면 당연히 병원쪽에서는 필수적으로 확인을해주기는 커녕 화를내시니까
그냥 1년째안가고있습니다 그리고 붓기가 6개월뒤쯤 다빠졌는데 주변지인이봐도 제가봐도 아직여유증남아있습니다 병원선택정말잘하셔야되요",193개
20,,썸네일 혁준이 너무 야하다 ㅗㅜㅑㅗㅜㅑ;;,3개
21,이윤규,"저는 중2인데 정상라인 맨끝부분에 있는 체중인데 그래도 정상은 정상이 잖아요..
근데 유난히 가슴이 좀 튀어나와 있더군요..음 이게 사춘기때 생긴게 아니라 초딩 후반부터 생기기시작했는데..이건 어케하저",1개
22,김병기,공혁준 백칠십만 구독자 유툽썸네일에 젖 박제ㅋㅋㅋㅋㅋㅋㅋㅋㅋㅋㅋㅋㅋㅋㅋㅋㅋㅋㅋㅋ,3개
23,빵야,수많은 사람들이 찌찌를 만지작 거리게 만든 빡빡이형 당신은 대체...,1개
24,junglee,아니 썸네일 치트키 뭐냐고 ㅋㅋㅋ,2개
25,김신라,1:38 나도 피식했는데 이형도 웃네ㅋㅋㄲ 걍 갑자기 유두 만지라는게 ㅈㄴ웃기네ㅋㅋㄲ,20개
26,이슈스토리,"유두 부분을 손으로 누르면 쑥 들어가는데 , 이걸로는 여유증 판단 할수 없나요?",8개
27,요종도,9:00 좋았어~ 왜이렇게 찰지냐 ㅋㅋ,6개
28,Woo가렌,02:01  급 팩폭;;;ㅜ,1개
29,슈퍼로더SuperRoader,저도 운동 아무리해도 해결이 안돼서 수술했는데 ㅋㅋㅋ,1개
30,캡틴코리아,검사 하는데 기분이 좋아졌다... 김계란... 나쁜싸람...,1개
31,가끔씩도움되는스페인어Gados,아 진짜 혁준이 썸네일ㅋㅋㅋㅋㅋㅋㅋㅋ,0개
32,후우2,들어오지 않을 수 없는 썸네일이였다..,534개
33,얄루,섬넬 공혁준 거대 젖보고 안들어올수있는 사람 있냐고 ㅋㅋㅋㅋ,1개
34,멍페리,아닠ㅋㅋㅋㅋ 썸네일 혁준상 뭔뎈ㅋㅋㅋㅋㅋㅋㅋㅋㅋ,0개
35,FookingLaserSight,혁준이의 썸네일 너무 자극이 강해ㅋㅋㅋㅋㅋㅋㅋ,0개
36,송성범,휴 그냥 살찐거였어ㅠㅠㅠㅠㅠㅜㅠ,0개
37,왕꾸르잼잼,와.. 저분.. 생업과 직결되는 질문에 저렇게 수술 안 할수록 좋다고 대답하는 게... 저분은 진짜다.,120개
38,Ping,의사선생님 정말 말도 잘해주시고 참의사분 같아서 좋네요 ㅎㅎ 오늘도 유익한 영상 잘 봤습니다~!,1개
39,fodera,"왜 젖꼭지를 만지는데 기분이 안좋아질까..
뭔가...뭔가 시무룩해지고 기분 나빠짐..",0개
40,그래좋앙좋앙,1:44 형아.. 나 딱딱해졌어.. ㅇ//ㅇ,1개
41,뚠뚠이아저씨는코가손이래,썸네일 너무 적나라 하잖아 ㅋㅋㅋㅋㅋㅋㅋㅋ,0개
42,황금잉여킹,썸네일ㅋㅋㅋㅋ이렇게 계란형이랑 상부상조하는구나ㅋㅋㅋㅋ,0개
43,SortHeap,"아는 형중에 근육질에 여유증 의심 되는 형 있는데요, 옷 입었을 때는 멋있는데, 벗으면 네모난 가슴에 젖 주위만 동그랗게 튀 나온건 좀 깨긴 하드라구요",2개
44,불끄고옷벗어,ㅋㅋㅋㅋㅋㅋㅋㅋㅋㅋㅋㅋㅋㅋㅋㅋㅋㅋ 아시밬ㅋㅋㅋㅋㅋ혁준잌ㅋㅋㅋㅋㅋㅋㅋㅋㅋㅋㅋㅋㅋㅋㅋㅋㅋㅋㅋㅋㅋㅋㅋ 아 진짜계란형 센스넘처,0개
45,으르렁왈왈멍멍,혁준이 표정 왜이렇게 다소곳해 ㄱㄱㄱㅋㅋㄱㅋㅋㄱ,0개
46,국멍,혁준상 막 갖다쓰네ㅋㅋㅋㅋㅋㅋㅋㅋ계란형은 그럴 자격 있긴 함,151개
47,MichaelC,이거 보며 첨 만져보는 나의 ㅠㄷㅜ가 ㄹㅈㄷ,0개
48,보소미베이비케어,"썸네일 노딱걸리는거 아님?
너무 야하다 ㅗㅜㅑ",0개
49,악어,여유증은 무조건 무조건 무조건 무조건 수술 하세요 진짜 무조건 수술하세요 삶이 달라 집니다 인생이 달라 집니다,35개
50,마자신있나,오우쉩 너무말랑말랑해 ㅋㅋ,1개
51,YIS,혁주니 얼굴 모자이크라도 해줘라 싯팔ㅋㅋㅋㅋㅋ,175개
52,김지홍,썸네일 보고 눈을 의심 ㅋㅋ,0개
53,CEONIKE,난 말랑말랑하군 혁준이마냥 운동이나 열심히하자,2개
54,HJLee,아하! 그냥 살이 찐거구나!ㅋㅋㅋㅋ,0개
55,Coma,이 썸네일을 어떻게 지나쳐 ㅋㅋㅋㅋ,0개
56,미친물개,ㅋㅋㅋㅋ수술안해도 되겠다ㅋㅋㅋㅋ다행이닷ㅋㅋ,0개
57,도루모마킴,혁준이 묵념짤 존나웃기네ㅜㅋㅋㅋㅋㅋㅋㅋ,0개
58,시라소니,혁준짱 ㅠㅠ,1개
59,봄빵이,혁준아 고소해라 ㅋㅋㅋㅋㅋㅋㅋㅋㅋㅋㅋㅋㅋㅋ,0개
60,흐음맨,이 영상 보면서 유륜만지고 있는 남자들생각하면 개웃기네ㅋㅋㅋㅋㅋㅋㅋㅋㅋㅋ,217개
61,최준성,형 목소리가 저번보다 힘이 있는거 같당ㅠㅠ,0개
62,곰이한마리,의사선생님 설명 너무 잘해주시네요!,1개
63,유빈,유륜 만지니까 흥분되는데 어떻게하죠?ㅜㅜ,0개
64,C0D3Z3R0,이썸넬보고 어떻게 안들어와 ㅋㅋㅋㅋㅋㅋ,0개
65,문정식,썸넬 미쳤나ㅋㅋㅋㅋㅋㅋㅋㅋㅋㅋㅋㅋ,0개
66,최재호,계란형 유두이야기 할 때 이상한 생각하셨넼ㅋㅋㅋㅋㅋㅋㅋㅋㅋㅋㅋ,0개
67,sgr,썸네일 ㅋㅋㅋㅋㅋㅋㅋㅋㅋㅋㅋㅋㅋ,0개
68,장,ㅋㅁㅋㅋㅋㅋㅋㅋ너무웃기고,0개
69,라메르,혁준이것두 만져서 확인해주세요!!,264개
70,,아니 혁준이썸네일 ㅋㅋㅋㅋ,0개
71,이인규,와.. 진짜 고맙습니다..흑흑,0개
72,GaRamBaek,김계란님 목소리도 좋앟ㅎㅎㅎ 가면속 얼굴진짜 궁금해요,0개
73,Advancedkim,지금까지 57만명의 유두를 만지게 한거야??,1개
74,DONLIFE,썸네일 와~~ 노딱 아닙니꺼,53개
75,정용신,썸네일ㅋㅋㅋㅋㅋㅋㅋㅋㅋㅋㅋㅋㅋㅋㅋㅋㅋㅋ,0개
76,이민석,귀한시간 내서 영상 만들어서 고마워요 빡빡씨,0개
77,엄마,형 나 너무 힘들었어.........ㅠㅠ,1개
78,민Park,썸네일 도랐맨 ㅎㅎㅎ 저걸 보고 아떻게 영상을 안봐 ㅎㅎㅎㅎㅎ,0개
79,승로,아조씨 목소리 너무좋아..,54개
80,꺼삐딴리,1:35 어...어...어??어어어??형.. .나 기분이 이상해...,0개
81,YongjinKim,썸넬 어그로 지렸고~ 정보 유익성 지렸고~,0개
82,잠만보,혁준아!!!ㅋㅋㅋㅋㅋ,0개
83,헬식이,저는 4단계중 3단계여서 결국 수술 받았습니다ㅠㅠ,0개
84,lee,버스인데 썸네일 너무 수치스러워 혁준상...,45개
85,박은철,썸네일 미쳣다 ㅋㅋㅋ,0개
86,Limseol,저 여자인데 확인해 보니까 여유증 같아요...,1개
87,늑푸,유륜 주위 만지다...찍,1개
88,정구현,아니.인트로뭔뎈ㅋㅋㅋ,0개
89,고양이구멍,썸네일 어그로 ㅋㅋㅋㅋㅋㅋㅋ갸쩐다,0개
90,윤파워,헉 몰랐는데 ㄴㅏ도 유선조직이 있네!!,0개
91,민트초코,형 그래서 혁준이 유두를 만졌다고??,2개
92,김명규,이 썸네일을 보고 어찌 지나치냨ㅋㅋ,0개
93,sadfs,"그럼 운동은 뭐로하면 좋을까요..ㅠㅠ
다이어트라고만 나오는데 
그냥 일반 다이어트를 하면 되는건가요?
아님 가슴근육운동을 하면되는건가요?",1개
94,,이 이 이 이 이이잉 앗살라마라잇쿰~,2개
95,김체리,운동으로 커버 불가능해서 수술 알아보는중ㅜ,0개
96,이지후,초3때 살 개 뺐는데 찌찌만 커짐 ㅠㅠ,0개
97,ChupaChups,혁준상 표정이 참...ㅋㅋㅋ,0개
98,피콜로,썸네일보고 바로들어왔습니다 ㅋㅋ,0개
99,jOne,진짜 김계란님 진짜 열심히 하시는 모습 너무 보기좋아요~!!ㅜㅜㅜ,0개
100,타코벨믿고있었다구,썸내일 공개처형ㅋㅋㅋㅋㅋㅋㅋㅋㅋㅋㅋ,0개
101,물렁한수박,"이건 혁준이 의견도 들어





본거 맞냐?  썸네일로 박제해버리노 ㅋㅋ",15개
102,김서진,너무 기분좋아서 100번 돌렸더니 유두가 없어졌어요,1개
103,Sechan한규영,썸네일ㅋㅋㅋㅋ,0개
104,이클립스,혁트키 ㅋㅋㅋㅋㅋㅋㅋ,0개
105,김경,1:36 ??? : 시계방향...,0개
106,빡선,썸네일 보고 쌋다..,0개
107,jiwoongkim,형 켈로이드피부 수술부작용 큰지도 궁금해ㅜㅜ,0개
108,이정호,빡저씨 진짜 머리를 많이 쓰면 살이 덜 찌는지 알려주세요,14개
109,대천수리점,진짜 감사합니다,0개
110,송준혁,형 썸넬부터 노딱각인거 같아...,0개
111,토나우도,하필 썸네일이 혁준이 ㅋㅋ,0개
112,송인창,너무 늦었어 ㅠㅠ 4년만 빨리 영상 만들어주지,0개
113,쪙기리,정말 유익한 정보 감사합니다 ㅎㅎ,0개
114,튜마TV,"뇌하수체선종 환자입니다
최근에 홍구님이 수술하셨던 그 병이에요
홍구님의 경우는 종양으로 인해 뇌하수체에서 성장호르몬이 과다분비되어 말단비대증이 온거고
저같은 경우는 유즙분비호르몬이 과다분비되어 여유증이왔습니다.

여유증이 꼭 성장기시절에 잠깐 과다분비되서 생기는건 아닙니다
저처럼 뇌하수체에 생긴 종양으로 인해 호르몬이 과다분비되어 여유증이 생긴걸수도 있습니다.
이 경우 단순히 여유증만 생기는것이 아니라 뇌하수체 주변에는 시신경이 있기 떄문에
종양이 커질 경우 시신경을 압박하여 시력감퇴 심한경우 실명까지 올수있어요


계란님이 영상에서 여유증이 온 이유를 성장기시절 호르몬이상으로 인해 생기는것만 설명하셔서
대수롭지 않게 외관적으로 신경쓰이지 않으면 병원에 가지 않는분들이 많이 생길까봐 댓글남깁니다.


여러분들은 저처럼 늦지말고 초기에 발견하시길 바랍니다.",627개
115,할미,"썸네일 ㅋㅋ
혁준아 엄마 손잡고 고소하러가자",0개
116,JJ,형님 깜짝놀랐어요 ㅗㅜㅑ,0개
117,mujakweemujakwee,썸네일 너무 야하네요.,0개
118,얍얍조아,미안하다 이거 보여주려고 어그로 끌었다 ㅋㅋㅋㅋㅋㅋㅋㅋㅋ,0개
119,두둥등장,형 그래서 뭔운동해야하는데...,1개
120,김선준,보험이 되는거였구나ㅠㅠ 빡빡이형 고마워!!!,0개
121,유재현,1:34 시계방향...,0개
122,SangHyubLee,빡빡이아저씨 머리처럼 시원한 답변 고마워요!!❤️❤️,1개
123,3mdn3,1:35 혹시 혁준이 직접 확인해주셨나요,50개
124,남권,저거 하고나서 수술후 붕대 묶는데 목에 부담 안가게 널널히 묶으시고 가슴쪽은 강하게 하는게 좋음  목쪽  잘못 묶으면 붕대풀때 거북목된다....,1개
125,서주원,썸넬 너무 야해서 제 쥬지가 반응합니다,0개
126,도장근,5:24 수술이 두려우신 분들,8개
127,땅콩버터,형... 영상보고 따라했는데 쥬지가 이상해...,10개
128,EoN,운동하자 형들 ㅎㅇㅌ!,0개
129,JS,겨란님  목소리 엄청 좋으셨구나 ~~,0개
130,즈믄온,1:34 넘오 야하다 ;;;;,0개
131,CBRBX,말랐는데 썸넬 공혁준 보고 들어와따,0개
132,RockMuay,혁준이 이용했네 ㅋㅋㅋㅋ 썸넬만 썻구만,0개
133,한별,다른 영상보다 더 믿음직하네요 영상 감사합니당,0개
134,IsaacLee,오늘 컨텐츠 완벽해따!,0개
135,조탁봉,176만 유튜버의 썸네일 반칙,0개
136,이건우,아 ㅋㅋㅋ 여유즐 없어도 드러올수밖에 없네 ㅋㅋ,0개
137,toothless,유두만지니까 기분져아~,0개
138,재민TV,아..만져진다 ㅠㅠ,0개
139,,ㅗㅜㅑ... 썸네일 너무 자극적이네요 빡빡이아조씨,0개
140,롱리브,정말 너무 고민이고 스트레스 였는데 좋은 정보 감사합니다!!,0개
141,노무딱m고무통,썸네일 누군지 했네 ㅋㅋㅋ 쒸이불 ㅋㅋㅋ,0개
142,unijetstream,아 ㅋㅋㅋㅋㅋㅋㅋ,0개
143,이미모,와우!!! 혁준아,0개
144,박시완,계란형 아프다하지않았어?? 너무 무리하지말고 우리 건강말고 형 건강 챙겨  ㅜㅜ,63개
145,리본솜사탕다이어트중,아..도저히 넘길 수 없는 썸네일이었다..,0개
146,냥토코치,오우 새로운 비법 발견이다.. 형 고마워,1개
147,노닉,아 ㅋㅋ 썸네일 치트키는 애바지 ㅋㅋ,0개
148,짱수영,혁준이보고 궁금했는데  아하~~~그렇구나,0개
149,누,아니 혁준상 뭐냐고 ㅠㅠ,9개
150,민규,2:02 만졌는데 말랑말랑해서 그럼 난 왜 가슴이 크지? 했는데 바로 납득함,0개
151,베베앙물티슈,감사합니다!! ㅎㅎ,0개
152,내구독자수조두순사형동의하는사람수,형님 탈모증 해결법은 없나요,1개
153,부스터는예버디,일단 체지방 감량부터 해보고 판단을 하자~,0개
154,임진석,썸넬을 씹ㅋㅋㅋㅋㅋㅋㅋㅋㅋㅋㅋㅋㅋ,30개
155,이현금,아저씨 저의아들 유디티 해군 입대해서 지옥훈련하다가 퇴소 했어요 아저씨 어떻게 아들에게 무슨이야기 필요하가요,46개
156,Z1U,2: 16 그러니까 예를 들자면 이 니가 이가 썩었는데,0개
157,신동빈,오우쉣;; 썸넬 뭔대 🤪,0개
158,서서tv,ㅋㅋㅋㅋ,1개
159,김김김,썸네일 ㅋㅋㅋㅋㅋㅋ,10개
160,마이비,젖 짤라ㅇㅋ?,1개
161,김영찬,섬네일 혁준이 왜 수줍어 하는데 ㅋㅋㅋ,0개
162,동탄산부인과다산여왕엄준식,조강현 이거 꼭 봐!!,0개
163,Kris17,1:39 ㅋㅋㅋㅋㅋㅋㅋ,0개
164,JEJEBigPicture,섬네일 완전 인권침해 아니냨ㅋㅋㅋㅋ,32개
165,임태석,형 그래서 여유증 운동은..?,1개
166,리오,엌 난살이네 ㅋㅋㅋ,0개
167,someone2,1:35 테크닉 알려주는 김계란,0개
168,혐오자빠놀이,"ㄴㅇㅅㄴㅇㅅ 유선조직없다
ㄴㅇㅅ 빡빡이 사랑해요
살이나빼야긋다",0개
169,이정우,공혁증은 어떻게 해결해요?,124개
170,그는페놀,1:43  처음에는  말랑말랑한데   만지다보니 점점 딱딱해지는데  저만그런가요??,12개
171,JohnClayton,"제대로 알아보고 수술하시면 새로운 세상이 펼쳐집니다 여유증 카페도 있으니
영상에 나온 성형외과 여유증으로 가장 유명한 곳",39개
172,수박반통쌉가능,넵! 지금까지 생생한 후기 였습니다!,0개
173,문준성,썸넬 노딱 애매....,1개
174,someone2,감사합니다. 가슴 만지면서 봤어요,0개
175,Eo,나도 모르게 전철에서 가슴 만졌다 .....,0개
176,남천,썸낼 ㅗㅜㅑ..,0개
177,까미,ㅋㅋ혁준이 인민재판해버리는 인성 ㄷㄷ,0개
178,채널,한글자막을 켰더니 중국어 받아쓰기가 나와요,4개
179,인터넷방송애청자재수하는사람,공계란 결혼 기도 1일차,1개
