﻿comment,noun,adj,verb
"영상 처음부터 끝까지 보시고 어떤 피부가, 그리고 
왜 패드를 써야 하는지? 또는 쓰지 말아야 하는지?  영상에 나오지 않은 패드 제품 보실 때도 확인하시고 사용하시길 바랄게요~ #빠밤 


01:08 패드의 종류
01:36 아쉬워요
02:37 가끔쓸템
11:39 데일리 추천템
15:34 TOP of TOP","['영상', '처음', '끝', '보시', '피부', '패드', '영상', '패드', '제품', '확인', '사용', '패드', '종류', '가끔', '템', '일리', '추천', '템']","['어떻다', '아쉽다']","['써다', '하다', '쓰다', '말다', '하다', '나오다', '않다', '보다', '하다', '하다', '바라다', '쓸다']"
"며칠전에 새로운 패드를 샀었습니다. 그런데 매일 사용하니깐 피부에 자극이 되더라구요..저는 제품 문제인줄 알고 배신감에 차있었는데 이제보니 각질제거 성분때문에 그랬던것 같네요... 제가 사용한 패드가 AHA,BHA,PHA 다들어가 있었거든요ㅠ.. 다시 한번 일주일에 1-2회정도 사용을 줄여서 써봐야 겠어요! 항상 이렇게 정확한 사용법과 친절한 설명 감동입니당ㅠㅎㅎ","['며칠', '패드', '매일', '사용', '피부', '자극', '제품', '문제', '알', '배신', '감', '제보', '각질', '제거', '성분', '때문', '사용', '패드', '다시', '한번', '일주일', '사용', '항상', '용법', '설명', '감동']","['새롭다', '그렇다', '같다', '있다', '정확하다', '친절하다', '이다']","['사다', '되다', '차다', '들어가다', '써다', '보다', '겠다']"
"피부 타입별 토너패드 TOP of TOP 타임라인
틀린부분은 답글로 알려주세요!
01:08 패드의 종류
클렌징 패드, 필링 패드, BHA/PHA 패드, 토너 패드, 미백 패드
01:36 아쉬워요
01:40 나이팅게일 데일리 더마 클렌징 패드 마일드 270ml(70매) / 24,000원 
01:51 마몽드 로즈워터 토너 패드 40매 / 12,000원 
02:02 코스알엑스 원스텝 오리지널 클리어 패드 135ml(70매) / 17,500원 
02:18 BRTC V10 필링 패드 165ml(80매) / 39,000원 
02:37 가끔쓸템
패드에서 가끔쓸템은 횟수의 문제라는 것!
(즉, AHA, AHA+BHA 패드 같은 자극이가서 가끔 써야하는 템)
AHA
03:31 벨라몬스터 스트레스 아웃 솔루션 패드 155ml(70매) / 17,000원 
AHA+BHA
04:59 메디큐브 제로 모공 패드 2.0 155g(70매) / 34,000원
AHA+BHA+PHA
06:21 식물나라 제주 탄산수 딥 필링 패드 120ml(60매) / 12,800원 
BHA+PHA B등급
08:05 미샤 수퍼 아쿠아 매끈 속살 필링 패드 60매 / 15,000원 
BHA B등급
08:43 에뛰드 올 케어링 이레이저 패드 110ml(60매) / 14,500원 
09:37 코스알엑스 원스텝 모이스쳐 업 패드 135ml(70매) / 17,500원 
BHA+PHA A등급
10:07 프롬조이 에키실린 클리어 코튼 패드 150ml(60매) / 23,000원 
BHA A등급
10:49 셀리맥스 어성초 BHA 지우개 필링 패드 125ml(60매) / 17,000원
11:39 데일리 추천템
데일리 수분 진정 패드
12:02 이즈앤트리 세이버 쑥 토너 패드 100ml(60매) / 25,000원
13:07 바디버든프로젝트 시카 토너 패드 150ml(60매) / 23,900원 
13:52 홀리카홀리카 레스온스킨 에센스 패드 80매 / 20,000원
미백 패드
14:43 구달 청귤 비타C 토너패드 140ml(70매) / 24,000원 
15:34 TOP of TOP
수분, 진정, 민감, 복합성
15:54 더마토리 하이포알러제닉 시카 레스큐 거즈 패드 100ml(60매) / 22,000원 
수분, 진정, 수부지, 건성, 홍조
16:57 더랩바이블랑두 올리고 히알루론산 7 멀티 포뮬라 패드 120g(60매) / 28,000원 
각질제거, 진정, 수부지, 10대 여드름(PHA)
18:07 라운드랩 1025 독도 패드 120g(70매) / 24,000원 
지성, 수부지, 여드름 부위 사용(BHA+PHA)
19:32 브링그린 당근 비타 토너 패드 60매 / 18,000원
화이트헤드, 가드름, 등드름, 부위 사용, 가끔쓸템(등드름)
20:30 아리얼 스트레스 릴리빙 데일리 픽 필링 패드 30매 / 5,900원
21:36 엔딩","['피부', '타입', '별', '토너', '패드', '타임', '라인', '부분', '답글', '패드', '종류', '클렌징', '패드', '필링', '패드', '패드', '토너', '패드', '미백', '패드', '나이팅게일', '일리', '클렌징', '패드', '마', '일드', '마몽드', '워터', '토너', '패드', '코스', '알', '엑스', '스텝', '리지', '널', '클리어', '패드', '필링', '패드', '가끔', '템', '패드', '가끔', '템', '횟수', '문제', '패드', '자극', '가끔', '템', '벨라', '몬스터', '스트레스', '아웃', '솔루션', '패드', '큐브', '제로', '모공', '패드', '식물', '제주', '탄산수', '딥', '필링', '패드', '등급', '미샤', '수퍼', '아쿠아', '살', '필링', '패드', '등급', '에뛰드', '케어', '링', '이레이저', '패드', '코스', '알', '엑스', '스텝', '모이', '업', '패드', '등급', '프롬', '조이', '클리어', '코튼', '패드', '등급', '맥스', '어성초', '지우개', '필링', '패드', '일리', '추천', '템', '일리', '수분', '진정', '패드', '앤', '트리', '세이버', '쑥', '토너', '패드', '바디', '버', '프로젝트', '카', '토너', '패드', '홀', '리카', '홀', '리카', '레스', '스킨', '에센스', '패드', '미백', '패드', '구달', '청귤', '비타', '토너', '패드', '수분', '진정', '민감', '복합', '토리', '하이포', '닉', '카', '레스큐', '거즈', '패드', '수분', '진정', '부지', '건성', '홍조', '더랩', '바이블', '히알루론산', '멀티', '포뮬', '패드', '각질', '제거', '진정', '부지', '여드름', '라운드', '랩', '독도', '패드', '지성', '부지', '여드름', '부위', '사용', '브링', '그린', '당근', '비타', '토너', '패드', '화이트헤드', '가드', '름', '등드름', '부위', '사용', '가끔', '템', '등드름', '아리', '얼', '스트레스', '릴리', '빙', '일리', '픽', '필링', '패드', '엔딩']","['아쉽다', '덥다', '같다', '덥다']","['틀리다', '알다', '쓸다', '쓸다', '가다', '써다', '메다', '오다', '스치다', '실리다', '세다', '알다', '올리다', '대다', '쓸다']"
바디워시요ㅜㅜㅜ3년전이 마지막이고 최근이없네요..,"['바디', '워시', '마지막', '최근']",['없다'],[]
"오예 건졌어!😆 목이빠지게 기다렸어요 ㅠㅠㅠ
장바구니 담아논거 살까말까 이거보고 사자싶어서 기다렸는데 오늘도 저의 지갑을지켜주셨습니다
어쩐지...... 패드만쓰면 볼이 막 따갑고 화상입은것처럼 뜨근뜨근 홍조올라와도 각질제거하는 생각으로 참고썼는데 ㅠㅠㅠ
저는 얼굴은 토너로만 정리해야겠네요
오히려 생각치도못한 등드름용으로 쓸아이찾았어요 등드름 미스트만 생각했는데..
감사합니다!","['오예', '목', '장바구니', '살', '보고', '오늘', '지갑', '어쩐지', '패드', '볼', '막', '화상', '뜨근뜨근', '홍조', '각질', '제거', '생각', '참고', '얼굴', '토너', '로만', '정리', '오히려', '생각', '치도', '못', '등드름용', '등드름', '미스트', '생각']","['까맣다', '따갑다']","['건지다', '빠지다', '기다리다', '담다', '놓다', '사다', '기다리다', '지키다', '쓰다', '입다', '올라오다', '써다', '하다', '쓸다', '찾다', '하다', '감사하다']"
"와진짜 올리브영 세일이라서 패드제품 세일해서, 패드왜쓰는지부터 궁금하고 살까말까 찾아보려고, 디렉터파이 패드 라고 검색했는데 1시간전에 올리신거뭐야 정말....!!!
통했넼ㅋㅋㅋㅋ 감사합니다 디파님!!!!!!!!!","['올리브영', '라서', '패드', '제품', '일해', '패드', '살', '디렉터', '파이', '패드', '검색', '거뭐', '정말', '통', '디파']","['궁금하다', '까맣다']","['오다', '쓰다', '찾아보다', '하다', '올리다', '하다', '감사하다']"
OMGGGG IM WAITING FOR THIS A LOT! IM SO EXCITED! 😭♥️,[],[],[]
"Thank you Director pi for including English subtitles!
Love from your #1 American fan!!",[],[],[]
항상 도움 많이받고있어요 ㅋㅋ 각질패드는 너무 자극적이라 보습되면서 각질에도 도움되는 패드 찾다가 더랩블랑두 패드 화해어플 성분비교하고 사서 쓰고있었는데 디파영상 자줗다보니 저도 화장품 고르는 센스가 조금은 생겼나봐요 ㅋㅋㅋㅋ 패드추천영상은 안올라오길래 제 직감대로 샀는데 탑제품에 떳네요ㅋㅋㅋㅋㅋㅋㅋ 잘배운것같아 뿌듯합니다 감사해요!,"['항상', '도움', '각질', '패드', '자극', '보습', '각질', '도움', '패드', '더랩블랑', '패드', '화해', '어플', '성분', '비교', '사서', '디파', '영상', '자줗다보', '화장품', '센스', '조금', '패드', '추천', '영상', '직감', '탑', '제품', '떳네']","['같다', '뿌듯하다']","['받다', '되다', '되다', '찾다', '쓰다', '고르다', '생기다', '보다', '올라오다', '사다', '배우다', '감사하다']"
디파님 제피부가 어떤 피부인지 아는법 좀 알려주시묜 감사할것같습니닷,"['디파', '제피', '부가', '피부', '법', '묜', '습', '닷']","['어떻다', '같다']","['알다', '알다', '감사하다']"
디파님 만나기 전과 후로 삶 나뉨 진짜 디파님이 유튜브 안하셨으면 난 엉망진창으로 살았을거야ㅠㅠ,"['디파', '전과', '삶', '디파', '유튜브', '난', '엉망', '진창']",[],"['만나다', '나뉘다', '하다', '살다']"
디파님 여름이 다가오는데 피부타입별 여름 스킨케어 루틴 영상 만드실건가요?작년껄 보고 사야 하나 기다려야하나 고민입니다.ㅠ,"['디파', '여름', '피부', '타입', '별', '여름', '스킨', '케어', '루틴', '영상', '가요', '작년', '껄', '보고', '하나', '고민']",['이다'],"['다가오다', '만들다', '사다', '기다리다']"
"디파님은 항상 피부타입별로 완벽하게 추천해주시는데,,, 걍 다 떠먹여주시는데,,, 문제는 내가 아직도 내 피부타입을 모른다는 것..ㅠㅠ 수부지 같기도 하고 복합성 같기도 하고 여드름도 있는데 그와중에 민감한 것도 맞는 것 같고 홍조도 있고..... 우우느우댜앵","['디파', '항상', '피부', '타입', '별로', '추천', '문제', '피부', '타입', '부지', '복합', '여드름', '와중', '홍조', '댜']","['완벽하다', '같다', '같다', '있다', '민감하다', '같다', '있다']","['해주다', '뜨다', '먹여주다', '모르다', '하다', '하다', '맞다', '울다']"
스트라이덱스가 없당 ㅠ,['스트라이덱스'],['없다'],[]
"더랩바이블랑두 패드 이미 넘넘 잘쓰구있는건데~~~  수면팩 15~20분 쓰면 좋다는거 배웠네요ㅎㅎ 좋은제품, 활용법 늘 잘 알려주셔서 감사해요!!","['더랩', '바이블', '패드', '수면', '팩', '제품', '활용', '법']","['있다', '좋다', '좋다']","['넘다', '넘다', '잘쓰다', '쓰다', '배우다', '자다', '알다', '감사하다']"
"화장품의 신세계를 알게 해준 디파님!
감사~*  쭈욱 건강유지하셔서 유익한 영상 부탁드려요","['화장품', '신세계', '알', '디파', '감사', '쭈욱', '건강', '유지', '영상']","['유익하다', '부탁드리다']","['해주다', '하다']"
디렉터 파이님 여드름이 있는데 튀어나오지 않은 빨간색만 띄는 여드름은 어떻게 사라지게 하나요 ㅠㅠ,"['디렉터', '파이', '여드름', '빨간색', '여드름', '하나요']","['있다', '어떻다']","['튀어나오다', '않다', '띄다', '사라지다']"
쓰던 패드 다 써서 내일 사려고 했는데 오늘 영상이 똭~! 디파님 저랑 통했다⭐️,"['패드', '내일', '사려', '오늘', '영상', '똭', '디파', '통']",[],"['쓰다', '써다', '하다', '하다']"
디파님 패드 영상 올라왔으니 2020 약산성 토너 TOT도 해주실 수 있나요?ㅠㅠㅠ 평소에 너무 좋은 영상만 올라와서 세럼이랑 보습제도 잘 골랐는데 토너도 알고 싶어요!!!!,"['디파', '패드', '영상', '산성', '토너', '평소', '영상', '럼', '보습제', '토너', '알']","['있다', '좋다']","['올라오다', '해주다', '올라오다', '자다', '고르다', '싶다']"
진짜 항상 이런 TOP OF TOP은 몇년 단위로 해주세요 ... 레알 찬양합니다 ... 사랑해요 디렉터 파이 ♡̷̷̷ ⋆ﾟ₊,"['항상', '은', '단위', '레알', '찬양', '사랑', '디렉터', '파이']",['이렇다'],"['해주다', '하다', '하다']"
"항상 좋은 제품들 자세하고 정확하게 추천해주시는 디파님
감사해요~ 늘 예쁘시네요 ㅋㅋㅋㅋㅎ","['항상', '제품', '추천', '디파']","['좋다', '자세하다', '정확하다', '예쁘다']","['해주다', '감사하다']"
더마토리는 겨울에 써야해요 끈적 거리고 두껍게 얼굴에 잔여감이 남아요,"['토리', '겨울', '해', '끈', '거리', '얼굴', '잔', '감', '남아']","['덥다', '두껍다']",['써다']
디파님~ 항상 잘보고있어요. 화장품 아무거나. 끌리는거 쓰다가 저희 가족 모두 디파님 덕분에 성분도 좋고 가격도 합리적인 상품 골라서 사요. 건성이라 생기는 각질도 원래그런가보다~ 하고 놔두고 그냥저냥 살던 과거의 저.. 디파님 덕분에 꿀피부됐습니다. 항상 감사하다는 말씀 드리고파요.,"['디파', '항상', '화장품', '거나', '저희', '가족', '모두', '디파', '덕분', '성분', '가격', '합리', '상품', '골', '건성', '각질', '원래', '런가', '과거', '디파', '덕분', '꿀', '피부', '항상', '말씀']","['좋다', '고프다']","['보다', '끌리다', '쓰다', '생기다', '하다', '놔두다', '살다', '돼다', '감사하다', '드리다']"
제목보고 지성인인 저는 바로 달려왔습니다..디파님 사랑해요 💜,"['제목', '보고', '지성인', '바로', '디파', '사랑']",[],"['달려오다', '하다']"
요새 비타민C 들어간 제품 많이 사용하던데 비타민C 제품 순위도 해주세요!!,"['요새', '비타민', '제품', '사용', '비타민', '제품', '순위도']",[],"['들어가다', '하다', '해주다']"
"수부지와 지성을 오가는 
복합성 피부라 맞는 패드 찾기 힘들었는데... 
저는 셀리맥스 지우개 패드 계속 
데일리템으로 쓰고 있어요~🙌
디파님 좋은 영상 감사합니다♥🤗","['부지', '지성', '복합', '피부', '패드', '찾기', '맥스', '지우개', '패드', '계속', '일리', '템', '디파', '영상']","['힘들다', '있다', '좋다']","['오가다', '맞다', '세다', '쓰다', '감사하다']"
Thank you so much!!💖🌸,[],[],[]
디렉터파이 교수님 강의듣는것같애,"['디렉터', '파이', '교수', '강의', '애']",['같다'],['듣다']
"헉... 브링그린 당근패드.. 증말루,, 올리브영에 숨어있던 찐템인데..♥ 이렇게 발굴해주시다뇨,, 디렉터파이님은 사..사랑입니다 ♥","['브링', '그린', '당근', '패드', '증말루', '올리브영', '템', '발굴', '뇨', '디렉터', '파이', '사랑']",['이다'],"['숨다', '찌다', '해주다']"
영상에 나온 패드 중 하나 쓰고있었는데 잘 안맞는다 했더니 성분 하나가 걸리네요 ㅠ  패드 편하고 좋았어서 다른걸로 바꿔봐야겠다 했는데 총점 제일 괜찮은 더랩바이블랑두꺼 써보려구요 항상 상세한 리뷰 감사합니다 💕💕,"['영상', '패드', '중', '하나', '성분', '하나', '패드', '점', '제일', '더랩', '바이블', '항상', '상세', '리뷰']","['편하다', '좋다', '괜찮다', '두껍다']","['나오다', '쓰다', '자다', '맞다', '하다', '걸리다', '바꾸다', '보다', '하다', '써다', '보다', '감사하다']"
가지패드 있을줄 알았는ㄷ ㅠㅠ...,"['가지', '패드']",['있다'],['알다']
크.. 올리브영 세일하는 시기 적절한 때에 단비 같은 영상이 올라왔네요ㅠㅠ전 저녁에 따로 만든 패드를 쓰고 있었는데 아침엔 가볍게 쓰고 싶어서 알아보고 있었거든요! 구매에 도움이 될거 같아서 끝까지 시청할게요!,"['올리브영', '시기', '단비', '영상', '저녁', '패드', '아침', '구매', '도움', '끝', '시청']","['적절하다', '같다', '있다', '가볍다', '있다', '같다']","['크다', '올라오다', '만들다', '쓰다', '쓰다', '싶다', '알아보다', '되다', '하다']"
헐 요즘 마스크 계속 쓰고 잇어서 피부가 전보다 예민해져서 패드 찾고있었는데 3일전..!!!!,"['요즘', '마스크', '계속', '피부', '전보', '패드']",['예민하다'],"['헐다', '쓰다', '잇다', '찾다']"
you are gorgeous! they information you provide us is amazing!,[],[],[]
"저는 지루성피부염도 있고 지성+복합성(티존 지성/볼 속건성)이라, 성분 꼭 체크하고쓰는데
토너패드 좋다는 얘길주워듣고 
순한게 <코스알엑스 원스텝 그린히어로 카밍패드>라고해서 끝까지 다 써봤는데 큰 자극없이 닦토로 잘 썼었어요~자극없이 좋았어서, 위 영상에 혹시나 나오려나 하고, 끝까지 다 시청했는데 그린히어로만 안쓰셨었네요😂

나중에 한번 써보시고 어떤지 알려주셔요~~디텍터파이님♡","['지루', '피부염', '지성', '복합', '티존', '지성', '볼', '건성', '성분', '꼭', '체크', '토너', '패드', '얘', '코스', '알', '엑스', '스텝', '그린', '히어로', '카밍', '패드', '끝', '자극', '토로', '자극', '위', '영상', '혹시', '끝', '시청', '그린', '히어로', '나중', '한번', '보시', '디텍터', '파이']","['있다', '좋다', '순하다', '좋다', '어떻다']","['이르다', '쓰다', '기다', '듣다', '하다', '써다', '보다', '크다', '닦다', '자다', '써다', '나오다', '하다', '하다', '쓸다', '써다', '알다']"
"Finally, I'm waiting for this, thank you Director Pi",[],[],[]
"패드 병들도 유리로 된 제품 있었으면,,,,,플라스틱이라 사기 망설여 지네요😂","['패드', '유리', '제품', '플라스틱', '사기', '지네']",['있다'],"['병들다', '되다', '망설이다']"
건성에 나름 좋은 피부로 갓파이님 영상보며 제품 사고 추천하고 그러다가..임신하고 지루성 피부염으로 매일 울고 있어요ㅜㅜ 도와주세요ㅜㅜ,"['건성', '나름', '피부', '파이', '상보', '제품', '사고', '추천', '임신', '지루', '피부염', '매일', '울']","['좋다', '있다']",['도와주다']
패드는 한 번 쓰면 계속쓰는듯 그 편리함ㅠㅠ,"['패드', '계속']",['편리하다'],"['하다', '쓰다', '쓰다']"
"디파 언니
제가 지금 고1인데요 
여드름이 엄청났어요... 청소년 여드름 관리하는법 알려주시면 안되나요ㅠㅠ 
진짜 여드름 때메 너무 스트레스에요 모공도 조금씩 넓어지는것같고ㅠㅜㅠㅜㅜ","['디파', '언니', '지금', '고', '여드름', '청소년', '여드름', '관리', '법', '여드름', '때메', '스트레스', '모공']","['엄청나다', '안되다', '같다']","['이다', '하다', '알다', '넓어지다']"
이 코너를 엄청오래 기다렸어요..,['코너'],[],['기다리다']
항상 고마운 디렉터파이! 오늘 올리브영가서 이 영상보고 토너패드 사왔어영,"['항상', '디렉터', '파이', '오늘', '올리브영', '영상', '보고', '토너', '패드']",['고맙다'],"['가다', '사오다']"
오늘도 잘볼께요 디파님!!,"['오늘', '디파']",[],['보다']
영상 만드느라 수고하셨습니다!!☺️☺️☺️❕❕❕,"['영상', '수고']",[],"['만들다', '하다']"
1:07 뜨끔..❤️,[],[],"['뜨다', '끄다']"
헐 태어나 처음으로 사본 구달이 추천탬이라니!!,"['처음', '사본', '구달', '추천탬']",[],"['헐다', '태어나다']"
"믿고 보는 디파님^^
선댓글 후감상이 예의죵!
항상 고맙습니다😁","['디파', '선', '댓글', '감상', '예의', '죵', '항상']",['고맙다'],"['믿다', '보다']"
와 제가 써봤던 것중 가장 효과가 좋더라니 당근패드ㅋㅋㅋ티오피였군요ㅠㅠ.....역시성분은 피부를 못속인다..,"['가장', '효과', '당근', '패드', '티', '오피', '역시', '성분', '피부']",['좋다'],"['오다', '써다', '보다', '이다', '속이다']"
와 지금 구달패드 쓰고 있는데 그 전까지 썼던 거 모두 아쉬워요템.... 소름돋았어요ㅋㅋㅋㅋㅋㅋ,"['지금', '구달', '패드', '모두', '템', '소름']","['있다', '아쉽다']","['오다', '쓰다', '써다', '돋다']"
진짜ㅠㅠ 이영상은 돈내고봐도 아깝지 않아요ㅠㅠ 💗💗,"['영상', '돈']",['아깝다'],"['내다', '보다', '않다']"
"안그래도 요즘 날 더워지면서 등드름 가드름 때문에 스트레스 엄청 받고있었는데 ㅠㅠ 디렉터파이님 감사합니다...🤭
천연 성분은 잘 알안맞아서 캐럿패드는 아마 사용 못할 것 같고 아리얼 꺼 한번 써봐야겠어요~","['요즘', '날', '등드름', '가드', '름', '때문', '스트레스', '디렉터', '파이', '천연', '성분', '캐럿', '패드', '아마', '사용', '아리', '얼', '한번']","['그렇다', '같다']","['더워지다', '받다', '감사하다', '자다', '알다', '맞다', '하다', '끄다', '써다', '보다']"
아~~~ 으 너무 예쁘심🥰🥰🥰🥰🥰🥰🥰🥰🥰🥰🥰🥰,['심'],['예쁘다'],[]
꺄울~ 기다리던 패드 특집!! 너무 좋아!! 선댓 후시청!! 모르던 패드들이 많군요. 탑오브탑 제품 몇가지 구매해봐야겠어요. 특히 등드름...ㄷㄷㄷ,"['꺄울', '패드', '특집', '선댓', '시청', '패드', '탑', '오브', '탑', '제품', '가지', '구매', '등드름']","['좋다', '많다']","['기다리다', '모르다', '해보다']"
헐.. 저 일주일 전에 알아보다가 그냥 유명한거 샀는데 얼른 쓰고 블랙헤드에 도움이 되는 패드를 써야겠어요ㅜㅜ! 혹시 블랙헤드 패드인 셀리맥스와 토너편에서 나온 유리스킨과 효과의 차이가 많이 있나요??,"['일주일', '그냥', '얼른', '블랙', '헤드', '도움', '패드', '혹시', '블랙', '헤드', '패드', '맥스', '토너', '편', '유리', '스킨', '효과', '차이']","['유명하다', '있다']","['헐다', '알아보다', '사다', '쓰다', '되다', '써다', '세다', '나오다']"
셀리맥스 패드 4통?째 쓰고 있는데 사용방법을 몰랐네요 ㅠㅠ 영상 보다가 궁금해졌는데 패드 엠보싱면 쪽으로 꾹 누르듯이 닦아내는게 좋다고 하셨는데 그렇다면 거즈면 부분은 언제 쓰나요??? 보신다면 답 꼭 부탁드려요 ㅜ.ㅜ..거즈면은 그냥 안쓰나용..?,"['맥스', '패드', '통', '사용', '방법', '영상', '패드', '엠보싱', '쪽', '꾹', '거즈', '부분', '언제', '답', '꼭', '거즈', '은', '그냥']","['있다', '궁금하다', '좋다', '그렇다', '부탁드리다']","['세다', '째다', '쓰다', '모르다', '보다', '누르다', '닦다', '하다', '쓰다', '보다', '쓰다']"
디파님 ㅠㅠ 요즘 매일 마스크를 껴야하는데 마스크 끼고 10시간정도 일하다보니 땀이차니까 턱주위에 여드름이 폭발해요ㅠㅠ 마스크 관리 영상 부탁드려요!,"['디파', '요즘', '매일', '마스크', '마스크', '끼', '땀', '이차', '턱', '주위', '여드름', '폭발', '마스크', '관리', '영상']",['부탁드리다'],"['끼다', '하다', '보다', '하다']"
"디파님 항상 감사합니다!
사실 자극이되던말던 아무 화장품이나 막 갖다 썼었는데..디파님 영상보면서 좀 더 꼼꼼히 성분 공부도 좀 해서 제 피부를 아껴줘야겠다는 생각이드네요.. :(그동안 너무 막 대했던거같아요","['디파', '항상', '사실', '자극', '아무', '화장품', '막', '디파', '영상', '성분', '공부', '피부', '생각', '이드', '그동안', '막']","['꼼꼼하다', '같다']","['감사하다', '되다', '갖다', '써다', '보다', '하다', '아끼다', '대다', '하다']"
지성이고 민감성인데 이즈앤트리 쑥 토너패드 데일리로 진짜 좋았어요! 각질정리로는 코스알엑스꺼 일주일에 한두번정도 쓰는데 얼굴은 조금 자극적이었는데 등드름에 효과 엄청 많이 봤어요!!,"['지성', '민감', '앤', '트리', '쑥', '토너', '패드', '일리', '각질', '정리', '코스', '알', '엑스', '일주일', '정도', '얼굴', '조금', '자극', '등드름', '효과']",['좋다'],"['쓰다', '이다', '보다']"
와아앙ㅇ 사랑합니다❤️❤️❤️,['사랑'],[],['하다']
꼭 영상올려주시면 꼭꼭눌러서 아껴보고싶은기분이예요ㅋㅋ잘봣어요 감사합니다,"['꼭', '영상', '꼭꼭', '기분', '잘봣어']",[],"['올려주다', '누르다', '아끼다', '보다', '감사하다']"
디파님 여름이 가기전 제모랑 향수 꼭 부탁드립니다!!!!!,"['디파', '여름', '제모', '향수', '꼭']",['부탁드리다'],['가다']
"진짜 디파님 영상 볼때마다 너무 감사한마음뿐,,😭❤️","['디파', '영상', '볼때', '감사', '한마음']",[],[]
Thank you Director Pi for making this Pad review (+EngSub) 🥰,[],[],[]
1분전 ㄷㄷ,[],[],[]
디렉터 파이님 혹시 '여드름' 클렌징폼 추천도 해주실수 있나요ㅠ마스크 쓰는 기간이 길어지다보니까 여드름이 생겨서ㅠㅠ 저는 수부지 타입이에요,"['디렉터', '파이', '혹시', '여드름', '클렌징폼', '추천', '마스크', '기간', '보', '여드름', '부지', '타입']",['있다'],"['해주다', '쓰다', '길어지다', '생기다']"
메디큐브 모공패드 지성인들한텐 진짜 강추입니다 ㅠㅠ 지성여러분 두번사세요 세번사세려 꼭써보세여,"['큐브', '모공', '패드', '지성', '한텐', '강추', '지성', '여러분', '세번', '꼭']",['이다'],"['메다', '사다', '사다', '써다', '보다']"
오늘 패드샀는데... 좀만 기다리고 살걸ㅜㅜ,"['오늘', '패드', '살걸']",[],"['사다', '기다리다']"
"패드 구매에대한 고민이 많았는데 다뤄주셔서 너무너무 유용하네요!
그리구 이번 테마라구해야하나요 너무좋아요
캡쳐해서 보기편하게요ㅎㅎㅎ
앞으로도 전체화면으로 제품/설명/비추천&추천피부 넣어주세요!!","['패드', '구매', '대한', '고민', '이번', '테마', '구해', '하나요', '캡쳐', '보기', '전체', '화면', '제품', '설명', '비', '추천', '추천', '피부']","['많다', '유용하다', '좋다', '편하다']","['다루다', '그리다', '하다', '넣다']"
저 진짜 패드 뭐살지 엄청 고민했는데 진짜 딱 영상을 올려주시다니...너무 감사할 따름입니다ㅠㅠ😭😭,"['패드', '뭐살', '고민', '영상', '따름']",['이다'],"['하다', '올려주다', '감사하다']"
발효성분 안맞는 분들을 위해 발효관련 영상도 부탁드려요~ 항상 고생하시는게 영상에 보입니다 ㅜㅜ 감사해여~,"['발효', '성분', '위해', '발효', '관련', '영상', '항상', '고생', '영상']",['부탁드리다'],"['맞다', '하다', '보이다', '감사하다']"
"이즈앤트리 쑥패드 짱좋아요
피부열 올랐을때 응급용으로 붙이면 열 뚝 떨어지고 최고에여","['앤', '트리', '쑥', '패드', '피부', '열', '응급', '붙이', '열', '뚝', '최고']",['좋다'],"['오르다', '떨어지다']"
"파이님 머리 엄청 많이 길엇네요ㅎㅎㅎ
더 이뻐지신거 같아요
패드가 중요한게 아니라요😊😊😊","['파이', '머리', '길엇네', '패드']","['이쁘다', '같다', '중요하다', '아니다']",[]
클렌져 편에 추천해주신 닥터지 블레미쉬 수딩 폼클렌징을 사용하는데 또 바하나 파하가 들어간 패드를 사용해도되나요? 매일은 아니고 2~3일에 한번정도요!,"['클렌져', '편', '추천', '닥터', '블', '레미', '쉬', '수딩', '폼클렌징', '사용', '바하', '패드', '사용', '매일', '한번', '정도']",['아니다'],"['해주다', '하다', '파다', '들어가다', '하다', '되다']"
영상 너무 너무 잘 보고 있어요! 한개를 사더라도 성분 좋고 저에게 맞는 제품을 사려고 매번 참고한답니다^^ 근데 디파님 바디워시 해주시면 좋겠어요ㅠㅠ 바디워시는 아무거나 마트에서 세일할 때 사서 썼었는데 피부에 안 맞는지 트러블이 나더라구요ㅠㅠ 얼굴 피부 제품들은 디렉터파이님 영상을 많이 찾아봐서 얼추 안 좋은 성분을 알겠는데 바디워시는 성분을 모르는게 많더라구요 바디워시도 해주셨으면 좋겠어요ㅠㅠㅠ,"['영상', '보고', '성분', '제품', '사려', '매번', '참고', '답니', '디파', '바디', '워시', '해주시', '바디', '워시', '거나', '마트', '사서', '피부', '트러블', '얼굴', '피부', '제품', '디렉터', '파이', '영상', '얼추', '성분', '바디', '워시', '성분', '바디', '워', '시도']","['있다', '좋다', '좋다', '좋다', '많다', '좋다']","['자다', '사다', '맞다', '하다', '써다', '맞다', '나다', '찾아보다', '알다', '모르다', '해주다']"
클렌징 마스크도 보고싶습니다~ㅠㅠ,"['클렌징', '마스크']",[],['보다']
붙히는 방법도 알려주시다니 ㅠㅠㅠㅠㅠ 감샤합니다😘😘,"['방법', '감샤합니']",[],"['붙다', '알다']"
믿고보는 디파님!! 오늘도 좋은 영상 감사합니다!!!!,"['디파', '오늘', '영상']",['좋다'],"['믿다', '보다', '감사하다']"
토너했으니 이제 로션차례!!!!요새 민감해진 피부때문에 맞는 로션 찾기가 힘들어요 ㅠㅠ디파님 믿고 로션 대기타고 있을게요 데일리 로션 소개해주세용♥️♥️♥️♥️,"['토너', '이제', '로션', '차례', '요새', '피부', '때문', '로션', '찾기', '디파', '로션', '대기', '타고', '일리', '로션', '소개']","['민감하다', '힘들다', '있다']","['하다', '맞다', '믿다', '해주다']"
아니 왤케 자꾸 계속 예뻐지세요 ㅋㅋㅋㅋ🌝,"['자꾸', '계속']","['아니다', '예쁘다']",[]
"크 기다리고 기다리던....!!!!!!!!
정성 대박 항상 감사해요♥","['정성', '대박', '항상']",[],"['크다', '기다리다', '기다리다', '감사하다']"
제가 정말 디렉터파이님께 부탁하고싶었던 컨텐츠인데 ㅠ 너무 감사해요!!,"['정말', '디렉터', '파이', '부탁', '컨텐츠']",[],"['하다', '감사하다']"
"디파님 제가 원하던거예요,,,,,..... 사랑해요 ,,,,,,,,,💗","['디파', '사랑']",['원하다'],['하다']
요즘 간편한 패드타입 닥토가 많아 나오더라구여! 감사합니당❤,"['요즘', '패드', '타입', '닥토']","['간편하다', '많다']","['나오다', '감사하다']"
얼마나 꼼꼼히 리뷰해주셨는지 딱 느껴집니다. 패드 종류가 너무 많아서 뭘 써야하나 고민했는데.. 감사합니다♡,"['얼마나', '리뷰', '패드', '종류', '뭘', '고민']","['꼼꼼하다', '많다']","['해주다', '느껴지다', '써다', '하다', '감사하다']"
올리브영 당첨인데 메일 안오나옹🥺 오늘도 감사합니닷!❤️,"['올리브영', '당첨', '메일', '나옹', '오늘', '닷']",[],"['알다', '감사하다']"
"화장품가게 세일중이라 패드 꼭사야되는데 뭘사야할지 고민하고 맨날 나오는 저한테 아주아주아주 유용한 정보입니다ㅎㅎ
나름대로 열심히 관리한다고 생각했는데 잘못된 패드를 사용하고있었다니 흡ㅜㅜ
감사합니다♡","['화장품', '가게', '중이', '패드', '꼭', '뭘', '고민', '정보', '나름', '관리', '생각', '패드', '사용']","['유용하다', '이다']","['사다', '되다', '사다', '하다', '나오다', '하다', '하다', '되다', '하다', '감사하다']"
토너패드 살려고 보고있던거 다 리뷰해주셨네요 :) 디파님 역시 최고,"['토너', '패드', '리뷰', '디파', '역시', '최고']",[],"['살리다', '보다', '해주다']"
"남자 60  70대 바르는 크림 이나 로션 이나 하나만 추천해 주세요 
선생님 아버지한테 사드린다면?","['남자', '크림', '이나', '로션', '이나', '하나', '추천', '선생님', '아버지', '사드', '린다']",[],"['대다', '바르다', '하다', '줄다']"
디파님 좋은 영상 감사합니다! 선댓 후감상!,"['디파', '영상', '선댓', '감상']",['좋다'],['감사하다']
구달토너패드 2통째 사용중인데 진짜 좋음 ....,"['구달', '토너', '패드', '통째', '사용']",['좋다'],[]
패드와 관련은 없지만 영상보다 궁금한 점이 생겼어요ㅠ '썸바이미 AHA BHA PHA 30데이즈 미라클 아크네 클리어 폼' 사용중인데 영상에서 아하 성분 매일 사용하면 안좋다고 하셨는데 이 클렌징 폼도 매일 쓰면 안좋나요..?ㅠㅠ,"['패드', '관련', '영상', '점', '썸', '바이', '데이즈', '미라클', '아크네', '클리어', '폼', '사용', '영상', '아하', '성분', '매일', '사용', '클렌징', '폼', '매일']","['없다', '궁금하다', '밉다', '안좋다', '안좋다']","['생기다', '하다', '하다', '쓰다']"
"디파님,디파님 👍 ~~~최고","['디파', '디파', '최고']",[],[]
Yeeeeees♥♥♥♥♥,[],[],[]
더샘 더마플랜 필링패드는 없어서 아쉬워요ㅠㅠ,"['더샘', '플랜', '필링', '패드']","['덥다', '없다', '아쉽다']",[]
다른 화장품 샵에서 닦토 제품을 추천받았는데 AHA랑 BHA가 있어서 속에 있는 피지 까지 제거 해준다고만 해서 구매해서 썼는데 무슨 용도인지도 모르고 피부가 얇아지는 기분이드라구요ㅠㅠㅠㅠ 이렇게 용도를 알고 쓰거나 홍보를 해야될텐데요.... 넘 감사합니다!!!,"['다른', '화장품', '샵', '토', '제품', '추천', '속', '피지', '제거', '구매', '무슨', '용도', '인지도', '피부', '기분', '이드', '고요', '용도', '알', '홍보']","['있다', '있다', '얇다']","['닦다', '받다', '가다', '해주다', '하다', '하다', '써다', '모르다', '쓰다', '하다', '되다', '넘다', '감사하다']"
"항상 잘 보고 믿고 구매하고있습니다.
바디워시 도 부탁드려용😊","['항상', '보고', '구매', '바디', '워시']",['부탁드리다'],"['자다', '믿다', '하다']"
우와 진짜 예쁘다,[],['예쁘다'],[]
마몽드 잘쓰구 있었는데 아쉬워요템이라니ㅠㅠ힝..ㅜ,"['마몽드', '템', '힝']","['있다', '아쉽다']",['잘쓰다']
"오늘도 좋은 정보 많이 얻고 갑니다😊
혹시 기회돠면 토너도 다시 한번 부탁드려요❣️❣️","['오늘', '정보', '혹시', '기회돠', '토너', '다시', '한번']","['좋다', '부탁드리다']","['얻다', '가다']"
쓰고있는 제품이 아쉬워요라니ㅜㅜ다음엔 더랩바이블랑두로 구매해봐야겠어요!!,"['제품', '다음', '더랩', '바이블', '구매']",['아쉽다'],"['쓰다', '해보다']"
디파님 요철 없애는 방법 영상좀 찍어주세요 ㅠㅠㅠㅠㅠㅠ학생인데 요철이너무 심해서 걱정이에요 화장을 해도 다 보여서 너무 스트레스네요 퓨ㅠㅠㅠㅠ꼭 찍어주세유ㅠㅠㅠㅠ❤️❤️❤️,"['디파', '요철', '방법', '영상', '학생', '요철', '걱정', '화장', '해도', '보', '스트레스', '퓨', '꼭', '셍']",['심하다'],"['없애다', '찍다', '찍다']"
"생방송에 유튜브 영상까지 완전 디파님으로 하루를 채우네요  ㅋㅋㅋ 
오늘 네이버 생방 너무 재밌었어요!!!","['생방송', '유튜브', '영상', '완전', '디파', '하루', '오늘', '네이버', '생방']",['재밌다'],['채우다']
"Omg I am so exited to see your video 😍😍 Unni your content is so  priceless thank you so much for teaching us all that valuable knowledge 💕💕💕💕💕
your number one fan in Algeria",[],[],[]
일찍 왔나요??? 저 패드 뭐살지 고민했는데 감사합니다 😊,"['일찍', '패드', '뭐살', '고민']",[],"['오다', '하다', '감사하다']"
감사합니다,[],[],['감사하다']
디파님 구독자분들을 뽑아서 직접 만나서 써보고 추천해주기 뭐 이런 컨텐츠는 별로이신가요ㅠㅠ  진짜 제 소원이에요 돈내라면 돈내고 하고싶을만큼요 ㅠㅠ 꼭해주세용..ㅜㅜ,"['디파', '독자', '직접', '보고', '추천', '컨텐츠', '별로', '가요', '소원', '돈', '라면', '돈', '만큼', '꼭']",['이렇다'],"['뽑다', '만나다', '써다', '해주다', '내다', '하다', '해주다']"
뜨악... 스트라이덱스 사버렸는데 이런 영상을...! 다음에 구입할 때 참조해야겠어요😂,"['악', '스트라이덱스', '영상', '다음', '구입', '참조']",['이렇다'],"['뜨다', '버리다', '하다', '하다']"
늘 감사합니다 디파님! 고생하셨어용!!!,"['디파', '고생']",[],"['감사하다', '하다']"
코스알엑스 ㅠㅠ배신감 ㅜㅜ,"['코스', '알', '엑스', '배신', '감']",[],[]
저 딱 패드 살려고 패드편 찾고있었는데 올려주셔서 갑사합니다 ~^^,"['패드', '패드', '편', '갑사']",[],"['살리다', '찾다', '올려주다', '하다']"
"디파님... 정말 기다리던 영상이에요ㅠㅠ
감사합니다♡","['디파', '정말', '영상']",[],"['기다리다', '감사하다']"
좋은제품 사러갑니다~~^^땡큐요,"['제품', '땡큐']",['좋다'],"['사르다', '가다']"
디파님! 몇 년 전이 등드름 가드름에 추천해주셨었던 유리스킨 패드는 써도 괜찮을까요~?,"['디파', '전이', '등드름', '가드름', '추천', '유리', '스킨', '패드']",['괜찮다'],"['해주다', '써다']"
디파님 사랑해유,"['디파', '사랑', '유']",[],['하다']
제발 페코짱 에디션화장품리븃새주세요ㅠㅠ 제가 이번에 그거사려구하는데 그렇게 좋은지모르겠어서여ㅠㅠ 꼭 해주세용!,"['제발', '페코짱', '에디', '션', '화장품', '리븃', '이번', '그거', '꼭']",['좋다'],"['새다', '사다', '하다', '모르다', '해주다']"
끄아아앙 좋아요 ㅠㅠ 감사합니다,['아앙'],['좋다'],"['끄다', '감사하다']"
아이라이너 해주세요ㅜㅜ,['아이라이너'],[],['해주다']
더랩바이블랑두 세트 몇박스 샀어요 ㅋㅋㅋㅋ 이젠 패드까지 사려고 준비중입니당 ㅋㅋㅋㅎㅎㅎㅎ,"['더랩', '바이블', '세트', '박스', '젠', '패드', '사려', '준비']",['이다'],['사다']
우아 존버 타길 잘했네요~! ㅎㅎ 다음영상도 기다립니다 ❤️,"['존버', '다음', '영상']",[],"['타다', '하다', '기다리다']"
"와 !! 이번에도 꿀 정보!! 감사해요 

먹는 콜라겐도 해주시면 안될까용 🤗👏🏻","['이번', '꿀', '정보', '콜라겐', '해주시']",['안되다'],"['오다', '감사하다', '먹다']"
코즈알엑스만 썻는데.... 바꿔야하나 ㅠㅠ,"['코', '알', '엑스', '썻는데']",[],['바꾸다']
코스알엑스 그린만 썼는데 딱 그린만 리뷰에 없네요😭😭 다음엔 구달 써봐야겠어요!,"['코스', '알', '엑스', '그린', '그린', '리뷰', '다음', '구달']",['없다'],"['써다', '써다', '보다']"
볼때마다 앞에나오는 인트로 영상이랑 광대쪽이 김주영 쓰앵님 닮으심..,"['볼때', '인트', '영상', '광대', '쪽', '김주영', '쓰앵님', '심']",[],"['오다', '닮다']"
아 셀리맥스 매일 쓰면 안되는 거였다니 ....,"['맥스', '매일']",['안되다'],"['세다', '쓰다', '이다']"
여신 디파님 오늘도 감사히 보겠숩니당♡,"['여신', '디파', '오늘', '보겠숩니']",[],[]
요즘 각질제거 고민 많았는데 어쩜 딱 ㅜㅡㅜ 항상 감사해요 ㅜㅜㅜㅜ,"['요즘', '각질', '제거', '고민', '어쩜', '항상']",['많다'],['감사하다']
"파이님~~~~! 저는 몇년전부터 각질제거용으로 일부일에한두번애용하는템이있는데요, 네오젠 쌈무패드에요!!!! 초록색노란색보라색 3가지로있는데 이것도비교해주시면안될까요?? 이거진짜좋아요!!!ㅠㅠㅠㅠㅠ
그리고 당근패드중에 처음에 비교설명하실때는 벨라몬스터당근패드가 나왔었는데 추천템에는 브링그린패드가나외서... 둘중 뭘써야 더좋을지 궁금해요!!!","['파이', '년전', '각질', '제거', '부일', '애용', '템', '젠', '쌈무', '패드', '초록색', '노란색', '보라색', '가지', '비교', '해주시', '패드', '처음', '비교', '설명', '벨라', '몬스터', '패드', '추천', '템', '브링', '그린', '패드', '가나', '외', '뭘']","['있다', '있다', '안되다', '좋다', '좋다', '궁금하다']","['하다', '나오다', '써다']"
감사합니다 잘 보고 갑니다!,['보고'],[],"['감사하다', '자다', '가다']"
더 랩 바이 블랑두~ 얼굴에 열이 오를때 볼에다가 진정시킬때 사용중인데~ 얼굴 엄청 민감한 편인데(다른 좋은 성분 있다는것도 트러블.ㅠ.ㅠ)이거는 괜찮아서 쓰고 있어요~ 민감 홍조 진짜 추천~!!!!!,"['랩', '바이', '블랑', '얼굴', '열', '볼', '진정', '사용', '얼굴', '편', '다른', '성분', '트러블', '민감', '홍조', '추천']","['민감하다', '좋다', '있다', '괜찮다', '있다']","['오르다', '시키다', '쓰다']"
여름에는 종종 패드 썼었는데 사실 좋다는 거 잘못쓰다가 따갑고 그래서 후회한 적 여러번 있었어요 ㅠㅠ 이번에 이 영상 참고로 다시 사용할지 조금 더 신중하게 되네용 >.< 정말 감사합니당 디파님 >.<,"['여름', '종종', '패드', '사실', '후회', '적', '이번', '영상', '참고', '다시', '사용', '조금', '정말', '디파']","['좋다', '따갑다', '있다', '신중하다']","['써다', '쓰다', '하다', '되다', '감사하다']"
다필요없고 스트라이덱스가 젤좋다 센서티브 올영에서 사서써보고 아이허브에서 살리실산 더들어간거 차례로 써라,"['스트라이덱스', '젤', '센서티브', '사서', '보고', '아이', '허브', '살리실산', '차례']","['필요없다', '좋다']","['써다', '들어가다', '써다']"
와 드디어 토너패드!!!! 귀차니즘이라 토너 솜에 덜어내기 귀찮아서 그냥 토너패드 쓰는데 디파님 영상 올라온다길래 존버했습니다ㅠㅠ!,"['토너', '패드', '귀차니즘', '토너', '솜', '그냥', '토너', '패드', '디파', '영상', '존버']",['귀찮다'],"['오다', '덜다', '쓰다', '올라오다', '하다']"
마침 패드사고싶어서 인터넷 뒤지는 중이였는데! 항상 감사합ㄴ당,"['마침', '패드', '인터넷', '중이', '항상', '당']",[],"['사다', '뒤지다', '이다', '감사하다']"
좋은 영상 감사합니다 오늘도 선좋아요 후 감상!😍,"['영상', '오늘', '선', '감상']","['좋다', '좋다']",['감사하다']
오늘도 진정 감사합니다♡♡♡,"['오늘', '진정']",[],['감사하다']
"디파님 홀리카홀리카 제품들도 해주세요ㅎㅎ
여기 기초라인 숨은 맛집이라는데 ㅠㅠ","['디파', '홀', '리카', '홀', '리카', '제품', '여기', '기초', '라인', '맛집']",[],"['해주다', '숨다']"
제모 크림에 대한 영상은 없을까요ㅠㅠ?,"['제모', '크림', '대한', '영상']",['없다'],[]
역시 고퀄의 영상! 👍 좋은 정보 늘 감사해요 😊,"['역시', '퀄', '영상', '정보']",['좋다'],['감사하다']
"코스알엑스,벨라몬스터,아리얼 제품쓰고 있는데
부위별 필요한 날 쓰게되더라구요
제가 맞게 쓰고 있구나...하는 뿌듯함이 들게하는 영상이었습니다~^^
다만 '아리얼 '을'아리엘' 이라고 발음하신것같아  아쉬웠어요..","['코스', '알', '엑스', '벨라', '몬스터', '아리', '얼', '제품', '부위', '별', '날', '영상', '다만', '아리', '얼', '아리엘', '발음']","['있다', '필요하다', '있다', '뿌듯하다', '같다', '아쉽다']","['쓰다', '쓰다', '되다', '맞다', '쓰다', '하다', '들다', '하다', '이다', '하다']"
디파님 바디 미백크림도 성분 분석 해주시면 안되나요??ㅠㅠ,"['디파', '바디', '미백', '크림', '성분', '분석', '해주시']",['안되다'],[]
"파이님!! 블러셔도 알고싶어요~~~
1년전에 해주셨는데 요즘에 나오는 것도 알고싶어요♡~♡","['파이', '블러셔', '요즘']",[],"['알다', '해주다', '나오다', '알다']"
여드름이나 뽀루찌 난 부분에만 면봉으로 당근씨오일 바르면 진짜 놀라울 정도로 빠르게 진정되어요. 티트리오일 말많이하는데 천지차이임.,"['여드름', '뽀루찌', '난', '부분', '면봉', '당근', '오일', '정도', '진정', '티', '트리', '오일', '말', '천지', '차이', '임']",['빠르다'],"['바르다', '놀라다', '되어다', '하다']"
생머리 너무 우아하셔요!! 이번 영상도 잘 보겠습니다 ㅎㅎ 나중에 원브랜드 마녀공장편 기대해도될까요!? 패키지도 이쁘고 성분도 좋다 그래서 너무 궁금한데 갈락토미랑 비피다 라인들 중에 뭐를 써야할지 고민되더라고요!,"['생머리', '이번', '영상', '나중', '브랜드', '마녀', '장편', '패키지', '성분', '갈락토미', '비피', '라인', '중', '고민']","['우아하다', '기대하다', '이쁘다', '좋다', '궁금하다']","['자다', '보다', '되다', '써다', '하다', '되다']"
더마토리 좋아요! 두 통째 쓰고 있어요 :),"['토리', '두', '통째']","['덥다', '좋다', '있다']",['쓰다']
토너편도 보고싶어요!,"['토너', '편도']",[],['보다']
더랩이랑 아리얼 저번에 추천해주셔서 일주일에 한두번씩 사용하고 있어요~ 더랩은 진정되고 촉촉하고 아리얼은 각질제거에 좋더라구요~ 브링그린도 알아봐야겠네요.,"['더랩', '아리', '얼', '저번', '추천', '일주일', '사용', '더랩', '진정', '아리', '각질', '제거', '브링그린']","['있다', '촉촉하다', '좋다']","['해주다', '되다', '얼다', '알아보다']"
디파님 김희애인줄~~~ 화이트헤드때문에 스트레스받았는데 기다리길 잘햇네요!!,"['디파', '김희애', '화이트헤드', '때문', '스트레스', '햇']",[],"['받다', '기다리다', '자다']"
I love your video. Can you do top of top for vitamins supplements for skin collage and health. There’s so much out there to chose from. ❤️,[],[],[]
디파님 항상 좋은 영상   잘 보고 있어요 감사합니다,"['디파', '항상', '영상', '보고']","['좋다', '있다']","['자다', '감사하다']"
립색이 너무 예뻐요~~~ 좀 알려주세요~~~^^,['립색'],['예쁘다'],['알다']
홀리카꺼랑 더샘꺼 쓰고 있었는데 홀리카는 추천템에 떠서 다행이네용 ㅎㅎ,"['홀', '리카', '홀', '리카', '추천', '템', '다행']",['있다'],"['새다', '쓰다', '뜨다']"
"샴푸바, 린스바, 클렌징바, 바디비누 등등 비누제품들에 대해 디렉터 파이님이 영상 만들어주셨으면 좋겠어요😊 
요즘 화장품 시장에서도 비누형태의 제품을 많이 내고 있는 추세라 한번 영상 만들어주시면 많은 분들께 도움이 될 것 같습니다🙏😄","['샴푸', '바', '린스', '바', '클렌징바', '바디', '비누', '등등', '비누', '제품', '대해', '디렉터', '파이', '영상', '요즘', '화장품', '시장', '비누', '형태', '제품', '추세', '한번', '영상', '도움']","['좋다', '있다', '많다', '같다']","['만들다', '내다', '만들다', '되다']"
아........토너패드 이미삿는데.............하...꼭 사고나서 올라오네요 ㅠㅠ그래두 올려주셔서감사해요,"['토너', '패드', '삿', '꼭']",[],"['늘다', '사다', '올라오다', '올려주다', '감사하다']"
으어!!! 뭐 사야하나 고민이 많았는데 오늘도 피부타입별로 나눠주시는 디파님!!! 감사합니다~~~😍😍,"['으어', '고민', '오늘', '피부', '타입', '별로', '디파']",['많다'],"['사다', '나누다', '감사하다']"
"더샘 더마패드도 궁금한데 빠졌네요~~
엄청 순하고 자극없어서 쓰고 있는데...","['더샘', '패드', '자극']","['덥다', '궁금하다', '순하다', '없다', '있다']","['빠지다', '쓰다']"
바디로션도 재업해주세요 어머니께서 벤튼 향이없어서 아쉽다고 하셔서 향만들어가고 성분좋은 바디로션이 궁금하네요,"['바디', '로션', '재업', '어머니', '향', '향', '성분', '바디', '로션']","['없다', '아쉽다', '좋다', '궁금하다']","['해주다', '베다', '틀다', '하다', '들어가다']"
더마토리 패드 쓰고있는데 정말 인생패드예요!!!,"['토리', '패드', '정말', '인생', '패드']",['덥다'],['쓰다']
클렌징 워터 탑오브탑 궁금해용!,"['클렌징', '워터', '탑', '오브', '탑']",['궁금하다'],[]
지성피부인데 금방 네오젠 그린패드를 샀어요 이거보고 살걸 ㅠㅠㅠ 이 패드는 토너랑 같이 써도될까요?,"['피부', '금방', '젠', '그린', '패드', '보고', '살걸', '패드', '토너']",[],"['사다', '써다', '되다']"
이니스프리 파하 패드 있을 줄 알았는뎅 없네용 ㅎㅎ 예전 영상에서 추천해주신거 보고 쓰는 중인데 괜찮더라구요 ㅎㅎㅎ,"['이니스프리', '패드', '뎅', '예전', '영상', '추천', '보고', '중']","['있다', '없다', '괜찮다']","['파다', '알다', '해주다', '쓰다']"
