﻿,name,thumbnail,view,previous_time,video_url,start_date,comment,likes_num,unlikes_num,time_duration
0,🌈WHAT I'VE BEEN LOVING: February & March Favorites🌸,https://i.ytimg.com/vi/Jt5HWZ1YhX4/hqdefault.jpg?sqp=-oaymwEZCPYBEIoBSFXyq4qpAwsIARUAAIhCGAFwAQ==&rs=AOn4CLA5SvvdY49kyRFZezzM9MwB3cyV-Q,5.9만회,2개월 전,http://www.youtube.com/watch?v=Jt5HWZ1YhX4,,댓글 259개,2.3천개,42개,"
      11:39
    "
1,"""New Year, New Skincare Routine"" ft. Edward Avila",https://i.ytimg.com/vi/4e4P0kBZxd0/hqdefault.jpg?sqp=-oaymwEZCPYBEIoBSFXyq4qpAwsIARUAAIhCGAFwAQ==&rs=AOn4CLDpASO6qu5X5xk24_w0JtfjDAPlRQ,6.3만회,3개월 전,http://www.youtube.com/watch?v=4e4P0kBZxd0,2020. 4. 1.,댓글 166개,2.5천개,52개,"
      14:49
    "
2,"🔮PERFUME COLLECTION | 향수 추천 ft. Le Labo, 조말론, 바이레도, 샤넬, and etc. ✨",https://i.ytimg.com/vi/baWx9hZ5Gbc/hqdefault.jpg?sqp=-oaymwEZCPYBEIoBSFXyq4qpAwsIARUAAIhCGAFwAQ==&rs=AOn4CLBOA4dPUy6XmRrpEQ3pE8Ec53efJA,6.9만회,3개월 전,http://www.youtube.com/watch?v=baWx9hZ5Gbc,2020. 2. 26.,댓글 251개,2.5천개,55개,"
      19:38
    "
3,"🗑️BEAUTY EMPTIES | 2019년 공병들 ft. 라네즈, Dr. Jart+, 올리브영, & etc.🗑️",https://i.ytimg.com/vi/o3mputrIsxE/hqdefault.jpg?sqp=-oaymwEZCPYBEIoBSFXyq4qpAwsIARUAAIhCGAFwAQ==&rs=AOn4CLCe8McXQezgEj_NUjZJ3AK2gpurWA,6.6만회,3개월 전,http://www.youtube.com/watch?v=o3mputrIsxE,2020. 2. 19.,댓글 122개,2.1천개,43개,"
      15:26
    "
4,🚕JANUARY FAVORITES 2020 | 1월 페이보릿 제품들 ❄️,https://i.ytimg.com/vi/JjxxugbcNRQ/hqdefault.jpg?sqp=-oaymwEZCPYBEIoBSFXyq4qpAwsIARUAAIhCGAFwAQ==&rs=AOn4CLCM-1wY0F78bDVYVSN3f1j1eebwbQ,6.8만회,3개월 전,http://www.youtube.com/watch?v=JjxxugbcNRQ,2020. 2. 12.,댓글 184개,2.5천개,45개,"
      10:51
    "
5,🎅🏼연말선물 언박싱 | Gift Swap With ft. kinda cool🎁,https://i.ytimg.com/vi/UNlqOl5FFAQ/hqdefault.jpg?sqp=-oaymwEZCPYBEIoBSFXyq4qpAwsIARUAAIhCGAFwAQ==&rs=AOn4CLDkKye658iqlVskcEnTN4YBYa5kvw,6.2만회,5개월 전,http://www.youtube.com/watch?v=UNlqOl5FFAQ,2020. 2. 5.,댓글 230개,2.5천개,43개,"
      21:54
    "
6,🎁 CHRISTMAS GIFT GUIDE | 크리마스 선물 뭐할까?? 홀리데이 쇼핑 가이드 🎁,https://i.ytimg.com/vi/sN-gRO1NZtM/hqdefault.jpg?sqp=-oaymwEZCPYBEIoBSFXyq4qpAwsIARUAAIhCGAFwAQ==&rs=AOn4CLClJ20cyXPu-YaRZzRC66YPUOAG5g,6.2만회,5개월 전,http://www.youtube.com/watch?v=sN-gRO1NZtM,2019. 12. 25.,댓글 186개,2.3천개,58개,"
      14:19
    "
7,🏆BEST OF K-BEAUTY™ | 3만원의 행복 | 스킨케어 추천 ft. Charlotte Cho 🏆,https://i.ytimg.com/vi/dwj-kJBiRtk/hqdefault.jpg?sqp=-oaymwEZCPYBEIoBSFXyq4qpAwsIARUAAIhCGAFwAQ==&rs=AOn4CLB_1Ga6_CswUREMma-Bw-JQuts7MA,12만회,6개월 전,http://www.youtube.com/watch?v=dwj-kJBiRtk,2019. 12. 11.,댓글 177개,3.4천개,61개,"
      22:34
    "
8,🏆BEST OF BEAUTY 2019: 핫한 스킨케어제품 추천 ft. Edward Avila 🏆,https://i.ytimg.com/vi/zWdZl1ecPcA/hqdefault.jpg?sqp=-oaymwEZCPYBEIoBSFXyq4qpAwsIARUAAIhCGAFwAQ==&rs=AOn4CLB-aqD4e_sXlFKk8gUNVltcW0zM3Q,26만회,6개월 전,http://www.youtube.com/watch?v=zWdZl1ecPcA,2019. 12. 3.,댓글 741개,6.2천개,168개,"
      36:11
    "
9,🙆MOM'S SKINCARE ROUTINE | 마 스킨케어 루틴 따라해봤어요~💗,https://i.ytimg.com/vi/FCWXyYemFDU/hqdefault.jpg?sqp=-oaymwEZCPYBEIoBSFXyq4qpAwsIARUAAIhCGAFwAQ==&rs=AOn4CLBIL6tlO6CYYPmQZ16NcfklmLS5vQ,5.4만회,7개월 전,http://www.youtube.com/watch?v=FCWXyYemFDU,2019. 11. 27.,댓글 265개,3.5천개,26개,"
      8:44
    "
10,"🗑️BEAUTY EMPTIES | 공병 리뷰 ft. 네오젠, 코스알엑스, & Etc.🗑️",https://i.ytimg.com/vi/3F0MCy33gs8/hqdefault.jpg?sqp=-oaymwEZCPYBEIoBSFXyq4qpAwsIARUAAIhCGAFwAQ==&rs=AOn4CLCqKaG3f_Lnh5OOgKXMoEji8x4vJw,15만회,8개월 전,http://www.youtube.com/watch?v=3F0MCy33gs8,2019. 10. 8.,댓글 291개,3.8천개,59개,"
      33:18
    "
11,🎀WHERE TO BUY K-BEAUTY | 같이 스킨케어 쇼핑가요~,https://i.ytimg.com/vi/Lf8fEh5Yfzg/hqdefault.jpg?sqp=-oaymwEZCPYBEIoBSFXyq4qpAwsIARUAAIhCGAFwAQ==&rs=AOn4CLA1rrOFkF6J6kXfs0tYsJLjzM4N4Q,10만회,10개월 전,http://www.youtube.com/watch?v=Lf8fEh5Yfzg,2019. 9. 27.,댓글 210개,3.7천개,105개,"
      11:50
    "
12,GET UNREADY WITH US: 인기 K-뷰티제품들 첫 인상♡,https://i.ytimg.com/vi/X3B_tqfbN88/hqdefault.jpg?sqp=-oaymwEZCPYBEIoBSFXyq4qpAwsIARUAAIhCGAFwAQ==&rs=AOn4CLB_2x0S-UqRdblnIwzRerfD2sD32w,12만회,11개월 전,http://www.youtube.com/watch?v=X3B_tqfbN88,2019. 8. 3.,댓글 340개,4.9천개,114개,"
      23:06
    "
13,"💉BOTOX IN KOREA | 턱관절치료, 보톡스 맞아봤어요...",https://i.ytimg.com/vi/TalAk53BfTc/hqdefault.jpg?sqp=-oaymwEZCPYBEIoBSFXyq4qpAwsIARUAAIhCGAFwAQ==&rs=AOn4CLDXkrpZzy1Gn7O_uzxBTrzwSuMdwA,8.8만회,11개월 전,http://www.youtube.com/watch?v=TalAk53BfTc,2019. 6. 18.,댓글 277개,2.7천개,111개,"
      9:25
    "
14,"🇮🇩BALI HAUL | 발리 에서 산 옷, 홈데코, Etc. 오랜만에 여행 하울~🌺",https://i.ytimg.com/vi/eKQ4238LZNA/hqdefault.jpg?sqp=-oaymwEZCPYBEIoBSFXyq4qpAwsIARUAAIhCGAFwAQ==&rs=AOn4CLCqNi6mqV3Nlrm53UhnGu7O_ybnrA,11만회,1년 전,http://www.youtube.com/watch?v=eKQ4238LZNA,2019. 6. 11.,댓글 301개,4.2천개,141개,"
      10:47
    "
15,✈️TRAVEL SKINCARE ROUTINE | 발리에서 스킨케어루틴🌺,https://i.ytimg.com/vi/dnGrEqJLfow/hqdefault.jpg?sqp=-oaymwEZCPYBEIoBSFXyq4qpAwsIARUAAIhCGAFwAQ==&rs=AOn4CLAEc4v9o8HLT-tDtX6IlME6VLZC2A,12만회,1년 전,http://www.youtube.com/watch?v=dnGrEqJLfow,2019. 5. 29.,댓글 244개,4.5천개,109개,"
      11:23
    "
16,📷HOW I EDIT MY INSTAGRAM PHOTOS: 인스타그램 사진 편집하는 방법 + 배경화면 튜토리얼📷,https://i.ytimg.com/vi/wRm_WRjf-lA/hqdefault.jpg?sqp=-oaymwEZCPYBEIoBSFXyq4qpAwsIARUAAIhCGAFwAQ==&rs=AOn4CLBlkRXeXzUfklpNaLl1MlKKrDliDg,7.5만회,1년 전,http://www.youtube.com/watch?v=wRm_WRjf-lA,2019. 5. 22.,댓글 188개,2.9천개,49개,"
      10:08
    "
17,🌴BORACAY VLOG | 보라카이 브이로그!! 🇵🇭,https://i.ytimg.com/vi/ECBm6rCfjz8/hqdefault.jpg?sqp=-oaymwEZCPYBEIoBSFXyq4qpAwsIARUAAIhCGAFwAQ==&rs=AOn4CLD-76NiI8ZgHbXcJDleVxiTkPdttw,24만회,1년 전,http://www.youtube.com/watch?v=ECBm6rCfjz8,2019. 5. 14.,"댓글 1,105개",8.5천개,124개,"
      23:52
    "
18,KOREAN SKINCARE I'VE BEEN LOVING | 요즘 자주 쓰는 스킨케어 제품들 추천 😜💕,https://i.ytimg.com/vi/rmkWh9jv1S8/hqdefault.jpg?sqp=-oaymwEZCPYBEIoBSFXyq4qpAwsIARUAAIhCGAFwAQ==&rs=AOn4CLA9gKac1ZTPvoaNOfJQjVkf0uTvdw,17만회,1년 전,http://www.youtube.com/watch?v=rmkWh9jv1S8,2019. 5. 9.,댓글 279개,4.3천개,207개,"
      10:56
    "
19,APRIL FAVORITES 2019,https://i.ytimg.com/vi/PMAEO9KElQM/hqdefault.jpg?sqp=-oaymwEZCPYBEIoBSFXyq4qpAwsIARUAAIhCGAFwAQ==&rs=AOn4CLAQHbNYlVWTED-maXkko5s91MYf8A,8.1만회,1년 전,http://www.youtube.com/watch?v=PMAEO9KElQM,2019. 5. 2.,댓글 402개,3천개,79개,"
      10:08
    "
