﻿,youtube_id,comment,like_num
0,아수라발발타,언제나 에너지가 뿜뿜~~감사합니다,0개
1,GoodBoy,와 누님 썸네일 진짜 대박이쁜데요??,0개
2,roaal13,멋져요!! 요즘 매일 운동 해주고 있는데  한번씩 지칠때가 있어요 ㅠ 책한번 읽어봐야겠네요..,0개
3,여유당yeoyudang,민수샘. 오늘 북토크 마친 후에 보는데요. 요즘 제가 매일달리기 하면서 안되는것 받아들이는법을 배워가는데 오늘 토크에 나오네요. 나를 받아들이는 법. 참 좋아요. 솔직한 이야기♡,0개
4,가을하늘,오늘 라이브들으면서 멘탈잡고 갑니다. 마음이 헤이해지면 라이브들으며 다시 마음을 가다듬고있어요. 항삼 힘을 주시는 민수님 감사해요^^,0개
5,정미세스,매번 근무중이라 라방을 못들어왔네요 녹방 잠깐 들어왔는데 집에가서 남은 녹방 볼께요~~,0개
