﻿,youtube_id,comment,like_num
0,알통달통TV운동하는여자들,발끝터치에서 뻗을 듯...,1개
1,선성훈,매번 보고 따라하지만 ㅠㅠㅠ 비루한 몸뚱이라 매번 힘드렁 ㅠㅠ,0개
2,박진수,😍멋져요 👍멋져요👍민수쌤 화이팅🙌,0개
3,hyunkim,운동하러 왔어요~^^,0개
4,요정규리짱,이거하다 땀이한바가지 흘렸어요~♡,0개
5,hyunkim,유산소 운동하고 왔어요~,0개
6,hyunkim,민수님 숨 쉬기가 힘들어요~^^,0개
7,이미례,"일요일 저녁 마무리를 같이 합니다
민수쌤 저녁시간도 건행하세요~~",0개
8,이구아노돈,살이 자꾸 빠져서 고민인데 살 안 빠지면서 근력운동할 수 있는 방법 있나요? 운동 검색하면 대부분 다이어트 목적인 게 많아서 그나마 있는 살도 빠질까 봐 못하겠어요ㅠㅠ,0개
