﻿,youtube_id,comment,like_num
0,엄가야트리,멋진  민수님^^~~~,1개
1,링링mommy,같이 했어요~ 이런 영상. 너무 좋아요♡. 30분 영상 기다려져요~,0개
2,바다보다산,좋습니다,0개
3,CreamBread,멋지신 민수님 👏👏,0개
4,박미옥,"민수님^^ 짱짱
저도 이제 살빼고 몸매좀 만들어야겠어요^^ 샘 영상 넘 감사해요^^",0개
5,김윤희,반갑습니다~^^😄,0개
6,최자윤,책 읽고나서 버피자세 찾아보다가 우연히 유튭을 발견했어요. 책에 따라서 유용하게 실천중이에요.☺️,0개
7,안소연,매주 토요일 10시 시작인가요?,0개
8,CJ,안녕하세요,0개
