﻿,youtube_id,comment,like_num
0,문연경,안녕하세요^^ 눈팅만 하다가 처음으로 글 남깁니다ㅡ책이 오늘 와요♥ 운동과는 거리가 멀던 저~열심히 해볼렵니다!! 방구석입니다.ㅎㅎ,4개
1,알통달통TV운동하는여자들,아침에 전신스트레칭 넘 좋아요❤,2개
2,이숙희,고쎔의 “일단21 만 운동해 보겠습니다” 를 바탕으로 열심히 노력해서 지금은 계단 오르기도 쉽게 할수 있고 더구나 오늘 하체 운동은 정말 너무 좋은것 같습니다. 허리디스크 수술 후에 스트레칭도 고쎔의 운동과 병행하니 더욱 좋더라고요. 자주 따라합니다~~~ 💕좋아요~💕자주 뵈었으면 좋겠습니다~ 제 운동에 모티베이터 사랑합니다 고쎔🥰,1개
3,Michellec,늘 고마워요🙇,0개
4,njulie,무슨광고가12개나...못보겟어요,0개
5,한인수,책좀소개해주세요,0개
6,한인수,왼쪽다리가 당기고아파요! 열심히 해볼게요!고맙습니다,0개
