﻿,youtube_id,comment,like_num
0,온천장,마지막 클립인데 오전에 회의가 있어 라이브 참여 못했네요ㅜㅠ,2개
1,hyunkim,"민수님, 저는 처음이예요~^^지금  테이블에 앉아서 뜨게질하며 보고 있어요~",1개
2,이수희,잘보구 있습니다.♡,0개
3,전혜미,고민수님 최고에요. 이곳저곳에서 교사들 욕하느라 난린데 어려움 알아주시는건 고민수님밖에 없네요. 감동♡,0개
4,아수라발발타,"20대부터 꾸준한운동을 하고잇는 40대 여자입니다
먹는것을 엄청조아해요 그만큼 소비도하구요
하루라도 운동을 하지않으면 먹는것조차도 편하지가않고 ..살이찔까 걱정스런마음이 듭니다 운동을 즐겨야하는데 너무 집착하는 내모습을 봅니다
ㅠ",1개
5,SeungWoHong,민수샘,0개
6,HyunaJensen,"여기는 코스타리카 산호세예요  중남미 쪽입니다 
여기 코로나때문에 집에서만 있어요
전 40대주부예요 운동으로 10키로 뺐다가 갑상선기능저하에 우울증이 겹쳐서 도로쪘어요 ㅠㅠ 이나라로 온지이제 7개월인데  언어배우고 새고운 환경에 적응하느라 다시 막먹고",0개
