﻿,youtube_id,comment,like_num
0,KDB17,04:28 진짜 개웃기넼ㅋㅋㅋㅋㅋㅋㅋ오늘의 킬링파트,32개
1,송기준,2:45 뽀삐뽀삐뽀삐뽀삐 앙,27개
2,songStone,"1 숄더패킹
2 적절한 가동범위 (90도)
3 가슴을 모아붙인다고 생각
4 슬로모션으로 정확히
5 명치쪽과 팔 쪽이 동일선상에서 

이렇게만 인클.디클.플랫 푸쉬업해도 웬만한 가슴은 기본기 다 채워지는 듯 하네요..
푸쉬업은 상체전반을 거의 다 협응시켜야 해서 제대로 된 자세로 하면 자극 정말 잘 오는 듯 합니다ㅏ",28개
3,정헌재,어머니께 선물 전해 받았습니다 ㅠㅠ 유익한 운동영상 항상 올려주셔서 감사해요 ㅠㅠ 물론 선물도 감사드리구요!!❤️❤️ 앞으로도 좋은 영상 많이 올려주세요 형!!,6개
4,상완김,2:18 상완이?,10개
5,hyeoncheolCHO,수험생들 체력준비한다고 갯수 늘린다고 낑낑대면서 하다가 손목이 앞으로 너무 꺾이는건 어떻게 방지해야하나요..? 걍 아프기전에 끊는게 답이겠죠...만은 갯수가 늘어나야 좋은 점수를 받는뎅,1개
6,앨런뜨미뜨,4:25 급발진,60개
7,YeongE,잘 배워 갑니다!! 자세 잘 잡고 해야겠어요!,4개
8,윤돌,ㅋㅋㅋㅋㅋㅋ진지하게 보다가 대가리에서 터짐,1개
9,속마음,편집자 누구죸ㅋㅋㅋㅋㅋ 대가리에서 빵 터졌네,1개
10,서호진,형님 썸네일이ㅋㅋㅋㅋㅋㅋㅋㅋㅋㅋㅋ,2개
11,gihoonchoi,ㅋㅋㅋㅋㅋㅋㅋㅋㅋㅋㅋㅋ대가리를 처박고ㅋㅋㅋㅋㅋㅋㅋㅋ,1개
12,OW,오른쪽 이두 뒤쪽이 내려갈때마다 아프기 시작했습니다 할때마다 통증이 점점 심해지고 아픈진 좀 됐어요.. 거의 1년 되어가네요 푸쉬업 하고 싶은데 회복이 어떻게 안될까요 ㅜㅜㅜ,0개
13,많이피곤해,썸네일 도게자 박는 줄 알고 이 형 무슨 사고 쳤나 걱정했네 ㅎㅎ;;;,15개
14,남도우,형님 생닭같아요^^,4개
15,김건,오늘 영상도 잘 배워갑니다!🔥🔥,1개
16,찬블링,와..진짜 설명이 너무 좋네요 퀄리티 높은영상입니다 감사합니다 잘봤어요!!,0개
17,yonghunchoi,제가 진짜 별에별 영상 다보고 제대로했는데도 팔꿈치가 아팠는데 나중보니까 광배 안써서 그런거같더라구요 혹시 아프신분 있으면 참고해보세영,0개
18,우니우니,4:25ㅋㄱㅋㄱㅋㄱㄱㅋㄱㅋㄱㅋㄱㄲ,0개
19,soulfreemaxwell,"앞전에 뭉트니스님께서 팔이 외반주인사람들은 팔을 옆으로빼라는 영상을 보고 그렇게 하려는데
다시 몸통쪽으로 붙이시는데
어떻게 해야지 맞는건지 다시한번 궁금합니다.",1개
20,상남자티비관이채널,먹든지(뭐든지) 자세도!! 중요ㅇㅇ,0개
21,CSJ,앞/옆/위/뒤 다 보여주면서 설명들으니 좋으다~ㅎ,0개
22,김강민,"아;; 좀만빨리볼걸 이미 테니스 엘보 걸려버렸는데,,,,,
형님 테니스엘보에 관한 영항듀 만들어주세여 ㅜㅜ 부탁입니다",0개
23,전술의고향,ㅋㅋㅋㅋ머가맄ㅋㅋㅋ,0개
24,홍백호,썸네일보고 후다닥 와봤네요 ㅋㅋㅋㅋ,0개
25,Seol굿굿,심각하게 보고 있다가 중간에 개그요소에 웃음 짓습니다^^ 좋은 영상 감사해요 염두에 두고 push up하겠습니다^^,0개
26,남민우,ㅋㅋㅋㅋㅋㅋ와 큰도움 받고 갑니다! 감사해요 형리다키!!!,0개
27,비탈TV비만탈출티비,"오늘 가슴하는 날인데~ 대박이네요^^
가장 부드러운 동작으로 죠져볼게요~
항상 영상 감사드려요~^^",0개
28,junyeolPark,와 바지 이쁘네요 혹시 어디제품인지 알수있을까요 형님ㅠㅠ..,5개
29,수민,싸이 '새'인 줄 알았습니다. 🤣,0개
30,준석,오른팔 팔꿈치 관절이 약해서 보호대차고 하면 진짜 잘돼요,0개
31,Shy0324,항상 잘보고 배우고있습니다!,0개
32,콩콩,감사합니다~,0개
33,YoonhaLee,감사합니다~,0개
34,임세원,4:25 ㅋㅋㅋㅋㅋㅋㅋㅋㅋㅋ,4개
35,이상준,으어씨...지금까지 하지말라는 자세로했었네요...ㄷㄷㄷ미안하다 어깨야..멍청한주인만나서..,0개
36,한동진,썸네일을 보니 형한테 세뱃돈 줘야할것같아,0개
37,곰총각,대가리는 ...ㅋㅋ 오랜만에 나온 개그욕심,0개
38,이민재,예전부터 봤는데 몸도 몸이지만 점점 잘생겨지시는듯..,0개
39,도전100일헬창키우기,이렇게 다정한 조교님이라니❤︎,2개
40,상완김,"제발... 푸쉬업할 때 팔 좀 내립시다
어깨도 어깨지만 쇄골이랑 팔목 개박살나요",0개
41,이경태,형님 제가 푸쉬업을 벤치에서 하다가 두달만에 바닥에서 했는데 손바닥위치를 서로 다르게해야 푸쉬업이 안정적으로 되네요 .. 예전에는 바닥에서해도 손바닥위치를 같이두고했었는데 어떻게하면될까요 ..,0개
42,어차,또 잘 보고갑니다~,0개
43,사탄들의학교에루시퍼의등장이라,내리면서 썸네일 봤는데 양세찬인줄,0개
44,우진,썸네일 뭐야 형 독수리 날개치는거 같아,0개
45,하양올빼미,다음번에 가슴운동하시는 날에 푸쉬업으로 못밀때 까지 밀어보시는건 어떨까요?ㅋㅋㅋㅋ,0개
46,이슈TV대한민국No1,방금 날아가는 새를 봤다ㅎㅎ,0개
47,노란딱지,항상 생각하지만 저 바지 탐나,5개
48,냠냠멍멍,키다리형 팔이 어째 더 커진것 같으십니다?,0개
49,규정이다잉,형님 갈수록 마초스타일 이십니다,0개
50,쥐햄,썸네일보고 안들어올수가 없었습니다,0개
51,치킨윙,저는요 푸쉬업을 하면 허리가 아파요 선생님 ㅠㅠ 자세가 나쁜거같은데 어떻게 해야 할까요,0개
52,이크스파,마지막 말이 인상 깊네요. 저도 운동 한다고 열심히 했다가 양쪽 손목이랑 허리 나갔어요... 관절이 한번 고장나니까 낫질 않네요. 아무튼 건강해질려고 운동하는거 조심히 하는게 맞겠네요,0개
53,중2에반하다쉬운운동,자세 얻어가요 감사해요 !~!!!^^,1개
54,쥐도리,썸네일 싸이인줄,0개
55,가쟈기,코다리형 멋잇습니다,0개
56,nonoNo,썸네일 거의 킹크랩.,8개
57,허주연,저는 처음에 밑에 매트나 쿠션깔고 가슴으로 찍는다 생각하니 점점 자세가 늘더라고요. 옆으로 벌리면서 내려가면 결국 가슴을 찍기 더 어려워서 많이 하다보니 자세가 좋아졌어요,0개
58,김유민,대가리 지렸다......ㅋㅋ,0개
59,이전웅,형님은 너무 친절해,0개
60,시나bro,썸네일 상디인줄 제프한테 절하고 왔나했네,0개
61,이수호,형 벌크업 중인데 학생이라 돈도 돈이고 잘 모르기도 해서 어떤 프로틴이 가성비 좋은지 모르겠어요ㅠㅠ 혹시 추천할만한 프로틴 있으신가요??,0개
62,Six,머리 정말 잘 어울리세요 훤칠하니,0개
63,꾸준,매일 팔굽혀펴기 100개씩 하는데 정말 많이 도움이 되었습니다. 감사합니다^^,0개
64,우어어어어어엌,여기가 푸쉬업 보러왔다가 그랜절 배우는 방송인가요??,0개
65,문찬식,비율 갖고싶다...,0개
66,몽안더,형 하체운동도 좀 알랴줘,0개
67,,훔바,0개
68,데우스,썸네일잠깐 형님 사과방송인줄 알았습니다,4개
69,AndDD,며칠전에 본 영상중에 어떤유튜버가 외회전해서 직각으로 하라고 했었는데?,0개
70,nonamek,"어떤운동이건 정자세가 정말 중요하죠
저는 푸쉬업할때 손목보호대착용하고 합니다 관절 부상당하면 답없죠;;;",0개
71,아잉앙아,형님...푸쉬업하면 두통이오는데 어떤문제가 있는건가요.. ㅠㅠㅠ살려주세요!,0개
72,개식빵,"키다리형님 몸이 점점 좋아지시네..
오랜만에 봤는데 어깨팔이 진짜 좋아지셨네",0개
73,다까끼마사오,"벤치는 매일 하고 싶은데 
이상하게 푸쉬업은 진~ 짜 하기가 귀차늠 ㅋ",1개
74,정성민,푸쉬업하고있는데 영상이 짠~ 타이밍 너무좋다!,1개
75,TWiCE다현나연사나T,팔굽혀펴기 하고 통증은 없는데 근육이 살짝 저리는건 먼가요??,0개
76,TrueIts,형.....마이크 왜 그렇게 찼어...ㅋ 뒷배경이랑 합쳐서 뭔가sm느낌이야 ...ㅠㅠㅋㅋㅋㅋ,0개
77,백승민,형님 바지이쁘네여 어디꺼에요?!,0개
78,gildonghong,양세찬 몸 좋아졌네,0개
79,ijh,"푸쉬 업도 응용자세가 너무
많아요...
힘줄이 다쳐도 오래가드라구요.",0개
80,이영웅,2!!,0개
81,YechanHa,1!!!,0개
82,헬스피플KOREA,오늘하루도 열심히 배워갑니다...!!,2개
83,럭키가이7,엄지손가락이 꼭지 옆으로 가면 되는건가요?,0개
84,크트으,형님 4:25 해처리 변태 하는줄 알았습니다,0개
85,헬파카,가슴 머신 플라이 할 때 어깨쪽이 따갑고 안에서 뭔가 뚝 움직이는 느낌이 나는데 왜그럴까요..??,0개
86,곱뜽,저는 팔꿈치에서 딱딱 소리가 계속나염...,0개
87,imBraincase,오늘도 유익한 영상!,0개
88,감자국불주먹,막 손목 팔 어깨관절 빙빙 돌리시면서 설명하시는거보니까 구체관절인형같다,0개
89,HAHUORE,1,0개
90,허진혁,"푸쉬업 할 때 손목이 아프면 자세가 잘못된 건가요??
정자세로 하면 손목이 안 아프나요??",0개
91,이승우,대가리를 처박고선ㅋㅋㅋㅋㅋㅋㅋㅋ,0개
92,안호연,형 나도하트좀,1개
93,BenEeee,"복싱을 시작하려고 하는데요, 복싱선수들 보면 스피드 때문에 그런지 팔이 얇던데,,, 팔 쪽 근성장에는 도움이 안되는지요?",0개
94,황유,팔굽혀펴기를 할 때마다 6개정도 넘어가면 왼쪽 팔(팔꿈치랑 손 사이부분)에 전기오는 듯한 느낌이 드는데 이유가 뭔가요?,0개
95,금손실은손실,운동시작하려면 푸쉬업바 5천원이면사니까  푸쉬업바라도 사길 제일좋은건 헬스장 다니는거지만 안다치고운동하는게 제일중요하니,0개
96,야옹,몸 더럽게 좋네 칫 냐옹,0개
97,nursej,"키다리형님 몸이 갈수록 좋아지시는거같아요 
궁금한게있는데 100개150개정도의 푸쉬업은 매일 해도 괜찮나요? 올바른자세로요",0개
98,자유인,알려주신 동작을 최대한 정확히 따라하려고 노력하고있구요 푸쉬업 하루 50개씩 시작한지 이제 보름정도 되가는데 어까가 많이 아프네요 통증가라앉을때까지 쉬어야할까요?,0개
99,주Zero깔끔하게운동하기,군복 + 체지방적은몸 + 깔끔한자세설명,1개
100,이영준,푸쉬업을 한후에 허리통증이 심한 경우도 있나요??,0개
101,이홍빈,자세도 고치라는 대로 고치고 해도 팔꿈치 바로 위쪽 근육이 자꾸 저린다? 찌릿찌릿하는데 뭐가 문젤까요 ㅠ,0개
102,강민재,푸쉬업 정자세로 150개 10개씩 한세트로 15분 만에 다하면 운동효과가 좋을까요?,0개
