﻿,youtube_id,comment,like_num
0,키다리형,"마이프로틴 할인기간 : 6월  5일 (금요일) 20:00- 6월 6일 (토요일) 23:59 
 
혜택내용
 
구매링크: http://bit.ly/TALL_GUY  + 할인코드 TALLGUY입력시 추가 43%할인
 
6월 6일 마프대란 키다리형X 마이프로틴 이벤트
 
6월 5일 – 6월 6일 사이 http://bit.ly/TALL_GUY 링크를 통하여 
구매를 완료한 고객들 중 총 10명을 선정하여 하기 상품을 제공합니다. 
 
마이프로틴30만원 할인권: 1명
마이프로틴 25만원 할인권: 1명
마이프로틴15만원 할인권: 1명
마이프로틴10만원 할인권: 1명
마이프로틴7만원 할인권: 1명
신제품 THE 프리워크아웃 포도맛 (30서빙) & 임팩트 웨이 프로틴 아이스라떼맛 (1kg): 5명

이용해주셔서 감사합니다.",5개
1,,예전에 형 영상보고 처음 운동 시작했다가 최근에 6개월정도 pt 받고 처음으로 다이어트도 해서 내일 바디프로필 찍습니다 자꾸 어벙한표정 나와서 계속 연습하는중인데 떨리네요ㅎㅎ,16개
2,슈퍼맨,몸 진짜 좋으세요!!!,3개
3,장승수,"우와 체지방 6%...
나는 18%인데....ㅠㅠㅠ
먹는걸 못참아.......",1개
4,맹구,역시 제가 짱 좋아하는 운동 유튜버!! 몸도 너무 좋고 진짜 성격도 매우 좋으신거 같고 앞으로 좋은 일만 있을겁니다!! 화이팅!!,1개
5,신재근,영상 잘봤습니다 하루에 칼로리는 대충 얼마나 섭취하시나요?,2개
6,귬니,먹는모습이 다람쥐마냥 귀엽습니다  행님,1개
7,csp,형님~식단 브이로그처럼 언제 날잡고 건강검진 브이로그도 가능한가요?신체외적인 부분은 뭐 말안해도 잘알고 내적인부분들이 궁금하네요ㅎㅎ,0개
8,바이에른뮌헨,크..몸보소,2개
9,김건,오늘 영상도 잘 봤습니다:) 아마 우리가 살면서 평생 해야 할 숙제가 운동이 아닌가 싶네요!,0개
10,김민수,"혹시 나중에 기획가 되신다면 벌크업 식단도 올려주실수 있나요???
영상 잘보고갑니다~",0개
11,KHH,"형님 영상 항상 챙겨보면서 다이얼 구매했는데 측정방법이 잘못된 건지 검색하고 따라해봐도 헬스장 인바디 결과랑 차이가 너무 많이 납니다,, 혹시 사용법 영상 좀 찍어주실 수 있읍니가,,",0개
12,DH,저 인바디체중계는 어디서 구할수 있나요?,1개
13,허룡,일반인들이 이렇게먹으면 칼로리 초과할것같은뎈ㅋㅋㅋㅋ 형님 근육량때문에 대사량이 높아서 그렇지 ㅋㅋ!!,0개
14,실버서퍼,전에 봤던 거구나했는데 새로올린 영상이었네...같은식단 같은패턴....... 꾸준함도 재능이다 배워갑니다,0개
15,남뿌응,얼굴이 좀 초췌해지신거 같아요..ㅠㅠ,0개
16,DANINJEON,6프로 ㄷㄷ... 형님 건강에 지장있을까 무섭네요,0개
17,약빤약사,바디가 엄청 좋으십니다!,0개
18,양lak,혹시 바벨로우도 형님처럼 머신에서 해도 되는건가요?,0개
19,50대몸짱TV,힘드실듯..ㅜ 촬영 잘 끝내시고 든든하게 드시길! ^^,4개
20,Jazzismylife,형 밥먹을때 배우 임원희가 보였어 미안해,0개
21,전코코넛운동독학,복근에 감자 갈아서 감자전 먹고싶네요..,0개
22,Bga,식단하면 확실히 몸이 가벼워지고 숙면이 취해짐,0개
23,차재준,안그래도 프로틴 다먹어서 사야하는데 나이스 하네요 행님 구매 갑니다💪🏿,0개
24,발바닥,진짜 많이 빠지셨네요;;😅😅,0개
25,윤성영,다이어트 언제까지하시나요 ㅜㅜ,0개
26,준섭김,키다리 형님은 복근 8팩나오시겠어,0개
27,카를로스콘딧,몸진짜 예쁘다,0개
28,참바다집,뭔가 생각한것보다 많이드시네요,0개
29,광훈,"키형 저녁식단 같은 식단 저도 하루에 한끼 저렇게 먹는데, 정말 다이어트 중에는 닭가슴살이라도 먹을 수 있음에 너무 감사하고 맛있더라구요 ㅠㅠ",0개
30,SolfJKimblee,저녁은 꽤드시네요 ㄷ ㄷ ㄷ,0개
31,sundaegugbabedadaegi,"설마 보틀까지 마프..?😬

그리고 행님코드로 브라우니+5kg 프로틴 주문했습니다.

조금이라도 도움이 됐으면 좋겠어요 😀",0개
32,이정연,멋져요형!!😎,0개
33,하재,대박,0개
34,엄지척척맨,키다리님 간헐적단식 어떻게 생각하시나여? ... 굳이 간헐적단식 안해도 다이어트가 될까요?,1개
35,유빈,6프로대 진입하셨네ㄷㄷ 대단하십니다,0개
36,wlsdyd2,형님 바로 주문 박았습니다,0개
37,차차차차차,키다리형님 프로틴 브라우니 전자레인지에 15초만 돌려서 드셔보세요 훨씬 맛나욬ㅋ,0개
38,이원빈y,이렇게 드셔도 근육량이 느나요?!,0개
39,이승환,"2700 내외로 드셨는데 다이어트가 된다니..
기초대사량이랑 활동대사량이 장난아니신가보네요",0개
40,1234jonson,그곳에 샤워실은있나요? 여름에 운동하고난뒤에 몸에서 소금나올거같은데ㅠ,0개
41,김써니,"저녁과 자기전에 잘드시는데
다이어트는 저녁에  조금 먹는걸루
아는데 어찌 저리  드시고 
몸이 저렇게 군살이 엄는지  이해
안가요?

혹시  마지막끼 드시고 유산소 2시간 타시는거
아니에요?",0개
42,이태민,닭가슴살 먹을만 한가요?,1개
43,토쭈이,키다리님 미트리에서 다이어트 목적으로 맛있는 닭가슴살이냐 소고기나 제품들 추천해주는 영상 하나 찍어주세요 ㅠㅜ,0개
44,심형섭,간식이랑 아침드시는6겹바 이름자세히좀...커틀랜드꺼먹는데 너무달아서 못먹겠어요ㅠㅠ,0개
45,김경태,"진짜 적당히먹고 많이 움직이면 살빠지는게 맞는데
적당히 먹는게 안되네요 ㅋㅋ 대단하십니다
그런데 베이크쿠키 맛잇나여??
브라우니는 신세계던데 ㅎㅎ
bcaa 음료수대용으로 조금씩 평소에 마셔도되나요??",0개
46,야구빠따,아침인바디가 저녁인바디보다 많이 좋게 나오죠?,0개
47,참치뱃살,뭔가 상체 크기가 좀 더 커진 느낌 등근육도 더 커지신듯,0개
48,김민재,부스터는 운동할때마다 드시나요?,0개
49,하리,"세일 지름신 등장 
프로틴바 중에 어느것이 제일 맛 있나요?",0개
50,김현식,하루 식단을 칼로리랑 정리해서 마지막에 보여주시면 좀 더 좋을 것같아요!!^^,0개
51,박동주,누구나 쉽게 따라할 수 있는 식단은 어디있나요ㅠ,1개
