﻿,youtube_id,comment,like_num
0,wanH,"풀업은 개수가 중요한게 아닌듯..10개까지 반동없이 당길 수 있는데, 알고보니 여태 등이아니라 팔로 올라간 거였음..
광배나 등에 자극 가게 하는 느낌 받고 싶으면 끝까지 땡기지 말고 이 영상처럼 수직으로 당기시고, 이마정도까지만 당겨보세요
바로 느낌옵니다.",5개
1,김건,"0:24  오늘도 어김없이 나오는 개그 ㅋㅋㅋ
이발 하시니 더 잘생겨 보이십니다 광배근 대박👍",11개
2,쌀아저씨,어릴때 부터 멸치였어서 턱걸이는 운동 전혀 안할 때도 2~5개 수준으론 했었는데 운동을 하고서 몸무게가 늘어가니 어째 10개 하기도 점점 힘들어 집니다 ㅎㅎ...,3개
3,전민수,키다리형님 효과음너무잘쓰셬ㅋㅋㅋㅋ 엉덩이를 씰룩쌜룩씰룩ㅋㅋㅋㅋㅋ,7개
4,임진,아 진짜 저번에 몽키매직때도 그렇고 풀업관련 영상편집은 왜 이렇게 다 웃긴지ㅋㅋㅋㅋㅋㅋㅋㅋㅋㅋㅋㅋㅋ,1개
5,KDB17,0:25 오늘의 킬링파트 ㅋㅋㅋㅋㅋㅋㅋㅋㅋ개웃기네 지난번에는 원숭이 바위에 올라가였는데 이번엔 엉덩이 씰룩씰룩ㅋㅋㅋㅋㅋㅋㅋㅋㅋㅋㅋㅋㅋ,17개
6,이준형,형 그거 생각나 등 넓어지는 방법 영상에서  시작부터 풀업 겁나많이해서 입구컷해버렸던거ㅋㅋㅋㅋㅋㅋㅋ,1개
7,이창성,와 이거보고 이제 풀업 잘되네요 앞으로 당기는건줄 알았는데 아니었네요,1개
8,서준영,와 저 마프 쌓여있는거 지린다 얼마나 든든할까,5개
9,상남자티비관이채널,"00:24, 이 부분 https://www.youtube.com/watch?v=BNjkhOvE_Z0
참고해주세요ㅋㅋ",2개
10,qlaktmxk3,풀업에 대해 내겐 아득하고 어려운 운동이라고만 생각했었는데 제 마음의 안정소 키다리형이 이렇게 알려주니 좋네요 감사합니다 좋은 밤 되시고 전 군대에서 오늘하루를 마감하고 눈을 감겠습니다 사랑합니다 💕,18개
11,라이크잇,군대에서 1개도못했는데 선임들한테 턱기바리 오지게당해서 전역할때 20개찍고 지금은 안하다보니 10개하기도 꽤힘듬,12개
12,문신쫭,역시 키다리형은 설명을 잘해서 운동도 잘되 ><♥,0개
13,발바닥,엌ㅋ 올라왔어ㅋㅋ,1개
14,강거루TV헬린이모티베이션,엉덩이 씰룩씰룩만 기억납니다..........,1개
15,강윤중,"영화 똥개봤는데, 거기 키다리 행님 나오든데예~",0개
16,내꺼,형님 영상보면서 꾸준히 연습해서 0개에서 5개까지 가능해졌어요 항상 잘보고 있습니다,0개
17,조의영역JOTV,등운동 가장 기본이면서도 제일 어려운 풀업..,0개
18,속마음,저 등에 동그란게 움직여야 좋운 자세인가요,1개
19,777777,저 키에 저 몸무게로 풀업하시는게 진짜 대단.. 살 조금만 쪄도 10개도 못하겠던데,0개
20,NSM,문틀 철봉인데 잡고 팔을 수직으로 내리려하면 양옆 길이가 짧아서 자동으로 구부러지는데 하면 안되는건가요,0개
21,황갱TV,제 영상의 자세도 한번만 봐주시면 감사하겠습니다.,0개
22,,중학교2학년 올라가는학생인데 정자세로 하나하는것같은데 한번 올라가고 내려오면 1분정도 팔에 힘이 슈우ㅜㅇㄱ  풀리는듯한 느낌이 잇는데 자세가 잘못된걸까요?ㅜㅜㅜㅜ 어깨가 키보드길이보다 조오금 길어서 어깨가 넓어지고싶어요ㅜㅜㅜ,0개
23,맥수리공방,"인류의 태반이 못하는 운동입니다.
하지만 해내고 나면 너무 좋은 운동",1개
24,귬니,등운동은 그냥 풀업이 갑  근데 가장 어렵다는점,21개
25,이정록,항상 동작 설명 할때부터 보는데 어제1개도 못하고 계속 연습하다가 오늘 1개 되는데 어깨랑 광배 만세할때 엄청 찌릿해요 ^^ㅣ발 영상 처음부터 끝까지 보겠습니다,0개
26,김신일,"운동도그렇고 우리가 생활하는일상도그렇고  뭐든지 천천히 
너무억지로할려고하면 다칩니다~",0개
27,2315신지환,형 죄송하지만 엽문이 계속 떠올라요 .... ㅎㅎㅎㅎ,11개
28,준빡이,와 ㅈㄴ소름돋는다 풀업하면서 처음으로 개수1개째에서 광배에 오지는 자극 느꼈습니다.이 영상 진짜 유익합니다.돈주고 봐야됩니다 ㄹㅇ,0개
29,이정행,"오랜만에 영상, 오늘도 잘보겠습니다",0개
30,정스케즈맨몸운동,1:40 등에 악마의 얼굴이 보여요.. ㄷㄷㄷ,6개
31,WILDMONKEY,생방으로 봤습니다 꿀팁 감사용^^ 행님은 제 롤모델입니다,0개
32,2315신지환,요즘 키다리형 보고 운동 항상 열심히 하고있습니다 감사해요 ㅎㅎ!,0개
33,SearchwithiPad,형 영상보고 0개에서 4개까지 늘린거에서 더 안늘었는데 이거보고 최대를 늘려부겠써 !!!!,0개
34,,턱걸이는 진짜 내려올 때가 중요합니다. 한번에 확내려오지마세요. 어깨 진짜 망합니다. 이상 경험자가 ㅠ,0개
35,DJ,운동1시간만 늦게갈걸 오늘 등조지고왔는데,0개
36,잔가지,수직.. 기본.. 체크Yo,0개
37,MajinBuu,아무리 봐도 키다리형 와이프는 인생 성공한 것 같다.,0개
38,감자국불주먹,형님 이사 축하드입니다! ㅎㅎ,0개
39,kk12you,풀업 되는 사람들은 진짜 쉽게말하는데 정작 안되는 사람들은 미칠노릇임ㅋㅋ,0개
40,DongMinKim,형 오늘도 잘보고가여,0개
41,이시원,저도 처음엔 바둥바둥 매달리면서 몆칠째 하니까 그때부터 막 올라가더니 지금은 1개는 너무 쉽네요,0개
42,우준,ㅋㅋㅋㅋ 오늘도 개그효과가..ㅋㅋ,0개
43,NeverEnderWeekenderGirl,썸네일 한손으로 하시는줄 ㅋㅋ,0개
44,좐해,키다리형 최고!,0개
45,심준서,썸네일보고 한손으로 풀업하시는줄알고 바로들어와버렸네요 ㅋㅋ,0개
46,전규민,난 풀업못하겠어서 로우만하는데..,0개
47,야뭐,힘으로 충분히 5개는 되는데 숄더패킹을 모르겠어요..ㅎ,0개
48,그그분,오른쪽 견갑이 더 크신거같습니다 형님,1개
49,선선임운동일지,알기쉽게 설명해주시는건 키다리형님이 최고네요👍👍,0개
50,조용호,말투랑 목소리가 말 많은 정우성 느낌이네요.,0개
51,안용자,전 사관학교에 있다가 몸 아파 퇴교하고 다시 하니 하나도 안됐는데 키다리형 덕에 다시 풀업에 관한 영상 보고 다시 풀업 하나씩 하나씩 늘어가네요 ^^,0개
52,AllthingsareFinite,기구 얼마에요...?,0개
53,백인점점줄어든다,풀업은 운동고수 근돼들도 몇개못하고 낑낑대면서 잘 못하는사람들 많던데 꼭 잘해지고 싶다;;,0개
54,Humbleman,아 머슬업이랑 헷갈려서 정말 간다는 제목에 홀려서 들어왔네..,0개
55,띠리링딴딴딴,형님 풀업할때 어깨 랑 팔꿈치가 공격당하는거같습니다 어떻게해야할까요,0개
56,MyeungjinPark,형님도 영상 편집하시면서 느끼셨겠지만 오른쪽이 덜 땡겨지시는것 같은데 이런 불균형은 어떻게 해결해야 되나요?,0개
57,김도균,"밴드 써서 풀업하는 건 어떤가요?
처음부터 밴드 써서 하다보니 밴드 없이는 갯수 치기가 많이 어렵더라구요",0개
58,문성환,역시 키다리형!!,0개
59,도장근,양세찬씨 몸이 ㄷㄷ,0개
60,KimDavid,턱걸이 하나올리는거 배우고 싶은데 뭐져해야될까요 ㅠ,0개
61,Leopert,턱걸이는 완벽한 맨몸운동이죠,0개
62,조성우,혹시 그러면 풀업 어시스터로 연습해도 되나요 ?,1개
63,이유재,키다리형 풀업 최대몇개하세요 ?,1개
64,맴사이다,턱걸이가 안되는 이유는 인게이지가 안되서 그런거야. 형 간다,2개
65,noname,근데 굳이 호흡을 맞춰서 해야되나요?? 저는 숨 참다가 한번씩 호흡하고 그러거든요 14개씩 5세트하고있는데 호흡 맞추면 갯수 더 늘어날까요?,0개
66,KihanKim,네. 저는 안하도록 하겠습니다.,0개
67,이상준,정우성이 보이네요...,0개
68,nSO,"저도 다른 등운동 진짜 열심히 해도 1개도 안됐었는데
 의자밟고 올라가서 최대수축 해놓은 상태에서 천천히 떨어지는 연습으로 꾸준히 하다보니 1개가 되고 1개하는 그 감으로 계속 하다보니 쓰이는 근육과 느낌을 알게되어서 10개까지는 무난히 올라가네요
 등운동 잘하시는데 풀업은 유독 못하시는 분들 풀업에 쓰이는 근육을 한번 깨우치시면 금방금방 늘것같아요",0개
69,JLee,숄더패킹이 이해가 안가고 어렵네요,0개
70,대구통닭,패러럴그립으로해도 좋나요?,0개
71,Goodluck,"키다리형님 영상 감사합니다!!
근데 호흡은 다 올라갔을 때 후 뱉고 내려가면서 마시는 건가요..?",1개
72,미니미니,젊어지셨어용 ㅎㅎ,0개
73,하이하이,풀업 못하시는분들 풀업 잘할라면 전완근 힘이랑 코어힘도 잘적용해야합니다. 푸쉬업이나 행잉레그레이즈 같은걸로 힘을 기르시고 하시면 아마 더 빨리 하실수 있을거에요,11개
74,류윤종,"숄더 패킹 할때마다 왼쪽 어깨 회전근계 쪽에 통증이 있습니다 회전근계 충돌 증후군이 아닐까 싶은데 풀업....할 수 있을까요...ㅠㅠ
벽에 수직으로 손바닥을 대고 회전근계를 이용하여 어깨를 좌우로 회전히키며 스트래칭을 진행하긴 하는데 그때도 약간의 통증이 있습니다. 정말정말 풀업이 하고싶고 배우고싶은데 걱정이네요...",0개
75,고랑이랑,"이사하셨내요...
넘 짧아요..1개를 이미 하는 사람기준이라서 아쉽네요  ^^",1개
76,하학,"숄더패킹만 잘 해주면 된다
근데 죽어도 안 땡겨진다 
돼지라서 안될수가 있고 살을 좀 빼던가
멸친데 안된다 걍 될때까지 조지다
보면 됌 숄더패킹만 잘 해줘라
멸치면 금방 잘 한다 돼지면 살좀 빼고
하고 풀업 쉽다 어려운게 아니다
쫄지말고 근성을 가지고 꾸준히 해라",0개
77,임원택,키다리형님 견갑빼는 운동 좀 하시면 몸 개지릴거 같은데 ㄹㅇ로,0개
78,강백호,키다리형님 깁스를 해서 한달동안 운동을 못할꺼 같은데 근손실이 조금은 오나요??,1개
79,감포텐,"저는 몸무게가 가벼운데도 2개를 넘기기 힘드네요

정말 어려운 운동이에요",0개
80,윤경민,머리이뻐용,0개
81,띵,"키다리 형님 조언좀주세요😂
일어나서 커피한잔 마셔주고 출근전 체형교정 스트레칭 후 싸이클 45분타고 퇴근 후 키다리형님 루틴 푸쉬업,복근,옆구리,하체 그리고 싸이클 1시간 요렇게 매일 반복중인데 매일하면 근육에 무리가나요? 하체 루틴 하면서부턴 싸이클 탈때 죽을거같거든여;;🤣",0개
82,순수순진,형님 마지막 화면에 가발은 어디서 구하나요?,0개
83,한걸음씩,풀업할때 승모근에 힘이들어가는데 괜찮을까요?,0개
84,배주현,머리 깡끔하네,0개
85,박지훈,제가 일주일에 5일을 턱걸이를 하고 있는데  밴드 도움을 받아 한 세트에 13~15개 합니다 이걸 3세트 하는데.. 계속 이렇게 해도  괜찮을까요..?,0개
86,주호김,정확히 어디에 자극이 가야하나요?,0개
87,서정욱,매달렸을때 발이 땅에서 떨어져있어야 한개로 쳐주는거죠?,0개
88,대운DAWN,"진짜 존경합니다 형님 말씀맞습니다
그리고 매달리는 훈련 추천합니다",0개
89,승범,홈트하면서 밴드차고 하루에 70 80개씩 해도 숄더패킹 감이 안 옵니다...매달린 상태에서 견갑을 내리는 게 맘처럼 안 되네요,0개
90,준혁,팔을 외회전 시켜서 어깨 관절에 공간을 많이  생기게 해서 풀업을 하는게 좀더 부상방지에 효과 있죠?,1개
91,차민규,푸시업 20개 정도하면 루틴 어떻게 잡아야 하나요?,0개
92,Soo,풀업이 정확히 어디 어디 좋나요?전 팔근육과 손목근력을 키우고 싶은데,0개
93,깜둥이,풀업이 10개에서 안늘어요..어떻게 늘리죠,0개
94,JohnWane,"꿀팁: 
1.오래매달리기 연습.
2.보조기구를쓰던, 점프를하던 팔안움직일때까지 계속당기기
3.어깨 외회전.
4.상체근육에 힘주는법 연습. 
5.다양한 그립, 너비로 운동.
6.매일매일 할것.",18개
95,구재승,1빠,0개
96,JO,형 제가 진짜 어깨 좀 넓히려고 매일 매일 풀업을 해 왔거든요..근데 몇 년을 해도 어깨가 넓어진 거 같지 않은데 뭐가 문젤까요... 자세 문제인 것 같은데 잘 모르겠어요ㅠㅠ어깨 좀 넓히고 싶은데ㅠㅠㅠ,4개
97,이름,어시스트 풀업 손그립. 손위치에따른 운동방법좀요,0개
98,김영훈,👍👍,0개
99,흥진,"한개 에서 두개 겨우가능한데 몇셋트해야할까요? .
지금은 그냥 턱걸이봉보일때마다 한두개씩 하고마는데",0개
100,덤벨요정망키쉽게운동하자,"저는 첨엔 점핑풀업부터 시작해서 이제는 턱걸이 안 쉬고 28개까지 할 수 있게 됐습니다!
풀업이라는 동작이 등운동의 가장 대표적인 운동이면서 사실상 맨몸운동으로 하기 난이도가 낮은 운동은 아닌데
키다리형님 정말 쉽게 설명해주시네요!
저도 첨엔 숄더패킹을 잘 몰라서 헤매다가 어느순간 몸이 깨닫고 정자세를 알게 됐습니다!
숄더패킹만 감을 찾을 수 있고, 올라가며 내려올때 앞뒤로 흔들리지 않고 코어에 힘을 줄 수 있으면 
등운동에서 정말 자극 최고의 운동, 매일 하고 싶은 운동이 되실거에요",0개
101,랄프로렌매니악,일단 한 개도 못하면 네거티브 풀업 강추... 점프해서 매달린 후 내려올 때 버티면서 내려와보면 힘도 생기고 어느순간 하나 땡기게 되어있음 난 풀업이 너무하고 싶어서 등운동 안하는 날이더라도 매일 운동 시작 전에 풀업(네거티브로 10회)하고 운동시작함 이러다보니 한 달 안에 풀업 1개는 그냥 했음 그리고 개인적으로 광배 힘 키우는 데에는 로우동작이 최고인듯 풀업하려면 랫풀다운을 잘해야겠지? 이생각으로 랫풀만 오지게 땡겼는데 결국 생각해보면 광배 힘 기르는데에는 바벨로우 만한게 없음,0개
102,푸리까,연습많이해서 이제 잘올라는가는재 견갑이 뻗뻗하고 등이 너무말리거나 너무재껴가지고 고민이었는데 감사합니다..,0개
103,정정정,팔꿈치는왜아픈가요..?,0개
104,책책,키다리형님 다른운동할땐 괜찮은데 풀업만하면 심장쪽이 조여지는 느낌이있는데 왜 그런지 아시나요?ㅜㅜ,0개
105,고영훈,오새운동을 개을리안했드만 10개는 했는데 살이쪄서 그런가 1개도 못하겠어요 ㅠ,0개
106,정현준,턱걸이할때 자극이 안와요 어떻게 뭐가 문제인거죠?,1개
107,이정훈,1  !!!,0개
108,준석,저는 턱걸이 정자세로1개도 못할때 보조밴드랑 보조운동 많이했는데 진짜 금방 실력이 오르더라고요,0개
109,이정연,풀업이안되는분들은웜암덤벨로우를하면되겠네요,0개
110,냠냠멍멍,촬영장소가 바뀌었는데 이사하셨나요?,0개
111,Dik,숄더패킹하면 왼쪽견갑이 부자연스러운 느낌나던데 ㅠㅠ 아직감잡을려면 멀은것 같네요,0개
112,LIKEME,키다리형 제가 몸무게가 많이나가서 풀업은 못하는데 혹시 점프해서 매달린다음 천천히 최대한 버티면서 내려오는 네거티브풀업은 해되될까요? 아니면 그것도 위험할까요?,0개
113,인대표,키다리형 이사 축하드리고 이발 이쁘십니다,7개
114,HJ,형님 그럼 풀업이 하나도 안되는 사람은 영원히 하나도 못 해보는건가요? 이번 생에 풀업 단 한개라도 해보고싶은데...ㅠㅠ,1개
115,박건민,아웃트로 사진은 언제적이에요? 리즈시절인듯,0개
116,박창규,숄더패킹더 중요하지만 등 넓히려면 견갑을 옆으로 많이 빼주는 연습을 하는게 좋지 않나요? 항상 키다리님 보면 견갑을 최대한 고정시키려고 하셔서 궁금하네요,0개
117,리중딱,"이거하려면 꼭 밴드있어야하나요? 밴드있음
불편해서 고추맞고 다시는안쓰는데",0개
118,TheHome,호흡이 당길때 후 내뱉는게 맞나요?,0개
119,혀니의방구석,저 멸치에 헬스 및 기타 운동 따로 안하는 사람인데 풀업 정자세로 4~5개 까진 되던데 이게 안되는 남자도 잇나요? 정말 궁금해서... 저는 5개밖에 못해서 진짜 힘없구나 하고 좌절햇는데,0개
120,갓창정너의꿈에부치는편지,수직 상하운동    ..    근데   왜  사람들은  상체를  제끼면서 하는지   혼란하기만    ..ㅜ,0개
121,여어느,"풀업 처음부터 몇개 할 수 있었는데
생각보다 갯수는 안늠 내가 맨날 풀업을
안하기도 하지만 
지금 풀업 정자세 지켜서 하면
최대 한 25~30개 할까",0개
122,아름,"갑자기 궁금한게 왜 키다리형이지?
의도가 뭘까",0개
123,손흥민,밥은 굶어도 턱걸이는 해야함,1개
124,박진우,"키다리형님, 항상 잘 보고 있는 구독자입니다. 이 영상과는 크게 상관없지만 조언을 좀 받고 싶어서 글을 남깁니다. 저는2018년 2월쯤 잘못된 자세로 혼자서  턱걸이를 하다가 어느날부터 오른쪽 어깨가 아프며 뚝뚝 소리가 나더니 동네병원을 가서 어깨충돌증후군을 진단받고 그 병원에서는 물리치료만 받으라 하여 다른 2차병원을 갔다가 별 이상이 없다고 하여  약만 처방 받고 또 다른 척병원 이란 곳에 갔다가, 마지막으로 재활의학과에서 현재 치료중입니다만.. 별 호전이 없습니다. MRI나 CT 찍어본 적은 없구요.. 헬스는 쉰지 6개월이상되었구요.. 하고싶은데도 병원에서도 하지말라하고, 여러가지 종합적으로 판단 결과 쉬고 있습니다만..  현재 너무 하고싶은데 또 운동하면 다치니까 하지 않고 있습니다만. 애초에 운동신경도 없고 운동을 잘 못합니다. PT받아본 적도 있구요. 유튜브 보면서 이론좀 알게되고 영상보면서 따라했는데 그냥 흉내만 낸건가 봅니다. . 다른병원을 가봐야 할까요 ㅠㅠ 물리치료사들의 조언은 스트레칭을 한다고 해서 통증자체는 사라지지 않을거라고, 지금은 통증을 없애는게 최우선이라네요 물론 몇가지 스트레칭은 필요하지만요. 자기자신의 몸은 자신이 잘 알겠지요.. 그건 알고있습니다만 애초에 몸을 만드는것 자체가 힘들고 어려운 과정이라고 생각합니다 대부분 그렇게 생각을 하실지는 모르겠지만요. 전 애초에 무게도 못치는 발전없는 헬린이지만 좀 더 나아지고 싶어서 노력하고 있습니다..        +혹시 저처럼 어깨충돌증후군 있으신 분 계신지 궁금하네요.. 라운드숄더 중에서도 어깨가 앞으로 말린 라운드 숄더 라고 하더라구요. 현재 라운드숄더를 개선하는 스트레칭을 하고 있습니다. 혹시 다들 보통 능형근 강화, 전거근강화,. 견갑하근 강화, 등등을 밴드로 하시는지 아니면 그런거 없이 그냥 데드리프트, 턱걸이, 덤벨로우 바벨로우, 등 (솔직히 잘은 모릅니다 어떤 운동이 정확히 등어느부위에 자극이 가는지와 연관성 여부도요.) 극상근쪽 어깨 뒤쪽통증이랑 어깨 주변통증있으신분들 조언 해주시면 감사히 받겠습니다.",0개
125,아재개그,풀업이 3개까지 되눈데 왼쪽이 힘이 부족한지 왼쪽 손목이 아프고 왼쪽은 자극 오긴한데 많이.안오는데 이럴때는 뭘 해야되죠.,2개
126,Zarautra,"보조적인 운동으로 숄더팩킹 상태까지만 하는 scapular pull up ( https://youtu.be/XIkPI-_80r4 ) 으로 중,하부 승모근을 강화해주시면 훨씬 더 쉬워집니다. 또 스미스머신이나 파워렉 또는 낮은 철봉에서 asisted pull up (https://youtu.be/o4qHKpRFaes , https://youtu.be/XjMG5hViG98 )을 해주는것도 아주 좋구요",0개
127,안녕,?,0개
128,슬램글램,"안녕하세요. 구독자 입니다. 궁금한게 있는데 물어볼곳이 없어서 여쭙습니다. 제가 요즘 턱걸이를 하고 있는데요. 1세트 10개 2,3 세트에는 7~8정도 땡기고 있습니다. 그런데 꼭 3세트 정도만 하고나면 양쪽 전완근쪽이 전기가 통하는것처럼 찡~ 하는 느낌이 오는데요. 그 느낌이 한시간 정도는 지속되는거 같습니다. 문장으로 표현하려니 한계가 있는점은 양해 부탁드립니다. 턱걸이를 한지는 이제 5개월 정도 되었습니다. 이게 단순히 근육이 반응하면서 나오는 증상인지 아니면 뭔가 몸에  문제가 있는건지  너무 답답해서 이렇게 여쭈어봅니다. 나름 심각하게 걱정중이라서요. 바쁘신줄 알지만 댓글을 달아주시면 감사하겠습니다.",0개
