﻿,youtube_id,comment,like_num
0,하이하이,운동이 참 어려운게 자세가 트레이너마다 다 달라서ㅠ사람마다 몸모양이 다 달라서 정답은 없는거같아요 그냥 이자세 저자세 해보고 자극이 잘오는 자세로 하면 될듯,696개
1,ZERRO,"운동도 오래하셨고 일반인 수준을 훨씬 뛰어넘으시는 지식과 몸을 갖고 계신데도
늘 새로운걸 받아들이시는 모습 너무 보기 좋습니다",280개
2,한동근,"2:50 정보전달에 오류가 있는거 같아 말씀드립니다.
회전근개는 견봉 하 공간을 지나 상완골에 붙어있습니다.",8개
3,이터널스노우,4:57 뒤에 두분 웃는거 왤케웃기지 ㅋㅋ,63개
4,헬창인생,"오히려 우리는 지금 너무 많은 정보의 홍수속에 살고있는게 아닐지...빌더마다 조금씩은 다 다른 수행각과 이론들..
어질어질..
그냥 본인이 맞는 방법을 찾았으면 부상이 없는 선에서 꾸준히 밀고 가는게 맞을지도..",357개
5,리머대,1:17 손등 하늘 이 포인트 너무 좋네요 어우야,2개
6,빡뚝배기,"1:48 저도 원래 저렇게 했는데, 아재들이 저렇게 하는거 아니라고.. 제 생각인데, 바벨5키로짜리로 하다가, 저는 거의 11키로짜리로 10~15개하고 끝냅니다. 그러면 ㄹㅇ 어끼빵지림",11개
7,정재경,4:54 새해에 헬린이를 지켜보는 헬창들의 모습,132개
8,박장환,"개인적으로 사레레는 정자세가 없다고생각합니다
사람마다 어깨 각도도 다르기때문에 부딛치지 않는 각도를 찾는게 더좋을거같습니다",133개
9,태보운동하는공대생,4:51 뚜벅뚜벅(수근수근 저기가 맛집이래),41개
10,갓준,와 썸네일 진짜 박살나네.. 개멋있네,2개
11,HSM,4:15 훅훅 후훅! 영상 너무 재밌어요 ㅋㅋㅋ,3개
12,보기여미,우성이형 잘 지냈어? 너무 멋있자너 ..,2개
13,잔가지,"와 맨손으로 따라해도 힘들고 자극 온다잉!! 어깨가 화난 키다리횽 최고
정_자세 인정합니다!!",1개
14,쓰쨔,저렇게 하는게 맞겠지만 관절이 뭔가 불편 ㅠㅠㅠㅠㅠㅠㅠㅠㅠ,2개
15,mindyourbusiness,ㅇㅣ야 이런 좋은정보들을 변기에 앉아서 볼수있다니 세상좋다,50개
16,최준호,4:19 사레레 훅훅훅 ㅋㅋㅋㅋㄲㅋ,18개
17,건강마찰,요즘 어깨에 꽂히셨군요!,8개
18,PostMalone,와 키달형 몸이 갈수록 좋아지시네.. 영상 잘 보고 있어요!!,3개
19,머슬맥TV이성현,와 썸네일 근질 뭔데....,57개
20,천범석,"레터널레이즈에 관한 정보는 많지만
이렇다 저렇다해도
어께에 집중해서 부하를 줄 수 있으면 되는거에요

다만 초보자들이나 근육이 덜 발달 되신 분들은
어께에 집중을 주기 힘들어서 표준적인 자세들이
있는 것이죠.

손목 굳이 수평 안되고, 팔 굽히고, 반동줘도
어께에 집중만 잘하면 됩니다",0개
21,,형님...썸네일 진짜 레전드 입니다행니ㅣㅁ,25개
22,Talmoking,혹시 짝가슴인데 푸쉬업할때 한쪽을 높게하라고하던데 부족한 가슴인쪽 손을 높게해야되나요?,1개
23,강거루TV헬린이모티베이션,무조건 들어오게 만드는 썸네일+제목....,24개
24,김범서,그냥 자극 잘 오게 자신만의 방법을 찾아야 할 듯,1개
25,하이루,썸네일 사일러스같다 ㅎ,26개
26,걸이턱,썸네일 ㄷㄷ,2개
27,홍초러브,썸네일 쌉간지다 우성이형님..,1개
28,sunbinKIM,키다리형님! 후면 어깨 영상도 부탁드려도 될까요??ㅠㅠ,2개
29,콜럼버스,"썸네일 보고 놀랬다..
저번에 오늘의루틴 브금 바꿔달라고 요청했었는데
감사합니다",1개
30,EKERR,걍 싹다 해보고 편한거 찾으면 됨 ㅇㅇ,1개
31,이기철,힉..ㄷ 썸네일 소름 몸 엄청 좋다 ㄷㄷ 진짜 제일 대단해요!,0개
32,주Zero깔끔하게운동하기,썸네일 보고 바로들어왔습니다..,1개
33,AclRight,4:53 뒤에 시청하시는 두분ㅋㅋㅋㅋㅋㅋ,8개
34,우는너입니다1992,솔직히 개씹헬린이인데 내 생각엔 어떤 자세든 몸 망치는 자세가 아닌 이상 일단 하는게 중요하다고 생각함,33개
35,유환희,키다리형이 아 예...이러니까 너무 어색해 ㅋㅋㅋㅋ,0개
36,그만하자,사이드레터럴레이즈 머신 처음본다..와,1개
37,jeje,ㅋㅋㅋ 운동 해보신분들은 아시겠지만 키다리형 표정 극공감 😂😂,0개
38,AlanWalker,덤벨 쓰기 귀찮아서 머신이랑케이블 쓰고있었는데ㅋㅋ,0개
39,개인봉사후원채널,집에서 물병으로하는데 자극 많이 오네요 좋아요^^,1개
40,이승훈,트레이너분 트레이닝복이 간지작살나네요👍👍,2개
41,JesseChung은게이Joe충익,송기석 선수 씬 스틸러네...ㅋㅋ,0개
42,jmk,4:33 부터 나오는 노래 정보좀 알려주세요~,0개
43,룰루랄라,어렵다..ㅠ 운동영상마다 다 달라서여ㅠ,0개
44,꺽쿡,제가 헬창 유튜브 잘안보는데... 키다리형님은 진짜 멋져요 완성형에서 또 다른 완성형을 찾는 운동을 사랑하는 사람,0개
45,DbSsss,진짜 운동 하면할수록 다시 초보자 되는느낌..,0개
46,악플달면개객끼,와 썸네일...설마 이 형 약 하시는건..,0개
47,김찬영,썸네일 사일러스인줄 ㅋㄱㅋㄱㅋㄱㅋㄱㅋㄱㅋㄱㅋㄱㅋㄱㅋㄱㅋㄲㅋㅋㄱㅋㄱ,0개
48,애옹이애옹,항상 좋은 운동지식 감사합니다 그리고 자기 분야에서 더 배우려는 자세 멋있고 본 받고싶습니다,0개
49,나정말공부해야해,배우러 가시는거 보면... 일반인 되시는거 같네요 ㅎㅎ... 그렇다면 저는 쭈구리... 오늘도 좋은 정보 얻고 갑니다.,0개
50,상남자티비관이채널,ㅋㅋㅋㅋㅋㅋㅋㅋㅋㅋ휴식시간 30초래 뭐죠?? ㅋㅋㅋㅋㅋ,0개
51,상완김,썸네일 실화ㄷㄷ,0개
52,김원호,4:39 이 BGM 제목 혹시 뭔지 알수있을까요? 되게 좋네요,0개
53,Goodman,역시 운동하는 분들은 모두가 겸손해지는 법을 알아요. 알아도 계속 배우고 낮추고.. 그러니 발전하고 좋은 사람이 될 수밖에,0개
54,에스지,키다리형님 항상좋은영상 감사합니다ㅠㅜ 키다리형님 항상좋은일만 가득하시길바랍니다!!!,1개
55,완전미친놈이가,뒤에 송기석 선수님 흐뭇하게 쳐다보시는거ㅋㅋㅋㅋ,0개
56,77holy,???:0:13 나 눈가루야~,0개
57,차명준,와 진짜 썸네일보고 안볼수가 없네요 구독자 50만 갑시다 화이팅!,0개
58,jongtaeLim,아 대니조 로 갈아탔었는데 다시 돌아옴.. 노력하는 이모습 보다 더 좋은 선생님은 없음.ㅇㅇ.,0개
59,진심이야완전,썸네일보고 지려버렸습니다 형님..,0개
60,SHVet,ㅎㅎ 영상 끝에 구경온 보디빌더형들 웃음 포인트인가요ㅎㅎ,0개
61,이선민,"썸네일 보고 들어왔는데, 어깨에 옷걸이 하나 만드는 거같음ㅋㅋㅋㅋㅋㅋ",0개
62,단호박마차,썸네일 대체 머임. 약한거임? ㅋㅋ,0개
63,무천도사,형 썸네일 쩌네요...ㄷㄷ,0개
64,안YJ,와 대박 진짜 자극쩐다,0개
65,유제환,저거 4개월 하면 어깨 진짜 탄탄해지던데,0개
66,SSWORKOUT,인트로 ???:나 눈가루야,1개
67,도토리,NEFFEX가 유명해지기는 했구나.......,1개
68,,몸이 이렇게 좋으신데 계속 배우시는 자세가 멋있어요,1개
69,밥정인,어제 잠자다가 귀찮아서 하루쉬었는데 너무 자괴감드네요 바로 하러갑니다 헬창이되는 그날까지,0개
70,유영규,형님 요즘 어깨운동 하고있습니다 !! ^^,0개
71,Mmin,썸네일 지렸다.....,0개
72,김현민,진짜 저렇게 운동제대로 빡세게배우고싶다 ㅠ,0개
73,KR,왜 저번에 본 영상이랑 다르게 설명하죠 .. 그분은 손목살짝 위로하고 34번쨰 손가락에 힘 좀더주고 옆으로 미는듯이 하랬는데 이건 또 다르네요 뭘로 해야하나요,0개
74,김도경,진짜 사레레의 세계는 무궁무진하구나 ㅎㅎ,0개
75,chanaxc,늘 배우려는 자세 진짜 좋은 마인드네요 !!,0개
76,소태수,진짜 사레데는 사람마다 자세가 다달라서.. 느낌은 서서하는게 진짜 잘오는대 충돌증후군 피하려면 몸을 살짝 기우려서 하라고하고 뭐가 맞는지 아직 잘 모르겠내요,0개
77,csp,사레레 영상들을 많이봐왔지만 운동하다보면 내몸에 맞는 옷이있듯이 나에게 맞는 자세가 있더라구요. 영상은 참고만하고 내몸에 맞게 운동하면 될듯 하네요ㅎㅎ,0개
78,k쭌,이미 어깨깡패 인데?ㅋㅋ전교1등데려다 수학기초 가르치는느낌ㅋᆢ여하튼 대단하십니다~~,0개
79,JkC,잘 봤습니다 오늘 따라해봐야겠어요 좋은 컨텐츠 감사합니다!,0개
80,김민균,4:34초부터 나오는 노래제목이???,0개
81,빛화이,"와..이 형 채널 오랜만에오는데
여전히 잘생겼네...몸매도 잘생기고👍",0개
82,제로콜라,형 다음엔 바지하나 빤쓰하나 챙겨가서 팔운동 죠져주세요ㅋㅋ,0개
83,KoreaBeautiful,멋진 영상 잘보았습니다. 열심히 운동해야 겠다는 많은 자극을 받네요^^,0개
84,정우,결론은 사레레 머신 ㅋㅋㅋㅋ,0개
85,이정행,와 썸네일 핏줄보고 들어올 수 밖에 없었습니다,0개
86,jck,일반인들은 OHP만 잘해도 어깨 충분히 잘 큼,0개
87,나구유,형님 형 동영상 보면 트레이너마다 다 다른동영상 올려서 뭐가 맞는 운동인지 모르겠어요,0개
88,송건기,키라리형 운동 연차에도 진지하게 듣고 받아들이는 게 너무 멋있는 거 같아,0개
89,K명수,인트로 김블루 나만생각나나? ㅋㅋㅋ,0개
90,D,"원조인트는 길이를 늘려서 토크를 높인다는 느낌이고
투 조인트는 무게를 늘이고 길이는 줄여 한다는 느낌인가",0개
91,강민성,썸네일 ㅎㄷㄷ;;;,0개
92,SeongJunChoi,"뭐야뭐야 썸네일 웰케 멋있엉
이러면 안들어올수 없쟈나",0개
93,최거성,마지막 쥐어짜는게 진짜지 와우,0개
94,손현우,와 진짜 머리는 엄청 크고 형이 하라는대로 팔 근육은 키웠는데 어깨가 좁아서 싫었는데 형 사랑해요,2개
95,수준수준,라이프 피트니스 ㄷㄷ,0개
96,정윤호,이런 분들 다 어디서 그렇게 찾으시는건지 고생하십니다!!,0개
97,HUK헉,썸네일 혈관들 미텻다!!!,0개
98,뽀송뽀송,썸네일 미쳤다...,0개
99,케케무샤,상체 운동은 이완할때 버티려면 승모근에 힘이 안들어갈 수가 없음 너무 어려운 운동,3개
100,김콧뚜레,저 슨생님 옆에 있어 그런가.. 키다리형 왜이리 말라보이지ㅠ 엄살많다고 혼도나고 ㅠ 식사 잘 챙겨드세요~,0개
101,WRX,엄살이 많은 친구일세..... ㄷㄷㄷ,0개
102,고마돌,저는 개인적으로 창조님이 하시는 레이즈가 가장 저에게 맞는것 같아요!😊,0개
103,EunbonKim,운동도 오래하셨고 몸도 좋으신 분이  다른분들에게 배우고자하는 모습이 너무 멋집니다. 꼰대가 넘쳐 나는 세상에 자기 자신을 되돌아 볼 줄 아시는 형님 존경합니다.,0개
104,적토마,"오줌 싸는게 뭐예요..?
사레레는 보여주셨으니 이건가 싶고, 오줌 싼다는게 무슨 말씀인지 그것도 보고 싶은데...",0개
105,중고차보는계정,썸넬 징그럽다 ㅠ,0개
106,맨너굴맨,트레이너님 흑자상이네,1개
107,쌈자,와....  썸네일  대박,0개
108,kmw,"어깨는 원래 넓은데
성장판 닫힌 나이에도 다리가
길어지는 운동 좀 개발해주세요
바지 살때마다
서럽습니다 진짜",0개
109,두둥실,"팔꿈치 밑부분 근육이 아픕니다.
오늘은 가만히 있어도 아프네요
군대라서 조치를 받을 수도 없고...휴
어떤거 때문에 이런걸까요",0개
110,호수,어깨할때랑 하체할때가 제일 고통스러움  ㅠ,0개
111,뿌리,원조인트 감사합니다,0개
112,조진수,사레레는 무게를 들겠단 생각으로 하면 승모근에 힘이 들어갑니다.팔을 벌려준다는 생각으로 하시면 좋습니다~^^,0개
113,류한,사이드레터럴레이즈는 진짜 하는 분마다 다르네요. 전  영상에서 보다 좀더 팔을 접는게 효과가 좋더라구요.,0개
114,SunDG,오줌 싸고간다-> 지린다.,0개
115,곤한느낌어우,키다리님 역대급 썸네일 인듯,0개
116,jkroryKing,팔운동 가즈아~~,0개
117,안용범,키다리님 왜 얼굴로 운동하시나요?ㅋㅋ^^,0개
118,초면에드롭킥,탄수화물좀 드세요... 몸 너무 핏줄서서 안쓰럽다 ㅠ 쉐이크만 계속먹으면 저렇게 운동할때 핏줄 엄청서는데....,0개
119,잼팍,와 나 이분 구독자 800일때 봤는데  44만 ㄷㄷ,0개
120,클로로,따라하면 죽을 것 같은 썸네일ㄷㄷ,0개
121,사나운새벽,썸넬보고 어케 안들어와,0개
122,정보워커,"첨에 무게없이 자세잡으면서
피지컬에따라 저항느끼면서 하면되죠",0개
123,이민혁,이자세로 벌써해봤지만 저한테는 안맞더라구요 ㅋ,0개
124,KIMPL,"원조인트 , 저항점 메모  (끄적)",0개
125,이상원,근데 하다보면 손목이 굽어지고 그러던데..저도 모르게,0개
126,longtigermoon,프로가 보면 근육 움직임이 보이니까 자세 교정을 해줄 수가 있겠죠,0개
127,천성준,다른곳은 후면삼각근운동을하라는데 아닌가요ㅠ,0개
128,후아유후아유,"키다리형님  저 추간판탈출증 진단받았어요ㅠㅠ
이제어떤 운동을해야할까요?",0개
129,강도올,곧 다가오는 여름 + 어깨 영상 이 조합으로 하루만에 영상 조회수가 ㄷㄷㄷㄷㄷ,0개
130,김성겸,행님.. 3초 정우성 느낌 나세요 !!,0개
131,정재민,어깨를 한번 수술했었기 때문에 저렇게 벌려서하면 아프더라구요 ㅠㅠㅜ 그래서 어쩔수없이 팔꿈치를 접어서 합니다 ㅜㅜ,0개
132,미스터황TV,거리점이라는 단어 하나로 효율적인 사이드레터럴레이즈를 이렇게 쉽게 설명하시다니...! 오늘도 유익한 영상 감사합니다,0개
133,sneekeebeats,난 이 형 보면 드래곤볼 손오공이 생각남,0개
134,신사랑,"여러분들 ""하나만 더""  이 단어가 여러분들의 몸을 만들어 드립니다.",0개
135,현석,형님 썸네일보고 지렸습니다 날이갈수록 몸이좋아지시네,0개
136,supergiant,기구 바꿀때마다 몇kg하고있는건지 알려줬으면 좋겠어요!!,0개
137,행복하자,"요즘 왠 또라이 트레이너 한분이 피티를 회당50 받은 사건때문에 난리인데
키다리님도 한수 보여주시죠",0개
138,박두산,집에서 할 수 있는! 맨몸으로 어깨 운동 하는법도 알려쥬세요^^,0개
139,David7,저렇게 그립을 잡으면 해부학적으로 견봉하 공간이 좁아져서 회전근개 중 극상근에 안좋을 수 있어요.,0개
140,김상현,오!!,1개
141,SunghaSuh,쌀국수 궁금합니다...,0개
142,뼈쏙까지서민,내릴 때도 중요하군요ㅎ,0개
143,워누,키다리형님 엽문 닮으셨습니다,0개
