﻿,youtube_id,comment,like_num
0,지피티,형님.. 썸네일 세상 귀엽습니다,53개
1,HyeonwooLee,"근데 진짜 이게맞지... 운동은 이론을 너무 딱딱하게 외워서 하는게 아니라, 왜그렇게 하라는지 이해를 하고 자기몸에 맞게 유도리있게 적용하는게 맞다고 봅니다! 다들 득근!",21개
2,오찬진,00:20 01:18 01:39  이 짧은 영상에 킬링포인트가 몇개야 ㅋㅋㅋㅋㅋㅋ,8개
3,둘리,아 이두운동할때 옆구리에 이두를 붙이는게 일반적이었군요 전 지금까지 반대로 최대한 옆구리로부터 떼서 하려고 노력했었는데.. ㅜㅜ ㅋㅋ.. 헬린이라서 모르는게 많네요,1개
4,훈아재40대아재몸짱도전,역시 멋진몸 좋은정보 감사합니다 ~~ㅎ,2개
5,하늘김,1:19 ㅋㅋㅋㅋㅋㅋㅋㅋㅋ,9개
6,문신쫭,1:20 던지고말까가 왜나오노 ㅋㅋㅋ,3개
7,유현종,문어컬ㅋㅋㅋㅋㅋㅋㅋㅋ 편집 넘ㅁㅎ 재미써오,2개
8,헤헤tube,항상 좋은정보 얻어갑니다 ㅎㅎ,1개
9,GwangHyeonSung,요즘 덤벨 많이하고 있는데 꼭 볼께요! 감사합니다,1개
10,김건,"※오늘의 핵심의 포인트※
1.옆구리 붙이기 (편하게)
2. 팔굼치 과도하게 올리기x
3. 이두를 더 수축하고 싶다면 그 상태에서 자연스럽게 쭉 끌어 올리기",5개
11,잔가지,팔운동 열심히 해보겠습니다 ㅎ.ㅎ !!,1개
12,김현오,전설의 댄싱컬 ㅋㅋ,1개
13,유제돈,아 진짴ㅋㅋㅋ 썸네일 ㅋㅋㅋㅋㅋㅋ 돌겠네 ㅋㅋㅋㅋ,0개
14,오동훈,전설의 문어컬ㅋㅋㅋㅋ,0개
15,DDDhaNNN,형 무릎보호대 쓰다가 보면 늘어나는거 맞지유?ㅠ m을 샀어야 했는데ㅠㅠ s사서 망했어ㅠㅠ 그래도 효과 짱인거 같아유!!,0개
16,서영준,저번 영상에서도 봤지만 한번 더 숙지하고 갑니다 ~ 마침 오늘 이두 하는 날이네요 ㅋㅋ,0개
17,농락꾼,1:40ㅋㅋㅋㅋ,0개
18,윤혜성,"옆에서 봤을때구나...
항상 팔꿈치 옆구리 붙이려고 했는데ㅋㅋㅋㅋ",0개
19,곰총각,오랜만에 나온 게그욕님 ㅋㅋㅋㅋ,1개
20,스쟁이,형님 전완근 핏줄 뭡니까;; 진짜 ㅎㄷㄷ 합니다;;,0개
21,심준서,썸네일보고 안들어올수가 없잖아요ㅋㅋㅋㅋㅋ,0개
22,월광,머리 깎으니까 낯설다...ㅋㅋㅋㅋ,0개
23,갓창정너의꿈에부치는편지,썸네일   대두 ㅋㅋㅋㅋㅋ,0개
24,한주현,옆으로 서서 덤벨컬할때 솔직히 이두보다 등 두꺼운거에 눈이 갑니다😲,0개
25,charmingshin,"형님 영상 잘 보고 늘 좋아요 누르고있습니다
문제는 제가 운동을 안하고 
좋아요만 누르고 보는게 끝입니다 
고생하십쇼",0개
26,HyeonwooLee,아니 형님 머리를 깎으셔서 그런가 왜이렇게 귀여워지셨지 ㅋㅋㅋㅋㅋㅋㅋ,5개
27,songStone,형님 세트장 바꾸셨나보네요 (?) 아늑해보입니다 ㅎㅎ,0개
28,이전웅,오 행님 헤어스타일이 솔져같아요~,0개
29,kunsikpark,웰케 잘생기신거에요 ㅎ,0개
30,유자차,굿 이해완료!!!,0개
31,이정연,저는 광배근 운동을 하고있었네요 하하...,0개
32,농락꾼,오우 형님 머리가..,0개
33,이정진,맞는말씀입니다 무게를 조금낮춰볼게요^^,0개
34,섭섭,큐티 유튜버,0개
35,루루애오,와 무슨 복근알하나가 대흉근만하시네 ㄷㄷㄷ,0개
36,LeeSimon,"키다리형님. 잘 봤습니다.
정말 좋은 설명이었습니다.
사실 보기만 하고 글을 올리는건 처음이네요.
팔운동을 대부분 잘 못 알고 하는 경우가
많은데... 자세를 조금만 잘 못 해도
부상의 우려가 있다는 것을요.
좋은 정보 얻어가요! 좋은 정보 공유 많이 해 주세요!",0개
37,박정호,형 헤비급몸이 되고있어,0개
38,가난했던흙수저가20억만든썰검마TV,무거운데 억지로 갯수 채우려면 나온다는 그 문어컬입니까? ㅋ,0개
39,YangHyeon,로꼬님 요즘 랩 말고 운동하시나요,0개
40,김영훈,최근에 궁금하던건뎅,0개
41,신박하네신박해,머리 짜르셨넹 ㅎㅎ,0개
42,상완김,"팔꿈치 고정하고 수축한 상태에서 조금만 위로 당겨서 절정수축하는게 맞긴 한데 초보자들은 따라하지 마셈
고립도 못하는 사람은 그냥 절정수축하지 말고 무리 없이 증량부터 하는게 답",0개
43,삼각근,삼각근이 좋으시네요,0개
44,치킨,키다리님 팔 사이즈가 정말 어마어마 하시네요,0개
45,PAinitial,"키다리형님 

영상처럼 바벌컬 할 때 이두를 수직저항을 최대로 주는게 아닌,

암컬머신에서 나오는 모양처럼 만들어줘서

수직 모양이 아닌, 살짝 15도에서 30도정도 앞으로 한 다음 수축보다는 이완가동범위를 최대로 하는 방법은 좀 어떤가요??",0개
46,whereTrue,2:40 형님 평소보다 잘생겨진것같네요 살이 더 빠지셨나?,0개
47,상남자티비관이채널,01:56~02:45,0개
48,파체리,철구 몸 좋네,0개
49,하시오안녕,몸 저랑 바꿔주세요 그리고 운동해서 다시 저 주세요,0개
50,조예준,복습 좃구요,0개
51,캐심장,남자는 이두보단 삼두지,0개
52,근손실,형 오늘은 못생긴거같아요,0개
53,장석영,몸좋은 갈갈이 아저씨같아요,0개
54,발바닥,👍👍👍,0개
55,JohnWane,본격 키다리형 못생김을 연습하는 영상,0개
56,기찬웅,키다리형 궁금한게 있습니다 좀 더 선명한 몸을 위해 체지방을 감량중인데 식단조절을 하고 있습니다 근데 어디선가 식단을 줄이고 공복을 느끼면 부족한 영양소를 근육에서 빼서 써서 근육이 빠질수도 있다는 말을 봤는데 사실인지 궁금하네요,0개
57,규현전,솔직히 초보자 일 때는 이래 저래 다 해보면서 자극 오는 자세를 찾는 방법밖에 없음..,0개
58,양궁맨,근데 형 몸이 진짜 좋다 복근이 직이네예 햛짝,0개
59,명왕,"형님 예전에는 안그랬는데 요즘 부쩍 바벨컬을 할 때마다 왼쪽 손목 복숭아뼈 쪽이 너무 아픕니다.
손목에 무리가 덜 간다는 이지바로 해도 그러네요..
그래서 요즘  이두 운동을 제대로 못하고있습니다. 자세가 문제 인가 싶어서 자세 피드백 영상이란 영상은 다 찾아봤는데 도대체 뭐가 문제인지 모르겠습니다. 두달 전에 손목이 살짝 다친 후에 다시 회복이 되도 지속적으로 그러네요. 다른 운동할 때는 전혀 문제가 안되는데 이두컬만 하면 그럽니다. 도와주세요 ㅠㅠ",0개
