﻿,youtube_id,comment,like_num
0,Hahns,알림 : 와이프님께서 현관문 비밀번호를 변경하셧습니다.,225개
1,7직장인7,핼매형님이 인기가 높아지는 이유는 기준 여성 유튜버들이 하는'여성형'운동이 아닌 진짜 보디빌더 혹은 몸만드는 운동을 하는 여성이어서 매니아적 관심이 극대화 되는듯. 흑ㅇ헬스님이 베스트로 생각하는 그런 헬스인생 여성상,355개
2,헬매콜먼hellmaecoleman,키다리형님과 체급차로(변명) 졌습니다!!!,265개
3,,2:14  역시  국민 운동 스쿼트 ♡,20개
4,이정행,충분히 질 자신있습니다,258개
5,누렁이,4:39 이거 형수님이 봐도 됩니까?ㅋㅋㅋㅋ,132개
6,NOTHINGthing,04:11 왜안와요하다가ㅋㅋㅋㅋ 이 악물고 하시네ㅋㅋㅋㅋㅋ,10개
7,StarringYoon,헬매콜먼 채널인줄 알고 눌렀는데 ㅋㅋㅋㅋㅋㅋ,12개
8,짝퉁,일부로 넘어지는척 콜먼형한테 안기고싶다,3개
9,huhuhu,4:10 역시 맹수는 토끼 한마리를 잡을 때도 전력을 다하는 법이지요,2개
10,내가간다,"3:41 와... 헬매도 여자긴 여자인가보다ㅋㅋㅋ
미인형이라니까 눈에서 하트가 나오네ㅋㅋㅋㅋㅋ",1개
11,승현이닭,ㅋㅋㅋ남자는 가슴ㅋㅋ,22개
12,로무새,4:48 와이프분 여기에요!!!,69개
13,김판호,"코로나 최대수혜자 헬갤 호옹이와 
키다리형의 콜라보  너무멋집니다",2개
14,KhH,4:35 ㅋㅋㅋㅋㅋㅋㅋㅋ형 추하다 오늘 추다리맨이야 ㅋㅋㅋㅋㅋㅋㅋㅋㅋㅋ,26개
15,괴생명체신촌지앵,1:27 아 이 마인드 진짜 멋있고 존경스럽다 ㄹㅇ,11개
16,피치못할라이언,1:52 진짜 근본 킹갓 스쿼트..,52개
17,울랄라,4:12 이형 이때부터 진심으로한다 ㅋㅋㅋㅋㅋㅋㅋㅋㅋㅋㅋㅋㅋㅋㅋㅋㅋㅋㅋ,1개
18,꿈꾸는북극곰,"여자분: 저는 가슴을 많이 봅니다.
???: 저도 가슴을 많이 봅니다.",1개
19,DaPan,4:35 에이 헬매가 일부러 져줬네,68개
20,qwerTy,근데 형님ㅋㅋㅋㅋ 헬매콜먼 만난 유튜버중에 헬매님보다 키 큰건  키다리형님뿐인거 같아욬ㅋㅋㅋㅋㅋㅋㅋㅋ,53개
21,yeongko,'진짜' 여자 헬창이다..,2개
22,나상욱,"다른 얘기지만
경찰 체력평가 여자 무릅 대지않고 해야합니다ㅋㅋ",1개
23,saeamShin,헬메누나 인기좋으시네 여기저기많이나오고,2개
24,Workout,"1줄 요약 간다. 
“운동녀는 이상형의 갑빠를 본다”
좋아요 눌러라",1개
25,IlYoungSon,둘다 너무 좋아하는 유튜버라 합방 하시니 참 보기 좋습니다~ 앞으로도 꾸준히 국내 최고의 헬스 유튜버로 건재해 주시길 바랍니다~ 논란은 피하고 빛나는 길만 걸으시길~,1개
26,운동,이 동네도 진짜 누구 하나 뜨면 순회방송 오지네요 ㅋㅋㅋㅋ 헬매씨 안나오는 운동채널이 없다,53개
27,하아,"코로나 때문에 항상 마스크 하는줄 알았는데
그냥 컨셉 이었네요  공개 하던 안하건 그건 자유니깐 ~근데 가끔씩 답답하다느낌은 좀 있네요 ㅎㅎㅍ",1개
28,서호진,형수님께서 보고 계십니다...,2개
29,,"키다리형 저런 눈빛처음이야
같은 키다리 라서 그런건가",10개
30,이춘자,형...썸네일은....???,3개
31,이영민,아니 닭싸움 진짜 이길거 같냐ㅋㅋㅋㅋㅋ,1개
32,한팔이TV,ㅎㅎ.밀가루랑튀긴음식이 맛나긴하죠^^ 여성분께서 대단하시네요!! 저도 낼부터 열심히운동을 해야할듯합니다~~,1개
33,PYW,4:39 ㅋㅋㅋㅋㅋㅋㅋㅋㅋㅋㅋㅋㅋㅋㅋㅋ,4개
34,이kiss,"남 안까고 지 잘난척 안하는 운동 유튜버는 너뿐이다
변하지마",66개
35,HyungouPark,할매형 물들어올때 노 겁나잘젓넼ㄲㅋㅋ,14개
36,니르나이스아르노이디아드,핼매콜먼 형님만 사랑할 자신이 있다,1개
37,쌀아저씨,"ㅋㅋㅋㅋㅋㅋ 체지방율 격차가 벌크업 시즌이 있으신가 보네요ㅋㅋㅋㅋㅋㅋㅋ 어우,, 두 분 서 계실때 피지컬이 ㄷㄷ 이게 탈일반인급 싸움이가 했습니닼ㅋㅋㅋㅋ",0개
38,문은정,"여성분 너무 멋있어요.
마인드가 멋지십니다.
한번 더 들었습니다",1개
39,khlee,아.이.구.영.광.입.니.다........ ㅋㅋ,1개
40,도송이,아니 닭싸움 너무 진심으로하는거아니야?ㅋㅋㅋㅋㅋㅋㅋㅋㅋ 내가 본 키다리형모습중에 젤 진지하다ㅋㅋㅋㅋㅋ,0개
41,상남자티비관이채널,"키다리형 남자아이가!!
손동작에 핼매님 당황하셧어ㅋㅋㅋ",0개
42,MTG기초강의,"3:35
ㅋㅋㅋㅋㅋ",0개
43,문인재,가슴 꼽으시는 여자분은 거의 처음 본듯요^^ 거의 어깨를 꼽으시던데... ㅎㅎ,7개
44,알통달통TV운동하는여자들,오늘부터 벤치프레스다!,2개
45,CreamBread,"두분 합방인데......
영상보면 키다리님 인터뷰하는데 ㄷㄷ하며?! 멘트하고 헬메님은 많이해본듯 자연스럽고?!
막판에는 한방에 헬메님 날려버리고 ㅎㅎ",0개
46,ruahRuah,형님 반칙패~!!!!!!,1개
47,감자국불주먹,형님ㅋㅋㅋㅋㅋ 나쁜손ㅋㅋㅋㅋㅋㅋㅋㅋㅋ,0개
48,펜슬리뷰,무릎싸움 부터 했으면 TKO 됐습니다ㅋㅋ 헬매님 약하지 않아요ㅎㅎㅎㅎ,0개
49,JoGavy,충분히 사랑할 자신 있습니다. ㅎㅎ,1개
50,markahn,이형 썸네일 장인일세ㅋㅋㅋ,0개
51,aceD,헿매님이 여기서 왜 나왘ㅋㅋㅋㅋㅋㅋㅋㅋㅋㅋㅋㅋㅋㅌ,0개
52,양기모티,형 왜 쫄아있어 ㅋㅋㅋㅋㅋㅋㅋ 영상인데도 쫄아있는게 느껴지네 주눅들지마 ㅋㅋㅋ,0개
53,개쌤,오늘부터 가슴운동 가즈아!,1개
54,charmj,닭 싸움은  ㄹㅇ로 한 것 같은데 ㅋㅋㅋㅋㅋㅋㅋㅋㅋㅋㅋㅋㅋㅋㅋㅋㅋㅋ,0개
55,메쏘,ㅋㅋㅋ 잼있음 헬매님 성격이 시원시원해서,0개
56,도전100일헬창키우기,남자가 보는 여성의 ....    아 아닙니다.  주의 하겠읍니다.,46개
57,무념무직,할매형 키 ㄷ ㄷ,1개
58,v빈센트,1:09 키다리형 속마음 : 저돈데..,0개
59,근육돼지,"운동하는 진짜 여성분들 멋지다 ㅜㅜ
저도 더 열심히 해야겠어요 맨날 시간 없다고 안하는데
그래도 홈트도 하고있어요 ㅋㅋ 키다리 행님 라이브로도 방송 켜서 같이 운동해요 ㅎㅎ",0개
60,비탈TV비만탈출티비,"가슴운동 바로 들어갑니다~!! 핼매님이 저랑 보는 눈이 같으시네요~^^
형.. 팔꿈치 어택.. 찝찝한게 아닌거 같은데..ㅋㅋㅋㅋ",0개
61,FierceKarshar,아 키다리형 이걸 전력으로 이겨버리다닛ㅋㅋㅋㅋ,0개
62,헬피추HellPiChu,헬메콜먼님 존멋..,1개
63,ODong,요즘 운동유튜버들이 좋은분들 많아서 좋네용ㅎ,0개
64,숲속을걸어요,조아하는 운동유튜버 두분이라니..넘 재밌습니닿ㅎㅎㅎ,0개
65,장태식,"제가 좋아하는 두분이 함께있네요!ㅎㅎ
항상 잘보고있습니다~",0개
66,MJ,가슴 키우면 좋아요..ㅋㅋ 남자가 여잔테 덤벼들어서 핥핥하듯이 합니다..ㅋㅋㅋ  흉각이 튀어나와서 더 득보는 1인. . ㅋㅋ,0개
67,드럼라인,헬스장 다녀본사람이면 암. 헬스장 방문횟수 주 5회이상이면 진성 헬창임,0개
68,홍지창,너무 솔직해서 좋다 키다리님~♡♡♡,0개
69,궁예의관종법,누님 사투리 구수하네~ ㅋㅋ,0개
70,JunJ,형님 정말 이기고 싶은 마음이 간절해보였..,0개
71,귬니,진지하게 져주셨어야..,0개
72,남선,못된 꿈치ㅋㅋㅋ,0개
73,두더지,키다리형님 그렇게 안봤는데 승부에서는 양ㅇX본성이 나오네요 인간적이네요^^,0개
74,민서김,헬매 누나 인싸됬네,1개
75,엔젤라크,아...형님..닭싸움 패!!!....여자가 가슴근육 본다는 분은 극히 드문 거 같은데 말이죠..ㅋㅋ,0개
76,김롸이언,형이 운지기형 복수해준거야~잘했어^^!,0개
77,김혁호,간만에 스퀏한번 하러 가야지ㅋㅋ,0개
78,김건,일반 여자분들이랑 운동하는 마인드가 다르다...ㄷㄷ 열심히 운동해야겠다.....,0개
79,홍석우,역시 헬매형ㅋㅋ,0개
80,준석,형수님 4:38 여깁니다,0개
81,이상훈,ㅋㅋㅋㅋㅋㅋㅋㅋㅋㅋ,0개
82,김욱,키다리형 채널 보다가 리프리스트 영상 보던 채널에서 보이던 헬메가 여기에?!?! 물들어올때 노젓더니 그녀의 스펙트럼은 어디까지인가....,0개
83,2deipark,아 터졌네 ㅋㅋ,0개
84,오옹옹,4:27   팔꿈치 삽니다,0개
85,신재순,헬방이 아이고~ 이 분은 구독자 수가 엄청나네// 먼가가 잇긴한갑다.,0개
86,최성훈,부럽다 ㅜㅜ,0개
87,제로콜라,형수님 제가본 키다리형 영상중에 제일 행복해보이십니다.. 안녕히계세요..,0개
88,면명면명면,진짜 크시네 키다리행님이 188로 알고았는데 ㅎㄷㄷ,0개
89,김겸빈,형님 브이로그 보고 싶습니다ㅠ,0개
90,JkC,잘 봤습니당ㅎ 재미있어요!,0개
91,운동중독걸림,키다리형 이건아니잖아~~~ 제수씨 사과드립니다 부디 너그러이 봐주십시요  비지니스일뿐 오해하지 마십시요,0개
92,DYShin,아형 일부로~~~~~,0개
93,남국현,"아니 핼매 형님을 여기서 보네요.
헬하~^",0개
94,yourshade,와 콜먼님 사투리가 억수로 구수하네..,0개
95,아맞다,희귀한 존재십니다. 여신+보디빌딩= ‘여보’,4개
96,오동우,제가 이래서 키다리형을 좋아한다니까요... 변하지 마요!!,0개
97,록리,헬매~헬매~헬매~헬매~헬매~~~~👍😃👍,1개
98,WinterSiver,숄더 어택 안한게 어디야 .. 키형.. 쉿. 조심하자. 😅,0개
99,LeBronJames,"[키다리형] 여러분, 팔꿈치 해명합니다.",0개
100,강효성,아이고 행님 닭싸움하면서 사심까지 채우시면 우얍니까?!!!ㅠ ㅁㅠ,0개
101,ijh,"키가 별로 차이가 안나네.
헬매님 계속 비공개로 신비주의로 가죠.
중량 드는게 좋다니 역시 일반 여자가
아니였어ㅋㅋㅋ
마지막은 위험하지 않을까 키다리형?ㅋㅋ
썸넬도 약간ㄷㄷ",0개
102,강일영,아니 어느 남자도 헬매형만큼 크지 않을텐데,0개
103,서명호,ㅋㅋ메인은 닭싸움이였어,0개
104,쓱빡,헬매님 사투리가 티가나네 ㅎㅎ;,0개
105,CraneBang,키다리형 안 봐주고 하네 ㅋㅋ,0개
106,Cho식,"웬만해서 욕 안하는데, ㅅㅂ 이거 준나 부럽네.. 키다리 구독 해제다. ㅂㄷㅂㄷ",0개
107,정현준,4:38   (므흣),22개
108,스으윽,꼭 이겨야만 했었냐!,0개
109,근순실,아주 좋은어택있었습돠!,0개
110,김영롱,합방첨 아니죠 형수님있죠ㅎㅎ,0개
111,맛있는딸기삼만구천원,누나 말투가 헤헤형인데.. ;;🧡❤,0개
112,HS,일단 헬스장을 간다.. ㅎㅎㅎ 명심하겠습니다.,0개
113,Albert,"아 그동안.얼굴을 공개안했었지 
왜 다본거같지? ㅋㅋ",0개
114,leelee,"헬매콜먼 형
형이 왜 여기서 나와?",0개
115,전병현,와따......팔꿈치로 명치를 때려뿌네이....,0개
116,정성민,형 나이스 질문! 인클라인벤치프레스 하려고 벤치 폈어!,0개
117,별아멍멍해봐,얼굴을 가장 먼저 볼텐데요 ㅋㅋ 모든것의 완성은 얼굴 ㅋㅋ,0개
118,HSChoi,요즘 헬스 유튜버분들 소재고갈에 고민이 많은 듯....다들 콜라보나 먹방 또는 인터뷰 형태로 상호복제를 많이 하시는군요,0개
119,이동현,"키다리형님 인트로 영상에 오타 있네요
조금한 x 조그만 o 입니다!",0개
120,조국,코로나가 키운 호옹이 ㅋㅋㅋ 아프리카 방송 할 때 하관으로 말 많았었지않았나 ㅋㅋㅋ,1개
121,메메메메,아 마지막 팔꿈치 아니여도  이기셧겟죠 형님,0개
122,박돌도리,엘보우...UFC였네요,0개
123,moonMoon,그래서 썸네일 어딨어?,0개
124,,"키다리형 미인형 두형들
잘보고 갑니다!!!",0개
125,최성훈,"영상에서 콜먼누나보다 큰 사람
첨 본다",0개
126,JJ,헬매님 헬갤에 얼굴 사진... 그냥 마스크 쓰신게 더 완벽해요.,0개
127,수아의비디오,헬매님 나랑 운동철학 비슷허네,0개
128,헤헤헤,누님 초면에 사랑합니다,0개
129,GanJangGay,어떤 여자운동유투버와 달리 운동 방식이 정직해서 좋다.,0개
130,노력하는곰돌이,헬매는 말투가 김재동 같아요 ㅋ,0개
131,로또나라,"탤런트
누구 닮았는데
헬스 유투브도 하나본데요",0개
132,PowerBeajunile,"팔꿈치에 손까지 땠잖아!!
키다리아저씨 증말 실망입니다.",0개
133,ArchiPi,파..팔꿈치??!!.ㅋ,0개
134,DA,0:58 왜 부끄러워하세요 ㅋㅋ 헬매언니는 고자도만날수있다고 하신분이세요....ㅋㅋㅋㅋㅋㅋ,9개
135,김지연,헬매눈나...,0개
136,관리자,그래서 썸네일은?,0개
137,광팔이,남자는 키다리형 여자는 미인형?  형!!어디가~? ㅎㅎㅎ,0개
138,에스제이,형님 젠틀하시네요 남자한테는 인상쓰시고 쓴소리 잘하시더니 스윗하십니다(서운합니다)  ㅎㅎ,0개
139,JeongTaeJOO,팔꿈치 노렸네..zz,0개
140,yoonseoPark,남자볼때 어디부터 보겠어요? 얼굴부터 보겠죠...ㅠㅠ,0개
141,홍련철권,순회방송이니 이런거는 잘 모르겠고 사실 난 다리형님이 좋아서 쭉 보고있지만 다리형님 팔은 어제나 한결같구나 4:07 저런팔은 재능이겠죠..?,0개
142,온나,콜먼님 나이대 30중반 맞죠?,0개
143,TainJBallen,헬매형 정말 핫하네,0개
144,솔라,"분명 여성게스트...라고...
..😆😆😆😆",0개
145,갓팡철,"4:01  와 대퇴사두
4:07  거울에 비치는 삼각근ㄷㄷ",10개
146,가아라,콜먼님 키 180넘나보시네....키다리형님이189인데...,1개
147,남자녹두전,진짜 헬매누나같은사람 만나고싶다....,0개
148,남뿌응,마스크 한번만 벗어주세요,0개
149,,헬매님 얼굴 보고싶다,0개
150,POPO,줜나게 부럽습니다,0개
151,고랑이랑,꼭 이겨야 했어요? ㅎㅎ,0개
152,victorychang,팔꿈치 산다,0개
153,v빈센트,통...장?,0개
154,서동호,피지컬쩐다 헬매임,0개
155,BrightmanPark,여기가 근섬근왕이여 키다리형 채널이여?,0개
156,J두진,여성분은 경상도분같은데 어딜까요,0개
157,김신일,"이겼는데 찝찝한이유...
팔꿈치로 가슴부위를 치면서 살짝밀엇음",0개
158,오dumak,뽕이 너무 과하지... ㅋㅋ,0개
159,돈까스,역시 여자헬창 답다,0개
