﻿,youtube_id,comment,like_num
0,키다리형,"이 영상은 모제림과 함께합니다.
▶남성 모발이식 혜택 
https://bit.ly/3dKiMpg",11개
1,yjseo,근손실이 무서워 모발이식을 안한다면 진정한 대머리가아닙니다,6개
2,이혁,근손실보다 무서운 모손실을 이겨내셨네요!!,31개
3,GJ,"남자가 나이들면 중요한게 
1.돈
2.머리
3.뱃살",34개
4,yaramensari,형 눈뜨실때 이마로 힘줘서 뜨면 이마 주름 엄청 생깁니다 조심하세요 형🙂,3개
5,이건우,와씨 저도 형보고 모발이식 했는데 한달좀넘었습니다 반년차때 저의 상태.. 상당히 설레내요..,2개
6,재우,저는 고등학생인데 머리가 너무 얕아서 돈 많이 벌어야될듯ㅜㅜ,1개
7,즐라탄거기도탄탄,김계란님이 싫어합니다 ㅋ,2개
8,황재영,후기 감사합니다.. 희망이 생겼습니다,7개
9,,와 진짜 엄청젊어졌다 ㅋㅋㅋㅋㅋㅋㅋㅋ,1개
10,ImportData,"형님 인물이 점점....
.......
.....
....
..
좋아지시네요",1개
11,오이루,형님 너무 잘생기셨습니다,8개
12,삼뚝,5년 묵은 왁스.. ㅎㅎ 너무 공감 되네요. 저도 2주전에 2024모낭 비절개 했는데 두피도 붉고 모발도 빠지고 있어서 살짝 걱정되요. ㅠ.ㅠ,1개
13,bjp,오오 대박 수술당일부터 챙겨봤는데 잘 되고계시네요ㅋㅋ 영상올려주셔서 감사합니다~,0개
14,CatchmeifyouCan,억울한 우성이형? ㅋㅋ,1개
15,HoHa,뭔가 점점 대도서관님이랑 이미지가 비슷해지는듯 ㅋㅋㅋㅋ,0개
16,sanalife,"근손실, 머리카락 둘중에택하라면
역시 머리죠..ㅋㅋㅋㅋㅋㅋ",0개
17,cedarboy,신은 공평해서 형님 모발을 가져갔는데 의느님의 힘으로 완벽해지셨군요 형님!ㅎㅎ 제 친구도 모발이식했어서 아는데 정말 고생하셨습니다!ㅎㅎ 고생하신것 이상으로 효과를 보신것같습니다 더 멋져지셨어요!ㅎㅎ👍👍,0개
18,김요한,"제가 듣고싶은 말씀이 없으셔서 댓글써봅니다.
10일까진 운동안하고 웨이트는 그럼 3주후부터 했다는말인가요??",1개
19,몽안더,ㅋㅋㅋㅋ 머리왜케 조심스럽게 넘기심,0개
20,이정,정우성이 되어가는중!,2개
21,대장증후군과민성,와~~ 머리 다날라 갔네...    대머리 키다리네...,0개
22,조아놀드,"어깨운동중 덤벨프러스할때요
어째 전면쪽이 자극인게 맞나요?
아니면 견갑에 가까운쪽이 무게가 실리는게 맞나요?",0개
23,lil,모근손실 극복,1개
24,DongHeeLee,M자에서 ㄷ자가 되셨군요 👍,0개
25,이충배이충배ksbb2100,키다리님 잘봤습니다^^~~~😀😃😄😁😍🤩😘😗,0개
26,테러박,머리자라서 기분 좋아 보이네ㅋㅋ,0개
27,ssters1,ㅋㅋ 진짜 정우성느낌있내요 모발심으니 ㅎ,6개
28,KYUkim,주름살 나잇살~,0개
29,김수경,형님 아름다우십니다ㅋㅋ,0개
30,el,"형님을 보고 희망을 얻어서 돈을 모아서 모발이식을 하려고 합니다

감사합니다",0개
31,forget45,머리 올리실때 너무 한쪽으로만 넘기지 마시고 7대3정도로 나눠서 올리시면 훨 멋있을듯,0개
32,RonnieColeman,저도 봤습니다! ㅎㅎ,0개
33,YOL,진짜 효과가 드라마틱하네요 대박입니다 형님,0개
34,김병하,역시 남자는 이마를 까야..!!,0개
35,랑캐,좀 고민하고 있었는데 영상보고 맘 정했어요 저도 심으러 가렵니다 ~,0개
36,유제돈,카카오톡 위에 광고창에 닮으신분이 있다고 생각했는데 키다리형이 맞았네요 ㅋㅋ,0개
37,김동현,형님도 약점이 있으셨었군요 ㅎㅎ,0개
38,코마네치히혼,멋있습니다 ♥,0개
39,차재준,좋아요 누르고 갑니다 성님,0개
40,대한독학만세,이상하게 축구하시는 분들 또는 운동하시는 분들 중 탈모인이 유독 많이 없는 것 같아요. 오히려 운동 열심히하고 신체를 많이 움직여주시는 분들이 더 외모도 깔끔하고 머리숱도 많은거깉아요 ㅋㅋ,0개
41,상완김,자신감이 더 붙으신 것 같습니다 만족스럽다니 다행...🎉🎉,0개
42,쌀아저씨,확실히 라인이 자연스럽네요. 저도 한 쪽이 태생적으로 좀 적은데 충분히 고민할만한 결과인듯 합니다.,0개
43,박성현,올린 머리 잘 어울리십니다,0개
44,MathematicsGeometry,근손실에 이어 모근손실도 방지하셨군요,0개
45,김팔랑,모근손실 최소화하자,0개
46,가난했던흙수저가20억만든썰검마TV,역시 헬창은 근손실 걱정 부터 ㅋㅋ,0개
47,박철민,회----춘,0개
48,노브로,모발이식 후기 영상에 웃통을 까고 나와도 위화감이 없네,0개
49,woody,왁스도 유통기한 있어요 잘못쓰면 오바섞어서 전처럼 돌아갈지 몰라용 저거 당장 갖다버리세요,0개
50,야옹양이,가격 알려주세요 ㅎㅎ,0개
51,상남자티비관이채널,"모발이식이 뭔지 어떤식으로 하는지 기간은 얼마나 걸리는 진 모르겠지만
왠지 느낌이...",0개
52,뀨뀨뀨뀨,이식 해봤자 어차피 나머지 머리들 빠짐,0개
53,제눅,남자는 깐머리가 어울리면 확실히 멋있는거 같아요 잘어울리십니다 !,0개
54,강태훈,어휴 나이는 나만 묵네,0개
55,박성호,형님 가르마를 2대8로 올리시니 나이가 더 들어보입니다 7대3정도로 올리는게 더 이쁘실듯!,0개
56,강Eva,자랑하실만하네요!,0개
57,쿰치바,약도 따로 드세요?,1개
58,전형서,형 훈이  닮았어요,0개
59,마료,얼굴도 잘생기고 키도 크시고 몸도 좋으신데 풍성하기까지.....,1개
60,김피셔,이마라인 괜찮아보이네요,0개
61,노바조아,M ->ㅡ,0개
62,HUK헉,이마주름까지도 멋있네요 ㅋㅋ,0개
63,불주먹보노보노,넘. 보기 좋아요,0개
64,설창윤,근데 정수리도 이식가능해요?,1개
65,하리,마프 지난번에 이어 키다리형 코드로 주문했습니다.,0개
66,morganstark,형만큼 2700모~3000모 정도 심으면 비절개 삭발안하고 심으면 얼추 금액이 어느정도 나오나요?? 모제림에서.. 할인 같은거 없다는 가정하에,1개
67,,정말 모 자란 분,0개
68,DmdjDhd,어디서 하셨나요? ㅠ,0개
69,DavidKwon,형님 혹시 돈은얼마정도 들어갔을까요?,0개
70,공룡상현,"운동할때 모자쓰고 하지말라던데...
맞나요?",0개
71,SomethingJun,"운동 1년차 20대입니다. 저는 실제로 운동을 시작하면서 탈모가 가속화되어서 탈모약을 사먹기 시작했습니다. 한창 운동에 재미를 붙인 시기였어서 운동을 포기할 수는 없이 약을 선택했었죠. 8개월즘 먹은 지금은 많이 나아진 상태이고요.
유전적으로 어차피 탈모가 발생하는 사람은 운동을 하면 성장호르몬 증가와 더불어 탈모가 가속화되어 오게끔 됩니다. 스트레스성 탈모랑은 달리 약과 의학의 힘을 활용해야 합니다.",0개
72,이동희,정우성 닮으셨어요,5개
73,김선강,탈모약을 드시지 않는다고 하셨는데 혹시 모발이식 전후로 머리카락 빠지는정도는 어떠하신가요?,1개
74,갯츠비Gatsby,"인상이 달라보이시네요
좀 더 영해보이십니다 ㅎㅎ",0개
75,이파트,탈모약도 따로드시나요 .??,0개
76,준빡이,깔끔하시네 짱입니다.형님 팔씨름 버스킹 다시 안하시나요?,0개
77,이하나,혹시 약은 안드시나요?,0개
78,일리네어갱,다시 빠질겁니다 제가 4년차인데 다시 빠지네요...,0개
79,김요셉,형님 2차보강은 안해도 된대용??,0개
80,알베르트,"와 미쳤다... 5년정도 젊어보임 ㄹㅇ 하아
이거 유지는 얼마나 되는거에요? 한번심고 5년은 가는건가요?",4개
81,리시우스준,형님이 하신곳에 저도 6월에 예약했는데 우연히도 동일하신 의사분이 해주시게됬습니다 시간차가 있지만 이렇게 형님과 겹치는게있다는게 영광입니다 ㅎㅎ,1개
82,레이칸,3주까지 운동쉬었던거예요???,0개
83,Hun,제가 1등인가요??? 역시 만족도가 굉장히 높네요 저도 얼른 받아야겠어요! 후기 감사합니다 이제 형님 얼른 헤어관리도 올려주세요ㅠㅠ,0개
84,lil,심은 머리는 다시 탈모가 오진않나요? 저도 모발이식 알아보는중이라,2개
85,넌개동호,탈모약은 계속 드시고 계신가요? 부작용은 따로 없으신가요~?,1개
86,,혹시 먹는약 (프로페시아)도 같이 드시고 계신가요??,0개
87,boxmillion,이식후에 약 먹어야 한다는데 드시고 계신가오?,0개
88,Dhercules,직장생활하는 사람이 심고 티 안나게 복귀하려면 얼마나 걸릴까요?? 전 휴가내면 10일정도 될 것 같은데요. 교대근무 중인데 이것 역시 영향이 있을까요??,0개
89,SeoK,안아프나요....???? 저도 고민이라..,0개
90,강거루TV헬린이모티베이션,역시 괜히 받는게 아니군요ㅋㅋㅋㅋㅋ다 갖추신 키다리형,2개
91,Chan,밑에 두발은 지키셨지만 위에 두발은 막지 못했군요,0개
92,종현TV,탈모약은 안드시나요?,0개
93,윤종원,맥스트롱 화이팅,1개
94,ab,마취풀리면 잠못잘정도로 아프나요?,0개
95,하아아푸우움,"운동과 탈모는 전혀연관없음...ㅋㅋㅋ
남성호르몬 어쩌고하는데 ㅋㅋ탈모에 영향갈정도?의 뭐 그런호르몬이 유지가 안된다함

근데 크레아틴은 조심하라고 했음요!",0개
96,리가니,비절개는 비쌈,0개
97,황현식,탈모약도 꾸준히 드시고 계신가요? 부작용 같은건 없으시신지요,0개
98,파키스탄,안녕하세요. 잘보고있습니다.혹시 견갑근 관련영상도있을까요?,0개
99,오영진,프로페시아랑 마이녹실을 계속 사용하고 계신가요?,1개
100,탁정현,형님은 6개월 전에 뿌린 씨앗 거두고 있는데 난 노답인생 그대로네,0개
