﻿,youtube_id,comment,like_num
0,김민석,편집 방법 너무 심란해서 별로인듯.. 그냥 깔끔하고 심플하게  해주시면 감사하겠습니당,34개
1,ricosuk,이래서 보디빌딩은 해부학을 공부해야되는것 같음 근육의 모양 쓰임새 힘의 방향도 모르면서 하면 다치기 쉬운운동 인것 같아요 그래서 저도 해부학공부를 하고있습니다 님들도 자세하게 하실필요없고 기본만 공부한다는 생각으로 한번 공부해보시는걸 추천드립니다,6개
2,이재민,저는 저번에 송기석 형님이 한게 제일  자극이 잘 오더라구요,2개
3,tmdgjs1117,꿀팁 잘봤습니다 근데 효과음소리 좀줄여주서요 ㅜㅜ 귀터질뻔했습니다...,36개
4,와따,2:45 효과음 무엇ㅋㅋㅋㅋㅋㅋㅋ,10개
5,시골남자힐링운동countrymanfitness,이분 거의 상체운동의 교본. 마무리는 언제나 뿅,12개
6,1990bmw,프론트레이즈도 팁좀 부탁드릴게요  시범동작과 같이 영상으로요!,1개
7,미니미니,25개로 진행해보겠습니다!,1개
8,조민재,키다리형님 상체 진짜 워너비에요ㅠㅠㅠ👍👍,0개
9,아뿔싸,키가크셔서그런가팔도엄청기시네ㄷㄷ비율부럽,0개
10,이전웅,형님 이번에도  ㄸ.... ㅋㅋㅋㅋ,0개
11,꽈배기,잘보고있습니다 오늘도 꿀팁 가져가요ㅎㅎ,0개
12,A,운동을 장기간 쉬게되면  근육이 얼마만에 줄어드니 어쩌니 컨텐츠 할때에 비해 많이 좋아졌네,0개
13,내꺼,사레레 때문에 고민이였는데 영상보고 오늘 헬스장 가서 해보니까 자극이 장난이 아니네요,0개
14,인생,"아니근데이형 개그적인면이 쩔어요 
가끔 현웃터짐ㅋㅋ",0개
15,RushAugust,"형님.... 가슴운동 등운동을 해도 가슴,등에 자극 오기 전에 팔이 먼저 털려서 운동이 안 되는 것 같습니다. 왜 이런건가요ㅜㅜ",0개
16,한주현,트레이너들이 키다리형 엄청 싫어할거같아요 밥줄 끊어질까봐 ㅋㅋ,1개
17,DA,1:58 놀래라ㅋㅋㅋㅋㅋㅋㅋㅋㅋㅋㅋㅋㅋ,2개
18,김진명,키다리형 예전엔 핵심만 딱전하고 끄고 화면도 깔끔했는데 많이 변해따 ㅠ,0개
19,머튜브,이형 몸이 확실히 더좋아지셨네 가슴골에 그림자 생기니 무슨 가슴털난거마냥 ㅋㅋㅋㅋㅋㅋㅋㅋㅋ,0개
20,qwertyqwerty,블랙벳랙만보이네요 넘이쁜듯,0개
21,오늘하루도열심히살자,02:37??,12개
22,차현종,오랜만에 이런 클래식한 강의 느낌좋네요~~ 다양한 자세 계속해주세요 형님,0개
23,라미,형님도 살짝 상견이시네요? 어깡띠...,0개
24,이상우,1등!,0개
25,패믹,썹네일 ㄷㄷ ㅠㅠ,0개
26,MESSIAHkorea,2년만에 왔는데... 형 왜이렇게삭았ㅇㅓ...ㅠㅡㅠ,3개
27,sundaegugbabedadaegi,어깨 왕 키다리형,0개
28,jongwonKIM,지렸다 키다리형,0개
29,박그런갑다해라오빠,"와 형님영상오랜만에보러왓는데
어깨더좋아지셨네요
저도 라운드숄더라 형님영상보고많이좋아졋어요ㅠ",0개
30,인면어,활배근은 안키우나요?,0개
31,갓창정너의꿈에부치는편지,변기  물 내리는 소리  무엇,0개
32,댕댕이,근데 사레레 동작 자체가 팔을 아예 옆으로 들어올리면 어깨 충돌 일어나서 살짝 앞으로 모는게 정석이죠. 가벼운걸로 하면 상관없지 않나 싶기도 하겠지만 저는 각을 살짝 앞으로 접는게 자극이 잘 오더라구요. 각도는 본인이 해보면서 알아서 맞는걸루 찾고 진짜 옆으로 드는거는 좀 아닌거 같아요. 어깨 충돌 증후군 생김 자칫,0개
33,MinKyeong,저 자세도 무리하면 어깨가 자칫 다칠수있으니 쉬우면서도 다칠 위험도 쉬운 자세같아요.,0개
34,haiseSasaki,등에 왜 해구가 있어요 해양판이 맨틀로 내려가는 줄 알았네,0개
35,vagabon213,2:04 김명섭 선생님(aka 기스가~ 컬해야지~~)께서도 이 말씀 하셨는데 잘 새겨듣겠습니다,0개
36,RBlover,오 이렇게하니 맨손에도 자극 잘오네요,0개
37,김광호,난 상체 약간 숙이고 팔은 자연스럽게  핀 상태로 함 회전근개 한번 다친후론 팔꿈치 바깥으로 해서 못하겠음 ㅠ 또 다칠까봐 무서움 근육의 성장도 중요하지만 가장 중요한건 안다치면서 운동하는거임 이번에 다친걸로 한 3달은 쉰듯,0개
38,오건,형 썸네일 등 찢어진줄알았잖아...ㅎㄷㄷ,0개
39,도토리,몇개씩 몇세트가 좋을까요??,0개
40,패믹,등 잘린줄 ㅠㅠ,1개
41,DinoMEH,음 미안한데 어깨 좋아진것 같지 않은데...그냥 비슷한것 같은데..그냥 제목 어그로인것 같네,2개
42,군만두,50만 가즈아!,1개
43,혜지,"궁금한거 있는데요 프레임이 좋은사람이 있고 동양인같은경우는 프레임이 안좋은 축에 속하잖아요 그러면 
어깨운동을 아무리 열심히 해도 의미가 없나요?",0개
44,김민서,제가 하고있었던 방법이랑 같네요! 신기합니다 ㅎㅎ원암으로 진행하면 어느정도 고중량도 다룰수있더라구요,0개
45,강재우,1:38 뭐지 저 가슴사이에 그림자는 도깨비인가 ㄷㄷ,1개
46,인정,형 사이드레터럴은 매일하는게 조아 아님 격일로하는게조아,2개
47,주Zero깔끔하게운동하기,"자세를 억지로 만드는것보다 자연스러운게 좋다는말 심히 공감합니다!
오늘도 잘 배우고갑니다🙇‍♂️",1개
48,전혜연,키다리오빠^^설명을 너무 기똥차게 잘 하세요 👍더이상..그이하도 없는것 같습니다.구독과 좋아요 누르고 다음 영상도 기대하고 있을게요.,1개
49,좀그러지마,형. 중량은 최소한으로 하고있는데 어깨는 큰 중량으로 할필요없지?,0개
50,BoringMilly,이날 가슴 운동 하신날인가요 ㅋㅋㅋ 오늘따라 더 멋지게 보이네요,0개
51,YCN,"질문이있어요

근력운동 하는 학생인데요

살을 빼는중인데

근력 키워도 근성장에 방해안돼죠?

운동후 꼭 단백질 20g 섭취중 입니다

살빼면서 근력키우면 근손실 오나요?

식단은 칼로리 좀 줄이고있어요 

단백질은 섭취합니다",0개
52,스쟁이,"형님 이 영상과 상관없는 얘기인데, 왜 요즘 기석이형님하고 방송 잘 안하시나요? 설마 틀어지시거나 그런건 아니죠? 그 조합 오랜만에 코믹한걸로 또 보고싶네요",1개
53,PARK,How tall is this guy?,1개
