﻿,youtube_id,comment,like_num
0,구자영,요즘 홈트하는데 푸쉬업이 자극이 흩어져서 고민이였어요. 한방에 의문이 해결되네요!!,4개
1,최현수,와 딱 오늘 어깨 아팠는데 대박ㅋㅋㅋ,4개
2,안호재,좋은 지적 감사합니다.  다시 적용해서 운동해봐야겠네요!!,1개
3,궈노혁,0:17 협응근은 엔게이지이~ ㅋㅋㅋㅋㅎㅋㅎㅋㅎ,0개
4,김광현,2:49 컴파스진짜 오랜만에 들어보네요 ㅠㅠ,0개
5,Phy,오늘 썸네일 뭔가 예전 홈비디오 느낌이라 귀엽ㅋㅋㅋㅋㅋㅋ 항상 알아듣기 쉽게 좋은 정보 전달해 주셔서 감사합니다!,11개
6,손지훈,형님 오프닝 배경음악 볼륨이 살짝 큰것같습니다ㅋㅋㅋ,0개
7,박철민,ㅋㅋㅋㅋ오른쪽 상단 ㅎㅎㅎ,0개
8,감자국불주먹,와... 형님 팔꿈치각도 직입니다! 1년전에 형님 영상 처음 보고 운동 많이 연습하곤했는데 이번 영상보이 추억이 방울방울입니다 ㅎㅎ 오늘도 좋은영상 감사합니다!,0개
9,김성주,"키다리형님 항상 잘보고 있습니다!
감사합니다 :)
조금이나마 도움이 되고자 키다리형 코드로 미트리 가입했습니다 👍👍👍",0개
10,anAN,벤치 너무 하고 싶지만 헬스장이 닫아서 ㅠㅠㅠ 그래서 피아노 의자에서 덤벨 프레스 하는중인뎈ㅋㅋㅋㅋ참고하겠습니ㅏㄷ!,10개
11,상혁,좋은 정보 감사합니다!!,0개
12,미래미래,머리에 쏙~들어옵니다..ㅎㅎ,0개
13,상남자티비관이채널,올리셨다ㅋㅋ 잘배울게요!!,0개
14,JustinYoon,새로운 지식이네요~ㅋ 감사합니다~,0개
15,강대두,감사합니다,1개
16,GotSmul,와 콤파스 ㅋㅋㅋ 오랜만이네요,0개
17,김광현,이거진짜 찾고있던 정보인데 감사합니다. 역시,0개
18,SungminPark,"오 정말 좋네요
평소 인클라인 할때 윗가슴한다는 생각에 바벨떨어지는 부분을 약간 가슴중앙 위로 잡아서 어깨 개입이 상대적으로 높았었나 돌아보게 되네요",0개
19,정민영,"와 키다리형님
제가 벤치프레스 할때마다 어깨가 아팠었는데 이거보고 완전히 해결됐어요ㅎㅎ 감사합니다",0개
20,하수일,개꿀팁.... 감사합니다 당장 해봐야징,0개
21,박재현,와 가끔 그럴때 있었는데... 헬린이에게 감사한 설명이네요 굿굿,0개
22,쌀아저씨,리얼 꾸르팁...!,0개
23,이정행,항상 직접 몸으로 배우시고 그 노하우를 모든사람이 알기 쉽게 알려주셔서 감사합니다,0개
24,원호,감사합니다 제 문제점을 알았습니다,0개
25,김세영,ㅇㅇ,0개
26,후니님,와씨.. 한방에 해결 덤벨40가즈아~,0개
27,황조코,반년만해도 되는몸인걸 제몸으로 깨달았는데 늘 깨달을게있고 노력하는 분이라 항상 배우고 챙겨봅니다ㅎㅎ,0개
28,옹옹,가슴 조지고 오니까 영상이 뜨네.. 목요일까지 기다려야지,0개
29,juhoPark,와 벤치할때 가슴보다 어깨펌핑잘되서 뭐가문젠가싶었는데 너무 설명잘해주시네요 내일 제대로한번밀어보겠습니다!!,0개
30,귬니,운동하면서 배운건데 내어깨가아픈이유엿어.,0개
31,김종찬,형님 머리 멋지네요,0개
32,물리치료사PT재석,어깨에 무리 안갈 수 있게 해주는 꿀팁이네요!! 최곱니다 ㅎㅎ,1개
33,유피스,중요한말이네요 감사합니다 땡큐,0개
34,서형진,요즘들어 딱고민이였는데 딱해결됬어요,0개
35,주황딱지,키다리형님 전완근과 지면 평행 설명해주실때 화면 돌려주신 편집덕분에 더 잘 이해하고 갑니다! 안그래도 전면어깨가 가슴보다 더 타들어가는 느낌이였는데 감사합니다☺☺☺,7개
36,짜이콴,벤치는 부상위험이 큰 운동이었는데 도움 많이 됐네요~,0개
37,songStone,"키다리형님 1년째 잘 챙겨보는 구독자입니다 혹시 트레이너를 할 때 제일 필수적인 게 몸이라고 생각하시는지, 자격증을 기반으로 한 지식인지 어느 것이 더 중요한 지 형님의 생각을 듣고 싶습니다.!",0개
38,KhH,키다리형님 ㅜㅜ 벤치를 하고 싶어도 할 수가 없네요... 코로나로 인해 이시국타바타 영상 만들어주세요 ㅜㅜㅜ,0개
39,56423434,ㅋㅋㅋ자주하는 질문 오른쪽에 다써두셨넹요,0개
40,김건,"운동하고 나면 어깨 아팠는데  좋은 꿀팁이네요 형님 감사합니다:D
요즘 더 잘생겨진거 같습니다😁",1개
41,싸비찾는곰돌이,키다리형 ㅠㅠ 근데 저렇게 초반에 자세잡고해도 계속 수행하다보면 무게에 짓눌려서 어깨가 점점 올라가요 ㅠㅠ 이건 무게를 내려야 하는 신호일까요..❓,0개
42,joohyeoklee,너무 좋은 말씀이시네요,0개
43,lionking,머리함 싹 밀어주세요,0개
44,타이탄,수염길러주세요,0개
45,SunhoBack,벤치프레스 다치는 이유중 거의 99프로가 이문제때문입니다. 사실상 젖꼭지부분에 위치하라고하지만 그 보다 더 살짝아래에 위치시키면 훨씬수월할겁니다.,0개
46,JeongWooChoi,ㅇㅈ,0개
47,박동주,형님 외반주에 대해서는 언급 안해주시나용,0개
48,luckyseopSim,점점 잘생겨져..,0개
49,쩡쩡,ㅎ,1개
50,hJK,2년전인가 같은내용 본거같은뎈ㅋㅋㅋㅋㅋ,1개
51,owH,"형님 다른소리해서 죄송합니다
마이프로린에서 임팩트 웨이 프로틴 살 생각이 잇는데요
아침 식사로  먹을건데 큰 부작용은 없나용?",0개
52,DraftStrength,"Wish I could understand korean so I could know what he's saying.
Oh well, at least I can learn something from watching him doing the exercises and using the context to understand what he is showing/talking about.",1개
53,진호야침착해,도움이 많이됐습니다 고맙습니다,0개
54,강거루TV헬린이모티베이션,벤치 꿀팁 감사합니다ㅎ 저는 벤치가 너무 불편해서 덤벨후레스 위주로 하고 있어요ㅜ,0개
55,조만석,유튜버들이 운동부위 업로드 할때마다 당일 그 부위 이미 한 사람  나 밖에 없는가요 항상이래...,0개
56,KhanMarneul,예전 영상보다 프레임이 좀 낮은거같은건 생방이라 그런가요??? 좋은 팁 항상 감사합니다,0개
57,MinKyeong,벤치를  제대로 하고있지 않았던것 같습니다. 이 영상 보고 잘 배워갑니다. 거울보고 연습해야 할것같네요.,0개
58,Jonsnow,오,0개
59,홍,"벤치 vs 덤벨프레스
단 하나만 해야한다면!!",0개
60,양희승,간혹 가슴운동하다가 끝나고 어깨운동한 기분이 가끔들었었는데 정확한 이유가 여기에 있었군요ㅜㅋㅋ 이거 생각하면서 운동하면 확실히 앞으론 가슴근육에 집중 잘할 수 있을것같네요 ~,0개
61,알테어,유투브 여러 채널 보고있는데 진짜 키다리형 복근이 제일 이쁜것 같다.,0개
62,제로시아,"안녕하세여 헬린인데 궁금한점이 있어서 여쭤봐요!
혹시 벤치프레스,바벨프레스 할 때 팔을 쭉 올리는 동장에서 팔꿈치를 직선으로 쭉 펴서 고립시키는 정도로 쭉 펴나요 아니면 조금 구부려지는 정도까지만 펴나요??",0개
63,야수,👍👍👍👍👍,0개
64,뉸뉴냔냐,"키다리형님 직업은 따로 가지고 취미로 꾸준히 운동하시는 건가요, 예전에 트레이너 직업을 가졌던 적이 있으신가요? ㅇㅂㅇ??!",0개
65,요호호,오늘 벤치 1개 더 억지로 밀다가 회전근개 손상일어났습니다 슬프네요..,4개
66,POWERPower,영상이 왜 안부드러운거 같지..,0개
67,이상훈,전완의 각도가 지면과 수직이 되게끔 하라는 분도 있고 3도정도 감으라고 하는분도 있고 뭐가맞는건지.. 정답이 없는거겠죠? 둘다 괜찮은 방법인건지..ㅠ,0개
68,허룡,이거진짜 개꿀팁이었어요 이거듣고난뒤로 대부분 프레스운동에서 어깨통증이 사라졌어요!!,0개
69,jaemanlee,"팔굽혀펴기할때 팔위치 손위치마다 
자극부위가 달라지는게 생각나네욤
가짓수도 엄청 많았던거로 기억하는뎁",0개
70,iostream,"벤치프레스도 그렇고 모든 운동이 중량 안 칠 때는 못 느끼는데 중량을 좀 치다보면 내가 예상치 못했던 부위에 통증이 올 때가 있는데
그럼 아 뭔가 내 몸에 이상이 생긴건가 싶지만 열에 아홉은 자세가 잘못 되어서 그런거더라구요
이미 통증을 느낀 후엔 자세를 바로 잡아도 그 통증이 한동안 계속 가니까 항상 시작 전에 자세를 꼼꼼히 체크하는게 중요하겠습니다!",0개
71,가난했던흙수저가20억만든썰검마TV,"알아도 혼자 하면 수직이 맞았는지 아닌지
잘 모른다는 점 ㅠㅠ",0개
72,b성진우,전 완전히 가슴에 자극이 오던데 자칫 잘못하면 저렇게 될 수도 있나보네요 유의하도록 하겠습니당,0개
73,용철2,"푸쉬업 팔 자세좀 알려주세여 
오떨땐 아프고 어떨땐 편안하고 잘모르겟어여",1개
74,PAinitial,"형님 지금 서서 각도 조절한번 해봤는데


오른쪽 어깨에서 자꾸 두둑두둑 하면서 오똘뼈씹는 소리가 나는데 이거는 어떻게 된건가요??


오른쪽만 그러네요 같은 각도로 내렸는데... 


(아 지금 벤치 앞이아니라 집에서 영상보면서 해본겁니다 맨몸상태에요)",0개
75,램선생,"벤치할때 가장 중요한건 무릎의 위치입니다.
무릎을




무릎을 탁 치고 Hands Up
눈치껏 알아서 Stand Up
많이 많이 말해 뭐해
부릉부릉 시동 걸게",1개
76,호돌이,팔꿈치가 들리는게 잘못된건 아닙니다. 오히려 어깨 트러블 없는뷴들은 거의 80도정도로 하시더라고요. 사실 팔꿈치가 올라가면 올라갈수록 가슴의 신장에 더 유리하고 무게저항을 효율적으로 받게되는거죠 어깨가 안좋으시면 60~50도 정도까지 내려서해도 좋으나 무게효율이 떨어지죠 예를들어 전자는 100kg중에 95kg가 꽂힌다면 후자는 90kg에서 85kg정도 후자는 삼두개입도도 늘어나는데 때문에 후자가 무게를 더드는건 유리하지만 그중량이 가슴에 온전히 전달되는건 아니라는거죠. 보시면 리프팅 벤치도 break the bar라고 팔꿈치를 내리고 하잖아요 너무 '팔꿈치각도를 내리는게 정답이에요.' 보단 '어깨 안좋으신 분들은 이렇게 해보세요.'라는 식에 전달이 좋을것 같습니다 형님,0개
