﻿,youtube_id,comment,like_num
0,JK아트사커온라인,"어떤 놀이를 가장 해보고 싶으세요~?!


좋아요 5000개 돌파?
센스 댓글러 추첨 #JK훋집업나눔",69개
1,조가풋볼TV,2:08 ㅋㅋㅋㅋㅋㅋㅋㅋㅋㅋㅋㅋㅋㅋㅋㅋㅋㅋㅋ개웃기네,18개
2,고몽라몽,10:55 초부터 노래 이태원클라쓰 노래 ㅋㅋㅋ,13개
3,권나윤,"0:24초에 재밌을 듯ㅋㅋㅋㅋㅋㅋ
집게만 없으면ㅋㅋㅋㅋㅋㅋ",10개
4,재현ljh,3:50 고를로스 마빡 var급 크기,7개
5,윤지후,저는 골키퍼 3명 이요 좋은 놀이 감사합니다,2개
6,jihoonlim,11:02와 짭드형 대박이시네!!,14개
7,박진우,"저건 공놀이가 아니라 공벌칙이잖아~~ㅋㅋ
한일전 명장면 따라하기 보고있었어요 ㅋㅋ",3개
8,성준정,ㅋㅋㅋㅋㅋㅋㅋㅋ골대 옮기기 개꿀잼일 듯 근데 교대 운동장서 하면 잔디가 많이 아프겠지...,1개
9,INGONGJINEONG,ㅋㅋㅋㅋㅋㅋㅋㅋㅋㅋㅋㅋㅋㅋㅋㅋㅋㅋ 4:40 불쌍하네 ㅋㅋㅋㅋㅋ,3개
10,이창봉,"제이케이형,사랑해❤ 축구장에서 한번쯤은 해야짘ㅋㅋㅋ
제이케이형 화이팅",5개
11,PuyolCarles,8:51 ㅋㅋㅋㅋㅋㅋㅋㅋ나만 이거 웃기누,1개
12,이상한거를보면짖는개,나도 공놀이 하구싶다 코로나때문에 큼....,7개
13,김민준,남자들은 공 하나만 주면 하루종일이지~ ㅋㅋㅋ,1개
14,여도원,ㅋㅋㅋ 영상이 왤케 잔인해ㅋㅋㅋ,4개
15,주영준,골대 움직이기 너무 웃기다 ㅋㅋㅋㅋㅋㅋㅋㅋㅋㅋ 가만히있다가 갑자기 야 움직여움짇여 다다다다닥 ㅋㅋㅋㅋㅋㅋ 재밌네요,1개
16,걔먠,고를로스 오라버니 군대 잘 다녀오십쇼 곰신이 되어 기다리고 있을게요 훕꾹꿉,3개
17,심예주,이 형님들은 항상 즐겁게 하시는 것 같음ㅋㅋㅋ 부럽습니다!!,2개
18,축구선수지망생,나랑 이거 하실분 3명 구함,5개
19,연우황,"1:59 짭드는 '도발'을 사용했다
Jk에게 효과는 굉장했다!",1개
20,황제린가드,2:08 짭드 첼시 챔스 아약스전 케파인줄 ㅋㅋㅋ개웃김,1개
21,임인정,형 퓨마 싸고 엄청나게 좋은 축구화 추천좀해주세요,1개
22,조준석,"착구 아이디어 좋구알 ㅋㅋㅋㅋ
촐프도 좋을 듯 해요(축구+골프)",1개
23,jk앑쌐,순삭 뜻 순식간에 삭발ㅋㅋㅋ,1개
24,바다,0:13 시간 순삭은 JK아트사커 온라인 보면서   JK아트사커 온라인 구독과 좋아요👍👍,2개
25,김재현,영상 넘 잘보고 있어요,2개
26,김댕욱,"나도 jk처럼 잘하고 싶다ㅠㅠㅠㅠ
어떻게 하면.....",1개
27,안기영팩트,방금 혼축하고 왔는데.. 이런 재미난 놀이가 ..ㅠㅋㅋ 이영상 보니 어릴적 문득 발야구놀이 하던 생각이나네요  2:2축구? 아니죠 족구가 갑자기 하고싶네요 ㅋ,1개
28,이진숙,저 방금 친구들 만나서 영상보고 '착구' 했어염 ㅎㅎ,1개
29,장동석,축구부 7번 장성* 입니다,1개
30,김동호,역시 이런걸 생각해내는 축튜버 제이케이!! ㅋㅋ 친구들한테 써먹어야지,1개
31,사커현축구리뷰채널,"4:15 꼭~꼭 숨어라~ 머리카락보일락~
(재근이형 주목)",1개
32,홍지뉴풋볼TV,9:54 페이크닷 qudtls들아! ㅋㅋㅋㅋ,0개
33,팬축구,7:40  나도 그 환상의 나라로 가고싶다(오늘따라 편집이 꿀잼!!),1개
34,조석현,오늘따라 짭드 귀여웤ㅋㅋㅋㅋ,0개
35,김준우,역시 남자들이란ㅋㅋㅋㅋ,1개
36,GKC,다른 고통스러운 벌칙을 추가하는건 어떠신가요??^^,3개
37,TV늘보,"7:40 환장의 나라로 오세요~
즐거운 벌칙이 열리는곳~",1개
38,송민재,형 이제 벌칙이 진화될때가 됬어!,0개
39,안치와,저런 잼잇는 축구를 할수잇구나,2개
40,손홍민,혹시나 역시나 형들 믿고 있었다고! ㅋㅋ,2개
41,윤유영,11:03 찌야아아아ㅏ아아ㅏㅇ,0개
42,엔에프,진짜 재밌게 논다 ㅋㅋㅋㅋㅋ,0개
43,매애앵구우,이 형들은 공이랑 먹을것만 있으면 무인도에서 평생살기 가능할듯ㅋㅋㅋ,3개
44,김정환,"마지막 떼창 ㅋㅋㅋㅋㅋㅋㅋㅋㅋ
엄청 신나보인당",1개
45,심윤찬,근데 너무일찍 와서 적을게없다,1개
46,서연준,아 진짜 갖고 싶다. 벌써 5번째 도전  ㅠㅜ,0개
47,전영환,재근님 여드름 맞으신거 너무 아프시겠어요ㅋㅋㅋㅋㅋ,0개
48,김영란,와ㅋㅋ개꿀잼이겄네~~jk님 100만 가즈아!!!,0개
49,족구하는남자,JK 사단과 4:4 족구 해보고싶습니다^^;; 족구도 잘하실것 같습니다 ~~!!!즐거운 주말 보내세요!! 착구 저도 한번 해보고 싶네요 ^^재미있게 잘봤습니다,1개
50,71화룡,딱밤굴욕보다 짭드한테맞은게 모욕ㅋㅋ,1개
51,국별,영상 좀 자주 올려주세요 항상 이것만 기다려요 ㅠㅠ,1개
52,장동석,짭드뤼치 표정 ㅋㅋㅋㅋ,1개
53,조창근,남자는 죽을때까지 철이 안든다는데 ㄹㅇ 팩트인듯 이거 ㅋㅋ,5개
54,KongJinkong,5:00 여러분 jk ㄸㅂ asmr 임다. 귀르가즘,0개
55,bbabbayee,오늘도 익숙한 따라따다 따다다다소리가 들렸는데..?,1개
56,정수달,8:01 재근표 회전컵,0개
57,lscbabo,마지막 앤딩뭔데ㅋㅋㅋㅋㅋㅋㅋㅋ 핵꿀잼이넼ㅋㅋㅋㅋㅋㅋ,0개
58,에베레스타산,"제이케이형....나 형축구영상보고 축구 슛 늘었어~~ 고마워~~♡♡♡ 앞으로도 좋은영상 부탁하고, 건강하게~알쥐?",0개
59,SSG,ㅋㅋㅋㅋㅋ 개꿀잼,0개
60,jounghaemaldongfemales,너무~웃김 ㅎㅎ 영상보면서 구독👍가즈아~^^😍,1개
61,OGFehdehdahs,2:50서로가 아닌 나를 위해,0개
62,앙까라메시,짭드리치 재밌네 ㅋㅋㅋ,0개
63,김건우,개꿀잼 ㅋㅋㅋㅋㅋ,0개
64,모존모배존버,사랑해 제이케이,1개
65,임임성은,착구 재밋겟다 ㅋㅋㅋㅋㅋㅋㅋㅋ,0개
66,양성빈,JK가 짭드 많이 봐준듯 ㅋㅋㅋㅋ,0개
67,kkk123,11:03 짭드뤼치 가수 하현우 뺨친다,0개
68,이종훈,형 편집자 바꿨어 ?,1개
69,좌짱,JK형 잘생겼지만 영상마다 더 잘생겨진다아~,1개
70,성호,jk형 슛팅 막아보고 싶다ㅠ,0개
71,이영철,오늘 진짜 꿀잼이었다~ 인정??,0개
72,라면,어째 편집이 바뀐것 같냐,2개
73,강예준,jk아트사커 항상 영상잘챙겨보고있습니다^^ 항상 화이팅 하세염~,0개
74,김민준,Jk 님  코로나 조심하시고 재미있는영상 올려주세요,1개
75,장원철,1:32 난~ 겁쟁이랍니다~,0개
76,권태환,8:31 파이어ㅓㅓㅓ토네이도!!!!!!!!!,0개
77,황인성,Jk형 축구로 웃음을 줄수있구나 ㅋㅋㅋㅋ,0개
78,사커현축구리뷰채널,움직이는 차에 골넣기 해주세요^^,1개
79,전주현,1:33초 ㅋㅋㅋㅋ,0개
80,심찬빈,형님 요즘 편집땜에 더 재밌고 4명 다모인게 젤재밌어,2개
81,T봉황,"남자란
공하나 던져주면 종일 놀수있는 이상한 동물^^
움직이는 골대가 신선하네요",1개
82,seunghwanKim,짭드가 결국 재근한테 복수했네,1개
83,김요한,편집 너무 재밋다,1개
84,onnyS,JK너무 신박하다..생각도 못한거를..,2개
85,JYK,후드집업~,0개
86,축장빨형님축구화하나만주세요,고를로스만 편집되 ㅠㅠ,1개
87,이진호,ㅋㅋㅋㅋㅋㅋ 개재밋네,0개
88,KongJinkong,0:40 ㅗㅜㅑ 깜짝야,0개
89,이창민,넘잼ㅋㅋ,0개
90,토준TV,JK님  영상이 세계에서 재밌어요,1개
91,KihyoKim,누구를위한 게임인가  ㅋㅋㅋㅋ 너무 재밌어보이네요,0개
92,박상우,전부다해보고싶은데착구가 제일재밋어보인닿,1개
93,하하하히히히,선댓 후 감상합니다!,0개
94,JoonHuh,마지막 레게넣ㅋㅋ,1개
95,Bt,레스피아구만 ㅋㅋㅋ,0개
96,이종호,1:13  우리엄마도 속겠다 ;;;,0개
97,김은결,흥민이형 감차 제발 제이케이형 아웃감차 ㄴㄴ 일반 흥민이형 감차 제발,1개
98,사커현축구리뷰채널,"코로나가 지난후 
축구배틀을 신청합니다^^
나이는.15살 입니다~//
soodmer3@gmail.com",1개
99,박채환,동네 바보형 4명이 다 모이는게 제일 재밌는듯 ㅋㅋㅋ,3개
100,채정우,모두 다 창의적인 놀이네요 그중 약발로 골대 움직이면서 넣는것이 젤 재밌을거 같아요 이거 하실분 구합니다,1개
101,몰라,ㅋㅋㅋ,0개
102,assanam3341,ㅋㅋㅋ,0개
103,김민혁,ㅋㅋㅋㅋ,0개
104,KANGHYUN,제이케이 형 사랑해여 ❤❤❤⚽️⚽️⚽️⚽️,0개
105,SHK,저렇게 축구하시는분들이 족구한판해보시는게...?,1개
106,서현우,"제케 짭드 톰과 제리넼ㅋㅋㅋ
당연히 말많은 짭드가 톰",0개
107,김댕욱,Jk아트사커님 저는 약발슈팅이 멋있고 재미있음ㅋㅋㅋ잘차시네여 양발잡이 ...부럽다...,1개
108,양현빈,"카메라좋은거쓰시는것같야용
한번만나보고싶어용~~^^",0개
109,김시준,그러고보니까 재근이jk랑되는날이별로없넼ㅋㅋ,1개
110,JihooJackKim,축구화 어디서 샀어요?,1개
111,김승현,역시 제이케이 아트싸커 온라인 ~❤️❤️,0개
112,AGUEROKUN,재근 여드름 공략 ㄷㄷ,0개
113,DJK,ㄹㅇ 개꿀잼,0개
114,한서윤,"착구가 레알 꾸루잼!!
jk 화이팅!",0개
115,정유찬,짭드 불쌍,0개
116,정준형,남자들이 빨리 죽는 이유 ㅋㅋ,1개
117,FC성환,전 착구를 해보고 싶습니다,0개
118,벳금이,리프팅  잘하는 법 자세하게 영상 만둘어 올려주세요..100개는 하는데 더는 못하겠더라구요..,0개
119,엄없아베,고를로스도 반고정 맴버인듯 고를로스도 군대 갔다 왈을때까지 채널 있었음 좋겠다.....,1개
120,김정호,오늘도 재밌게 볼게요,0개
121,이진제,JK님 음바페슈팅 알려주세요 제발,1개
122,이민철,1105에 짭드리치 가창력 폭발,0개
123,허영훈,저는 축구공으로 jk님 축구기술 따라하는 거요 ㅋㅋㅋ 불가능 한 것도 하다보니까 되더라고요,0개
124,남병훈,아디다스X리뷰보고싶어용!!!!!!!!!!!!!!!!!,0개
125,누군가,다른 벌칙 함 만들어봐욥,0개
126,댕왈,하늘높이 차서 맨발로 트래핑하기놀이 ㅎㅎ,0개
127,yousufheikl,형  코로나 조심해,0개
128,31225번정수현,J어세상축K우놀이 재밌게 잘봤습니다,0개
129,정성훈,제발~,0개
130,토준TV,JK 세계에서 짱!,0개
131,유지현,안녕 형 나 1빠,0개
132,황은택,오오 1빠더ㅓ,0개
133,이건우,ㅋㅋ,0개
134,장재이,나도JK랑 놀고 싶당,5개
135,송지훈,아디다스 코파 20+ 리뷰해주세요,0개
136,안피오스,이피엘 축구공 어디사 샀어요,0개
137,환상의환상에모아이좀사주세요,형 나이키 머큐리얼 베이퍼 13 시그니처 리뷰해주세요 !!,0개
138,관종들을처리하는루피,ㅇㅅㅇ,0개
139,축구재후,코로나 조심하세요ㅠㅠ,1개
140,김수환,재이캐이 ㅎㅇㅌ,0개
141,ACETOWCGaming,"형 형보면 애들 가르치던데 나도 다닐래.,ㅠ",0개
142,태태렐라쨩,벌칙할때 하모니카 물고해보세요!@,0개
143,나현웅,나도 왔따,0개
144,임재현,재근 짭드같이나오는거진짜오랜만이네요ㅎㅎ,0개
145,PROJUN,2:41  설마?,0개
146,양현빈,안녕하세요 ~^^,0개
147,jejubike,"음바페
드리블 강좌요'",0개
148,모구리Tv,JK형한번만 불러주세요~~제발 ~~~~,0개
149,서윤성,남자들이 빨리죽는 이유........,6개
150,이준하,신박한 놀이가 많네여 ㅋㅋ 어케 생각해내시는거지 ㅋㅋ,0개
151,정자스민,형 나 1빠,1개
152,네이마르,1빠!!,0개
153,내구독자수손흥민만날확률,1:31 4:58 6:14 7:51 부담~ Zhap Drich~,8개
154,바나나kick,"진짜 말그대로 ㄹㅇ 저세상 축구놀이네 딱밤&집게
진짜 아프겠다 나도 저렇게 놀고싶은데 흑흑",1개
155,장동석,훋집업은 어떻게 생산되는겨??,1개
156,벳금이,이건 jk가 유리한 게임 아니예요?,2개
157,권승제,Jk님 코로나 조심하세용,0개
158,김강석,와우,0개
159,권초희,청주fck 선수 만나기 해주세요,0개
