﻿,youtube_id,comment,like_num
0,JK아트사커온라인,"말없이 축구만 하니깐 차암~ 편하다ㅎㅎ

JK그램 👉 JKartsoccer
JK틱톡 👉 JKartsoccer_tictok
JK페북 👉 JK 아트사커 아카데미
JK후드 👉 https://bit.ly/2V3j446",55개
1,Soccerball,6:20 간zl,67개
2,LSH,5:32 맞뒈슛 ㄷㄷ..,22개
3,Leesangwoo,6:42 고를로스 키퍼썰,42개
4,샥스핀,5:30 짭드 사망,33개
5,FAQoo,6:32 머더 풔커,28개
6,라인애플,5:31 웃겨서 3번돌려봤닼ㅋㅋㅋ,4개
7,저잔장이석장,5:38 세상이 날 가만두지 않아...,3개
8,김도현,재근이의 뽀뽀는 강력함ㅋㅋ,22개
9,나는누구,4:20 대포알 슛??,6개
10,이준서,"이 시국에 심심한 사람들을 위해 열심히하시는 모습 보기 좋아욜...
코로나19 조심하세욜...^^7",27개
11,정우김,역대급팀이라고생각하는사람,16개
12,,말없이 축구만 하니까 너무 멋있다,21개
13,뭐지,5:39 세상이 날 가만두지 않아....,4개
14,A15신주아,4:14 슛 대박!,36개
15,덕현김,영상 보니깐 공차고 싶어 환장하긌네여ㅜㅜ,6개
16,이강솔,ㅎㅎ 막내가 제일 잘하네용,13개
17,김유민,레알 브라질 에이씨밀란? 형들 카카팬리구나 ㅋㅋ,25개
18,최태환,두팀다 잘한다.~~♥,5개
19,벳금이,역시는 역시 일심동체 삼형제 FCㅋㅋ,3개
20,험멜축구아카데미축구하는김선생,ㅋㅋㅋㅋ재밌는 축구!빨리 다같이 이렇게 뛰고싶네용ㅜㅜㅋㅋ,3개
21,꿀돼지,6:28사포한 jk머리에쿵 넘나 귀여운것ㅋㅋㅋ,1개
22,박준영,슈팅 ㅗㅜㅑ,8개
23,Dongju,5:44부터 나오는 브금 알려주실분,1개
24,하픽의그림체널,요즘 나가서 축구하기가 힘든데 대리만족하고 가요 형,2개
25,김규민,0:20 카메라 조정중,6개
26,짜스,1:23 재근이형 WoW,11개
27,assanam3341,삼형제FC  진짜 잘하네욥,5개
28,생돈까스,이번편 아싸팀 키퍼 레전드네ㅋㅋ,3개
29,박채환,진짜 너무 잘하신다....난 언제쯤 저렇게 한담....,1개
30,축구선수지망생,나도 축구할 형제 있었으면~,5개
31,고은호,저 jk공 함 막아보고 싶어요,2개
32,최은호,나 재근이형  짭드리치형 이래 잘하는줄 몰랐어.ㅠㅠㅠ  반했다,1개
33,김지영,슛 뤠줜듀,2개
34,장동석,고를로스 골키퍼 능력?ㄷㄷㄷ 포지션 바뀜??ㅋㅋ,1개
35,이찬배,6:20 갑자기 분위기 고를,1개
36,바다,"부럽... JK형 만나보고 그리고 같이 축구도하고 영상도 찍고....
부럽다....",1개
37,11시61분,7:07 고를로스 키퍼 왤케잘해ㅋㅋㅋㄱ,0개
38,송재인반장,카카 치달강의 해줘,9개
39,신동훈,그 어느때보다 열심히했다..그정도로 잘했다는것,3개
40,,6:30 초 브금 뭔가요,2개
41,성현강,평소 영상에서는 몰랐던 짭드와 재근의 팀웤에 놀랬슴다,1개
42,제여니,6:44 고를로스형 슈퍼세이브 지리누ㅋㅋㄱ,0개
43,이산,JK형 손흥민감차좀ㅜㅜ 제발ㅠㅠ,0개
44,장동석,"말없이 축구먼 하니까ㅋㅋㅋㅋ




괜춘ㅋㅋㅋㅋ",1개
45,장동석,짭드리치 골키퍼 잘하는편??ㅋㅋㅋㅋ,1개
46,박용준,상대편도 대단하지만 역시 JK다 ㄷㄷ,1개
47,최석현,팀이름ㅋㅋ  아싸ㅋㅋㅋㅋ,0개
48,김은결,형 손흥민 감차강의해조 제발 ㅠㅠㅠ,0개
49,GKC,다들 너무 잘하시네요ㄷㄷㄷ,0개
50,손홍민,Jㅔ이마르 앑쌐 옹라인~,0개
51,이이,전권님이랑 축구해보고 싶네요 ㅜㅜ,0개
52,김경민,3:16초에 브금이름좀,3개
53,이운우,아싸fc ㅋㅋㅋㅋㅋㅋㅋㅋㅋㅋㅋ,0개
54,고몽라몽,말없이 축구하니까 영화 같다 ㅇㅈ?,2개
55,Reader,영상 재미있게 잘 봤습니다~,0개
56,DongwooSeol,6:37초에 브금뭐에요? 알려주세요.,1개
57,록ROKI,삼형제팀도 진짜 잘하시는데 아싸팀 너무 잘하자너.. 팀플레이가 너무 좋다ㅎㅎ 골넣고 3명이 모이는거 간지..,0개
58,김덕화,제이켘 역시는 역시 뉴머러스하게 잘하시구만유 오늘 영상이 볼 것도 많고 재밌는거 같아요 제이켘구단도 말 없이 해서 편하고 서로 윈윈 ㅇㅈ? 담번에도 이런 대결영상 ㅇㅈ?,1개
59,송민재,4:12  노래가사도 알아보네.. 즐라탄~,0개
60,seunghwanKim,06:19 재근 고를로스로 체인지,0개
61,Dh2e,6:30 노래제목 plz,1개
62,dltjdalsK,역대급 레전드 경기인듯 눈 호강 감사합니다^^🌟🌟,0개
63,축구,"와대박
실시간이다와우",2개
64,love,삼형제 FC 진짜 잘해요!!!!!!!,0개
65,연우황,두 팀 다 티키타카가 대단하다 ㄷㄷㄷㄷ,0개
66,배린이,3:36부터 나온 브금 이름 좀 알려주세요,0개
67,최하현,굿~,1개
68,고구마,"3형제fc 개잘하누
잘해서 jk도 제대로 하네 서로 ㄷㄷ",1개
69,박만우,슛 파워 허버 세네,0개
70,무엘TV,다 잘하네요~~,0개
71,윤찬,와ㅏㅏㅏㄷㄷ,0개
72,안성환,삼형제FC도 잘하네요 ^^,0개
73,최태민,브금이름뭐에요?ㅠㅠ,0개
74,박민혁,걍 두 팀 다 ㅈㄴ 잘하네ㄷㄷ,0개
75,반달곰,4:12 나오는 노래 뭔가요?,0개
76,크로서,jk지금 선수해도 되겠는데요.,1개
77,냉동콜,ㅋㅋ 재근,0개
78,한민준,JK 진짜 네이마르 같네,0개
79,박준떠,아싸fc싸발 ㅋㅋ,0개
80,유중원,형 축구화 뭐뭐있는ㅈ 궁금해요 풋살화 등등 있는거 다 알려주세요 소개 영상컨텐츠로도 재밌을듯요!,0개
81,국별,이렇게 풋살만 하는 영상도 재밌고 좋어요 JK형 자주해주세요ㅎㅎ,0개
82,진선엽,"삼형제fc 진짜..잘하네요..
하지만..아트싸커 fc는 최강
코로나 조심하세요",0개
83,조창근,둘째분 빨래줄 슈팅 ㄷㄷ;;; 레게노네요,0개
84,asy801129,"실시간 
코로나 조심해용",0개
85,김유범,와우,1개
86,뽀송한구름,진짜 말없이 축구만 하니까 더 집중하게 되네요^^;;;,0개
87,bbabbayee,3:35 고를이 찐으로 싫어하네 그럴만도?,0개
88,최은환,jk보면 축구가 마렵다ㅠ,0개
89,라주니,와우와우,1개
90,스탭실화콘,4분전에 왔다!,1개
91,김경엽,"Jk님 유트브 그만두고 축구선수 어떠신가요? 
Jk님께서 축구선수가 된다면 너무 좋을거같아요^^♡",1개
92,리를깍,양팀모두다 good~~,0개
93,효정,양팀다 실력굿~~~ 그냥이건 골키퍼를 누가더잘하느냐의 싸움인듯,5개
94,FC성환,제이마르 유니폼 받고 싶어용,0개
95,dhCho,대박!!! 삼형제 FC 둘째분이 우리 코치님이다!!!중거리 슛 넘 멋져요!!!,0개
96,이종하,4:14 초쯤에 브금 즐라탄~딴딴딴딴딴딴딴 이렇게 나오는거 이름 뭐예요??,3개
97,SangyoonLee,호우?,0개
98,건우유,와우,0개
99,김민재,역시,1개
100,네이마르주니어,형 나도 출연시켜줘,1개
101,이재원,jk형 축구되게 잘하네요,0개
102,장경빈,한번 외국나가서 팀 입단텟ㅡ트 영상찍는것도 재밌겠다,0개
103,노형민,"짭드는 매일 발전한다 
아싸fc화이팅",0개
104,메시레인져,맞뒈슛 지렸으......,0개
105,SHFootBall,두 팀 전부 잘하는데요,0개
106,정민재,아니 고를로스 키퍼 해도 되겠는데...?,0개
107,안서찬,프레데터 20.1신고 키커볼 차주세요!!,0개
108,레전드,Jk님 코로나 가 심한데 열심히 하는 모습이 너무 좋아요,0개
109,치킨버거,우와 모현이다,1개
110,저잔장이석장,5:33  빙그르르~,0개
111,박지민,메시 인줄,0개
112,권영순,ㅊㅎ,0개
113,유현규,보기만해도좋다,0개
114,유병욱,다들 잘하시네...,0개
115,정재영,하.....  저  왼발을  잘차고  싶어요.ㅠㅠ,0개
116,모바일MOBILE,"너무 오랜만에 보는대 실력이 엄청 늘으셨네요
국가대표 코치가 되는 날까지!",0개
117,동네축구형TV,"카메라 구도가 광고를 보는거 같네요...👍👍😆
개인기가 대단하십니다..!!",0개
118,윤민석,ㅈㄴ잘한다,1개
119,성정모,고를로스의 숨겨진 골키퍼 실력,0개
120,이이항구,jk선수인줄알앗습니다형님 존경합니다,0개
121,김시환,38빠,0개
122,양대웅,재밌겠다,0개
123,범퍼카,궁금한데 형들 F2랑 축구하면 어떨까,0개
124,TV상오,자나깨나 코로나 조심하세요!!!!!,0개
125,금금이,빨리보고싶당,0개
126,정승찬,"짭드랑 재근 실력이 이렇게 좋았나
개잘해",0개
127,ARKP,"JK키 몇이죠?
보기엔178정도 되보이는데",0개
128,곽대윤,너무 재미있어요 그리고 제이마르,0개
129,Pellim펠림,5빠,0개
130,세주니긔여미,jk님 다음에는 그냥 슈팅차는법 알려주실수 있을신가요??,0개
131,라이딩하고싶은푸름씌,형들은 축구화 어디서사??,0개
132,여도원,고를로스는 좀만있으면  군대가겠네? ㅠㅠ,4개
133,김민규,고를로스 골키퍼로 바꾸는거 어떰?,0개
134,찐구름,동네형 박성주 시청자가 시청합니다 이거 저만 뜨는건가요?,0개
135,주권비,인프런트 감차 알려주세요,0개
136,태태렐라쨩,8빠,0개
137,임현TV,1등,0개
138,Young,ㅈㄴ잘하십니다 다들,0개
139,황도영,제이마르 주니어,0개
140,남현우,5:40  제이케이님이 짭드님 쓰다듬을때 심쿵,11개
141,임하준,제이케이아트사커에 문제점 문제가없어서 문제!,0개
142,최강윤s,축구선수 가리쳐쥤나요?넘 잘함JK님,0개
143,공항도둑저격채널,넘나 재밌는거,0개
144,박경훈,여병대tv 팀 에게 축구 지옥훈련 을 시켜주세요 ㅋㅋ,0개
145,하세요안녕,홰이텅,0개
146,유현욱,13빠,0개
147,이우섭,1빠,0개
148,박겐우,왜 이제 사람들이 영어로 안말하지?,0개
149,지지지,이제 고를로스는 거의 jk아트사커의 일원수듄,0개
150,임현서,짭드리치 존멋,0개
151,상현동호날두,역시 가족이라그런지 호흡이 미쳤네요,0개
152,ys,4빠,0개
153,HyunkyuKim,안연하세요,1개
154,유명희,네이마르유니폼갔고싶다,0개
155,박대현Sspa2316,Jk레플리카 온라인,1개
156,아드마리,그래서 브금이뭐죸,0개
157,hansom97,고를로스 키퍼 개잘하누,0개
158,이수현,"대박 와,,밖에 안나옴",0개
159,고스티드,JK발재간  지렸다,0개
160,김민철,프로였네,0개
161,김강민,Are you a soccer player?,0개
162,TKG,맨날 대결하다가 3명끼리 뭉쳐서 참교육하니까 ㅎㄷㄷ 하네요,2개
163,JohnsonKevin,레정데리,0개
164,Johnsupremecuber,can you make a video about how to shoot harder plz?,0개
165,장재이,"짭드리치가 미국드라마를 보면






“미드”리치
깔깔깔",15개
166,홍서진,저쪽은 빡겜하는데 JK팀은 여유로운 느낌?,0개
167,호로록,잘한다.,0개
168,음바페,제이마르,0개
169,시비의왕,두팀다 잘한다,0개
170,니거,역시 모현면 삼형제중 둘째의 슈팅은 살아있네,2개
171,김은수,2빠,0개
172,파란양파YouTube,3:35 화면에 입술을 갖다대보세요.,1개
173,이건희,3:35,0개
174,착한트롤씨,저렇게 잘하는데 선출이라면...외국리그  애들은 얼마나 잘한다는 거지?,0개
175,이이항구,음바페,0개
176,축구삼형제,고를로스,0개
177,김민준,Jk아싸가이격네요,0개
178,SeyoungHan,오,0개
179,전현욱,오,0개
