﻿,youtube_id,comment,like_num
0,JK아트사커온라인,"벌써부터 4편에서 
도전해야 할 기술들이 두렵군요

JK스타그램👉 JKartsoccer
JK후드집업👉 https://bit.ly/2V3j446
JK페이스북👉 JK 아트사커 아카데미
JK티잌토옼👉 JKartsoccer_tictok",50개
1,식짱TV맛집탐방,"이번 영상은 마치..
관짝춤을 추고 싶어서 만든 영상같군요..😆",7개
2,고를로스,Jk사랑해요❤️❤️🥕❤️❤️❤️❤️❤️❤️❤️❤️❤️❤️❤️❤️❤️❤🥕️❤️❤️❤🥕️❤️❤️,60개
3,TOPGUN,짭드리치 인간성 너무 좋아보임... 친하게 지고 싶당 ^^,60개
4,장희윤,0:36 fly amirates 협찬이가 ㅋㅋㅋㅌ,11개
5,젤리쪽쪽,9:55부터 아임 뚜렛ㅋㅋ,2개
6,호날두는벤치가딱이야,6:37 ㅋㅋㅋㅋ은근 잘 어울림ㅋㅋㅋ,17개
7,동네축구형TV,5:52 관짝 ㅋㅋㅋㅋㅋ,10개
8,KING도현,재근챈코가 인자기 빙의해서 골대 맞추는게 젤 재밌눜ㅋㅋㅋㅋㅋㅋ😝😝😝,5개
9,최건,2:11 jk이건 찢었다 자석마냥 발등에 붙어버리네,7개
10,김동윤,1:19 여기 어마무시인데 뭔 인도 말인줄 암ㅋㅋㅋ,2개
11,jwsoccertv,"영상 넘 재밌게 보고 있어요 항상 응원합니다 구독은 무료입니다





그러니까 구독",3개
12,장재원,6:34 ㅋㅋㅋ 표정 무엇ㅋㅋ,1개
13,조창근,ㅋㅋ 딱밤 ㄹㅇ로다가 에누리없네 역시 JK가족 의리!,6개
14,바다,2:30 오늘도 꿀잼 편집 감사합니다  JK 아트사커 온라인 구독과 좋아요 알림설정까지 부탁드립니다🙏🙏🙏,1개
15,KongJinkong,8:26 내 귀에 침들어감,1개
16,손예찬,"못 맞췄쥐뤄뤙 ~~ ㅋㅋㅋㅋㅋㅋㅋ
(짭드리치 유니폼 뭔가 간지남 ㅋㅋㅋ)",1개
17,구독모도쌀짱,"와!!!JK다!!!관짝밈 ㅋㅋㅋㅋㅋㅋ
Jk=축구 연구가!!!",1개
18,WalterKorea,축구 기술이 신박하누ㅋㅋ,1개
19,하이,관짝하려고 이 영상 만들줄 ㅋㅋㄱㅋ,1개
20,박건우,6:23 여기서 하는건 걍 하는게 벌칙인거 같은뎈ㅋㅋㅋㅋㅋ,2개
21,현빈신,아 ㅋㅋㅋㅋㅋㅌㅋㅋㅋㅌㅌㅌ 관짝춤 진짜 아 ㅠㅠㅠㅠㅠㅠㅠ 진짜 웃기네 ㅋㅌㅋㅋㅋㅌㅋㅋㅋㅋㅌㅌㅌㅌㅌㅌㅋㅌ😂😂😂,0개
22,민경훈,5:53ㅋㅋㅋㅋㅋㅋㅋㅋㅋㅋㅋㅋㅋㅋㅋㅋㅋㅋㅋ,3개
23,kkkim,관짝ㅋㅋㅋㅋㅋㅋㅋㅋㅋㅋㅋㅋㅋ jk형님 축구 배우고 싶습니다....너무 멋있어요..ㅠㅠ♥,0개
24,시후,앜ㅋㅋㅋㅋ JK님 오늘 영상도 너무 꿀잼이네요ㅋㅋㅋㅋ 특히 고를로스님 벌칙할때 관짝 패러디 하는거 겁나 웃겼어욬ㅋㅋㅋㅋㅋ,0개
25,JJack,4:24 발음 무ㅓ야ㅋㅋㅋㅋ,0개
26,EXIONKR,아 이번영상 ㅋㅋㅋㅋㅋ관형들때매 개웃기네,0개
27,보캐미,7:42 나 이거 하다가 방광 다쳐서 오듐에서 피나옴 ㄷㄷ,0개
28,김다훈,9:49때너무웃김ㅋㅋㅋ,0개
29,류시석,이번영상은 관짝땜시 웃음이2배ㅋㅋㅋㅋ,0개
30,SUN,Jk 진짜 뭐 다 잘하네 ㅋㅋㅋ,0개
31,재혁,"관짝벌칙 너무 웃기곸ㅋㅋㅋㅋㅋ
고를로스 유니폰 갖고 싶다....",1개
32,,다 플라이 에미레이트네ㅋㅋㅋ,0개
33,배상현,웃다 토하는줄~~~ㅋㅋㅋㅋ,0개
34,챔스우승리버풀,Zl룟따 레전드 오브 레전드~~,0개
35,김기환,ㅋㅋㅋㅋ아닠ㅋㅋ 이 형들 갑자기 초반 코리안 댄스타임 똘끼와 최신 유행을 반영한 관짝밈 벌칙까지 ㅋㅋㅋ 보는 내내 재밌었닼ㅋㅋㅋㅋ,0개
36,이시연,와..4분다ㅜ너무 잘하시네요...,0개
37,assanam3341,재근이형  진짜 인자기 맞네. ㅋㅋㅋ,0개
38,이우진,ㅋㅋㅋ역시 재미있어.,0개
39,박선애,ㅋㅋ관짝춤ㅋㅋㅋㅋ,0개
40,진성우,6:29고를 남자답게 해야죸 ㅋㅋㅋㅋ,0개
41,니얼굴소세지,재근이 불쌍ㅠㅠ,0개
42,황승원,관짝밈ㅋㅋㅋㅋㅋ,0개
43,이준우,ㅋㅋㅋㅋㅋㅋㅋ 고를로스 졸귀,0개
44,Suofun,오버헤드킥 하다가 관짝각 될뻔했네요 ㅋㅋ,1개
45,진우,짭드형 너무 조용해졌다..,0개
46,권정욱,관짝밈ㅋㅋㅋㅋ,0개
47,김성수,ㅋㅋㅋㅋㅋㅋㅋㅋ 덩크왕 재근,0개
48,배성호,와우  라보헤드킥 ㄷㄷ..,0개
49,월클안지현,5252 jk짱 언제나 믿고 본다구,1개
50,국별,아 진짜 짭드형 사랑해 ㅋㅋㅋ,0개
51,김민석,오늘 영상 개꿀잼~,0개
52,김병만,전 오버헤드킥을 오바헤드킥으로해유ㅠㅠㅠ,0개
53,험멜축구아카데미축구하는김선생,역시 내생각대로 1등으로 발등으로 잡는 JK 감각이 쩔어욧!ㅋㅋㅋㅋ,2개
54,김민제,재근자기네 골 겁나 잘주어머겈ㅌㅋㅋㅋㅋㅋㅋㅋㅋㅋ,0개
55,오성원,7:14 으ㅜ 아프겠당,0개
56,김참직,저걸어떻게햌ㅋㅋㅋㅋㅋㅋ,0개
57,조진휘,맨 위에 있는 사람 평생 모쏠~,1개
58,강경완,5:52 그래ㅠ 이 벌칙 나왔으면 했는데 진짜 나오네ㅋㅎㅋㅎㅋㅎㅋ,7개
59,축구선수지망생,한 개도 힘든걸 ㅁㅊㅋㅋㅋ,1개
60,A15신주아,"1:16~1:19-고를로스:아 넘 추워....;;; ㅎㄷㄷ
모두들 코로나 조심하세요^^
오늘 영상 꿀잼!!!!!",0개
61,조재현,저도 JK 처럼 잘하고싶어요 ㅠㅠ,0개
62,류시석,오버헤드킥라보나완전아프겠다ㅋㅋㅋ,0개
63,이지수,진짜 대박 재미있어요!,0개
64,삥뽕빵뽕,JK 아트싸커 오늘도 역시 재밌군!,0개
65,뾰로롱,235등 자괴감 형미안,0개
66,jwsoccertv,"5:50 아프리카 그 브금이 왜 형이 거기서 나와? 따라하지 못할 걸 따라 한 jk그러니까




구독",3개
67,김은선,관짝에미친jkㅋㅋㅋㅋㅋㅋㅋㅋ,0개
68,ShinYoungChung,손흥민 무회전 해주세요.ㅋㅋㅋ,0개
69,김명진,관짝밈 ㅋㅋㅋㅋㅋㅋㅋㅋㅋ,0개
70,류시석,항상재미있는영상올려주셔서 감사합니다 영상올라올때마다 기대되고 하루가 즐거워욯ㅎㅎ,0개
71,RanchYoon,JK형이 다해먹는데ㅋㅋㅋ,0개
72,음바페,다 플라이 에미레이츠네 ㅋㅋㅌㅌㅋㅋ,0개
73,김지호,JK 넘 잘해~~,0개
74,최강윤s,축구 선수인듯ㅎㅎ,0개
75,예쁘다미,형 코로나 조심해❤️❤️,0개
76,,"헛다리 꿀팁 좀 알려주세요 제발요ㅠㅠ
헛다리 하고 싶어요",1개
77,최우선,아닠ㅋㅋㅋ 근데 이분들은 다른 축튜버랑 콘텐츠가 달라서 재밌닼ㅋㅋ,0개
78,김망민,갖고싶당 ㅠㅠ 형 제발 ~~~~,0개
79,강동우,역시 믿고보는 JK영상,1개
80,김규민,0:18허리조심 하셔요~~ㅋ,1개
81,유병욱,"웬일로 JK가 벌칙을 두 번이나 받누,,,,,",2개
82,게임계저,지구인이 아닌거 같다 ;;;,1개
83,너나너우,관짝 밈 ㅋㅋㅋㅋㅋㅋㅋㅋㅋㅋㅋㅋㅋㅋㅋ,1개
84,문준성,JK밸런스 붕괴 ㅋㅋ,0개
85,msk,남자답게  넘어졋군 ㅋㅋㅋㅋ,0개
86,박환,형 4편도 다치지 말고 화이팅!!!!!♡♡♡♡♡,0개
87,건우김,너무 멋졍ㅅ,0개
88,꿀주먹,인자기 ㅋㅋㅋ,0개
89,변가현,관짝춤 추는거 너무 웃기네요,0개
90,귀요미,관짝 벌칙 왤케 재밌냨ㅋㅋㅋㅋ 다음편은 더 재밌는 걸로 기대하겠습니다😆😆,0개
91,seunghwanKim,08:20 JK 인상쓰고 있는 눈,0개
92,휘서김,고를로스님은 오늘도 잘생겼어요!!!!♡,0개
93,서현석,재근님 딱밤맞는거 개웃겨 ㅋㅋㅋㅋㅋㅋㅋㅋㅋ,0개
94,박진우,나도 축구 잘하고 싶다,0개
95,BKKoo,0:50 국뽕의 취한..드아,0개
96,안민영,고를로스 ㅋㅋㅋㅋ 딱밤소리 왜케 무섭냐 ㅋㅋㅋㅋㅋㅋㅋㅋㅋㅋ,0개
97,야차에타봐,관짝밈 ㅅㅂㅋㅋㅋㅋㅋㅋㅋ,0개
98,이건희,10분 순-----삭,1개
99,김정우,jk님 저도 고를로스님처럼 사랑해요.구독자100만가즈아!,1개
100,,ㅋㅋㅋㅋㅋㅋㅋㅋㅋㅋㅋㅋ,0개
101,배은진,이제 고를로스는 고정인가요?ㅋㅋㅋㅋㅋㅋㅋㅋㅋ,0개
102,병신김,형 4개월 전에 천만 유튜버 f2영상에서 형 영상 나왔어,0개
103,임하준,레전드 허덜덜,1개
104,Bernardvai,jk 세계 최고의 축구 선수,0개
105,김현민,역시 jk형 ㅎㅎㅋ,0개
106,이민헌,오늘도 꿀잼 ㅋㅋ 호나우지뉴 감차좀 올려줘,0개
107,축구의빠진형제축빠형tv,ㅋㅋㅋ,0개
108,김보영,ㅋㅋㅋㅋㅋ,0개
109,박동진,여기 혹시 개그채널인가요??ㅋㅋㅋㅋㅋㅋㅋㅋㅋㅋㅋㅋㅋㅋㅋㅋㅋㅋㅋㅋㅋㅋㅋㅋㅋㅋㅋㅋㅋㅋㅋㅋㅋㅋ,0개
110,김현민,jk형 너무 잘해요,0개
111,이정욱,딴다다단딴~,0개
112,최연우,무득점 스트라이커 재브근코(재근 셰브첸코),0개
113,익명의알파카,"Jk관짝싸커....
그와중에 재근이형 얻어먹기 ㄹㄱㄴ",1개
114,TV재민,4편 5편 6편 게속해주세요 이거 재밌어서 한 편 한 10번 이상 봐요,0개
115,김주형,1:43 까비,0개
116,손홍민,줴EY마르가 사기캐인듯~,0개
117,김재원,아니 다들 손으로 총쏘시나 ㄷㄷㄷ,0개
118,터헌유튜브,"Jk님 제가 축구 좋아하는데 같이 하면 안될까요?
저 정말 팬이에요!!!",1개
119,onthetrap,jk님 축구 재능 있는거 부럽당.. 저걸 즉석으로 가능??,0개
120,응너3년전,축구 유튜버 꿀팁좀 주세요~~,0개
121,김은섭,Jk영상 잘보고있어요,0개
122,2115주동혁,축구 꿀팁없나요? ㅋㅋ,0개
123,이윤민,제이케이 넘모 잼있어요🤣🤣🤣👍👍,0개
124,응가,5:53 ㅋㅋㅋㅋㅋㅋㅋㅋㅋㅋㅋㅋㅋㅋㅋㅋㅋㅋㅋㅋ,0개
125,김도현,에미레이츠 항공 광고받았나요??ㅋㅋㅋㅋㅋㅋㅋ,0개
126,락놈승,개웃깁니다 ㅋㅋ,0개
127,DeanJohannesburg,인ㅈㄱ,0개
128,gibcar3깊카3,"축구화 추천 영상 찍어주세요~ (1주일째 고민중,,)",0개
129,양현빈,와 이거를 성공  ㄷㄷ,0개
130,이현규,3편을 보니 벌써부터 4편이 기대가되네요,0개
131,1421윤재용,4:49  왜 안 내려가지?!,0개
132,박진우,진짜~~  못따라하는거다~~,0개
133,jk앑쌐,와우 오프닝을 짭드가?!,0개
134,이상준,라보헤디킥 잘못하면 허리 다침 조심^^,0개
135,judypa,와 축구 개고수네 진짜 이거 대박이야,0개
136,윤지후,좋은 놀이들 알려주셔서 감사합니다.,1개
137,촌놈,"Jk님이 국대를 뛰면 어떻게될까요..?
항상궁금햇는데 ㅋㅋ",0개
138,아아아,형도 조기축구 1인칭 한번 해주라,0개
139,윤종원,결론:jk님 그는 축구의신,0개
140,장PD,Jk사랑해요♡♡♡♡♡♡♡♡,1개
141,레드문어,"와 영상 진짜 재밌고 신박하다!





(이렇게 쓰면 되죠?)",0개
142,kimminseok,"오프닝에 다 다른 유니폼인데
Fly Emirates 써져있는거 뭔데 웃기냐ㅋㅋㅋㅋㅋ",0개
143,개임축구좋아하는초딩,2:30 재근님 표정  ㅋㅋ,0개
144,안농,실체 축구경기에서 절대 쓰지 않는 기술들,0개
145,유재건,Jk축구도전모두성공 히히히,1개
146,김도엽,레전드 오브 레전드,0개
147,종현목성tv,JK님 잘생기셧오고 축구에왕이에요,0개
148,김민규,관짝뭐야 ㅋㅋ,0개
149,skyturtle,구독 완료,0개
150,우간TV,Jk님 만능 축구플레이어,0개
151,임희준,jk 잘 생겼어요,0개
152,PK,"3:44 Steet panna가 고딩이었어???ㅋㅋㅋㅋㅋㅋ
개잘하네",0개
153,태호날두,형 사랑해요,0개
154,김지은,우왕,0개
155,민식이와게임,제이케이님 진짜 축구실력은세계에서 인정할듯,0개
156,ShinYoungChung,제이마르 대박!!,0개
157,MAPIA뚝,제이마르 후드 집업 갖고 싶다! +제이케이 박보검보다 잘생ㄱ..,3개
158,진진,제이케이 짱,1개
159,TV토리,여러분 남자의 수명이 짤은 이유 입니더ㅎㄷㄷ...,0개
160,도리토스,4:49 성공했는데 왜 뭔가 안한거같지..?,0개
161,사랑해요예지누나,짭드리치의 복수가 빠를까요? 린가드의 골넣기가 빠를가요?,1개
162,박은재,jk형 다비드루이스 인사이드 무회전 알려주세요,1개
163,TonyPark,와우,0개
164,JoonLee,저는 그냥 오버헤드라도 잘했으면...,0개
165,07태경,줴이케이 아트싸쿼 온롸인~!!!,0개
166,고스티드,jk님은 월클 유튜버다,0개
167,박성준,요즘 이브금이 뭐지?,0개
168,홍성조,여윽시 잡스킬(?) 장인채널 jk 형은 오늘도 멋있다,0개
169,모승현,제이케이님 동영상 더 올려주세요,0개
170,이상현,JK는 진짜 천재인듯 노력도 하겠지만 공을 다루는데 감각이 남다름,0개
171,WH,박깨는 소리가.....ㅋㅋ 네 분은 늘 행복해보이네요,0개
172,경민준,벌칙은 언제봐도 새롭네 ㅋ,0개
