﻿,youtube_id,comment,like_num
0,JK아트사커온라인,"오늘도 내가 1빠^^
전국 슛팅 자랑에 참여해 주셔서 감사드리며
골키퍼상은 실제 골키퍼가 선정합니다!

JK스타그램 👉 JKartsoccer
JK후드집업 👉 https://bit.ly/2V3j446
JK틱톡 👉 JKartsoccer_tictok
JK페북 👉 JK 아트사커 아카데미",69개
1,장현서,1:36,190개
2,황정희,8:30,97개
3,이상현,1:36 썸네일일만 했다 진짜 ㄹㄱㄴ,109개
4,홍지뉴풋볼TV,1:37 이게 CG급인듯,145개
5,더브라위너케빈,3:12 초 뿜었다,64개
6,SonHeungMin,1:50 본인입니다! 노력상 정말 감사드립니다! 앞으로 더 노력하겠습니다ㅎㅎ,87개
7,근육,3:10 킬링파트,39개
8,proffermichael,3:37 무각.... ㄷㄷ,40개
9,bbabbayee,7:32 ㄲㅂ,45개
10,정민수,1:36 분 못받은거임? 대박 잘찬거 같은데 ㅋㅋㅋ,21개
11,bbabbayee,8:24 아... 영 좋지 못한곳을...,45개
12,bbabbayee,9:12 다시 들으면 짭드 엄청크게 웃음,38개
13,김은결,제이케이님 제발 손흥민 아웃감차 말고 일반 손흥민 감차 해주세요 ㅠㅠㅠ,65개
14,A15신주아,1:36 슛 대박! 잘차신다 ㄷㄷ ㅇㅈ,9개
15,최대리머해,"도전 했었는데, 자체 편집한 영상으로 보내서 후보 조차 못 올라와 너무 아쉽네요 ㅜㅜ 한달간 연습해서 보냈는데, 4월도 도전하겠습니다!!",3개
16,boyOpacity,1:36 화질도 좋고 최고네,26개
17,멍멍,와 더 감으면 부메랑 마냥 공이다시 돌아오겠는걸,3개
18,딩띵띵띵,1:59 개인적으로 폼개이쁘다..,3개
19,김규민,7:35형이 더놀랐어 ㅋㅋㅋㅋ,3개
20,김의승,1:49 몸이 불편해보이지만 축구를 하는열정 응원합니다!,95개
21,이로이,"Jk 잘해서 부럽다..,",12개
22,이이,8:26 아프겠다 ..,2개
23,호나우두,다 노력상 줘야할듯,4개
24,hunji,4:27 울학교 나왔네 ㄹㅈㄷ,2개
25,Romanfeets,2:00 아....근육 동무 라는줄,1개
26,문용Youtube,1등이 40명 넘네 ㅋㅋㅋㅋㅋㅋㅋ,1개
27,축구선수지망생,다 잘차는거 같은데ㅋㅋ,21개
28,이수현,1분 49초 몸이 불편ㅎ해보이지만 항상 응원하고 저보다 잘차시네요 화이팅,2개
29,백종민,다 잘차심ㅋㅋㅋ,1개
30,HyunkyuKim,36등. ㅠㅠ,3개
31,그건또맞지이,1:36 님들이 원하는거,38개
32,정재영,낚시인줄...ㅋㅋㅋㅋㅋ,1개
33,TRM더티,1:51초에 내이름이 !,7개
34,하이배놈,70빠,3개
35,이재열,0:39 조수,28개
36,박민호,와 대박,3개
37,조찬희,5:12나올 수 있어서 영광입니다.,0개
38,balomsi,1:58 유생고 쿠티뉴,0개
39,혜경오,피온 개인기 실전 활용 해주세요,2개
40,in,와 그래픽감차 지렸다 ㄷㄷ(1등은 덤),6개
41,밍키게임,오늘 영상 재미있겠네요,2개
42,aqj,1:35 궤적 또라이급이네.. 뭔가 차는사람이 옛날에 다음까페 알싸 스타피구같은데 그사람인가??,1개
43,축구좋아,jk님영상 1등으로 처음 왔다!,6개
44,SSG,고를 군대 언제 가요? 다람쥨ㅋㅋ,0개
45,정승우,요즘 애들 슛팅 레전드넼ㅋㅋ 슛팅만 연습하냐,0개
46,인트로스킵,1:36 이 1등일줄 알았은데 아니네..,3개
47,날강두보다갓강두,jk의 양학리그 ㅋㅋㅋㅋ;ㅋㅋㅋㅋ,0개
48,KR랑네,4:08 용문초닷?!,0개
49,손홍민,오늘도 역시 Jㅞ이마루~,0개
50,김남훈,우와 진짜 다 잘하시네요👍,0개
51,유산균,시작하자마자 들리는 도솔라솔라솔~ ㅋㅋㅋㅋㅋㅋㅋㅋ,0개
52,뇨뇨뇨오,2:24 실전에서 활용하면 최고죠,0개
53,이동현,키카 k500 축구화 리뷰해주세용...,0개
54,6반18번이우진,2:34 나올 줄 몰랐는데 ㅋㅋ 더 열심히 연습해서 다시 도전하겠습니다!!,7개
55,sangmin상민,1:37 여기서 제이케이랑 고를로스랑 킥커볼 배툴했던 장소네!!,2개
56,,2:20 브금이름 뭔가요,1개
57,조민수,1분55초 본인인데 이제확인 했네요 ㅠㅠ더 열심히해서 1등할게욥!!,0개
58,신승현,스프린트 관련 영상도 가능하다면 있으면 좋겠어요..ㅎㅎ,0개
59,김재윤,2:00 김근육인줄...,0개
60,축구서진,크  역쉬 jk  영원하다!!!!,0개
61,assanam3341,진짜 씨쥐 아님?,0개
62,이진우지롱,데브라이너 슈팅강의해주세요,1개
63,이수현,ㅋㅋㅋㅋ,0개
64,리버,4:09 우리학교 다,1개
65,동네축구형TV,썸네일 영상 슛 1:36,0개
66,김타이거,"JK형 언잰가는 구독자 200만 화이팅
형 그리고 형 영상보고 연습해서우리반 축구 짱됨",0개
67,매애앵구우,"왤케 잘차ㄷㄷ대다나다..
썸네일 1:36",2개
68,좌희힝,와 방금 올렸네 센즈 와!!!!!,0개
69,추우진,뒤에 탠트 무엇,0개
70,구재윤,2:03 이거 내가 다니는 중학교 같은데 ㅋㅋㅋ,1개
71,준상,1:55초쯤 분이 제일 잘차는것같은데,0개
72,효정,이진승님 진짜대박,1개
73,패션충키드밀리,"제이마르 유니폼은 진짜 같고 싶다
hjkim386000@daum.net",0개
74,BibimbapSanche,딱밤 진짜센듯 ㄷㄷ 개아프겠다,0개
75,아자르잘해,JK님 저의 롤모델이 에릭센인데 에릭센중거리알려주세요,1개
76,조진휘,형 고정좀...,1개
77,끝판왕,좋은 영상 잘보고 구독하고갑니다 제 채널도 구독 부탁드립니다 감사합니다! #풋볼메이드,1개
78,인직만숙결혼,이형 라파엘 창연이형 브금트네,1개
79,GANGCRIPS,역시 얘는 실력이 있다,0개
80,jk앑쌐,8:24이용 ㅋ,0개
81,Collegestudent,"와 역시 프리킥 슛팅 이벤트 참가한 아온이분들은 jk 구독자여서그런지 다 잘하시네요ㅎㅎ
한마디로 나도 잘차고 싶다..",1개
82,이태민,감사합니다,0개
83,지혁,이거 어떻게 보냄?,1개
84,토준TV,JK 100만 구독자 가즈아!!!,0개
85,현우gaming,JK님 이제 65만 이니까 UFO슛 어케 하는건지  알려주세요ㅎㅎ,0개
86,마우리시오사리,이 공짜 컨텐츠꾼들 ㅎㅎ ~~,0개
87,여도원,Jk두구두구할때 재밌음ㅋ,1개
88,축구하는초딩,ㅣㅣ,2개
89,신지훈,"Jk는 항상 재밌다.
요즘 저 대신 축구하는것 같아 감사합니다",0개
90,라이딩하고싶은푸름씌,JK님 축구화는 어디서사시나요?,0개
91,뭘보냐,1:50 슛 자세가 피틀스틱임..,1개
92,달걀말잉,형 운동하는 운동장 어디에요?,0개
93,JuyoungJeon,제이케이 알트 쏴쿼 온로ㅓ잉이이이인~~~ 오늘도 갸꿀쟘ㅁㅁㄴ,3개
94,JimTang,"I love your videos but if you put on English subtitles, you may gain more subscribers. I’m sure. 
You guys already speaks Korean why still Korean sub😭
I’m your Malaysian fan 🙏",0개
95,이체한,1:42 형,0개
96,7일의변화,유니폼 멋있다,0개
97,연우황,축구화리뷰 나이키 티엠포 레전드8 엘리트,0개
98,재훈아그래,아니 형님 무슨 아침부터 영상임니까?,1개
99,SEUNGHWANKIM,3:30 나올수 있어서 감사합니다!!,13개
100,만두YT,나도올리고싶다...ㅠ,0개
101,최다운,안녕하세용ㅎ 저희 2명이서 축구 참가 하고 싶은데 참가 방법을 모르겠네용...ㅠㅠ,0개
102,이민서,1분 34초 거제 옥포고 같은데 맞나??,0개
103,YulKim,Bgm뭐에요?,0개
104,클래시로얄골드,와우,0개
105,최순복,와우,0개
106,공룡아스tv,0:18 아니 카메라 각도 때문에 난쟁이가 된 건 기분 땃,0개
107,FC성환,jk화이팅,0개
108,전혜성,운동장 어디에요??,0개
109,송호진,난 윤창진 저분슛이 너무 멋있는데..,0개
110,박한결,1등,1개
111,준원이,1등,1개
112,동현,1:50 이분이 난 제일 멋있다..,32개
113,Doyoungkim,네이마르 감차 알려주세요.,0개
114,정민서,JK님 JK님옷좀 주시면 안돼요? 너무멋있고 갖고싶어서 그런데 저 JK님 팬이에요ㅠ,0개
115,최지욱,1등,1개
116,VIP,중간중간 영상화질 안좋은건 옛날에 찍은거 보낸건가?,0개
117,JohnsonKevin,어떻게 보내유ㅡ,0개
118,이태민,잘 입겠습니다,0개
119,김휘중의일상기록장,다 멋지신 분들이네,1개
120,한종빈,올린시간1분일때들어옴 420만조회스,0개
121,이주형,풋살장에서 축구화를??,0개
122,커플싫어해요,이거 브금 뭔가요 여러분들,0개
123,박경짱,jk님이랑 축구배틀하면 이긴다 저랑 축구시합떠요..이깁니다 답장 기달리겠습니다,0개
124,M416,1:35 와......,11개
125,김명수,6:51브금 이름 점,1개
126,김연구,jk님 제발제발제발제발  이강인 택배 크로스 강의  해주세요,1개
127,손유경,1:44초 유니폼에적힌이름이....,1개
128,김덕배,나도 축구하고싶다,0개
129,2217현수,재밌어요,0개
130,사커스페셜,형 지금 네이마르 새 시그니처 축구화 나왔는데 실착리뷰 해주면 안돼? 돈은....,0개
131,핫브레이크,오우,1개
132,청엄청,2빠,0개
133,배은진,콰레즈마 감차 갈켜주세요,0개
134,JJ,"노력상 이재현입니다 후드집업 성인사이즈로
보내주세요 감사합니다",1개
135,ACETOWCGaming,10만원 필요 없음 후드집업 같고싶음 안주면 jk형님 틱톡에서 관넣어서 춤춤,0개
136,축동생,"5:25 정말영광입니다.
더 열심히연습하겠습니다.",6개
137,7나나승나우,"3:10 초딩손흥민??
엄청 닮았네",4개
138,아자르잘해,6:09 리틀피르미누아님?,0개
139,이창훈,다들 잘한다...,0개
140,panggo,레전드,0개
141,김요한,내 폰은 화면 밖으로 나가진 않음,0개
142,이태민,3분10,0개
143,박동현,짭드리치가 아니라 짭털링 아님? ㅋㅋㅋ,0개
144,상훈강,제이케이님... !즐라탄의 중거리도 알려주세요~~,0개
145,반혜영,우와,0개
146,이지민,고를 형님 왜 짭을 입고 계십니까?,0개
147,yellowRD,손흥민 무회전 강의도 해주세요,0개
148,김대현,힁 안뽑혔네 골키퍼로 도전한다,0개
149,감자호호로로,JK님 짱,0개
150,박민혁,얘들 축구화 다 좋은거 신네 ㄷㄷ,0개
151,루이,고를로스 염색했네???,0개
152,계정,1:50 스털링 따라한건가?,0개
153,김수진,"이벤트 참여하겠습니다 -사화초등학교 3학년 김명진 
메일로 보낼테 이쁘게 봐주세요",0개
154,휘수김,다비드루이스 무회전해주세요,0개
155,조상님,했을지도 모르지만 프리킥의 장인 주니뉴의 무회전 차는법 영상 좀 어떻게 올릴수있나요??,0개
156,민성,1:51 슈팅 자세 ㅗㅜㅑ,0개
157,정규방송,뭐야 내친구 허진  이 왜 여기서 나와?,0개
158,수박민찬,이재현 내 친군데,0개
159,TEAMSUJI,1:25 영상 주인공입니다! 영상올려주신 JK아트사커에게 다시한번 감사드립니다!!!,1개
