﻿,youtube_id,comment,like_num
0,JK아트사커온라인,"사이드 플릭 로빙 패스는 괜찮지 않나요?👅
실전에서 성공하시는 영상 꼭 제보해 주세요!

그리고 제이마르🇧🇷 레플리카 댓글 이벤트도 많이 참여해주세요^^

⚠️경기 해설할 때 램파드를 제라드로 잘못 호명하여 재업로드⚠️

틱톡하는 아온이는 JKartsoccer_tictok
인스타하는 아온이는 JKartsoccer",57개
1,yongmunkang,0:29 호동생 jk,27개
2,서윤성,오늘은 약간 밥아저씨 베어그릴스 feel이나네요,24개
3,장윤성,이형은 축구영상을 보면서도 연구하고 축구게임을 하면서도 연구하네,7개
4,김준우,저 패스기술들이 JK가 할때는 쉬워보이는데 직접해보면..JK가 진짜 대단하다라는..,10개
5,재모,"가상보다 현실에서 더 축구를 잘하는




킹❤짭🧡드",2개
6,문도박사,"이게 되다니 피파하면서 현실성 없다고 욕했는데
ㅋㅋㅇㅋ",2개
7,김도현,0:55 고를로스 표정 웃는 고블린 닮았네ㅋㅋㅋ,4개
8,WYGK,처음으로 오면 하트안주시나요?,12개
9,버억버억,피파 커맨더키 c a입니당,4개
10,Dkjht,아쉽다....빨리 보려했는데...... 덕분에 축구실력이 조금이나마 늘었네요  좀 더 열심히 하면 늘겠죠?!!!,2개
11,최상순,이번 컨텐츠 진짜 웃겨요 ㅋㅋㅋㅋㅋㅋ JK님 특유의 해설이 너무 재밌네요 ㅋㅋㅋ,2개
12,탈주닌자김석진,온요ㅗㅇ 일찍왔다 하면 제케이님이 하트와 답글을 주시겠쥐?,7개
13,AndyChoi,동영상 시작한지 7분 됐는데 좋아요 100개 실화냐...,3개
14,김하늘,썸네일보고 피파 ca같아서 왔더니 진짜네 ㅋㅋㅋㅋ,1개
15,이시비,8:14 본인이 백태클 걸고 레드 안줘서 화남ㅋㅋㅋㅋㅋ,1개
16,깜깜,7:23 성공합니다⬆️⤵️,1개
17,최현민,jk님너무잘생겼어요~~~♡♡♡그리고하루만jk님에게축구배우고싶어용,3개
18,종민김,형도 피파 희찬이형 쓰는구나 ㅋㅋㅋㅎㅋㅋ,1개
19,김세진,어제 본 거 같은데 꿈에서 봤나,1개
20,오현도,나중에 TV축구 해설하셔도 잘하실 듯ㅋㅋㅋㅋㅋ,0개
21,김채훈,목소리 2002년 월드컵 중계냐,2개
22,송희준,휴대폰 어제 받았는데 축구 좋아해서 봤는데 그게 메시 감차 였어요. 그래서 채널들어가서 구독하고 지금 이 영상 봤어요 ㅋ ㅋ ㅋ,1개
23,임완철,jk존나 웃겨 ㅋㅋㅋㅋㅋㅋㅋㅋㅋㅋㅋㅋㅋㅋㅋ,0개
24,햄찌youtube,"1등 
답장1번만ㅠ",1개
25,이유찬,10:10 슛12개에 유효슛팅10개인데 지네,1개
26,황승원,형 축구 잘하면 무슨 기분이야?♡ㅎㅎ,0개
27,LeeYunchang,형 미어캣이랑 감자도리 합친것같음;;,4개
28,RedTigerGaming,제이케이님은 축구 그 자체입니다,1개
29,호에엥,이걸 어떻게해ㅋㅋㅋㅋㅋㅋㅋㅋㅋ,0개
30,안치와,이건 진짜 레전드오브 레전드,0개
31,DohyenKim,"저번 영상에서도 봤는데 형 솔직히 말해 
피파에서 핵쓰네~






개잘핵 (넥슨 사랑해요!)",0개
32,바보가아닌천재TV,ㅋㅋ 해설 개 웃김ㅋㅋㅋ,0개
33,배세원,와우!,1개
34,동네축구형TV,해설 뭐야 ㅋㅋㅋㅋㅋㅋㅋㅋ,0개
35,지재준,CA ㅋㅋㅋㅋㅋㅋㅋ,1개
36,Lifeisatrip,저 JK님한테 축구 배워보고 싶어요 슛부터 패스 드리볼 다 못해서 너무 짜증나요 혼자 할려니까 너무 힘들고 비효율적이에요,1개
37,RED,매일 하트 안주는 그는 ..,3개
38,니얼굴꺄르륵,티~키~타~카~,0개
39,정원정워너,오우야 네이마르 ㄴㄴ해 제이마르 ㅇㅇ해,0개
40,06은못말려TV,0:29 저걸 누가했는지 보고하라,0개
41,seunghwanKim,00:55자ㅏㅏ~~,0개
42,1415차준호,아나 카트달리다가 알람떠서 꼴등됏네;;,3개
43,강두,고를로스 반고정 ㅋㅋㅋㅋㅋㅋㅋㅋㅋ,0개
44,팬텀장인,ㅋㅋㅋ고를로스는 언제쯤이면 고정멤버가 되나요 ㅋㅋㅋㅋㅋ 아직 반고정이네 ㅋㅋㅋㅋ,0개
45,짭이마르,00:28 ㅓㅜㅑ,1개
46,구인영,이거 피파에서는 Z+C+W하면 되요,1개
47,오형일,"ㅋㅋ 축구게임 비하인드 스토리 아니야, 나래이션도 누굴까? 너무 웃긴다.",2개
48,donghunkim,jk님의 실력이 어마어마하게 좋다는걸 느끼는 영상이네요 실제로 해보면 땅바닥에 누워있는 제 자신을 보게되네요...,0개
49,개임유튜브,0:30 브금 제목머예욤?,0개
50,선을넘은녀석들,❤JK아트사커 전권❤,0개
51,곽도리KWAGGDORL,"23초전 조회수 없음
알람설정의 위력!!",2개
52,재혁,지렸다,1개
53,조병현,형 나랑 피파 한번 붙자~제발,0개
54,전혜민,형 그때 중동중 근처에서 봤는데 개 멋있었음 담엔 싸인 받으러 갈께요 ㅎㅎ,0개
55,축구의빠진형제축빠형tv,ㅋㅋㅋㅋ,0개
56,강동대,어려워서 못하고 있는대 이제는 잘할수있겠다^^,0개
57,댄댄사커축구와일상,2:08 도리도리,0개
58,DEDDE,"이채널은 축구를 너무잘하는것 같아요
게임에서 쓰는거를 현실로 하고
실제로 축구하시는거 보면 
게임처럼 보일것 같아요
항상 응원합니다",0개
59,김덕임,제이마르 레플리카 갖고싶어요,1개
60,riatmdals,“지금은 제 저녁이죠”,0개
61,2115주동혁,아니 형.....난 이런걸 원했다고^^,1개
62,도토리,아니 알람 왜 이제오냐ㅏㅏㅐ 빼애ㅐ애ㅐㅐ액,0개
63,제민,역시 JK ㄷ ㄷ,0개
64,TV예준,제이케이 ♡,0개
65,inj2n1,사이드 플릭 로빙패스 연습하겠읍니다!,0개
66,KING도현,"도리도리jam j





Kartsocceronline",2개
67,강지율,0분53초 ???,0개
68,안준우,사랑해요 ♡♡,0개
69,준용,선댓 후 감상,1개
70,jungwoomoom,운동장 어디에요?,0개
71,강동대,나도 같고십다,0개
72,HyunkyuKim,프레데터 멋저요,0개
73,김혜선,개꿀 감사,0개
74,최도성,우ㅘ우ㅘ,0개
75,비갈TV,오!!!,1개
76,뭘보냐,호윤이현 간지..,0개
77,김영훈,원투패스만해도 바보만드는데...더 바보만드네,0개
78,오성민,이영상 찍을때마이크 안켜서 내래이션으로 대체한다에 냉수한컵건다,0개
79,LORIN77,안~되나요~~~~~~?~~~~~~,0개
80,bj길,댓글 달면 하트 안주나여?,0개
81,문상우,소장하고 있는 축구화 순위 및 소개 해주세요,0개
82,비몽사몽,"국대갈 생각이 있었나요?
아님 걍 선수라도.....
(그 실력을 유튜브에.....좀 아쉽네용 
물론 좋은점도있고.....)",0개
83,이영원,Jk님이 입으신 바지정보 알수 있을까요?😂,0개
84,바다,나한테 좋아요 1:04,6개
85,날강도,결국 신기한 패스는 두분다 피파에서는 안되는걸로(?),0개
86,딸기맛있어,댓글이안보여!!!,0개
87,손준형,??? 아 제이케이 크로스충이네 ;;,0개
88,공재웅,ㅇㅈ,0개
89,동고lovef2,ㅗㅜ,0개
90,김상헌,우와,0개
91,김태희,Jk님정말잘해요,0개
92,5지훈,형 솔찍히말해 로봇이지,0개
93,GKC,쉽지않은 패스기술이네여... 못 쓰겠네ㅠ,0개
94,홍영애,2빠,1개
95,김지은,써먹어야 겠군요,0개
96,박민찬,대단하단말받게업네모ㅎ ㅎ,0개
97,아메리칸치즈버거,참 쉽죠잉? feat 밥 아저씨,0개
98,유병욱,6렙 고를로스는 43렙 JK에게 농락당하는데.....,0개
99,제이군,ㅎㅇ,0개
100,사람,1등,0개
101,김민준,1빠,1개
102,고스티드,아마추어가 어쩌면  잘하지,0개
103,오태은,"패스 개멋있다..
현실은 하다 실패하고 욕먹을듯 ㅠ",0개
104,최연진,jk오랜만에본다 근대왜이러게재미있지 ㅋㅋㅋㅋㅋㅋㅋㅋㅋㅋㅋㅋㅋㅋㅋㅋㅋㅋ,0개
105,치코리차,1이건가,0개
106,길영모,코파축구화리뷰해쥬세요,0개
107,노자손,축구를 어떻게 저렇게 잘하지,1개
108,건이마르,1빠,0개
109,오태건,1빠,0개
110,낚시하는꼬마,"제이케이님
순두부트래핑이있는데
진짜순두부트래핑은어떤지해주세요",0개
111,근육,그냥 피파에 나오셔서 굴리트 저리가라 해주실 생각 없으신가 너무 잘하시는데,0개
112,오이름,다 어럽네유,1개
113,rolfosteuscanningensis,피파에서 커맨드 아시는분?,0개
114,팬축구,"실전에서 이런기술 쓸쑤있는건 ik밖에 없는거 같은뎅..ㅎ 아!   나도이런  기술 맨날하지?



꿈 경기 에서..",4개
115,박수한,주닝요무회전슛팅 강좌 해주세요,0개
116,조한결,저게 실제되는거였나???,0개
117,JosephKim,"내가 제일 갔고싶은 Jeymarㄹㄹㄹㄹㄹㄹㄹㄹ 레플리카
나도 Jeymar 레플리카 입으면 사포 패스 쌉가능?",0개
118,효정,난 알려줘도 못하겠다,0개
119,Song,JeyMar~~,0개
120,김성현,처음 기술 집에서 하다가 로션 뚜껑 날라갔는데 어디갔지...?ㅌㅋㅋㅋㅋㅋ,1개
121,JohnChoi,0:29 ???,0개
122,킹라드,ㄹㄱㄴ,0개
123,오민,축알못들은 축구들 피지컬로 하는줄안다. 그러나 막상 축구를 해보면 드리블 기술과 스피드가 최고의 장점이라는걸 느낀다.,0개
124,티대엽,Jk♡,0개
125,뎀바바,1,1개
126,김이겸,2,0개
127,DMR초월,2,0개
128,ARKP,2,0개
129,방태림,1,0개
130,하리보,1,0개
131,박종언,1,0개
132,준형이,JKARTSOCCERONLINE,0개
133,shL,C+A,0개
