﻿,youtube_id,comment,like_num
0,JK아트사커온라인,"해명[解明]
까닭이나 내용을 풀어서 밝힘.
헬륨 공vs일반 공 👉 해명함.

틱톡하는 아온이들은 JKartsoccer_tictok
다음 영상은 패스 기술 3가지 ggul.tip",141개
1,dltjdalsK,Jk:빨리 다른거 의심해봐 유튭각 잡게 ㅋㅋ,125개
2,car0140,아닠ㅋㅋ 살다살다 무회전 해명을 보냌ㅋㅋ,63개
3,최누리,요즘 웰케 영상 늦게올라와ㅠㅠ 엄청 기다렸잖어ㅠㅠ,43개
4,종훈이,"1:36 이때 공 바꿔치기 했네







형 이렇게하면 되는거지?😘",1개
5,동네축구형TV,2:18 주식무회전 ㅋㅋㅋㅋ 뚝떨,38개
6,애용이양,나 31살 아잰데 급식때부터 jk전권은 줫내 유명했다 ㅋㅋㅋ 세상이 불편해지니까 별게 다 의심을 하고 불편해 하네 어이가 없구려 허허,65개
7,김찬영,축구 연구가 한테 헬륨을 넣고 찬다느니 이런 개소리는 증거 없이 말 안 했으면 좋겠다,62개
8,l치프l,"지들이 못차는걸로 잘하는사람 해명하라 하네 ㅋㅋㅋㅋ
공부안해서 100점안나오는 사람이 노력해서 100점나오는 사람 욕한꼴이네",31개
9,김준우,해명하는 중에도 잘차는 클라스ㅋㅋㅋㅋ 재근이형 목소리 개욱겨ㅋㅋㅋㅋ,37개
10,박승우,"를로스형 디딤발 꺾이는 각도봐라
저게 발목힘이 개ㅈ지린다는 증거임 방구석 퍼거슨들아 니들이 저래차면 바로 정형외과 엠뷸런스 실려간다",17개
11,오잼,멋지다!!,6개
12,박지환,하이튼 지들이 영상처럼 못차면 다 뭐 있대 ㅋㅋㅋ 다음엔 킥커볼 색칠해서 차는거 아니냐고 해라 ㅋㅋㅋ,1개
13,송영진,3:46 초부터 나오는 브금제목좀 알수있을까요!!,0개
14,LORIN77,봐(보다)주세욬ㅋㅋㅋㅋㅋㅋㅋ,1개
15,문용Youtube,누가 봐도 어그론데 우리 JK형들은 저런짓 안함,1개
16,GIKS,ㅋㅋㅋㅋ 재근이형 ㅈㄴ 웃기네 ㅋㅋ,1개
17,NO10NEYMARJR,"일찍왔다!
항상 감사합니다 ♡",3개
18,나나바,배그 핵해명도 아니고 축구공 헬륨해명ㅋㅋㅋㄱㅋㄱㅋ,0개
19,축구광,축구하러 가고 싶다ㅏ...요즘 잔디구장이 안열려있어ㅠㅜㅜ,1개
20,정준화,뉴 인트로 너무 웃기네ㅋㅋㅋㅋㅋㅋㅋ,0개
21,하드,아닠ㅋㅋㅋㅋㅋㅋㅋㅋㅋㅋㅋ재근님 목소리ㅋㅋㅋㅋㅋ 살다살다 헬륨공 해명은또 처음이넼ㅋㅋㅋㅋㅋㅋㅋㅋ,0개
22,구태뽕순이,ㅋㅋㅋ 목소리 완젓 웃기네ㅋㅋㅋ  ㄲㅈ,0개
23,KateSon,그래도 항상 실력은 제이케이가 짱이다 ,10개
24,슈퍼셀,의심:32세가 아닌것 같습니다!!!,0개
25,유행,썸네일 넘 웃기자너 ㅋㅋㅋㅋㅋ,0개
26,카툰TVCartoonTV,ㅋㅋㅋㅋㅋㅋ,3개
27,주댕,ㅋㅋㅋ 해명 영상 ㅋㅋ,0개
28,김경엽,나도 차이가 G닥.....  ㅋㅋ,1개
29,김인직,4:30 이거 노래 제목 도대체 먼가요...,6개
30,권선,제가 지금까지 세어봤는데 1빠라고 하는 놈들이 22명이더군요 22개의 계정이 있다니 정말 부럽군요 짱!!,2개
31,박찬서,재근이 형 목소리 ㅋㅋㅋㅋ,0개
32,응애애,재근이형 미니언즈인줄ㅋㅋㅋ,0개
33,변기커버,비트코인 그래프 처럼 떨어지네 ㄷㄷ,2개
34,시스아이,의심도 할게 없어서 헬륨 ㅇㅈㄹ ㅋㅋㅋㅋㅋㅋㅋㅋ,0개
35,박건우,여기서 알 수 있는점: 저 사람들은 다 잘한다,22개
36,방건혁,후드집업 받고 싶네 ㅠㅠㅠ,0개
37,이준혁,8:21  JK(속마음): 더많이 만들어줘,31개
38,임성진,축구연구가는 헬륨을 쓰지 않지만 들어와 봤다,1개
39,권승제,Jk 레게노 ㅋㅋㅋ,2개
40,축구도리TV,제이케이  후드집업  갔고 싶어요 ㅠㅠㅠ,0개
41,피아노tv,나수학 각하고있음 ㅋㅋㅋㅋㅋㅋㅋㅋ ㅋ ㅋ,0개
42,박서눙,ㅋㅋㅋ재미졍 잘보고있습니다 개인기도 잘 연습하고있어요,0개
43,Sharp,하락장슛ㅋㅋㅋㅋㅋㅋㅋㅋㅋㅋㅋㅋㅋㅋㅋㅋㅋㅋㅋㅋㅋㅋㅋㅋㅋ,0개
44,연우황,7:39 본능적으로 슛이 잘나갔다,0개
45,류시석,재근형 목소리 ㅋㅋㅋ 거의 보노보노급ㅋㅋㅋ,0개
46,JD7Y,Jk 영상 넘ㅣ오랜만이에요ㅎㅎ,0개
47,챔스우승리버풀,슛팅 레전드 오브 레전드 ㄷㄷ,0개
48,뽀잉,9:19 왜 이러는 걸까요?,1개
49,KongJinkong,해명해. ㅋㅎㅋㅎㅋㅎㅎㅋㅎㅋㅎㅋ,0개
50,죠크박,헬류ㅠㅠㅠㅠㅠㅠㅠㅠㅠ움,0개
51,내이름은김도경,형 사랑해 나 여자,1개
52,효정,4:53 저 헬륨마시다가  잠깐 기절했어요,0개
53,NoblessAn,고생많으셨습니다 ㅋㅋㅋㅋ,0개
54,김민수,이 영상으로 얻은 결과 잘차는 사람은 뭘차든 ㅈㄴ 잘찬다,1개
55,채우진,인기 급상승 동영상 축하합니다,0개
56,이호현,ㅋㅋ로무새에 이어 헬무새들의 등장인가?,0개
57,방구석박지성,5:06 쩨이께이 아뜨싸꺼 온라이인,0개
58,수퍼퍼,1:31 재그첸코 숨쉰채 발견 ㅋㅋㅋㅋㅋㅋ,2개
59,하수구요정,주식슛ㅋㅎㅋㅎ,0개
60,최민준,ㅋㅋㅋㅋㅋㅋㅋ어그로 ㅋㅋㅋㅋ,0개
61,신경민,역시 이럴 줄 알았...어?,0개
62,이예건,감히 jk를 의심하다니~~,0개
63,bmjm3729,아 학교에서 했네 ㅠㅠ 보러갔어야 했는데,0개
64,박동섭,2:30 공 주으려고 가야한다는 생각에 빡치네........,0개
65,댄댄사커축구와일상,2:52 역시 군인,0개
66,곤듀용병,헬륨을 넣어도 일반공 처럼 잘차는거 아닌가요 역시 축구는 실력빨,1개
67,시베리아허스키,3:46 메우ㅋㅋㅋㅋㅋ,3개
68,안정환,ㅋㅋㅋㅋㅋ는뻥,0개
69,오이름,무회전 해명ㅋㅋㅋ,0개
70,117dukyang18,인기동영상27위 추카,0개
71,병욱2,제케이형 전 영상 기술 따라할라고 좋아요 누르고 볼려했는데 삭제ㅠㅠ 다시올려줘ㅠㅠ,1개
72,JeWonCho,근대 진짜 큰 차이를 모르겄네요 ㅎㅎㅎ,0개
73,하이,8:48 칼슘이 왜 나와ㅋㅋㅋㅋ,4개
74,앙씨앙,우리나라 축구 유튜버 원탑 아님?ㄹㅇ,0개
75,홍승원,후드집.....ㅇ...어..업ㅡ...ㅡㅡㅡ을 드...ㅡㅡ리...립니.....다!!!!!!!!!!!!!!,0개
76,윤진서,고를로스형은 jk형다리부셔버렸슴ㅋㅋㅋ,0개
77,햄찌율의해바라기씨1호,"""JK는(은) 어그로를(을) 1 획득했다!""",0개
78,NoaC,고를로스님 흑발 넘 멋있네🔥🔥,0개
79,축구덕후,형 그러게 왜 이렇게 영상 늦게 올려!! 빨리 보고시프단 말이양,0개
80,보셴,오 용인 외대인가요?? 집 앞에 JK님이 오시다니!!,1개
81,이동혁,"dlehdgur4395@naver.com
휴드집어ㅓㅂ 받고싶어ㅛ",0개
82,Gang,ㅋㅋㅋㅋ꿋,0개
83,이용찬,3분38초~42초 재근이형 쌉인정 그렇게좀차요..,0개
84,이클립스,"축구를 너무 잘하시네요
너무 부럽습니다...
Jk님 왜 축구선수 안 하셨어요?
제 생각에는 보통 축구선수들 보다는 훨씬 잘하시는것 같은데...",0개
85,MakeleleClaude,기술축구의 선봉자 ㄷㄷㄷㄷ,0개
86,서미경,근데 jk아트사커는 진짜 재밌는게 아닌데 왜 재미있지?ㅋㅋㅋㅋ,0개
87,최이연,와...,2개
88,응아,"이번 영상의 하이라이트
5:06 
ㅋㅋㅋㅋㅋㅋㅋㅋㅋㅋㅋ",4개
89,손홍민,앑싹 옹라인 항상 잘보고 있습니다 줴이마루,0개
90,쓰카오,1:57노래 제목좀 알려주세요!,3개
91,chic0516,ㅋㅋㅋ무슨 무회전을 해명해야하냨ㅋㅋㅋ 그만큼 잘찬다는 뜻인듯,0개
92,김영재,헬륨 넣어도 별 차이 없을듯,1개
93,Asxpz,행님 영상 자주올려줘잉,0개
94,GKC,재근님 프리킥 대결 할 때마다 지셔서 몰랐는데 잘 차시네요ㄷㄷㄷㄷㄷ,0개
95,문강우,팬텀비전 2 영사,0개
96,김민제,재그첸콬ㅋㅋㅋ 줴이케이 아싹온라인 ㅋㅋㅋㅋㅋㅋ 🤣,3개
97,,형님까지 깡에 중독되신겁니까? 썸넬이.....,0개
98,이동건,ㅋㅋㅋㅋㅋ지들이 못하니까 헬륨 이 ㅈㄹ,0개
99,정효빈,ㅋㅋㅋㅋ어그로 지리구연,2개
100,박지우,Jk는 저게 실력이죠 다시 봐도 후덜덜 너무 잘함,0개
101,대왕세종,불편은 풀어준다 불편러들아 ~~,0개
102,가자세계로,저는 발끝으로차서 무회전슛 했었은데...,0개
103,이용진,Jk마나고싶다.....,1개
104,날강두,형 나도 무회전 차고싶어 알려줘!!!,0개
105,이승열,주식슛 어케해요?,7개
106,WH,제 눈에는 공이 아니라 jk를 해명해야할 것 같네요ㅋㅋ,0개
107,모구리Tv,"JK님 오늘 찍은 건가요,",0개
108,문강우,팬텀비전2 리뷰 영상은 없나요?,0개
109,JosephKim,왠지 고를로스 영상같이 될것 같았어...,0개
110,이지수,역시 아이디어 천재 제이케이님!!!!,0개
111,카툰TVCartoonTV,JK사랑해요^^,2개
112,이유찬,1등임닷!!,3개
113,바다,나날이 편집 실력이 느는 JK 아트사커 온라인👍👍👍,1개
114,켈로의쓴맛,ㅋㅋ솔직히 개졷두보다 잘찬다..,1개
115,임채주,3:00 bgm 뭐인가영?,0개
116,김건우,팬텀 비전 2엘리트 (덕배 축구화) 리뷰는 안하죠??,0개
117,뱅트맨,"시청자 들은 생각이 있는건가?
누가 핼륨가스 공으로 축구 연구가가
됬겠냐ㅉㅉ",13개
118,위지승,난 헬륨 넣어서 차야지 (속닥),0개
119,알파N,3:45논란,0개
120,유진서,"영상 잘보고 있습니다!
가끔 데브라이너가 차는 프리킥들보면 회전을 앞으로 공의 진행방향쪽으로 줘서 좀더 빠르게 나간다는 느낌을 받는데 그런건 어떻게 하는지 강좌영상같은거... 찍어주실수 있으신가요...?",0개
121,이승표,델피에로 감아차기 좀 알려줘,1개
122,5지훈,"헬륨공이라는 놈들은 뭐지 부러워서 그러는건가
전권형 파이티이이잉",11개
123,JK아트사커온라인,"재그첸코 무회전 ㅇㅈ
고를로스 무회전 Nㅇㅈ",10개
124,최영석,2분20초부터나오는노래뭐에요,0개
125,원종찬,영상 처음에 집중 안하고 봐서 킥커볼인줄 알았는데 일반 공이였네 헬륨 넣을때 공보고 알았음 ㅋㅋㅋㅋ,0개
126,정원근,"다음에 예전 축구화 리뷰해주세요!
아디제로, 티엠포 프리미어, 토탈90 등등!",0개
127,박우진,형 난 원래 헬륨공 아닌거 알았어요. 알죠?,0개
128,고동영,새로운 인트로 굳굳 좋아요,0개
129,attacker,역시 셰브첸코,0개
130,라이이언,나만 어그로인지 알았나??ㅋㅋㅋ,0개
131,정성언,아 배고파,1개
132,축구선수지망생,"저는 사실 스페인 유스에 소속된.... 


는 뻥~",19개
133,이름성,게임으로 치면 핵의심으로 유튭각 잡으시는거네 ㅋㅋㅋㅋㅋ,0개
134,이대혁,오늘 짭드형 왜 안나왔어요??,1개
135,임건익,게임은 핵 해명하고 축구는 헬륨 해명하넼ㅋㅋㅋ,0개
136,고라파츄,3분대에 나온 브금좀 알려쥬실 수 있나용,0개
137,김주현,헬륨이든 그냥 공기든 개잘차네^^,0개
138,RED,그 인트로 소리좀 계속 써줘 힐링되,0개
139,,초반 노래 이름 뭐임?,0개
140,레게노인데용,새로운 인트로 레게노인데용,0개
141,김현종,ㅋㅋㅋ 잘차도 안된다는건 연습이 덜돼서 그런거지 ㅋㅋㅋ 헬륨공이라 의심하는건 ㅋㅋ 논리 갑ㅋㅋ,0개
142,나는요리잘하고싶어요,첫번째 나오는 노래 제목이 뭐죵 ㅎ,0개
143,백남윤,"아니 불편러들 븅신임?ㅋㅋㅋㅋ
제케는 일반인이 아니라 아카데미 설립자잖음 급이다르지",3개
144,공태,jk형도 어그로라니...,0개
145,K회장님,와 역시 행님들 입니다 구독자 100만 가즈아!!,0개
146,JihooJackKim,Jk 짱!,1개
147,동굴이,화이링!!!,0개
148,방구,미안하다 이거 보여주려고 어그로 끌었다 jk무회전 ㄹㅇ실화냐? 날강두랑 축구하던 jk가 맞나? 진짜 jk는 전설이다...,0개
149,Vinney,jk형 1대1 드리블돌파하는거 강좌해줘 (제발),0개
150,YujeongKim,J마르 J마르,1개
151,조세건,헬륨공 디게 묵직해보인다잉.....차기도 힘들듯,0개
152,김민찬,어그로 ㅁㅊ다,0개
153,ShinYoungChung,비슷비슷...,0개
154,박상유,진짜오랜만에 보네요,0개
155,호드리구R,00:47 오른쪽 2번째 니는 얼마나 잘차는데 니 실력 보고 말해라 개발아 ㅋㅋㅋㅋㅋㅋㅋ 구독자분들 다 ㅇㅈ할 부분 ㅋㅋㅋㅋㅋㅋㅌㅌㅋㅌ 찔려서 댓글 안 달듯,0개
156,KevinLee,댓글 1만개 넘어라!!!,0개
157,핫호돈신,JK형 사랑(?)해,0개
158,김영훈,"이번 영상 좋아요 꼭 눌러주세요  ㅠ
투재했던 주식 떨어졌나봐요 ㅠㅠ
형....곧 올라갈거야..ㅠㅠ",0개
159,SeyoungHan,어그로 ㅋㅋㅋㅋ 제이케이형인데 아무리 못차도 핼륨공 비슷하게 차지 ㅋㅋㅋ 얼마나 잘하는데!,0개
160,불사신피닉스,JK님 히뷰부탁드릴게요 나이키 머큐리얼 베이터13 코리아시그니처히뷰해주세요,0개
161,김모띠,앙1빠띠,1개
162,bbabbayee,공기 주입구차는 컨텐츠에 헬륨도 넣으면 재밌겠지?,1개
163,bumyonglee,구독 하고 갑니다,0개
164,1421윤재용,1:59 something just like라는 노래입니다,0개
165,원호강,실력 ㅊㅇ,0개
166,parklee,"하락장 슛에 주식 사진에 상처 받았습니다.
사과하시죠.",0개
167,Jay7,내가 1등인가? 조회수없다고 뜸 22초전에 나왔다고 ㅋㅋㅋ,0개
168,칸록,헬륨 넣어도 저건 힘듬,0개
169,파스텔파스텔,너무잼써..,0개
170,박시현,"3:19 삐약~
왠지 귀엽네ㅎㅋ",1개
171,용용가리,헤헷JK님사랑하고존경해요,0개
172,축하드립니다,jk다리 로봇 다리죠,0개
173,kim석현,난 jk를 믿고 있었어,0개
174,코로나끝남구독하면,JK vs 조원희,1개
175,바보가아닌천재TV,"저는 축구를 잘합니다. 


뻥",0개
176,김재영,진짠줄,0개
177,최준식,"그냥 이분들 축구실력이
미친거임 ㄷㄷㄷ",0개
178,홍승현,신이 왜 인간이척 하세요? 해명 부탁드립니다.,1개
179,9900만원짜리앰프,그냥 뭘차든 잘찬다는게 함정카드 ㅋ,0개
