﻿,name,thumbnail,view,previous_time,video_url,start_date,comment,likes_num,unlikes_num,time_duration
0,(eng)수다GRWM* 웜톤인데 쿨톤인 척하는 SUMMER MAKEUP LOOK 🍓🍇🍓🍇🍓  | dear.jerry,https://i.ytimg.com/vi/GWf3ojkLFJI/hqdefault.jpg?sqp=-oaymwEZCPYBEIoBSFXyq4qpAwsIARUAAIhCGAFwAQ==&rs=AOn4CLCNDWQAujv3SqNSvDpsGtkMsjWlaw,8.9만회,4일 전,http://www.youtube.com/watch?v=GWf3ojkLFJI,,댓글 174개,2.5천개,44개,"
      14:57
    "
1,"(eng) /VLOG/ 🥒비오는날의 산책, 오랜만의 맛집탐방, 자라 향수, 오이샌드위치 만들기, 차량 점검, 이마트 새벽배송 하울 브이로그 | dear.jerry",https://i.ytimg.com/vi/HvTRiwSSQv0/hqdefault.jpg?sqp=-oaymwEZCPYBEIoBSFXyq4qpAwsIARUAAIhCGAFwAQ==&rs=AOn4CLBZOYI8_9E67Yl5LGWIt__GCmcyXQ,9.9만회,1주 전,http://www.youtube.com/watch?v=HvTRiwSSQv0,2020. 5. 30.,댓글 244개,2.4천개,58개,"
      24:51
    "
2,(sub) Early Summer Lookbook & Haul 🐚 여름을 준비하는 나의 패션 룩북 | dear.jerry,https://i.ytimg.com/vi/PXfzCgyfkFA/hqdefault.jpg?sqp=-oaymwEZCPYBEIoBSFXyq4qpAwsIARUAAIhCGAFwAQ==&rs=AOn4CLCDqyeQjYH2Nh1krF0aXkItS3o9Zg,19만회,2주 전,http://www.youtube.com/watch?v=PXfzCgyfkFA,2020. 5. 24.,댓글 348개,6.3천개,61개,"
      6:36
    "
3,(eng) 갑분 동년배 모드 GRWM〰️얘드라 뭐해? 같이 준비하자🌼💛 | dear.jerry,https://i.ytimg.com/vi/1kDRsNT6E9A/hqdefault.jpg?sqp=-oaymwEZCPYBEIoBSFXyq4qpAwsIARUAAIhCGAFwAQ==&rs=AOn4CLBHCfzEWQZROoiirIg4T2E6D_pfyg,15만회,1개월 전,http://www.youtube.com/watch?v=1kDRsNT6E9A,2020. 5. 17.,댓글 213개,3.4천개,47개,"
      15:53
    "
4,"(eng)/VLOG/ 일상모음zip (투표하고, 염색하고, 좋아하는 아이템들, 똥손 집순이의 하루🧸) | dear.jerry",https://i.ytimg.com/vi/YqojdEnA9Ng/hqdefault.jpg?sqp=-oaymwEZCPYBEIoBSFXyq4qpAwsIARUAAIhCGAFwAQ==&rs=AOn4CLDnSmSYTrvRNKzn16HqRRPBzyZuIQ,11만회,1개월 전,http://www.youtube.com/watch?v=YqojdEnA9Ng,2020. 5. 4.,댓글 211개,2.7천개,57개,"
      19:37
    "
5,(sub) 꽃을 닮은🌷〰️나의 특별한 메이크업 꿀조합〰️ Flower Moode Makeup Look | dear.jerry (sub soon),https://i.ytimg.com/vi/hW8YQ9bw1XE/hqdefault.jpg?sqp=-oaymwEZCPYBEIoBSFXyq4qpAwsIARUAAIhCGAFwAQ==&rs=AOn4CLDZGNAVIcD7dYSSgELNsTTv9-NX3A,6.5만회,1개월 전,http://www.youtube.com/watch?v=hW8YQ9bw1XE,2020. 4. 26.,댓글 139개,1.7천개,57개,"
      3:48
    "
6,"(eng)🌈Spring Fashion Haul 봄에 꼭 사야할 20가지 아이템 모음zip (옷,신발,가방,악세사리 하울) | dear.jerry",https://i.ytimg.com/vi/hQRT1wAqDeo/hqdefault.jpg?sqp=-oaymwEZCPYBEIoBSFXyq4qpAwsIARUAAIhCGAFwAQ==&rs=AOn4CLBEHznITd-j3OfSbautmSFE111fkQ,17만회,1개월 전,http://www.youtube.com/watch?v=hQRT1wAqDeo,2020. 4. 16.,댓글 250개,4.9천개,75개,"
      14:37
    "
7,(eng)👜My Designer Bag Collection 나의 가방이야기! 명품백편 (#CELINE #CHANEL #BOTTEGAVENETA etc) | dear.jerry,https://i.ytimg.com/vi/RLLafivi4Xg/hqdefault.jpg?sqp=-oaymwEZCPYBEIoBSFXyq4qpAwsIARUAAIhCGAFwAQ==&rs=AOn4CLBATSTdqcU4npHfTNGp-Hbb4NyKxg,26만회,1개월 전,http://www.youtube.com/watch?v=RLLafivi4Xg,2020. 4. 11.,댓글 363개,5.2천개,133개,"
      28:59
    "
8,"(eng) /VLOG/ 혼자서도 잘먹고 잘놀기🐷(집순이의 일상, 장보고 집밥해먹기, 갑분 빈티지가방&이북리더기 하울) | dear.jerry",https://i.ytimg.com/vi/cis82bIe20M/hqdefault.jpg?sqp=-oaymwEZCPYBEIoBSFXyq4qpAwsIARUAAIhCGAFwAQ==&rs=AOn4CLBOj2IVbXUyTqvLbsf3kc5OQ69bag,18만회,2개월 전,http://www.youtube.com/watch?v=cis82bIe20M,2020. 4. 7.,댓글 271개,3.7천개,77개,"
      26:18
    "
9,(eng) chit chat GRWM🌹앞머리 자르고 레드립 찹찹! 왕수다겟레디👄 | dear.jerry,https://i.ytimg.com/vi/gyFL35R8rHs/hqdefault.jpg?sqp=-oaymwEZCPYBEIoBSFXyq4qpAwsIARUAAIhCGAFwAQ==&rs=AOn4CLCUTV4GnmkALEu62mDXq4seEClAmg,12만회,2개월 전,http://www.youtube.com/watch?v=gyFL35R8rHs,2020. 3. 27.,댓글 190개,3천개,46개,"
      19:48
    "
10,"(eng) 나의 피부과 관리+시술! 솔직한Q&A (안티에이징관리, 써마지, 인모드, 효과없었던것 등) 🦋Laser Skincare Treatments | dear.jerry",https://i.ytimg.com/vi/MYSVTmkzmgs/hqdefault.jpg?sqp=-oaymwEZCPYBEIoBSFXyq4qpAwsIARUAAIhCGAFwAQ==&rs=AOn4CLCVpKcfZSALTO943W_jqH5pfr3KVw,7.4만회,2개월 전,http://www.youtube.com/watch?v=MYSVTmkzmgs,2020. 3. 20.,댓글 116개,1.3천개,49개,"
      26:19
    "
11,"(eng) /VLOG/ 일상 조각모음 (피부과,쉑쉑버거,앞머리자르기,최애넷플릭스,나이트케어,삼겹살,비오는날드라이브) | dear.jerry",https://i.ytimg.com/vi/9HAIaYDQEVk/hqdefault.jpg?sqp=-oaymwEZCPYBEIoBSFXyq4qpAwsIARUAAIhCGAFwAQ==&rs=AOn4CLAfyNM9CVOOJHf6bXwz8bFvDEr5mw,20만회,3개월 전,http://www.youtube.com/watch?v=9HAIaYDQEVk,2020. 3. 6.,댓글 402개,4.6천개,82개,"
      19:48
    "
12,(eng)포근한핑크GRWM+miniQ&A💘간단한 질문 답변하면서 준비하기 | dear.jerry,https://i.ytimg.com/vi/LRTeHMuXcXg/hqdefault.jpg?sqp=-oaymwEZCPYBEIoBSFXyq4qpAwsIARUAAIhCGAFwAQ==&rs=AOn4CLBRdhr8Anj-ikoZl_zgRCalMmyLoQ,15만회,3개월 전,http://www.youtube.com/watch?v=LRTeHMuXcXg,2020. 2. 25.,댓글 169개,2.9천개,80개,"
      26:40
    "
13,"(sub)9 Daily Outfits, LOOKBOOK 🐚그냥 요즘 나의 평범한 데일리 룩북 (ft.겨울 봄 그 어디쯤..✨) | dear.jerry",https://i.ytimg.com/vi/OGkb4TYJd9I/hqdefault.jpg?sqp=-oaymwEZCPYBEIoBSFXyq4qpAwsIARUAAIhCGAFwAQ==&rs=AOn4CLCa8RiDnXUCxvIKHmeDRVlt5e8u6w,20만회,3개월 전,http://www.youtube.com/watch?v=OGkb4TYJd9I,2020. 2. 15.,댓글 279개,5.6천개,62개,"
      7:25
    "
14,(eng) PLUM MAKEUP🍇 홍조 심한 날의 chit chat GRWM😳촉촉+보습 자두 메이크업💜 | dear.jerry,https://i.ytimg.com/vi/IOyu0KzIvKc/hqdefault.jpg?sqp=-oaymwEZCPYBEIoBSFXyq4qpAwsIARUAAIhCGAFwAQ==&rs=AOn4CLBp-OOWY32k834aahAOW1mv_82_8w,15만회,4개월 전,http://www.youtube.com/watch?v=IOyu0KzIvKc,2020. 2. 14.,댓글 214개,3.9천개,54개,"
      20:27
    "
15,"(eng) /VLOG/ 오제리데이! 여수에서의 휴가, 첫일출, 굴구이,버블바 만들기 2020년도 곱창과 함께하는 일상 | dear.jerry",https://i.ytimg.com/vi/G8hHeMcgSfQ/hqdefault.jpg?sqp=-oaymwEZCPYBEIoBSFXyq4qpAwsIARUAAIhCGAFwAQ==&rs=AOn4CLDWQTDRWgJMH1bHIoUpkbkhoSf-tg,9.4만회,4개월 전,http://www.youtube.com/watch?v=G8hHeMcgSfQ,2020. 1. 31.,댓글 134개,2천개,47개,"
      19:48
    "
16,"(eng) GRWM 나의 데일리 내추럴 무드🦋 (요즘 자주쓰는 제품들, 인모드 후기, 오랜만의 수다타임!) | dear.jerry",https://i.ytimg.com/vi/mjjo0Pa8VjA/hqdefault.jpg?sqp=-oaymwEZCPYBEIoBSFXyq4qpAwsIARUAAIhCGAFwAQ==&rs=AOn4CLBOWmGZCFalQcSV-cuwcxUljvo8tA,17만회,4개월 전,http://www.youtube.com/watch?v=mjjo0Pa8VjA,2020. 1. 25.,댓글 198개,3.8천개,69개,"
      18:50
    "
17,"(eng) /VLOG/ 혼자 혹은 같이, 소소한 연말로그🥂 (머리 하고, 마트 털고, 기초 케어, 겨울왕국2, 인모드, 송년회 홈 파티) 오제리데이! | dear.jerry",https://i.ytimg.com/vi/F75FXeaKccM/hqdefault.jpg?sqp=-oaymwEZCPYBEIoBSFXyq4qpAwsIARUAAIhCGAFwAQ==&rs=AOn4CLDt_GZERI3F-Y_JKkG5twYUg2TYfg,14만회,5개월 전,http://www.youtube.com/watch?v=F75FXeaKccM,2020. 1. 18.,댓글 171개,2.5천개,64개,"
      25:01
    "
18,(eng) 👑2019 베스트 #연말결산템 MY FAVORITES✨ Best of beauty | dear.jerry,https://i.ytimg.com/vi/JDT2DuWM084/hqdefault.jpg?sqp=-oaymwEZCPYBEIoBSFXyq4qpAwsIARUAAIhCGAFwAQ==&rs=AOn4CLA9Dcw8bN_wjFzUPIMqeuxXEMIbxg,13만회,5개월 전,http://www.youtube.com/watch?v=JDT2DuWM084,2019. 12. 31.,댓글 134개,2.5천개,55개,"
      16:59
    "
19,(eng) 내 옷장 속 좋아하는 겨울 아우터들🧤(ft.아무말 난리남) My WINTER COATS wardrobe | dear.jerry,https://i.ytimg.com/vi/ercWTD3eURk/hqdefault.jpg?sqp=-oaymwEZCPYBEIoBSFXyq4qpAwsIARUAAIhCGAFwAQ==&rs=AOn4CLB_SQSVi1wAtaDIjA6WwFlgcSQfIA,18만회,5개월 전,http://www.youtube.com/watch?v=ercWTD3eURk,2019. 12. 28.,댓글 250개,3.7천개,55개,"
      15:31
    "
