﻿,name,thumbnail,view,previous_time,video_url,start_date,comment,likes_num,unlikes_num,time_duration
0,NCT 127이 뭐야😶❓ 대단한 사람들이지💥😲👍 슈스스의 NCT 127 🔎사복 패션 심층탐구🔍,https://i.ytimg.com/vi/MzAnKVdqxDc/hqdefault.jpg?sqp=-oaymwEZCPYBEIoBSFXyq4qpAwsIARUAAIhCGAFwAQ==&rs=AOn4CLDftsz7TmblZDFSNQwv3t-mu-DpOA,14만회,12시간 전,http://www.youtube.com/watch?v=MzAnKVdqxDc,,"댓글 1,911개",1.8만개,63개,"
      17:51
    "
1,[ENG CC] 쀼의 세계 지선우도 선택한 👗원피스 맛집👗 로렌 랄프 로렌 매장털기✨,https://i.ytimg.com/vi/6OvgRe5nlC8/hqdefault.jpg?sqp=-oaymwEZCPYBEIoBSFXyq4qpAwsIARUAAIhCGAFwAQ==&rs=AOn4CLC8qKAr2tvSexgItt1YtJNirVTeGA,22만회,5일 전,http://www.youtube.com/watch?v=6OvgRe5nlC8,2020. 6. 2.,댓글 245개,4.3천개,91개,"
      9:10
    "
2,[ENG CC] 슈스스TV 💎5월의 픽-크💎 소비요정 슈스스🤗의 쉴 틈 없는 쇼핑 하울,https://i.ytimg.com/vi/5GP5o1Rkdhs/hqdefault.jpg?sqp=-oaymwEZCPYBEIoBSFXyq4qpAwsIARUAAIhCGAFwAQ==&rs=AOn4CLD4c3AEcQecSacsGeCUDlUt93oxcQ,19만회,1주 전,http://www.youtube.com/watch?v=5GP5o1Rkdhs,2020. 5. 28.,댓글 291개,3.5천개,95개,"
      12:28
    "
3,[ENG CC] 이 영상만 보면 지갑사러 백화점 갈 필요 없음! 남자 베이비😎들을 위한 남성 명품 지갑✨총망라,https://i.ytimg.com/vi/4cxSjm1yuNE/hqdefault.jpg?sqp=-oaymwEZCPYBEIoBSFXyq4qpAwsIARUAAIhCGAFwAQ==&rs=AOn4CLCkSk0JJGwlvUD5MrOl5SpJfkgr2A,15만회,1주 전,http://www.youtube.com/watch?v=4cxSjm1yuNE,2020. 5. 26.,댓글 371개,2.5천개,58개,"
      14:28
    "
4,[ENG CC] 핸드폰📱마저 패션👗으로 해석하는 슈스스😎 (feat. LG 벨벳),https://i.ytimg.com/vi/QzhGCDCHeNQ/hqdefault.jpg?sqp=-oaymwEZCPYBEIoBSFXyq4qpAwsIARUAAIhCGAFwAQ==&rs=AOn4CLAjlDzrTeWNUMYHKKqh0q37r6gAwQ,6.3만회,2주 전,http://www.youtube.com/watch?v=QzhGCDCHeNQ,2020. 5. 21.,댓글 530개,1.2천개,58개,"
      9:42
    "
5,[ENG CC] 👭 핵인싸 새내기룩 영상 하나로 끝내버리기 🔅새 학기 내 컨셉은⁉️🔅,https://i.ytimg.com/vi/lBMIZo3g7oc/hqdefault.jpg?sqp=-oaymwEZCPYBEIoBSFXyq4qpAwsIARUAAIhCGAFwAQ==&rs=AOn4CLDFyIsvC7aA804Ujpd--TA9KMnxVQ,9.8만회,3주 전,http://www.youtube.com/watch?v=lBMIZo3g7oc,2020. 5. 14.,댓글 221개,1.8천개,36개,"
      11:45
    "
6,[ENG CC] 스위스의 로맨틱한 장인 정신 ❣발리 매장 털기❣,https://i.ytimg.com/vi/WE2xYKZDhdE/hqdefault.jpg?sqp=-oaymwEZCPYBEIoBSFXyq4qpAwsIARUAAIhCGAFwAQ==&rs=AOn4CLDmdQTZK7ZsN_QwideYJ68YpEzPcg,16만회,4주 전,http://www.youtube.com/watch?v=WE2xYKZDhdE,2020. 5. 12.,댓글 359개,2.8천개,85개,"
      13:11
    "
7,[ENG CC] 슈스스TV 4월의 픽-크 ✨⭐️옷 차림은 가볍게 양 손은 무겁게⭐️✨,https://i.ytimg.com/vi/9P-vnmU_g2U/hqdefault.jpg?sqp=-oaymwEZCPYBEIoBSFXyq4qpAwsIARUAAIhCGAFwAQ==&rs=AOn4CLCn-Vr6T8iyCoUvjX4fJx4vFDO_3g,23만회,1개월 전,http://www.youtube.com/watch?v=9P-vnmU_g2U,2020. 5. 5.,댓글 327개,3.9천개,265개,"
      11:33
    "
8,"[ENG CC] 브라렛👙, 그것이 알고싶다❗️ 인생브라 찾기 2👀👀 (Feat. 엘라코닉)",https://i.ytimg.com/vi/fnENCjSuMS8/hqdefault.jpg?sqp=-oaymwEZCPYBEIoBSFXyq4qpAwsIARUAAIhCGAFwAQ==&rs=AOn4CLAYBFJy0msBHRoaiSzX5hqjmvcu4A,17만회,1개월 전,http://www.youtube.com/watch?v=fnENCjSuMS8,2020. 4. 30.,댓글 295개,3.3천개,58개,"
      14:23
    "
9,[ENG CC] 2020 ✨신상✨ 명품백 대잔치 👜 2️⃣8️⃣개 브랜드 & 5️⃣0️⃣개 제품 총망라❗️,https://i.ytimg.com/vi/qYSh1cehc9o/hqdefault.jpg?sqp=-oaymwEZCPYBEIoBSFXyq4qpAwsIARUAAIhCGAFwAQ==&rs=AOn4CLBcCUrJyYefrWpEqfvcT2g270a2iA,64만회,1개월 전,http://www.youtube.com/watch?v=qYSh1cehc9o,2020. 4. 26.,댓글 651개,1.1만개,319개,"
      20:48
    "
10,"[ENG CC] 🍼베이비 브랜드 발굴 프로젝트🍼 테일러드 맛집, 문초이🌙",https://i.ytimg.com/vi/c4K6_p-5VRk/hqdefault.jpg?sqp=-oaymwEZCPYBEIoBSFXyq4qpAwsIARUAAIhCGAFwAQ==&rs=AOn4CLDwdIzqfAX9pQOZFnV1k4nqwQ7kbg,17만회,1개월 전,http://www.youtube.com/watch?v=c4K6_p-5VRk,2020. 4. 23.,댓글 993개,3.6천개,49개,"
      13:15
    "
11,[ENG CC] ✨에르메스✨ 협찬받는 슈스스 클라스⁉️ 스카프 활용법 대방출🎉,https://i.ytimg.com/vi/x02xtAp9gG0/hqdefault.jpg?sqp=-oaymwEZCPYBEIoBSFXyq4qpAwsIARUAAIhCGAFwAQ==&rs=AOn4CLBLJ-QH6U4LY18Zr0y6hvLPTC75jg,37만회,1개월 전,http://www.youtube.com/watch?v=x02xtAp9gG0,2020. 4. 16.,댓글 742개,1.1만개,232개,"
      14:49
    "
12,[ENG CC] 🥼1X7 기본 재킷편🥼 재킷 하나로 뽕❗️뽑는 7️⃣가지 스타일링,https://i.ytimg.com/vi/O-cXTevbWbg/hqdefault.jpg?sqp=-oaymwEZCPYBEIoBSFXyq4qpAwsIARUAAIhCGAFwAQ==&rs=AOn4CLCn8X8QbUMpQ8h87Y-otHc16aXWfw,43만회,1개월 전,http://www.youtube.com/watch?v=O-cXTevbWbg,2020. 4. 9.,댓글 610개,1만개,158개,"
      9:30
    "
13,[ENG CC] 🏃‍♀️뚜벅이🏃‍♂️ BMW들을 위한 발 편한 신발 추천🦶,https://i.ytimg.com/vi/Q5oaD_J2tlE/hqdefault.jpg?sqp=-oaymwEZCPYBEIoBSFXyq4qpAwsIARUAAIhCGAFwAQ==&rs=AOn4CLDH7ROS556ZoB8zMZ-m10qdeGO8yQ,41만회,2개월 전,http://www.youtube.com/watch?v=Q5oaD_J2tlE,2020. 4. 7.,댓글 529개,7.8천개,138개,"
      9:30
    "
14,"[ENG CC] 슈스스 TV 이달의 픽-크, 3월 🍀봄맞이🍀 내돈내산 아이템!",https://i.ytimg.com/vi/VBgmYp5lVV8/hqdefault.jpg?sqp=-oaymwEZCPYBEIoBSFXyq4qpAwsIARUAAIhCGAFwAQ==&rs=AOn4CLDuKTFYqy61UPmbZdUEJ1efouXSyg,58만회,2개월 전,http://www.youtube.com/watch?v=VBgmYp5lVV8,2020. 4. 2.,댓글 674개,8.8천개,206개,"
      12:18
    "
15,[ENG CC] 하늘에서 갓성비가 내려와☔️ 👜갓!성비 가방 맛집 추천👜,https://i.ytimg.com/vi/43MJ7ymT2tY/hqdefault.jpg?sqp=-oaymwEZCPYBEIoBSFXyq4qpAwsIARUAAIhCGAFwAQ==&rs=AOn4CLC3ijfJaVFO8y6QGvDUVNAhwSkDhQ,94만회,2개월 전,http://www.youtube.com/watch?v=43MJ7ymT2tY,2020. 3. 31.,댓글 774개,1.9만개,273개,"
      12:52
    "
16,[ENG CC] 슈스스의 슈스스TV 댓글 리뷰📮 돌아온 구독자 Q&A 시간⏰,https://i.ytimg.com/vi/BLxk_HzKLTU/hqdefault.jpg?sqp=-oaymwEZCPYBEIoBSFXyq4qpAwsIARUAAIhCGAFwAQ==&rs=AOn4CLBLV1MK9bzXIohlhpmPlR4F1S9y2Q,7.6만회,2개월 전,http://www.youtube.com/watch?v=BLxk_HzKLTU,2020. 3. 26.,댓글 537개,2.1천개,25개,"
      8:08
    "
17,[ENG CC] 📚슈스스의 알.쓸.신.트📚 2020 S/S 트렌드 파헤치기‼️,https://i.ytimg.com/vi/7JHDbemuUyo/hqdefault.jpg?sqp=-oaymwEZCPYBEIoBSFXyq4qpAwsIARUAAIhCGAFwAQ==&rs=AOn4CLClG1M4bxv_u7vuE5EZ8GjZ6FhbIQ,51만회,2개월 전,http://www.youtube.com/watch?v=7JHDbemuUyo,2020. 3. 24.,댓글 472개,1.1만개,167개,"
      15:59
    "
18,[ENG CC] 슈스스가 해보마! 👟스니커즈 스타일링👟(Feat. 푸마🐆),https://i.ytimg.com/vi/7o7rogpIkB0/hqdefault.jpg?sqp=-oaymwEZCPYBEIoBSFXyq4qpAwsIARUAAIhCGAFwAQ==&rs=AOn4CLADCKOgEPjA-mTJ00UOoIUNDSzRxA,21만회,2개월 전,http://www.youtube.com/watch?v=7o7rogpIkB0,2020. 3. 22.,댓글 350개,4.3천개,107개,"
      11:30
    "
19,[ENG CC] 내 심장을 저격💘 🎖포레르빠쥬 매장털기🎖,https://i.ytimg.com/vi/mruNPeexJDU/hqdefault.jpg?sqp=-oaymwEZCPYBEIoBSFXyq4qpAwsIARUAAIhCGAFwAQ==&rs=AOn4CLArRkYRDMiUQ3phi4s1wYnaXA5gQA,15만회,2개월 전,http://www.youtube.com/watch?v=mruNPeexJDU,2020. 3. 19.,댓글 217개,2.9천개,94개,"
      9:58
    "
