﻿,youtube_id,comment,like_num
0,환,50대신 거 오늘 처음 안 사람 없나요 충격 .....,438개
1,장윤정,헐 대박 슈스스님 50대에요???????전혀 그렇게 안보이는데??? 헉 동안이시다🤭👍,173개
2,뇸뇸,언니 저 언니 나이 방금 처음 알았어요... 진짜 옷에 나이가 있는게 아니라 어울리고 안어울리고만있다는걸 깨달았어요... 언니 저 155인데욘...... 혹시 키별 스타일링하실생각있으면... 언니가 남극에있다해듀 달려가게씀니다... 싸랑해여❤,202개
3,가현,누가 언니 못생겼다그랬어... 그런말 한 시키들 다 뚜까 맞아야돼...,479개
4,리라라,"항상 생각하지만 선플은 쑥쓰러워서 못다는 사람이 90퍼 ㅠ 악플은 생각없이 다는, 집에서 할짓그것밖에없는 사람 90퍼 같아요 ㅠ 언니 너무 팬이라서 몇번 쑥쓰럽게 댓글달았었는데 또 달아봅니다.. 예전에 대구에서 한번 우연히보고 너무좋아서 미쳐날뛰어서 주변사람 지치게도 만든적있답니다.. 너무황송하게 같이 사진도 찍었어요 ㅠ ㅠ 왜 이유없이 언니가 이렇게좋을까요 너무너무팬이에욥. 이 댓글 다는와중에도 계속 쑥스 ㅠ ㅠ❣️",184개
5,YKim,언니에게는 오랜 시간 하나의 일을 정진해온 사람들이 가지는 그 단단한 아름다움과 아우라가 있어요. 거품이니 뭐니하는 사람들은 한번이라도 그렇게 열정적인 적이 없기에 다른 이의 노력의 시간들을 감히 평가하는 거겠죠. 그마저도 특유의 해피니스한 에너지로 받아치는 언니는 진짜 반칙이에요 ㅠㅜ 정말 단단하고 아름다운 사람😊,123개
6,무엘밤비노,여자가 남자매장서 구매하면 좋은 거 추천추천해주세요!,182개
7,오라이오,남자꺼 대찬성이요 제발요,240개
8,이수영,"언니 진심으로 매력넘치고 아름다우셔요 이번편 머리스타일 찰떡입니다 자기가 생각하는 미의 기준에 안맞는다고 무조건 못생겼다고 까는사람들은 정말 문제 있는거죠 제 눈에는 정말 아름다우십니다 그러니까 그런 사람들 말 가볍게 무시하세요 ㅎㅎ

+ 고1학생인데 패션쪽에서 일하고싶어서 궁금한게 많아요 ! 커밍순편 기대할게요 !!",139개
9,sehor,"근데 왜 나이가들면 나이처럼보이게입어야한다는 강박이있지 ㅠㅠ
우리엄마는 50대인데도 소위20대들이 입는거 잘 입고다니는데",39개
10,우우,"늘 재밌게 보고있어요!!
중간중간 나오는 패션용어들을 이해하지 못할때가 너무 많아서 자주 사용되는? 패션용어정리해주셨으면 좋겠어요!!패알못인 저는 ㅠㅠ 모르는 용어가 너무 많네요ㅠ",148개
11,덕후HOON,일단 안봐도 웃김ㅋㅋㅋㅋㅋㅋㅋㅋㅋㅋㅋㅋㅋㅋㅋㅋㅋㅋㅋㅋㅋ 일단 웃을게요ㅋㅋㅋㅋㅋㅋㅋㅋㅋㅋㅋㅋㅋㅋㅋㅋㅋㅋㅋㅋㅋㅋㅋㅋㅋㅋㅋㅋㅋㅋㅋㅋㅋㅋㅋㅋㅋ,61개
12,JiSooBae,아이돌처럼 슈스스님도 싸인회 하시면 진짜... 반차 월차 내고 갈게요... 꼭꼭꼭 ㅎㅎ 해주세여..사랑해요 언니 훗훗,83개
13,sehor,"남자거할때 제발 모델은 노노 ㅠ...
진짜 흔남으로해주세요
모델은 아무거나입어도 다 잘어울림",4개
14,White,누나 진짜 제 이상형인데 ㅜㅜ 누가 못생겼대!!!! 죽을라규 베이비들이 말이야,55개
15,Hoan,샤웤ㅋㅋㅋㅋㅋㅋㅋㅁ쳤닼ㅋㅋㅋㅋㅋㅋ 이걸 이렇게 받아치네 ㅋㅋㅋㅋㅋㅋ,14개
16,YejiMun,가끔씩 주기적으로 이런 댓글들 읽어주는 것도 좋은거 같아요~~언니 인스타에서도 열심히 피드 잘 보고 있어욤 스텝분들 혜연언니 모두 건강 챙기세요🤗,6개
17,HWM,남자모델 지원합니다,52개
18,크림푸들새벽이의햅삐월드,03:13 같이 샤워한 적 있냐거~~~~~~~~~~너 거품 한 번 물어볼래??,37개
19,조니천사,혜연 언니 좋음 그냥 좋음 유투브는 물론이고 tv에도 언니나오면 계속 봄. 인스타도 계속 봄. 늘 존경하고 사랑해용~~^^♡♡,51개
20,유리,"0:52 브라렛 찾다가 왔습니다 좋은 정보 감사해요
1:32 제발 남자 매장들도 털어주세요
2:06 앞머리가 있어도 마도로스 모자 쓸 수 있을까요?
2:22 한혜연 님의 뒤를 이어나가고 싶은 사람들에게 격려의 한마디
3:22 착한 가격의 스니커즈로 스타일링 하는 법
3:32 트렌드 소개나 코디 예시 신상백 보고싶어요
3:56 남자친구 코디
4:30 체형별 코디, 수영복 코디 알려주세요
4:43 옷 관리법
5:29 4,50대를 위한 콘텐츠 해주세요",49개
21,Picklerick,"변신컨텐츠도 진짜 재밌겠다 !!!
사연올려서 추첨해서 메이크오버하는것도 진짜 좋은것 같아용 센스쟁이 슈스스 ~~!~!",26개
22,fox,"댓글 남기라고 안했지만 그래도 댓글 남겼어용!!!
아까 제가 언니가 영상애서 댓글남기라고 해서 댓글 남겼더니 언니(?)가 칭찬해주고 좋아요 눌러줬자나여❤️😘❤️",6개
23,별헤는밤,"와 진짜 에이지 타겟이 아닌 마인드타겟으로 입어라..
진짜 명언.......언니 돌아와서 넘 좋아여 ♥",12개
24,SoYoungYoon,"아 ...이 언닌 다 기억하고 있었구나 ㅠ.ㅠ
누가 댓글을 자주 적는지 
(속닥속닥 
언뉘~ 나도 기억해 줘요
업로드때 마다 보고 있지만 댓글 안 적을 때도 있거든요)",12개
25,김채영,너무 좋아요 슈스스는 말모말모❤️💖,16개
26,JoosLee,"... 악플 진짜 나쁜 사람들 ㅠㅠㅠㅠㅠㅠㅠㅠㅠㅠㅠ!
언니 진짜 완전 매력있어요. 정말 나쁜 사람들 말 신경쓰지 마세요",3개
27,jmp,혹시 구독자 메이크오버 가능하신가요 ㅠㅠㅠㅠ 꼭 좀 메이크오버 당하고 싶네요,7개
28,알통달통TV운동하는여자들,누나보면 기분이 좋아져용👍👍❤❤❤❤,34개
29,이잔디,언니 마음의 소리 왤케 귀엽죠? 하놔..,10개
30,무엘밤비노,밥블유2 한혜연님 나오는거 보면서 슈스스tv 보기!,5개
31,Guc99,I love youuuu ❤️❤️❤️❤️❤️❤️❤️❤️❤️❤️ i love your eyeliner on your eyes🤩🤩,1개
32,Picklerick,편집 너무 웃기다 ㅋㄱㅋㄱㅅㅋㄱㅋㄱㅋㅋㅋㅋㅋ,7개
33,fox,"2:47 선플선플선플선플💙




을 답시다",20개
34,안지현,7:31 언니의 이만큼에 백배 천배 제가 관심 많이 드릴거에요.흥,9개
35,라임주스,세상 러블리하심♡,5개
36,EY,말해모해~스트레스해소에 기분좋아지는 슈스스TV♡♡♡,11개
37,다섯시오분,"언니 남자꺼 대환영이야❤️ 
기념일이나 남친 생일날 참고해서 살 수 있는 것도 좀 보고 싶었어❤️
참 언니 열일도 좋지만 코로나 항상 조심하구 늘 건강해야해😆❤️❤️
오늘도 영상 잘보구 가🙌🏻❤️",4개
38,김새벽,남자꺼!!!!!!!제발!!!!!!!!!'ㅜㅜㅜㅜㅜㅜㅜㅜㅜㅜㅜ,3개
39,최낙승,예전에 우연히 10CC 매장에서 뵌 적 있는데 실물이 훨씬 예쁘시고 카리스마 있으세요. 뭐랄까 유니크한 느낌!! 40대 남자 패션도 다뤄주세요. 꼭!! ㅋㅋ 늘 응원합니다. 코로나 조심하시구요!!,12개
40,빵빵,언니 보고싶어쏘여... 😭😭,4개
41,fox,0:20 그럴려면 전화번호가 필요할텐데요 으흐흐흐흐흐 (농담❤️),9개
42,Picklerick,난 언니 유투브에서 보는것만으로도 좋아요 ♥♥♥,9개
43,Hoan,남자 베이비 빨랑 모여라이,2개
44,lastfridayD,핑크 정복기 플로럴 패턴 정복기 이런 것도 해주세요♡  페미닌 한 거 좋아하는데 슈스스에서도 보고 싶어요,6개
45,이규민,엄마가 보고 있어요 ㅋㅋㅋㅋㅋㅋㅋㅋㅋㅋㅋㅋㅋㅋㅋㅋㅋㅋㅋㅋ,6개
46,MJ,피부 왜 이렇게 좋아요ㅎ,4개
47,이제이,"50대...? 대박. 많아도 나이가있을것이니 40정도로봤는데
하여튼 상처받게 악플달지마라 좀 정신병자야",2개
48,몽코코,보면 유쾌해지는 슈스스!!,3개
49,,누가 악플을? 능력 좋고 성격 좋고 매력 있어서 질투하나 봐요~ 그럴 시간에 자기 계발 해라,2개
50,구상현,나도 무조건적인 사랑 보낼래!! 나는 이 누나가 그냥 느무 됴아*^^*,5개
51,최윤정,0:47언니 이부분 완전 기안팔쉽사님 같아욬ㅋㅋㅋㅋㅋㅋㅋㅋㅋㅋ,3개
52,이지나리,거품이 나는지 안나는지 어떻게 알앜 ㅋㅋㅋㅋㅋㅋㅋㅋㅋㅋ 존멋 울 슈스스언니 👍,2개
53,COFFEEWILK,언니 살 빼기 전에도 참 좋아했지만 살 빠지시니까 뭔가 더 밝고 에너지 넘치셔서 더 좋네요 ㅎㅎ 더더 이뻐지시고 좋은 컨텐츠도 마니마니 올려쥬세요♥,2개
54,콜미하나IamHana,2월 한달동안 언니 영상 없어서 삶의 낙이 없었어요~~ ㅋㅋㅋ 언니 누가 언니 보고 못생겼대요 참나. 언니의 매력에 빠져 못헤어 나오는중이에요. 저도 parsons 미대 나왔지만.. 증말 언니보면서 너무 부럽고~ 난 여태 뭐했나싶고 ㅜㅜ  그럴때도 있지만.. 언니 같은 훌륭한 스타일리스트를 보면서~ 대리 만족하고~ 고마워하고~~.. 또 이렇게나 좋은 콘테츠로~ 찾아와주시는데~~ 늘 좋아요 누르면서~ 저의 감사함을 소심하게 전합니다. 언니 정말 너무너무너무 훌륭하세요~~.. 다음생엔 한혜연으로 태어날래요.,9개
55,엘런,오십대엄마들 스타일링도 좀 도와주세요~~영상업로드 간절히 기원🙏🏽,3개
56,Pooh,컴온yo 리뷰ye~~~~,8개
57,부숴버릴거야,같이 목욕한적 있냐고 ㅋㅋㅋㅋㅋㅋㅋ 그래~ 목욕도 안했으면서 거품타령하지마~~~0ㅅ0~~~~~~~누구야~!!!,1개
58,toongsoo,말그대로 슈퍼스타 스타일리스트 최고신데 이렇게 소통하시려는 모습 넘 멋지시네요ㅜㅠㅠㅠ 세상에 패션바보 없는 그날까지 함께해욧 🌸💕,3개
59,배희진,진짜 조아요 진짜❤️❤️❤️,2개
60,장메리,아 이언니 진짜 너무 귀여워.......,1개
61,박재현,천벌동굴 정리 브이로그요,2개
62,09eifj,"언니 너무 귀여워요,,,",2개
63,도쿄카나Tokyokana,언니 존경합니다~~👍,4개
64,zzo,팬도 언니가 이마아아아아아ㅏ안큼 좋아요♥,3개
65,SeulkiLee,소리만 듣다가 순간 놀라서 화면 봄...ㅋㅋㅋ 브라렛 넵^^,2개
66,Rahee,2:10 ㅋㅋㅋㅋ언니ㅋㅋㅋㅋ술 만땅꼬 상태 같쫘나요ㅋㅋㅋㅋㅋ🤣뭘해도 사랑스런 한언니💛,5개
67,subinNo,와 구독자 진짜 많아졋다ㅠㅠ 예전에 진짜 적을때부터 봣는뎅!!,1개
68,햰쏭,남성 의류가 메인인 컨텐츠.. 기대합니다..,1개
69,YejiMun,"앜ㅋㅋㅋ동명이인분 댓글 읽어주시는데 제 이름 부르는줄 알고 깜짝놀랐어요 (하지만 나는 남자친구가 없다는 쩌엄^~^,,)",1개
70,김나현,키작통통녀는 도대체 어떻게 입어여? 살빼고 키크라는 말은 하지 말아주세여ㅠ,6개
71,셰일러moon,혜연언니 느무느무 좋아합니다!!!채널 맨날 돌려보기하는중이에요:),2개
72,junelee,07:35 익숙한 음악이 들리는데ㄷㄷㄷ 뉴스공장인줄ㅋㅋㅋ,0개
73,혼자걸어요,남자베이비는 대한민국 평균인 176과 모델 이상키인 186의 중간인 178로 해주세요 (무근본),1개
74,ZoooHP,"응? 언니 50대라구요....? 속았어
그래도 언니 진짜 유익하고 꼭 다 안사더라도 언니같은 슈스스의 영상을 본다는게 넘 좋아여 💗 하지만 언니 언니핏도 일반사람은 아뉘라는거..아시죠?? 언니 악플같은건 우리가 잘 뭐라고 할테니까 열일해줘용 사랑해여🙆🏻‍♀️🙆🏻‍♀️",2개
75,시옷미음SiotMieum,언니 라이브 또 해주세여 ㅠㅠㅠㅠ,2개
76,티본스테이크,"ㅋㅋㅋㅋ오늘 편집 재밌네요

다음엔 웃긴 댓글도 궁금하네요",1개
77,Handy,라이브 ㅋㅋㅋㅋㅋㅋ 하면 한번더 레전드 나옵니당 ㅋㅋㅋㅋㅋ 슈스스님 가시죠 ㅋㅋㅋㅋㅋ,1개
78,박어흥,좋아해요♥.♥,1개
79,jinyookang,슈스스님!! 빰빰스 tv 이민웅님이랑 지인이신거 같은데 남자 매장 털때 같이 콜라보 하면 너무 재미있을거 같아요😍,2개
80,1손님,요즘 갑자기 외모 물오른거 같다. 패션이야 이미 정점이구 ㅋㅋㅋ흥하자 슈스스 옷이 더 화사해진듯 늘 볼때 마다 깜놀 그냥 다 하자!!!!!! 관상을 보아하니 아직 정점이 아닌거 같아 더 올라가자 ㅋㅋㅋ,1개
81,EY,나도좋음♡♡♡기냥좋음♡♡♡,2개
82,LUNATICATK,진짜 우리 혜연언니 최고존엄유튜버야.... 세상 젤 멋져...♡,1개
83,슈루룽,슈스스님 멋지다😭,3개
84,바람튜브바람,패션의 완성은 자신감 😊 무한한 당신의 자신감 에 😘 #세계속의HanBok 도 또다시 열정넘치게 도전해 봅니다 🤩 함께하는 행복세사앙 희망가득 기쁜세사앙 긍정가득 소통세사앙 지구가득 평화세사앙 🌏🌈🍀,1개
85,사람이다,남성판 한혜연이 있었으면 좋겠다 진짜 너무 유익한 채널,0개
86,Ag,언니 ㅠㅠㅠ 너무 불쌍항 20학번 새내기들 개성 맞게 코디해주는 거 해주시면 안돼용??? ㅠㅠㅠㅠ,1개
87,한나무,그냥 언니의 에너지가 느무 좋아여❣ 유쾌하구 씬나고 멋지고 혼자 다하셔❣ 목소리만 들어도 기부니가 좋아진다요❣,2개
88,hohoho,"어머머머.. 나이 처음 알았는데 40대 중반인줄 알았는데 50대셨어요??😶
대박",1개
89,김민주,ㅎㅎ,3개
90,최정은,매번 하트 눌러주시는거 알람 떠서 알아요...❤ 소통왕!!! 다른 동영상은 댓글 잘 달지 않지만 슈스스는 댓글 씁니다! 앞으로도 채널 통해서 열심히 배울게요!,3개
91,10시05분,"언니 너무 귀여워용🧡💛그리궁 따랑해용💜❤
알럽뷰ㅜㅜㅜ😭😭💕💕💕",1개
92,DJ,방송 볼때마다 슈스스님 웃음소리랑 텐션 너무 좋아서 기분이 좋아집니당 콘텐츠들도 너무너무 유익하고요!  동영상 올라오는거 너무 기다려지고 기대되요 슈스스 언니 홧팅!!,1개
93,말랭이,"진짜 항상 긍정적이고 에너지 넘치는거 넘 멋져여ㅜㅠㅠㅠㅜㅜㅠㅠㅜ 예전부터 언니 방송에서 많이 봤지만 한결같으신 분,,,⭐️ 소통하는 모습도 넘넘 좋고 너무너무 아름다우세야><",0개
94,바다,"5:55 아니 언니,,, 50대라니요,,,, 나는 당연히 40대 초중반일줄 알았는데 지금 거의 설민석 강사님 나이 알았을 때 이후로 엄청난 충격이다,,,,",0개
95,구현,언니 마인드나 스타일 뭐하나 안사랑할수가없어ㅠㅠㅠㅠㅠ,0개
96,초이딴지일보,슈스스님..느무 좋은데..딱히 말로 몬하겠네요.밥블레스에서도 좋았어요!!!,3개
97,모바일핫스팟,진짜 혜연님만큼 위치에 비해 이렇게 겸손하고 해달라는거 다 해달라는분 처음봐여.. 그저 존경..,0개
98,단비처럼,사랑하구 사랑하구 행복해지구 잠시 서러움도 잊게되구 슈스스님 화이팅!!,0개
99,보라만두,근접샷 너무 좋아ㅠㅠ,1개
100,박예림,언니 너무 잘하세여!! 부러워여!! ㅠㅠㅠㅠ 언니 적게 일하시고 많이 버세여 정말❤❤❤❤,1개
101,EY,여성잠옷 추천요~개성강하시고 솔직한갬성 슈스스 울언니 쭈욱 보고싶네요~늘 응원합니다♡,2개
102,내생명줄,하 언니 제 롤 모델이에요.. 사랑해요ㅠㅠㅠㅠㅠㅜㅠㅜㅜ 하라는거 다할게요ㅠㅠㅠㅠㅠ 사랑해요 엉니ㅠㅜㅠㅠ,1개
103,SMN,요즘 신난 여자ㅋㅋㅋ 좋은 말 같은데 ㅋㅋㅋ 요즘 신난 여자 슈스스! 화이팅!!,0개
104,하루나ll,"언니 너무 좋아용ㅠㅠㅠㅠ
진짜루ㅠㅠㅠ
오늘도 영상 잘보구 가여!^3^
사랑해유♥",0개
105,리라,유캔체인지. 으흫으흫 땡큐 으흫 겁나웃겨요ㅋㅋㅋㅋㅋㅋㅋㅋㅋㅋ 요즘 웃을일1도없는데 푸핰웃고가여 이러니 내가 언닐 안사랑해??ㅜㅜ,0개
106,박지수,진짜 너무 좋아><❣️,0개
107,JJeong,6:41 웃는거 넘 귀여우셔용 같이 웃게 돼요ㅋㅋㅋ,0개
108,KyoungAJanne,우리 옆집에 아주 오래된 친한 언니면 너무 좋겠다ㅜㅜ 언니 30대 아줌마 필요하시면 말씀만하세요. 지구를 뚫고라도 갈게요~,0개
109,이은우,눈 화장 너무 매력적이야 ㅋㅋㅋㅋㅋㅋㅋ,0개
110,둥둥,피드백 너무 좋아요ㅠㅠㅠ 멋쟁이 언니야 당신,0개
111,IsabelLee,슈스스님 의 리뷰는 믿음이 간다는...,1개
112,진똥,옆카메라 슉슉보면서 진행하는거 너무 웃기고 재밌당ㅇ,0개
113,Picklerick,4:42 ㅋㄱㅋㄱㅋㅋㅋㅋㅋㅋㅋㄱㅋㅋㅋㅋㅋㅋㅋㅋㅋㅋㅋㅋㅋㅋㅋ,2개
114,Sunny,진짜 언니가 허락만 해주시면 다만 몇개월이라도 좋으니 옆에서 어시로 일배우고 싶을정도예요! 물론 무보수여도 괜찮.....아요!!❤,1개
115,박재현,남자베이비면 현철이님을 모델로 부디 세워주세요..남자 스타일링 영상이 목말라요😢,1개
116,돌돌홍셩,언니 벌써 구독자 수가 80만에  ㅠㅠ 10만일 때가 엊그저께 같은데 ㅠㅠㅠ 앞으로 더 화이팅!!,1개
117,오준영,진짜 최고의 매력녀🧏🏻‍♀️,0개
118,이정연,20대 남자 대학생이에요!! 매번 여기서 옷 트렌드도 알아가고 패션쇼보면 이게 뭔지 저게뭔지도 모르겠는데 여기서는 자막도 달아주시고 쉬운말로 해주셔서 너무 좋아요!! 유튜브 오래해주세요ㅜㅜ,10개
119,김유림,그냥 이 언니 느므 좋음 ㅎㅎㅎㅎㅎ 귀여워 언니,0개
120,뽕bboy,ㅋㅋㅋㅋㄱㅋㅋㅋㅋ,0개
121,현,고3 베이비 왔어요ㅋㅋㅋㅋㅋㅋㅋㅋ언니 영상 보면서 힐링하고 있어요 빅베이비 언니 사랑해요❤❤,0개
122,Hn,"전 언니의 시원시원하면서도 배려심 넘치는 성격, 하루를 즐겁게 해주는 유머, 사랑하는 일에 거침없는 열정과 애정, 근거있는 자존감의 완벽한 콜라보레이션이 너무 좋아요! 예에전부터 방송에서 뵜지만 뵐수록 더 매력뿜뿜하시는 분 같아요. 앞으로도 화이팅! 잘 보구갑니당~~",0개
123,범이이,남자브랜드 명품이나 컨템포러리 브랜드들은 슈스스tv처럼 소개해주는 영상들이 많이 없더라구요 남자 국내 컨템포러리 해외 컨템포러리 브랜드들을 다 털어주세요!!,1개
124,유아,언니 사랑해여❤❤,3개
125,김지원,"이지룩 페미니룩처럼 다양한 분위기에 패션용어 ~룩 설명 총정리 부탁드려요!!!
개인적으로 선호하는 룩을 볼때마다 데이터를 더 찾고싶은데 패션전공두 아니고ㅠ 용어가 한계적으로 알고있으니 답답할때가 여러번 있거든요😢 부탁드려요 슈스스님🤍🤍",1개
126,Danchu단추,댓글을 못 다는 건... 바로 다음 영상으로 넘어가서...,0개
127,뽀큐,모야. 앞으로 댓글 자주 달아야겠어. 사랑해 언니.,1개
128,쪼지뇽,"키작녀 패션위크는 능력밖이라면 키작녀 스타일링이라도 해주세요 😭
그리고 슈스스님 50대라니!! 최강동안이셨어!!",0개
129,김진주,드디어 유료광고 아닌 영상이야 ㅠㅠ 힝 좋다,3개
130,김예림,그냥 좋아해용~진심❤️❤️❤️❤️❤️❤️❤️❤️❤️❤️❤️❤️❤️❤️❤️❤️❤️❤️❤️❤️❤️❤️❤️❤️❤️❤️❤️❤️❤️❤️❤️❤️❤️,0개
131,ddd,언니 항상 너무 응원해요! 언니가 나온 방송ﻭ 유튜브 영상은 모두 빠짐없이 재밌게 보고 있답니다! 너무 멋있으시고 부럽고 스타일링 완벽하시고 사랑해여 💕,0개
132,신사비,언니님 돌아와서 너무 좋아효ㅠ❤️🥺,0개
133,정경림,언니 진심 50대? 넘 동안이세요~~~,1개
134,효홍,저는 슈스스님 너무 사랑해용 영상 진짜 너무너무 잘보고 있어요!! 저는 대학생베빈데!! 주변 친구들 보면 언니가 영상에서 소개한 저려미 구두같은거 다 신고있길래 어 너도 혹시 슈스스!? 이러면 다들 맞다고하고 ㅋㅋㅋㅋ 역시 언니는 유행의 선구자에요❤❤😄😄 암튼 너무 좋다는 소리에용🥰,0개
135,Johnshin,패알못이자 기본 스타일링을 한 옷이 없는 저는 용어정리와 스탠다드한 스타일의 옷 혹시 있을까요??,1개
136,JJ,❤️,0개
137,당근Dr,오... 남자 코디도 방송하신다니 좋은 소식이네요! ^^,1개
138,쏘로롱,사회생활 하다보면 인간관계에 지칠 때가 많은 데 언니는 참 늘 사람을 애정을 가지고 대하는 거 같아서 신기해요. 그게 언니의 가장 큰 매력이라고 생각합니다❣️,1개
139,HI,언니 영상 유투브에서 쭈우우욱 계속 계속 보고싶어요!! 너무 잘 보고 있습니다~!! 항상 화이팅입니다!! 건강 조심하시구여~~!!!,0개
140,HJK,누님 이렇게 입어라는 너무 어렵고 이렇게는 입지말아라 한번 알려주시면 안될까요 ㅠㅠㅠ,0개
141,정어,ㅋㅋㅋㅋ샤워하신적 있어요ㅋㅋㅋ 유쾌하게 받아치시는거 너무 재밌어요ㅋㅋ,0개
142,바다민달팽이,항상 잘난척하고싶으면 상대를 비난하구 그러더라..; 도수코때부터 느어어어어어어어어어어무 팬이에요 흑흑...... 언제나 좋은 컨텐츠들 너무 감사합니다~~~~!!!! ㅠㅠ!!!,0개
143,빼꼼,언니 사랑해요 티비도 유튜브도 많이 활동해서 자주 얼굴 보여주세요!,0개
144,김진영학부휴학디자인조형학부,누나 사랑해요!! ㅋㅋㅋ,0개
145,김소연,계절 별 기본템/필수템 알고싶어요ㅠㅠ 맨날 예쁘다고 옷 사놓고 정작 코디를 못해서 못입거든요😭,0개
146,LEeYejin,우리언니잘한다❤️,0개
147,김민주,져아,2개
148,여진,언니ㅠㅠㅜㅜㅜ 너무 존경해요 언니 ❤️❤️❤️❤️,0개
149,승호SEUNGHO,남자판도 해주세요ㅠㅠ슈스스님ㅠㅠㅠ,0개
150,,항상 재밌게 보고 잇어요 패션의 대한 시선의 폭이 넓어지는 느낌 너무너무 좋아요ㅠㅠㅠㅠ,0개
151,눈누난나,"혜연언니는 제가 닮고 싶은 어른이에요. 찐어른!!ㅋㅋㅋㅋ언니 바쁘신데도 영상 꾸준히 올려주셔서 감사해요. 요즘 언니 덕분에 얼마나 웃고, 힘을 얻는지 몰라요. 언니도 매일 웃으시길 바라요!! 건강 잘 챙기시고 즐거운 일만 가득하세요~:)♡",0개
152,스크림케익,남자콘텐츠하면 저 꼭 불러주세요 뛰어갈게여 ㅠㅠ,0개
153,minkisong,한혜연 누나 밥블레스유에 나오셨을때 신은 신발 브랜드 부탁드려요~~,0개
154,민또링TV,으아니~~~!!!언니 기다렸어요ㅋㅋㅋㅋㅋㅋㅋㅋㅋㅋㅋㅋ언니 영상 스타일도 보고 좋지만ㅋㅋㅋㅋ웃을라고 보는데 진짜 넘나리 보기전부터 기대쓰!!!!,0개
155,hami,혜연언니.. 컨텐츠로 연예인이 입은 궁금한 옷 찾아주기 컨텐츠 하면 안될까요?,0개
156,모바일핫스팟,"남자꺼 진짜 너무 부탁드려요 ㅠㅠ 
체형이 아주 작고 키도 보통인 남자부터 코디 방법 알려주시면 안될까요 ㅠㅠ 부탁드립니다",1개
157,김태현,"누나 사랑해요,,, 진심으로♥",0개
158,김혜원,언니를 갖고 싶어욧ㅠ ㅠ 제 언니 해주세욧ㅠㅠㅠㅠ 완전 좋아요,0개
159,jieunpark,전화해서 물어보고 싶었데❤️❤️❤️❤️❤️ 쓔스스 언니 짱 ㅋㅋㅋㅋ,0개
