﻿,youtube_id,comment,like_num
0,슈스스TV,* 영상 중간 노이즈 문제로 수정본 영상으로 재업로드 합니다. 기다려주신 시청자 분들께 혼란을 드려 죄송합니다!,350개
1,fuzzypants달꿈이,"영상이랑 상관없는 글이긴 한데...슈스스언니가 새로 산옷 애끼지말고 당장 입고 나가라고 해서, 정말로 담날 출근할때 새옷 입고 나갔는데, 기분이 넘모 좋았어요ㅠ 애꼈다가 중요한날 입어야지 했는데, 중요한날이란건 멀리있지않고 당장 오늘 내일이 나에겐 소중한 날이라는..? 생각이 들었습니다! 컨텐츠 언제나 잘보고있어용 ♡ 슈스스 언니도 행복한 하루 보내세용",11개
2,가나요,"이 영상의 백미는 가격을 이야기 할 때 정작 자신도 살짝 어이 없어하는 아름다운 미소.
뭐 그래서 명품이지요.",291개
3,AlexanderCho,에르메스까지 협찬받는 슈스스 클라스!! 대한민국 유일할듯,243개
4,귀여미팬더,"에,루,샤 3대명품회사가 협찬해주는 슈스스 클라스 말모말모~♡ 루이비통 매장털기도 보고싶다면서~~>_<",246개
5,inxcursion,Hi! I am a fan from Malaysia :D I really love to watch your videos especially on brand and handbag reviews from you Hye Yeon Unnie ~ Hope to see more videos with English subtitles <3,5개
6,anne,"2020년 ,,,, 퓨처 테크놀로지를 반영한 각 브랜드의 네이밍들이 인상적이네요. 가방은 일종의 아트라면 예술은 시대를 반영... 파격적이고 새로운 컬러의 디자인을 통해2020년 디자이너가 전달하고픈 메시지가 느껴지네요",24개
7,BulgogiKimchi,제가⃕ 아직 미자긴 한데 보면서 너무 이쁘단 생각이 들었어용..저 성인될때까지 계속 리뷰해주세요 살께요..ㅠㅜ,14개
8,마카롱,"❤여러분을위한 타임라인❤
0:35 💚에르메스💚
1:30  💚펜디💚
2:32 💚지방시💚
3:36 💚발렌티노💚
4:42 💚생로랑💚
5:41 💚마르니💚
6:41 💚스텔라 매카트니💚
7:41 💚폰타나 밀라노1915💚
8:40 💚아크네 스튜디오💚
9:40 💚조르지오 아르마니💚
10:40 💚끌로에💚
11:39 💚구찌💚
12:01 💚디올💚
12:35 💚델보💚
13:02 💚로저비비에💚
13:30 💚루이비통💚
13:48 💚멀버리💚
14:16 💚모이나💚
14:50 💚미우미우💚
15:39 💚발렉스트라💚
16:21 💚발렌시아가💚
16:46 💚보테가 베네타💚
17:15 💚샤넬💚
17:50 💚셀린느💚
18:11 💚콜롬보💚
18:32 💚토즈💚
18:59 💚톰포드💚
19:34 💚프라다💚

❤모두건강하고 행복하세요❤",264개
9,EUNJINSHIN,진짜 오래 찍으셧을텐데 에너지가 떨어짐이 없이 완주 하시다니 😻😻😻,108개
10,나라둥이,"명품이 명품했다!
명품을 설명하시는 슈스스님의 설명자체도 명품♡♡

이런거 공짜로 볼 수 있다는게 축복",12개
11,SiyeonKim,남자 지갑 이랑 남자 잡화도 해주세요 ㅠㅠㅠㅠㅠㅠㅠ ㅠ🥰🥰🥰,119개
12,EUNJINSHIN,정보력. 흥미. 미장센. 뭐 하나 빠지는게 옶는 역시 혜연님이 짱이에오. 비교불가,21개
13,포푸리Potpourri,근데언니.. 9:49 아르마니백에서는 얼굴을 웨 핸들안으로 넣어서 얘기하신거에요..?ㅋㅋㅋㅋ 갑자기 혼자 빵터졌어요ㅋㅋㅋ😆😆😆 뭔가 너무웃겨ㅋㅋㅋㅋ 가방소개가 이렇게 재밋을일이냐고요..😂😂🤣,150개
14,김영선김영선,이 사랑스러움 을 어찌할꼬 암튼! 고생했슈 슈스스 화이팅♡ㅋㅋㅋ,8개
15,헿헤헿,"다양한 가방을 많이 보는것도 좋은데 
실제 착용샷이 없어서 좀 아쉬워요. 
1,2탄으로 나뉘어서 좀더 자세하게 올라왔으며 하는 바램..",60개
16,SoYoungYoon,"언냐 선댓 후 감상 할게~
신상 베이비들 너무너무 기대 된다능~
너무 열일하는 언니를 살앙하는 내 맘 알쥐 😘
* 00:11 어..언냐 ....박쥐가타...;;
후 감상 댓글 ㅋ
다 맘에 들지만 그중에서 딱 두개만 픽하라면 ,
발렌티노의 마이크로 미니랑,멀버리 넘흐넘흐 맘에 든다면서 가격대도 백마넌선이라 쪼매 부담이 덜 간다능 ㅎㅎ",3개
17,,"슈스스 + 백 = 살건아니지만 일단시청
(그리고 심심할때.. 씻고나와서 스킨케어할때 틀어둠)",90개
18,하에반,앞에 에르메스 백이 너무 강렬해서 나머지 백들이 눈에 안 들어오는 부작용이 ㅜㅜㅜㅜㅜ,134개
19,박범준,"명품을 귀에 콕콕 박히고 재밌고 전문적으로 설명하는 유튜버는 슈스스 한혜연 누님 밖에 없으시다...(난 이모라고 불러야하나...ㅎ)
덕분에 명품에 대해서도 공부 중이예여^^
담에는 루이비통, 버버리, 디올 매장털기 해주세요!!",18개
20,tokyoeun,13:49 한물 간 줄 알았던 멀버리가 이렇게 이뻤냐며!! 허리띠 풀러야 느낌 산다며!!!,64개
21,유지연,하 넘모 이뻐...,5개
22,다리,존버성공.... 이 언니는 백이 진리다...,56개
23,나야나,고생하셨습니다 👏👏👏👏,5개
24,정동주,슈스스누나 ! 매번좋은영상때문에 제가 남달라지겠다며.. 너무 사람이 달라지고있다면서..,4개
25,miniminimini,태어나서 처음들어보는 브랜드를 슈스스보고 접하고 있자놔~💜,40개
26,v꼰닙,진짜 슈스스 최고야 이건 슈스스밖에 할 수 없는 콘텐츠ㅠㅠㅠㅠㅠㅠㅠㅠㅠ이 영상을 무료로 볼 수 있게 해주시는 슈스스님께 너무너무 감사의 말씀 드립니다❤️,2개
27,간단하게,와 에르메스 진짜 예쁘다...... 명품에 관심없고 돈도 없는데......... 너무 예쁘네요ㅠㅠ,13개
28,92yungenie,우아ㅏ아어아아 마르지엘라백 사려다 황급히 유턴해서 끌로에 사러갈거레여!!!!! 항상 감사해요 슈스스 최고체고초기최고✨♥️,2개
29,현이,생로랑밖에 안 보여요 🥺🥺🥺💕,3개
30,박하별,클로에백 진짜이쁘네여~자수해서 광명ㅋㅋㅋ진리입니닼ㅋㅋ,3개
31,서강민,"어떤 컨텐츠든 좋으니
쉬지 말고 일만 해주세요 ㅎㅎㅎㅎ
진짜 잘 보고 있어요!!
남성 컨텐츠는 따로 계획없나요? ㅠㅠ",3개
32,사비나Savina,내부가 어마어마한 공간이있다고 보여주시려하는데 그 장면에서 왜 자꾸 측면에서 찍은 카메라 화면을 보여주시나요ㅠㅠ,4개
33,김달달,250만원 이하 중저가 명품 미니백 시리즈 !!! 보고싶어요!!! 300넘어가면 사기 망설여져서 ㅜ 100~250만원대에 미니백 소개 너무너무 원해요!,31개
34,허지원,"슈스스 언니 채널 보면서 욕구 충족하는 사람입니다 ㅎㅎ 셀린느 백 보니까 언니가 혹시 되신다면 셀린느 매장도 털어주시면 어떨까하는 생각이 들어서요! 저의 소소한 바람입니다! 
늘 좋은 컨텐츠 감사합니다^^ 건강챙기세요~",61개
35,SeheeLim,언니 예전에 했던것처럼 2020 명품 지갑도 한번 더 해쥬세여 ~~❤❤❤,3개
36,SunK,가방 사려고 보던 중인데 진짜 유용한 정보 💚💚,4개
37,까미네,찰영하시느라 진짜힘드셨겠다 후아후아 셀린이랑 끌로에존예..,44개
38,양갱,끌로에  멀버리 내취향이쟈나여.... 적금깬다..,4개
39,Nathalie,Please adopte me <3 XD,1개
40,jieunpark,200만원대 300만원대가 왜케 아무렇지 않은느낌이들게 너무나 설명을 잘한다는 점!,73개
41,BORA,언니가 들면 다 예뻐보여...,4개
42,YURAHA,"보라는 자수디테일은 안보고 ‘자수해서 광명’ 
자막디테일에 낄낄 거리는 나란 베이비.. 아니근데 저만 그런거 아니죠??",11개
43,helloworld,커피 다섯잔은 마시고 시작하는 듯한 텐션~ 엄청 많은 가방을 끝까지 꼼꼼히 설명해주셔서 감사해요~,21개
44,나현김,2020년 가방은 누가 리뷰 안해주나 했는데 이렇게 나왔네요! 감격 ㅜㅠㅜ 지금도 더할나위 없지만 지갑도 나오면 좋을 것 같아요 ㅠㅜ,94개
45,김도영한승우미친,어떡해ㅠㅠㅠ 학생이라 못사는데도 너무너무 이뻐서 계속 보게돼요ㅠㅠ 너무이쁘다 슈스스님이 설명해주시니까 더 이쁜 거 같아요ㅠㅜ,1개
46,SeeneaJung,Respekt🔥🔥🔥👏🏻👏🏻👏🏻👍🏻👍🏻,1개
47,뿌엥,11:55 ㅋㅋㅋㅋㅋㅋㅋㅋㅋㅋㅋㅋㅋ가방 넓다고 표현한것 중에 제일 신박하고 웃긴 표현ㅋㅋㅋㅋㅋㅋㅋㅋㅋ,4개
48,SNA,"인정했쪄~~구독도 눌렀쪄~~
ㅋ",3개
49,김옥찌,"살 수 없지만 끝까지 보게 되는 ,, 슈스스 ,,",2개
50,궁당,나나나나 언니가 헬로 베이비들 하는거 들을 때마다 기분이 너무 좋아져요ㅠㅠㅠㅠㅠ  ㅠ사랑해언니ㅠㅜㅜㅜ,1개
51,그냥그래,살 많이 빠지셨어ㅠㅠㅜ,4개
52,양은지,아 남편이 명품백 사줄까할때 이 영상을 미리 봤더라면🤣,12개
53,JH,몰랐던거+제 취향인거 다보여줘서 클라스를 느껴요❤️❤️❤️❤️❤️그래서3번째 돌려보고있어영,6개
54,정다희,"15:17
만두... 아니 미우미우",1개
55,fromUtopia,19:02 헉 톰포드 취저....♥,2개
56,AnnaJeon,셀린 진짜 너무너무너무너무 예쁘다 ㅠㅠ,3개
57,LoveH,"슈스스 언니~~* 유툽 영상 보고 티비 켰는데 홈쇼핑에서 언니 나와서 넘 반가워용ㅎㅎㅎ
수트 주문완료 ㅋㅋㅋㅋ 
종횡무진 활동 응원합니당",3개
58,12,언니 부담없이 대부분 다 입을 수 있는 트위드자켓 추천해주세요ㅠㅠ💖,1개
59,달리아DAHLIA,가방들 다 너무 예쁘다 ㅠㅠ 10:43 끌로에 제 스탈인데...넘 갖고싶다고 느꼈는데 역시 슈스스님도 개인 소장중이라니😍 마르니 리버스트렁크도 대박 ㅠㅠ 가방 부페 맛집이로세~~❤ 슈스스 사랑해요🥰,8개
60,리횬,모이나 빽 넘 이뿌당 😍❤️ 언니 친구분 능력 오졌다,3개
61,최슬기,머리들어갑니닼ㅋㅋㅋㅋㅋㅋㅋㅋㅋㅋㅋㅋㅋㅋㅋㅋㅋㅋㅋㅋㅋㅋㅋㅋ콧물나왔어요 언니...ㅠㅠㅋㅋㅋㅋㅋㅋㅋㅋㅋㅋㅋㅋㅋ,2개
62,YSLee,"토즈 흰/갈색 백 진짜 이쁘다..
마르니, 미우미우 흰색이랑 델보도 예쁘고.",1개
63,Hayounghee,아르마니 마르니 거어어어업나 예쁘다,5개
64,BKCha,역시 스케일이 다르네요><! 방구석에 앉아서 50개 명품백을 구경할 수 있다니!!! 슈스스님 수고하셨어요!! 마르니 리버스 트렁크백 앓이중이에요ㅠ 너무 이쁘네요.,12개
65,최정은,델보 보고 오! 좋아하는 스타일!!! 하면서 저장저장... 하고 있었는데 루이비통... 루이비통이 루이비통 했네요... 진짜 매력적이에요...,1개
66,AnnLee,우와우와 역시 슈스스님~~~~~ 고생하셨어요 사랑해용><,3개
67,허니스킨먹방로그honeyskinMukbanglog,이공이공 에쓰에쓰 너무 귀여워 울언니진짜ㅠㅠㅠㅠ❤❤❤❤❤❤❤❤❤❤❤❤❤❤❤❤분명히 저포함 여성분들 다들 설레어하면서 기대하면서 볼듯..ㅎㅎ,27개
68,YULIFE유라이프,가방맛집이네진짜로ㅠㅠㅠㅠㅠㅠㅠㅠ뷔페다!!!!우와!!!,3개
69,도빈에게,누나 대댓글로 저한테 헬로우베이비 한번만 해주세요!!!👶🏻👶🏻👶🏻👶🏻,41개
70,JeeeunYi,항상 좋은 패션 아이템들 솔직하게 소개해주셔서 감사합니다 :) 사회초년생에게 추천하는 명품백 소개도 다음에 기회가 되시면 해주실 수 있을까용? 감사합니다~ ㅎㅎ,3개
71,JiwonKang,오 진짜 공부한 느낌 사고 싶은것도 발견했고 처음보는 브랜드도 알아가서 넘 잼있었어요!!!!,1개
72,NANOKIM,"첫번째 가방 왼쪽에 검정색 가방이요
혼다에서 가방도 만드나 했네요 🤣",2개
73,미스터조카탈로그,"아르마니, 끌로에, 디올, 샤넬거는 진짜 갖고싶다ㅜㅜㅜ 다하면 천만원이 넘겟지ㅜ",2개
74,쪽빛하늘,20:38 최고의 명장면~~~^^,3개
75,김애봉,"혹시 젊은 층 말고, 50~60대 엄마 선물로 적합한 명품백 소개도 가능할까요 뭘사드려야할지 모르겠네요..",8개
76,paige,16:23 파리바게트에서 영감받은 것 같은데요,10개
77,YSLee,델보 가죽이 그렇게 좋다던데..,1개
78,라잇웨잇베이베,와... 백이 이렇게 예쁜게 많았다니... 남자인데 빠져드네ㅋㅋ,1개
79,KangRaHee,내가 이걸 다 살수있으면 그전에 자차. 자가가 있었겠지?...... 내가 명품이 되어야겠다....ㅠ,9개
80,50대몸짱TV,나는 왜 이걸 보고 있는 것일까ㅡㅡ 근데 재밌음^^,26개
81,금지언니Jewelryroom,슈스스 클라쓰💛 마르니백이 제 맘을 후벼파네요 ㅠㅠㅠㅠㅠㅠㅠㅠㅠㅠㅠㅠㅠㅠㅠ,2개
82,SoonKwon,진짜 무슨 빨려들어가 항상 보면은 그냥,10개
83,민혜경,"미쳣다리미쳣다리!!!!! 이 협찬력 어쩔
사지 않아도 너무 재밋어용!!! 자주자주 소개해주세용",1개
84,이다람,톰포드 실버는 은박돗자리같아 보이는건 저뿐..?,1개
85,왼발오른발,내 친구 패디과인데 슈스스 채널보면서 배우는거 많다해서 들려보니 역시 언니 최고,1개
86,나는나너느너,진짜 비싸다.. 생로랑 이랑 루이비통 이쁘다 ㅠㅠㅠㅠ,1개
87,hojaekim,아크네 머야 진짜 어머어머어머어머,5개
88,수영,하 머야 아크네 존예,3개
89,롬멜,여기 있는 얘들은 돈 들이 많나보아....,1개
90,박설희,"이공이공~ 에쓰에쓰으~
눈은 너무 즐거운데 맘대로 살 수 없으니 속이 아파요 언니😂",1개
91,히치,밀라논나랑 같이 컨텐츠 해주세요 ㅠㅠ,3개
92,젤리귤,"직접 명품관 가더라도 언니가 설명해주는만큼 못볼거가태!! 
미우미우 저런 프린팅된 백은 평소에 보면 저런건 누가 산담? 하던건데 언니가 소개해주니 새롭게 예뻐보여요
패셔니스타도 아니고 어쩌다 이벤트로 명품가방 사는 저는 한번사면 뽕뽑으려고 지겨워지지않는 무난하고 클래식한 디자인 위주로 보게되는데 슈스스언니가 알려주니까 이런 트렌디한 디자인도 구매해보고싶단 생각이들어요
언니 근데 무슨펌 한고에요? 느므예쁨",29개
93,김영민,"명품이 좋은건 아는데 내 취향은 없네여
 언니 전에 소개시켜준 호재가방 ㅠㅠ",1개
94,김왈왈,아르마니 진짜 귀엽다...모이나백도 넘이뻐요ㅠㅠ가격이 진심 넘사...,1개
95,KimDianna,"대박적모먼트♡♡ 우리 슈스스님아니면 뉴가하늬!?!? 율.ㄹ  따위는 따라올수없..
와진짜... 에르.샤.루이.생로 에서 이렇게 협찬하다니....우리 슈스님 클라스 말모말모~♡♡",1개
96,김정은,2-30십만원대  저렴이 가방도 소개해 주세요  참고로 저는 40대 후반 직장맘이에요,2개
97,하늘,진짜 언니가 추천하는건 믿고 사는것같아요ㅠㅠㅠㅠ 내 통장은 언니의 것 내 월급은 언니꺼♡,1개
98,awesomedays,하 미쳤다 에르메스 너무 귀여워,1개
99,방수현,기다리고기다리던백특집! 리버스트렁크백 낙찰입니다요. 요리봐도조리바도 트렁크백 맘이 영 안갔었는데 뒤집힌거보고 바로 반해버렸어요! 코로나 끝나면 바로 내품에. 감사합니다,23개
100,시영파파,헬로 베이비.. 신상 가장 흰장갑끼니깐 더욱더 제품에 집중이 잘되는것 같아요.. 잘보고 갑니다. 이건 나중에 볼영상으로^^,1개
101,덤보옹동이,콘스탄스 돈있어도 안팔아서 못 사는ㅠㅠㅠㅠ,1개
102,Gahespainting,진짜 이 채널만 가능하네요~ 한꺼번에 모아보니까 자신의 취향도 더 잘 파악되는 것 같아요. 눈호강했어요~!,1개
103,EZ2LUV,셀린느 너무 예쁜데 가격미정이라니 ......🥺,8개
104,용클에스더NZ,언니 진짜짱. 명품을 DDM 스타일로 가방더미를 만들어 놓으셨어..,5개
105,Rahee,"세상에나 50피스까지~~능력자 한언니~~
얼핏봐도 이쁜거 깔렸네요~
설레는 맘으로 오늘도 감사히 잘볼게요 언니💛",51개
106,박지희,끌로에에서 멈췄습니다..,4개
107,kimGeneral,호우 슈스스랑 패션위크 다녀온 기분ㅋㅋㅋㅋㅋㅋ,1개
108,fofosilK,"정말 세상 어디에도 없는 언니만의 스케일!
오늘도 넘 이쁜 가방으로 눈호강 했어요에❣❣❣",1개
109,PhinesaMalroy,"No Idea what she is saying but I love her on ""I live alone""",13개
110,aryepsun,"진짜 설명력이 어마어마해ㅠㅠㅠ
전문적이고 유쾌하고 귀여우시고 그냥 최고ㅠㅠㅠ",3개
111,장민석,이 누님은 최.고. 그 자체다.,1개
112,엘리나,"언니~~ 등에 스카프 연출하신거예요? 아님 옷에 같이 있는건가요?😣
10:45 끌로에 백 내취향이지만 200만원대😭😭😭😭😭😭😭😭😭😭",3개
113,워네,와 진짜 역대급이네요👍👍,2개
114,TNJ,저게 다 알마야 ㅠㅠㅠㅠㅠㅠㅠ,1개
115,이경주,"꺄아~~~말모말모~~~~
언제 하시나 했더니~~
다 이뻐서 뭘 사야하나용.. 
끌로에구매각!",2개
116,윤땡굴,콘스탄트 ㅠㅠㅠㅠㅠㅠㅠㅠㅠㅠㅠㅠ,1개
117,윤승학,누나 진품명품보는거같아여 장갑끼는이유가 손때묻을까봐 그런거죠 지문같은거 감정하는게 수사하는거같아여,21개
118,OnLe,슈스스님 오래~~사세요🙇🏻‍♀️,2개
119,젤린젤린,4백.. 5백.. 7백만원에서 0하나만 빼면 안돼는걸까...너무 비싸ㅠㅠ,1개
120,JamieJ,개인적으로 로저비비에 백 진짜 너무 예쁘네요ㅜㅜ 와우 슈스스님 감사해요 이렇게나 많이 준비하셔서 소개해주시고💚💚💚💚,1개
121,ParkYeeun,ㅋㅋㅋ머리 들어갑니닼ㅋㅋ뭐냐구옄ㅋㅋㄴ짜,1개
122,박채원,11:55 매력쟁이...💗,4개
123,TaesungChris22Kim,남자 옷이나 아무거라도 해주세요 ㅠㅠㅠ,1개
124,수현,슈스스 클라스 너무 좋습니다 ㅠㅠㅠㅠㅠㅠ 백 소개할때가 젤 재밌어욬ㅋㅍㅋㅍㅋㅋㅎㅋㅋㅋㅋㅋ ❤️❤️,1개
125,rose3642,이텐션어쩔~~~ㅋ ~ㅋ나까지기분좋아짐~^^~,1개
126,뚜야,언니 특유의 말투때문에 지루하지않고 너무재밌어용ㅋㅋㅋㅋㅋㅋㅋㅋㅋ,1개
127,신디,포인트만 딱딱~ 역시~~ 앉아서 저는 너무편히 넘잘봤어여~~~ ㅜㅜ,1개
128,Verygood,역대급 인정~!! 신상백들 잘 보고 갑니당~♡♡,1개
129,둘리,마르니 리버스백은 대게 눈깔이 튀어나온 것 같네요.,2개
130,벤티벗어,가방 다 이뿌다 ㅠㅠㅠㅠ,1개
131,emmakim,구찌 탑핸들 홀스빗 넘나 고급지고 여성스러우면서 캐주얼하고 엉엉 ㅠㅠ,1개
132,mono,헬로베이비들~하면서 들어왔는데 진짜 바로 나오네ㅋㅋㅋㅋㅋㅋ,1개
133,김정은,13:50 가격도 합리적이구 예쁜백이네요!,2개
134,HM,보테가ㅠㅜㅜㅠ 보테가는 사랑입니다..,0개
135,김은희,언니 마지막에 음~~뫄~ 하는거 오늘 유난히 귀염스하네염,1개
136,가루김,시작부터 텐션ㅋㅋㅋㅋㅋㅋㅋㅋㅋㅋㅋㅋㅋ영상감사합니다♡,1개
137,마구니구니구니,이쁘다..ㅠ,1개
138,빠쭝뽀쭝,"슈스스만 할수있는 컨텐츠야  
에르메스🤭🤭 샤넬🤭🤭",80개
139,SUHEUNLEE,언니가 젤 기여워여 ㅠㅠㅠ,1개
140,이지데,이번에는 이쁜 가방이 하나도 없는거 같네요 ㅠㅠ,2개
141,reneesanghwalove,"우리언니 그루브보소...
0:03",3개
142,힐링채널오로라공간,오마이곳!!❣️👍,1개
143,SuranKing,프라다 너무 이쁘다,1개
144,박민민,100만원대가방도해주세요!!!!,3개
145,둠칫,와 지방시 너무 이쁘다,1개
146,김선주,꺄아아아악♡♡♡너무좋아 팬트들고 소리질럼ㅁㅁ,1개
147,한성숙,"아...
다 예뻐서 큰 일.....",3개
148,김소영,"구매욕구 상승 슈스스 언냐 설명 귀에쏙쏙 
드루와용^^",1개
149,ingW,"너무너무 이쁜 아가들이 많구나..ㅠ 빨리 돈 벌어서 찾아갈겡ㅠ🥺
저런건 다 어디서 어떻게 사야되는거야..ㅁ",0개
150,곽수정,좋은영상잘보고갑니다,1개
151,도노보노,볼려구 아껴뒀다가 갑자기 사라져서 놀랐어요ㅠㅜㅠㅠㅜ 선댓글 후감상!! 오늘도 눈호강하고 가요❣,1개
152,manppark,👍👍👍👍👍💕,0개
153,나때는더블샷,언니 진짜 ㄹㅈㄷ 💕,1개
154,판다판다,Fㅔㄴ디 호우~!!!! 같이 소리 질렀어요 언니ㅋㅋㅋㅋㅋㅋ,1개
155,정씬이,이모 오늘 제목 읽느라 고생했어유,1개
156,DIAsLife,와 다 너무 이뻐용 :O,1개
157,C케이크,마르니 미쳤어..........아르마니 델보 모이나 너무  이뻐요.... 전 레트로 무드 있는 가방이 참 좋네요😍😍😍,1개
158,지니,언니 이제 새내기가 돈 모아서 살만한 지갑이나 가방이랑 신발 같은것좀 추천해주세요ㅠㅠ❤️,1개
159,현승희,머싯당 이쁘다ㅏㅏ,1개
