﻿닉네임,댓글,좋아요수,날짜
문영선,할 바디컨디셔너 싄세계.... 여름에 로션바르기 엄청 귀찮은데,21개,2020. 5. 26.
KangRaHee,저는 건성이기도하고 지성이기도해서 아주 미쳐불겠어요 ㅠㅠ 나이먹으니 피부도 타입이 바뀐다며... 오늘도 참고해서 필요한건 겟 하러 가겠습니다요❤️ 언니 요즘 다이어트 난리났다며...ㅋㅋㅋㅋ부럽다며.... 나는 큰일났다며....힝 ㅠㅠㅠㅠㅠ❤️,4개,2020. 5. 26.
댕댕,1591000원..? 앗 천원 부족해서 못 사겠ㄷㅏ ㅎ,75개,2020. 5. 26.
PO824,"여자시계추천해주세요 어떤옷에도 맞는 시계나 요즘유행하는것부터 클래식까지! 가격착한 아이들도 있었으면 좋겠습니다!
제가 대학생인데 깔끔한 미니멀패션을 좋아하지만 이중인격인가 싶을정도로 스트릿패션같은 힙한 옷들도 즐겨입어요... 그래서 좋은 시계를 사고싶어도 가격대가 있고 입는옷에 어떤시계가 어울리는지 참 어렵더라구요...",108개,2020. 5. 26.
SoYoungYoon,"어머어머어머!!!!!!! 
(5 옥타브 높인 돌고래 탄성) 
언니 ~ 초반부터 그리 강력한 물건을 자랑하믄 어트캐욬
넘나 갖고 시퍼서 영상 미쳐 다 못보고 주문먼저 하러가요~
( 언니가 언급하는 순간 우리 베이비들이 다 사는 바람에 품절 되걸랑요)ㅋ",4개,2020. 5. 26.
NanahJeong,전 이달의 피크가 젤루 좋은 거 같아요 뭔가 아기자기하면서 디테일한.! 어쨌거나 저 진저백사러 갑니다~고마와요 언니~💗,3개,2020. 5. 26.
SoominLee,패피백 얼마게? 사만! 오천원! 할때 베이비는 온몸에 전율이흐릅니다 하아~~~,3개,2020. 5. 26.
뿌하,지금 어디 함부러 놀러갈수없는게 다행이라고 느껴지는 느낌 이 드는건 뭘까요 언니... 😂😂,3개,2020. 5. 26.
여행유튜버RollinJoint,4월의 피크처럼 피크를 길게 삐이잉이이이이이이크으으으으으으응으 해주세요!! 너무 그때의 신나는 목소리 듣고 싶어요💖💖,21개,2020. 5. 26.
BizzyKong,메모지를 보면서  느낀건데 화장실에 달아서 휴지 달아놓고 싶다..,3개,2020. 5. 26.
악을치유할시간,와!!! 진저백!!!,13개,2020. 5. 26.
zzingzzing,책상위 있어보이는 그 느낌적인 느낌~ ( ᵕꈊᵕ ),3개,2020. 5. 26.
안녕희주무세요Gnite,진짜 친한 언니랑 같이 밤에 떡볶이 먹으면서 쇼핑템 자랑하는 거 듣는 느낌,50개,2020. 5. 26.
찌밍구,편집스타일 너무 좋앙🤭ㅋㅋㅋㅋㅋㄱㄲㅋ,6개,2020. 5. 26.
구상현,아 누나 이뻐여!!ㅠㅠ,12개,2020. 5. 26.
서정원,편안함과 전문 지식~♥,6개,2020. 5. 26.
NaVee나비,"처넌은 모냐며 ㅋㅋㅋㅋㅋㅋ진심 ㅋㅋㅋㅋㅋㅋ
한알에 5백원 이라니 깨알 같은 정보🙆‍♀️❤️",47개,2020. 5. 26.
JMHellena,"쉴틈 없는 쇼핑 꺅!! 스웨구 😉, paw paw 제품들 지난주 언니 인스타보고 제품에 대해 찾아보고 바로 구매했어요 ^^",3개,2020. 5. 26.
AhramHan,"언니 나야나 헬스장 다닐때 샴푸,린스,바디워시 올인원으로 챙겨가고싶었어......",17개,2020. 5. 26.
JudyLim,언니 커스터마이징하는거 브이로그 한 번 찍어주세요 ㅠㅠ,3개,2020. 5. 26.
최나은,10:46 메모 디스펜서 구매처 ✍️📜✔️ 오티드 - instagram.com/otide_seoul ✔️ 금속 공예 작가 조플린웍스 - instagram.com/joplinworks_studio,6개,2020. 5. 26.
TV3분,이번 픽에서는 나도 뭐 하나 사봐야지 했는데 만두 모양 파우치가 눈에 쏙! 근데 가격잌ㅋㅋㅋㅋㅋㅋㅋ만두나 돌려먹어야지...,32개,2020. 5. 26.
,5월 픽은...왜 다 제취향이죠...?ㅜㅜ 첨에 백이랑 스터드 박은 신발이랑.. 치마랑.. 다 이뻐우ㅜㅜㅜ,33개,2020. 5. 26.
김서은,언니이이미이ㅇ이미잉~~~ 여름 롱원피스도추천해주세요오오~~~좀저렴선에서요ㅜㅜㅜㅜㅜㅡㅜㅜㅜㅜㅡㅜㅜㅜㅡㅜㅜㅜㅜ20만원 아래....?ㅜㅜㅜㅜㅜㅜㅜㅜㅜㅜㅡㅜㅜㅜㅜㅜㅜㅡ 롱롱~~원피스~~~~~~~,20개,2020. 5. 26.
유선,가방 가성비 대박이다... 이건 사야된다,37개,2020. 5. 26.
JennySong,🥰🥰,2개,2020. 5. 26.
김미혜,"5:26 1,591,000언 이여 언늬?
ㅎㅎ 제 지갑을 지킬수 있었어염♡",35개,2020. 5. 26.
김진도JindoKim,꺄!!! 근무시간 중 보는 슈스스 꿀잼 🍯💕🌷 꽃꽂이 책 주문하러 갑니다 슝슝,2개,2020. 5. 26.
toongsoo,이번 템들 완전 취향 저격ㅠㅠㅠ 독특한데 꽤 무난하고 데일리하고 귀여운데 디테일해요ㅋㅋㅋㅋ 넘 기엽네요!!!!!! 특히 저저 가바앙!!!!!!!!!!!! 내꺼하자...,2개,2020. 5. 26.
강현희,요새 지루하고 걱정많은 일상에 언니 영상 올라오는날은 소소한기쁨이 있는 날이 되엇어요ㅋㅋ 자주 올려주세요.. 전 특히 샤워할때랑 회사에서 빡칠때마다 봐요,2개,2020. 5. 26.
JJ,🖤❤️🖤❤️🖤❤️,1개,2020. 5. 26.
유정,슈스스픽 진짜 다갖고파라....,2개,2020. 5. 26.
KL,바디클렌져하고 가방 사고 싶다~~ 플렛슈즈도 예쁘네요~~ 파우치도~~ 핑크핑크한거 넘 예뻐요~~ 말하다 보니 다네~ ㅋㅋ,3개,2020. 5. 26.
PLAY모어모어노이즈,11:05 ㅋㅋㅋㅋㅋㅋㅋㅋㅋㅋㅋㅋㅋㅋㅋㅋㅋㅋㅋㅋㅋㅋㅋㅋㅋㅋㅋㅋㅋㅋㅋㅋㅋㅋㅋㅋㅋㅋㅋㅋㅋㅋㅋㅋㅋㅋㅋㅋ,8개,2020. 5. 26.
김경희,"요즘 사회적 거리 두면서 뱃살때문에 걱정 이었는데 뱃살커버에 좋다는 스커트 살려다 가격에 헛 ㅠ.ㅠ투자는 다음생에....
근데 플라워책이랑 바디용품 넘 좋은듯해요 
좋은정보 감사합니다.",2개,2020. 5. 26.
김지혜,아니 가방 너무 취향..후 월급 언제들어오지,2개,2020. 5. 26.
혁주닝,바로가기 시간이 하나씩 밀린 거 같아요ㅠㅠ,3개,2020. 5. 26.
엘리나,"블루체크패턴 플랫슈즈, 분홍체크패턴 파우치, 꽃 책, 휴지모양 메모지 제 취저예요❤",1개,2020. 5. 26.
mbhkdh,언니 나 완전 배신감들어!언니 혼자 이뻐지기 있기없기? 사랑해요~^^♡,2개,2020. 5. 26.
존슨윈오웬,신발 너무 기여워 ㅜ ㅜ,2개,2020. 5. 26.
GOLDENCLOSET,와 아토비있어서 바디워시나 컨디셔너같은거 진짜 아무거나 못쓰고 엄청 순해야지만 쓰는데 망고랑 코코넛향이라니 궁금하네용 한번 써봐야겠어요!,1개,2020. 5. 26.
JaphetTan,Hoping for English subtitles 😊💖✨,1개,2020. 5. 26.
MinCho,알차다... 지름신이시여~ 👏🏼🤤🤤,2개,2020. 5. 26.
임선민,"언니~! 혹시 옷, 악세사리, 가방 등등 정리 꿀팁으로 영상 만드실 계획은 없으신가여??
옷을 좋아해서 점점 사서 모으다보니 정리하기가 어렵더라구요 ㅠㅠ",20개,2020. 5. 26.
EUNJINSHIN,2:24 편집자님 유머코드 늠 좋음 하이개그야!!,5개,2020. 5. 26.
CHOIGrace,아름다우세요😇❤❤,2개,2020. 5. 26.
다니로그,"나도 쉴틈없이 쇼핑하구싶따,,",1개,2020. 5. 26.
이와이와,슈스스 말투 중독됐다며...❤️,2개,2020. 5. 26.
이종민,여름에 바디로션 바르기 정말 싫은데  이거다싶다,2개,2020. 5. 26.
Holoshow홀로석이,누나랑 같이 커플백 도전?!) ㅋㅋㅋ,3개,2020. 5. 26.
ninanof,너무 오랫만이잖아용!! ㅋㅋㅋ 5일밖에 안됬는데 ㅋㅋㅋ 너무 오랫만인거 같아요 ㅋㅋㅋㅋㅋ,3개,2020. 5. 26.
JiHoJeong,넘 재밌어요~,3개,2020. 5. 26.
배주현,20살이 된 여자인데요 지갑을 뭘 사야될지 모르겠어요 부담이 되지 않는 가격인 제품 추천해주세요,9개,2020. 5. 26.
예블링,플랫슈즈 다양한 스타일로 연출하는 법 알려주세용ㅜㅜ,18개,2020. 5. 26.
보미봄,닥터포포 세일까지하네..  슈스스님 덕분에 품절 될 것 같은데 사야겠쥬??,2개,2020. 5. 26.
live살다,우와~일등! 오늘도 영상 감사합니다♥,2개,2020. 5. 26.
김수정,"첨으로 댓글남겨봐요. 인스타, 유튭 모두 응원하고 추천템 관심많아요^^ 40대 오피스우먼을 위한 라이트한 가격대의 제품군도 잘부탁드립니다",1개,2020. 5. 26.
윤승학,에코백 럭셔리해요,2개,2020. 5. 26.
SunnyLee,언니 영상보고 항상 득템합니다요~ 사랑합니다~♡♡,2개,2020. 5. 26.
sy,3번 플리츠스커트 같은 거 너무너무 이쁜데 자주 안입어질까봐 못사겠어요ㅠㅠ,1개,2020. 5. 26.
jieunshin,언니가 고른 아이템은 왜 다 이쁜거죠? ㅎㅎ 오늘도 재밌고 유익한 영상 감사합니다. “저항이 느껴지는 가격... “에서 한 번 빵 터지고 갑니다. ^^,1개,2020. 5. 26.
하고싶은게많은나이,6월 얼른 와라와라~~ 픽 너무조아요!! 가방 구매각입니다,2개,2020. 5. 26.
바삭바삭,언닠ㅋㅋㅋㅋㅋ 유튜브랑 나혼산에 나오는 거만 보다가. 옷 잘입혀주는 멋진 언니라고 생각했는데 사장님귀는 당나귀 귀에서 언니 찐 클라스를 좀 보게된거같아요 진짜 대단한 온니....,1개,2020. 5. 26.
프리덤,ㅠㅠ 전 모닝글로리와 알파를 갈게요ㅠㅠ 해피바스 일리윤 고맙.. 폐타이어인데 20만원이면!! 타이어 한짝 사겠음ㅠㅠㅠ 월급이 운다,1개,2020. 5. 26.
서련,헬로우 베이비들~~ 하는거 너무 조아여ㅎㅎ,2개,2020. 5. 26.
손아름,체크 슈즈 너무 예뻐용...! 완전 내 스탈..💕,2개,2020. 5. 26.
사라앙,우와 컨디셔너랑 바디워시 너무 좋다아앙 휴지인줄 알았는데 메모지라니👍🏻 처음보는 아이템 많아서 진짜 재밌어요💕💕,6개,2020. 5. 26.
시영파파,고급 하울소개에는 흰장갑이죠 ㅋㅋㅋ,1개,2020. 5. 26.
안채영,이영상 재밌게 봤어요. 슈스스 화이팅 !,2개,2020. 5. 26.
DominickY,웅와!! 가방 취향저격. 가볍고 질기고 심지어 가죽가방 같아보이는데 가격마저 훌륭하다니!!,1개,2020. 5. 26.
BellaS2,하... 첨부터끝까지 다 내꺼야아앙 ㅠㅠㅠㅠㅠㅠㅠㅠㅠ,1개,2020. 5. 26.
정보람,😍,1개,2020. 5. 26.
핑크영애,너무 좋아요~♡좋은 정보 감사합니다,2개,2020. 5. 26.
조규석,우왕,2개,2020. 5. 26.
이초이,"치마 이쁘다
하고
입이 헉 닫힌다.",1개,2020. 5. 26.
GloriaGo,언니 나 하나만———,1개,2020. 5. 26.
윤승학,누나 구해줘홈즈잘봤어요 누나 넘이쁘게잘나왔어요,2개,2020. 5. 26.
네맘속인싸,치마 진짜 예쁜데.. 가격이 슬프다... 😂😂,3개,2020. 5. 26.
정은수,언니 사랑해요,2개,2020. 5. 26.
김깔깔,피크닉 갈때 딱이다~ 상황이 이래서 못 가긴 한데ㅎㅋ...,25개,2020. 5. 26.
SeulyePark,이 언니 영어 단어 시험 보면 고득점할 것 같아💛,1개,2020. 5. 26.
깝턱,누나!!!! 따순 밥 먹고 오늘도 화이팅!! 항상 응원해요 :) 꽃꽂이 안해도 될만큼 힐링이 알아서 되는 한 주 되셨으면 좋겠네요 🙏🏻 아자!!,2개,2020. 5. 26.
jeils,치마 가격... ㄷㄷ....,1개,2020. 5. 26.
쩡쩡,반곱슬...이예요 ㅠㅠ 고데기 하고 나가도 요즘은 땀에 쩔고 개기름에 쩔어서 소듕한 앞머리는.. 안드로메다로.... 😭😭 슈스스 언니 믿고 무선고데기로 언제 어디서든지 여신 앞머리 만들어 볼게요 고맙습니다 ! 🙏🙏,3개,2020. 5. 26.
뮤화dailylook,"스커트 너무 예뻐요 너무 죠타 ,, 🙈💛",2개,2020. 5. 26.
상엽이,바로 달려왔어용,3개,2020. 5. 26.
HKim,하 치마 겁나 이쁘고 젤 맘에 드는데 진짜 겁나 비싸ㅠㅠㅠ 빅토리아 언니 미워..... 😭😭😭😭😭😭,1개,2020. 5. 26.
Always,어우 귀여워! 한혜연이 내 5월의 피-크!~!~!~!~!!!,1개,2020. 5. 26.
성이름,메모지 넘 예쁜거아니냐며..ㅠㅠ,7개,2020. 5. 26.
TATA,버석거림 표현이 딱 저를 말하는거 같네요. 당장 구매각!!! 오늘도 유용한 정보 땡큐 언니~~^^,0개,2020. 5. 26.
아보카도,"우와 와ㅠㅠㅠㅠㅠ 썸네일 보고 혹시나 했는데 드로게리아 소개해주셨네요 🤭 !!!! ❤️❤️
저혼자 심쿵해서 난리ㅋㅋㅋㅋㅋㅋ
국내에서는 잘 알려지지 않은것 같아서 슬펐는데
슈스스tv에서 보니까 넘 반가WA요 ~~~  
5월이 다 끝나가지만 5월의 픽크 잘 보고가용 🙌🏻",0개,2020. 5. 26.
jieunpark,귀여운 아이템❤️❤️,1개,2020. 5. 26.
지재호,저거 입고 피크닉가면 패션왕,1개,2020. 5. 26.
뀨뀨,이언니 너무 좋아 ㅜㅜ 흑 ㅜㅜㅜㅜㅜㅜㅜ,1개,2020. 5. 26.
보잉,"ㅋㅋㅋ천원은 뭐냐며
깅엄슈즈 너무 예쁘네요 봄여름에 엄청 잘신을 수 있을거 같아요 컨디셔너도 꿀템 소개 고마워요 언니..내텅장 눈감아^_-",1개,2020. 5. 26.
유채,리아 깅엄 슈즈 너무 귀여워요 언니ㅠㅜㅜㅜㅜㅜㅠ 완전 뽐뿌 오는데 발 진짜 편한가요??,1개,2020. 5. 26.
LINnana,🥰,1개,2020. 5. 26.
김현정,"언니! 증말 다 따라하고 싶다능!
하지도 않고 쓸대도 없는 풀라워 저 책! 사고싶네요 ㅎㅎㅎ
메모 잘 안하는데 저 비싼 종이 찢는 것도!",1개,2020. 5. 26.
Inulog이누,저항이느껴지는가격ㅋㅋㅋㅋ😂😂,0개,2020. 5. 26.
톹토리,"치마 역시 이쁘다해서 들어왔는데 넘비싸ㅠㅠ
이쁜건 왜 다 비싸냐구욧ㅠ",1개,2020. 5. 26.
냠냠냠냠,컨버스 너무 예쁘다🧡,1개,2020. 5. 26.
JoannyWang,"Thanks for the English subs! Always love watching your videos as they are informative and fun to watch :) Your high energy and laugh are so contagious, making me smile to the end (^ ^ )",0개,2020. 5. 26.
히나,나의 사랑... 픽 말고 언니❤️,1개,2020. 5. 26.
siisiilll,좋아요 누르고 시작합니당~~ ㅎㅎㅎ,2개,2020. 5. 26.
RedVelvet,영상 멈춤 해두고 신발 사러 갔는데 품절 뭐냐며 ㅜ ㅜ 언니 발큰이들 슈즈 특집도 해주세여 ;; 우리나라 발큰이 볼큰이들 살기 넘나 힘든 나라 ㅜ,1개,2020. 5. 26.
희재리,꺅~~~~~ 기다렸어용!!!! 이번에도 이쁜거 춴지 😍,1개,2020. 5. 26.
ChristinePark,언뉘 너무 조아해여,1개,2020. 5. 26.
박선주,"온니~~~ 이디테일 뭐냐며~~!! 역시 디테일의 여왕이예요~ ^^ 
실용적인  엣지템 소개 감사드려요~^^♡",1개,2020. 5. 26.
블리림,메모 디스펜서 완전 취향저격!!!!! ㅠㅠㅠ 넘 예뻐용💜,1개,2020. 5. 26.
한의대생퓰리pulley,오늘 뽀짝템 많다❤️ 깅엄체크 좋아욤 저항이 느껴지는 가격이지만. . . 💬,1개,2020. 5. 26.
LIMI,"가방이랑 단화 너무 예뻐요😍
물론 언니가 더요🤍",2개,2020. 5. 26.
SunsunSun,언니 너무 기다렸어용! 언니의 영상은 시간을 투자할만한 가치가 있는 영상~~~♥️,1개,2020. 5. 26.
baebae,헬료오베이비들♥,1개,2020. 5. 26.
NextNext,천원은 뭐냐며 저항이 느껴지는 가격 ㅋㅋㅋㅋ 언니 오늘 혼잣말에 날개 달렸어요❤️️,0개,2020. 5. 26.
김유진,솔까말 훕훕훕 귀엽당..이 언닌 소녀야 진짜로,0개,2020. 5. 26.
이서원,백 특이하네요ㅋㅋ,1개,2020. 5. 26.
jungleEagleJK,"베컴 스커트 취저인데,,,저에겐 아직 요정님이 안 오셨어요 흑>.<",1개,2020. 5. 26.
D베리베리,플랫슈즈..치인다..너무 예뻐서... 베이직한 플랫슈즈 없는데 너무 예쁘다..체크무늬...사면 잘 신고 다닐 수 이을까요.. 너무 이뿌다 진짜,0개,2020. 5. 26.
정진화,플랫슈지아기신발 처럼 아기자기해서귀엽다ㅠㅠㅠ,0개,2020. 5. 26.
굥굥이,"음~~~앗💕
어쩜이리 ㅠㅠ디스펜서까지 영역 확장하시는거에여 온니~💕👏?",0개,2020. 5. 26.
김소영,진저백... 너무 괜춘한 아이템👍👍 소개해주셔서 고마워요 슈스스~~🥰,1개,2020. 5. 26.
윤은주,플라워 컬러 가이드 책 소개해주셔서 감사합니다 원하던 책이였습니다👍👍👍,1개,2020. 5. 26.
LEE현,컨버스 신고다닐 땐 발 밟혀도 덜 억울하겠네요..나만 아프지않고 같이 아프자나...,1개,2020. 5. 26.
EUNJINSHIN,너무 짧다미!!!!ㅠㅠㅠㅠㅠ,1개,2020. 5. 26.
VikiViKki,오늘도 넘 재밌게 잘봤어여~~ 신발 두개 맘에 들어여!!  이뿌당!🤩🤩 근데 가격들이...ㅎㅎ,1개,2020. 5. 26.
장메리,언니랑 맨날 같이 쇼핑다니고프다💕,1개,2020. 5. 26.
난종티비,멋지다멋지다.. 👍🏼,1개,2020. 5. 26.
화온,이런 콘텐츠 너무너무 좋아요❤️❤️좋은 꿀팁 얻어가요~~,1개,2020. 5. 26.
정안휴게소,언니 저 너무 슬퍼요ㅠㅠ 언니가 소개한 거 다 사고 싶어요ㅠㅠ,1개,2020. 5. 26.
Kim땡땡,슈스스님... 볼수록 머리 자른게 진짜 훨씬 나아요!!!! 깔끔하구,1개,2020. 5. 26.
혁주닝,슈스스 사랑행용🥰🥰,1개,2020. 5. 26.
이아아,신발 진짜 너무나도 제 스탈이에요ㅠ.ㅠ결국 시켰네요!😣감사해용 혜연엉니,1개,2020. 5. 26.
JiyeonYu,오아!!!,1개,2020. 5. 26.
Kimj,또 오셨네 지름신오셨네🤑🤑,27개,2020. 5. 26.
은진,언니 오늘 머리 진짜 이뻐요💘💘,1개,2020. 5. 26.
HS,책 그냥 보기만 해도 좋을 것 같아요!,1개,2020. 5. 26.
서륜,왕 넘 이뿌세연,1개,2020. 5. 26.
14번조은별,언니 간만에 라이브한번해줘요ㅜㅜ,1개,2020. 5. 26.
룰루랄라,"아 이번 봄  ㅠㅠ 저만 건조했던거 아니죠ㅠㅠㅠ 원래 알레르기, 아토피 그런거 한번도 경험해본 적 없는 사람인데 갑자기 손등이 엄청 트더니 나중에는 온몸이 간지러워서ㅠㅠㅠㅠ 자꾸 긁으니까 손톱으로 상처 엄청 나고 ㅠㅠ 병원가도 원인을 모르겠다해서 근데 또 주는 약 먹으니까 잠깐 괜찮고해서 한동안 약을 달고 살았어요,,ㅠㅠㅠ 지금은 괜찮아지긴 했지만,, 재발할까 무서우니까 쟁여볼까 하는데 저  Dr. paw paw 괜찮겠죠ㅠㅠ?",0개,2020. 5. 26.
씆,에브리바디 제가 찾던거라며ㅋㅋㅋ 비누로 머리부터 발끝까지 다 씻는 아빠랑 동생 사줘야겠어요ㅋㅋ,2개,2020. 5. 26.
위로,닥터포포 밤도 잘 썼는데...바디 컨디셔너도 함 써봐야겠네요^^,1개,2020. 5. 26.
서영,우와우웅! 언니 넘 예뻐지신거 아니라면써😘💋,1개,2020. 5. 26.
초bora,징 유행 다시 돌아오는 건가요?ㅎㅎㅎㅎㅎ 저 체크도 나 고딩 때 많았던 논노 잡지에 많이 나오던 체끄~,1개,2020. 5. 26.
EunhyeKim,아 5월의 피크 기다렸어요~♡ 언니 피크보면  지름신와요♡,2개,2020. 5. 26.
빛소금,우앙 슈스스언니당!!,1개,2020. 5. 26.
PUBGPetite,닥터포포 무조건 산다!!,0개,2020. 5. 26.
사나래,오호~기대된다 ~,1개,2020. 5. 26.
유하늘,치마 너무 예쁜데 가격은 안예쁘네요,1개,2020. 5. 26.
HaramJin,이번엔 광고 없는 찐이네요 >__<,1개,2020. 5. 26.
FunnyLee,4만오천원 가격 좋다,2개,2020. 5. 26.
kikikakaTVTV,아..신발...ㅜㅜ..,0개,2020. 5. 26.
1주스1,마지막 손키스 어우 사랑스러워 언니 !오늘따라 피부 더 좋아보이구요 빤지르르르,0개,2020. 5. 26.
YURAchoe,"방송 어디나오던 늘 궁금한 언니~~슈퍼스타들보다, 언니 옷과 착용제품들이 궁금해요~그날그날 뭐 입었는지 아주 그냥 가감없이 다 공개해주었으면 좋겠습니다~러브해요~슈스스~",1개,2020. 5. 26.
TV옥,왜 이모 썸네일에 있는건 엄마가 다 갖고 있을까요? ㅋ,1개,2020. 5. 26.
조진경,"언니 사야할거 같아요~~~!!😊
그래서 뭐라도 하나 겟합니다.",1개,2020. 5. 26.
룰루랄라,"언니 안녕하세요! ! 구독누르고 영상만 보고있는 취준생입니다 코로나 때문에 ㅠㅠㅠ이제야 취업시즌인뎅.. 취업을 하게 되었을 때 입을 수 있는 깔끔한 회사원룩 부탁드려도 될까욥?!!?><사회초년생이라 저렴이로 부탁드려요옹~~❤️❤️❤️




저도 언니처럼 100만원대 스커트 팍팍 지를수있게 성공할거에요 !!!!!😆",2개,2020. 5. 26.
박YL,언니~~ 베이비 왔어요~~🙌🏻🙌🏻🙌🏻,1개,2020. 5. 26.
권도영,자막 위치.... 아주 조금만 더 올려주면 참 좋을텐데요... 아이폰 유저를 위해서... 슈스스를 좋아하는 아이폰 유저들이 많습니다..... 한예슬님이 정말 자막위치가 굳입니다...,1개,2020. 5. 26.
지로리,혜연온니ㅠ 20대가 들고 다닐 가성비가방 컨텐츠 해주시면 안되나요💗,0개,2020. 5. 26.
미이루,슈스스 언니가 이쁜 꽃 책 까지 봐서 센스가 장난 아니였어요😍😍 이것저것 좋은거 있음 다 소개해줘서 감사해요💕,0개,2020. 5. 26.
