﻿닉네임,댓글,좋아요수,날짜
JH,LG성공했넼ㅋㅋㅋㅋㅋㅋㅋㅋ 슈스스언니가 광고 협찬해주고 ㅋㅋㅋㅋㅋㅋㅋㅋㅋㅋㅋㅋㅋㅋㅋㅋ❤️,65개,2020. 5. 14.
toongsoo,"드디어 엘쥐도... 마케팅을 하는군요ㅠㅠ이번 디자인 진짜 드디어 현대화되었다며...기뻐 오열😭 젊으니 중 4대째 엘지폰 쓰는사람 나밖에 없어... ★ 갓쥐 제발 많이들 쓰는 그날까지 화이팅!!!!!
* 슈스스님은 벨벳 오로라 그린을 픽하지않으셨을까 짐작해봅니다!ㅋㅋㅋ 핸드폰도 포인트로 똬 악세사리화 시켜버리는 슈스스님... 진짜 놀랄일 아직도 남았다는게 신기합니다😱💚",32개,2020. 5. 14.
킴효,핸드폰 광고가 이렇게 재밌을수있냐며😆😆😆ㅋㅋㅋㅋㅋ최고!!!❤,34개,2020. 5. 14.
DoYeonHan,폰 마켓팅을 뭔가 지적으로 한다. 엘지 일.한.다,19개,2020. 5. 14.
알밤albam,우와. IT유튜버 포함 여태 봤던 핸드폰 광고영상 중에 최고 임팩트. 광고를 사고싶네요. 말모 말모.,7개,2020. 5. 14.
HAONKIM,"이번에 엘지 일 진짜 잘했다ㅠㅠ 잘 만든폰 광고를 안해서 못팔더니만 슈스스 언니한테 딱 맡겼네요 넘 찰떡❤
광고 받으신것 축하드려요~~
저는 일루전 선셋 하셨다에 한표 던집니다 !! 
사랑해요 슈스스🥰🥰",4개,2020. 5. 14.
LEE현,바구니 여는게 아랫목에 보관해둔 간식 주는듯...,14개,2020. 5. 14.
미소,"광고 컨셉을 누가 잡으신 건가요ㅋ 참신하고 재밌네요. 예전에는 핸폰 디자인이 다양했는데, 이제 디자인 경쟁으로 가려나요ㅎㅎ",12개,2020. 5. 14.
Kim길동,오로라 그린 너무 예쁘다ㄷㄷㄷ,23개,2020. 5. 14.
TV3분,"LG 광고주님 보고 계십니까! 우리 혜연언니가 휴대폰 기능은 하나 설명도 안했는데 다 설명해준 기분이라며 어떡할거냐며 크크

언니는 왠지 일루젼 선셋 하시지 않았을까효?!",41개,2020. 5. 14.
스크럼프,"일루전 선셋! 갑니다! 진짜 처음에 손에 쥐고 손 움직이실 때 색상이 시시각각으로 변하는 거 보고 먹던 치킨을 떨어트렸습니다..... 이번 LG 벨벳폰 디자인 작정하고 만들었다는 건 알고 있었지만 정말 너무 예쁘네요. 색상 변화가 가장 다채롭게 보이는 게 꼭 슈스스님💕의 다채로운 코디들과 발랄한ㅋㅋㅋ 무드가 대로 느껴지는 게 아주 그냥, 일루전 선셋이 슈스스님께 딱이네요. 어떤 옷에 들어도 독보적인 아이템으로 같이 매치할 수 있겠어요. 그래서 저는 일루전 선셋으로 꼬! 해봅니다🔥",20개,2020. 5. 14.
박성수,분명 일루전 선셋으로 하실 거 같은데도 계속 오로라 그린이 눈에 아른아른 거리고 머리 속에 맴도네ㅋㅋㅋㅋㅋ 진짜 매력적인 컬러인 듯? 슈스스님도 저처럼 오로라 그린이 눈에 밟히는 색깔일 거 같아서 오로라 그린으로 한다에 한 표 베팅합니당,26개,2020. 5. 14.
계절학기3,"일루전 선셋 진짜 예쁘네여 👍👍
원래 컬러폰은 시간 지나면 지겨워지거나 촌스러워보이는 게 있는데 요것은 빛비치는거에 따라 달라지니 고급져 보이고.. 안질릴듯ㅠㅠ

엘지 열일했구나 (˃̣̣̣̣︿˂̣̣̣̣ )  토닥토닥,,
좋아 샤인폰 전성기때로 가는거얏...!!!!!!! 
혜연님도 일루전 선셋 골랏을거같아여!! ㅋㅋㅋ
과연.....!? 두구두구두구두구!!!!!!",22개,2020. 5. 14.
이윤서,8:07 워 핸드폰이 어디서 나오는거죠 언니?,17개,2020. 5. 14.
김새옴,일루전 선셋!! 슈스스 혜연언니가 들었을 때 이미 착붙..찰떡....😊,5개,2020. 5. 14.
Kim길동,"삐빅- 슈스스 님의 톤과 텐션, 그리고 신남지수, 미사여구와 의성어, 의태어가 얼마나 많이 붙는지 등을 분석한 결과, 95.365486%로 일루전 선셋! 을 선택할 것으로 예상됩니다. 내 동년배덜 남자 베이비들도 슈스스 누님 영상 보면서 엄마, 동생, 여자친구 선물 고를 때 참고 많이 하는 거 아시져? 가뭄에 콩 나듯 나오는 남자 베이비들 위한 컨텐츠 언제 나오는지 기다리다가 이미 전 목 빠졌는데(?) 엘지 벨벳과 함께 남성 컨텐츠가 나올까요.....?! 오늘도 남자 베이비덜, 슈스스 누님이 던져주는 떡밥만 하염 없이 기다리는 중입네다.....",18개,2020. 5. 14.
수앤엉TV,"혜연 언니의 오랜 베이비로서 저는 ""일루전 선셋""으로 예상합니다. 왜냐하면 그녀는 언제나 ""레볼루전"". LG사랑해.",10개,2020. 5. 14.
MKim,오로라 화이트를 하셨을 것만 같은 느낌적인 느낌쓰...,10개,2020. 5. 14.
최중호,"슈스스의 원픽 컬러를 예상해보자...
👉오로라 그린!

슈스스 혜연님과 제일 어울리는 색을...
보자보자...

딱.보.자.마.자
오.로.라.그.린
말모말모~~

젤 잘 어울리고~
고급지고~크~~시크하기까지~🤘

LG벨벳 오로라 그린 오랜만에 맘에 드는 핸드폰을 발견했다면서~~
누가뭐래도
오로라그린이 젤 예쁜듯~~",3개,2020. 5. 14.
최현경,그린 굿👍 주변에 나 빼고 LG폰 아무도 없었는데 이번꺼 이뻐서 많이들 살 듯ㅋ 슈스스님도 LG 쓴다니까 내가 다 뿌듯ㅋ 내까지 트랜디해진 기분😆,6개,2020. 5. 14.
JayMei,Lg가 슈스스에게 모든 색깔 하나씩 줄듯. 매일 매일 다른 핸드폰으로 코디하세요.,7개,2020. 5. 14.
찬차니,"6:07 이 부분 완전 TV에서 볼 법한 광고 아니냐면서,, 마치 슈스 전지현릠이 춤추는 광고 같다면서,,,
슈스스릠이 없는 옷이 없기에 안어울리는 컬러가 없겠지만, 여러가지 색을 가진 일루전 선셋으로 선택할게요!ㅋㅋ 그리고 누나 항상 감사해여♡ ㅠㅅㅠ",2개,2020. 5. 14.
기원희,5:47  LG광고모델인쥴ㅋㅋㅋㄱㅋㅋㅋ멋찌다~~👍👍,2개,2020. 5. 14.
지재호,"진짜 너무너무 예쁘잖아ㅠㅠ
이건 꼭사야돼!!!! 핸드폰이라도 패션에 완성이라도 하겠어!!!",7개,2020. 5. 14.
YoonHaChoi,"#LG전자 “On the Digital Runway : 한혜연 편”에서 슈스스님의 지.적.인 영상 봤는데, 역시 슈스스 티비에서도 만나네요😍 슈스스님의 이번 #벨벳폰 픽은 [가볍지 않지만 굉장히 상큼한 그러면서도 고급진] #오로라그린 일 것 같아요!!! 그리고 “LG VELVET X 한혜연” 영상 속에서 개인 인터뷰 하실 때 계속 오로라 그린을 가지고 계시던데, 이미 ✅오로라 그린에 저격 당하신거죠?!",6개,2020. 5. 14.
초bora,모델계를 뒤집어 놓으셨다 ㅋㅋㅋㅋㅋ 그린이랑 일루전선셋 둘 다 예쁘네요. 앞에 물방울만 없으면 좋을 텐데 ㅠㅠ 전 그린을 넘나 좋아라해서 슈스스 님이 그린을 택하실 거라고 믿어 봅니다! 😘,4개,2020. 5. 14.
김농,광고도 호탕하고 멋지게 하시는 한혜연님은 💕🌞일루전선셋🌞💕,5개,2020. 5. 14.
이진영,"오행시를 지어보겟음.ㅎ

오. ~ 이번 LG폰 색상이 역대급이네요. 과연 슈스스언니가 고를 행운의
로. 또 LG 폰색상은? 슈스스언니의
라. 이프스타일에 찰떡인 폰으로
그. 자체만으로도 존재감 뿜뿜인 오로라그
린. 폰이라 믿어 의심치 않아요!!",4개,2020. 5. 14.
HAKI하기,"엘쥐폰 진짜 좋은데 ㅜㅜ 
주변에 거의 없어.... 나만써.... 
왠지 딥그린 쓰실듯",1개,2020. 5. 14.
이유한,LG 카메라 배치가 너무 예뻐요.. 다른 브랜드보다 훨씬 진짜  배치 대박... 물방울 배치 ... 6년째 LG만 쓰는 V시리즈 유저,1개,2020. 5. 14.
수민임,"일루젼 선셋 !!!!! ㅋㅋㅋㅋㅋㅋㅋㅋㅋㅋㅋ
광고특전 슈스스 댄스 ㅋㅋㅋㅋㅋㅋㅋㅋㅋㅋㅋㅋㅋㅋㅋㅋㅋㅋㅋㅋㅋ
나 5분이상 영상 안보는데 이건 다봤네... 🤭",1개,2020. 5. 14.
손석민,3:54 앜ㅋㅋㅋㅋㅋㅋ 언니 옆에서 움직이는거 너무 심즈같아욬ㅋㅋㅋㅋ 어색한 연기 어쩔거냐면서,0개,2020. 5. 14.
TotoroKim,8:10 현타오신 거 같은데😂😂,1개,2020. 5. 14.
지니,광곤데 전혀 안 불편하고 너무 잼따 ㅋㅋㅋㅋㅋ,1개,2020. 5. 14.
susk5,"가장 능력있는 마케팅 팀장님을 눈으로 보고 있으세요,엘지 임원님들!! 그 제품개발자들 잘난척하는 광고~식상했구요, 광고는 이렇게 하시는 겁니다! 엘쥐가 정~말 핸드폰 시장에서 못하는게 마케팅이었단걸 여기서 깨닫게 해주셨네여~^^ 전 우리 한혜연 님께서,실제로 오래도록 진짜 lg폰 쓰시는거 봐왔으니까,모델로도 진정성 있었구요~인터넷이나 요런 너튜브에서 연예인 핸드폰 뭐쓰냐 하는 컨텐츠 나오면,죄다 사과폰만 언급하는거~그것도 쫌 뵈기 싫었거든요! 성능? 그딴거 솔직히 유튜버 아니면, 평범한 우리 일반인은20%도 안써요,결국엔 뒤~자~인!ㅋㅋㅋㅋ인데,, 아! 정말 저 일루전선셋 갖고잡네요!ㅋㅋㅋㅋ 헌데, 구럼 패션코디 위해서 4갤 사서 가지고 다니고,그걸 케이스 읎이 “쌩폰”으로 써야 “깐지 작렬”할 거 같아,그거이 딜레마 ㅋㅋㅋㅋㅋ 갖고 싶게 만드는 훌륭한 광고였어요 &^^ 일루전선셋 택하시길 빌며 ㅋㅋㅋ",45개,2020. 5. 14.
쌓과자,"시상에 갑자기 엘지폰 이뻐보이기 있냐며...
이게 바로 슈스스 효과💕
일루션선셋 너무 이쁜고 아니냐며...
와 뭐지 진짜 이뻐보이네",1개,2020. 5. 14.
아이유참좋다,일루전선셋이여~~~~~ 무슨 스타일이건 다 소화하는 슈스스랑 찰떡이에요!!!!!😝😁🤗,3개,2020. 5. 14.
이다혜,ㅋㅋㅋㅋㅋㅋㅋㅋㅋㅋㅋㅋㅋㅋㅋ핸드폰 들고 스타일링 설명할 때 너무 귀여운 거 아니냐구요😭😍 슈스스 언니는 '일루전 선셋' 했을 거 같아요! 뭘 들어도 찰떡으로 소화하는 언니 최고>_<,0개,2020. 5. 14.
JJp,"<원픽 컬러 : 일루전 선셋 ☀>
와와와와 대박!!!!😍 언니 저는 피처폰시절부터 지금까지 중간에 잠깐 두번 팬X 쓴것 빼고는 쭉 lg폰만 써온 사람입니다ㅋㅋㅋ 지금도 LG V30 쓰는데 2년 넘게 써와서 슬슬 폰을 바꿔볼까하다가 벨벳 기사 뜬거 보자마자 바로 반해버렸어요 엘지 폰 공개? 패션쇼에 언니가 와서 폰 설명하신 것도 알고, 거의 매일같이 lg모바일카페에서 벨벳 검색하고, 심지어 오늘(5.15)이 벨벳 출시일인것까지 알 정도로(...) 이번 폰에 정말 관심이 많은데 언니께서 이렇게 리뷰해주셔서 정말 좋아요!! 다른 리뷰들은 폰을 한개만 받다보니 이렇게 네가지 색상을 한번에 비교하기 어려웠거든요ㅋㅋㅋㅋㅋ
저는 폰 살때 디자인을 1순위로 보는데 그런점에서 이번 벨벳폰이 요즘 폰 중에 제일 끌려요. 제가 인덕션은 도저히 못 품겠어서... 게다가 lg폰은 내구성이 정말 좋아 뭔짓을 해도 액정조차 깨지지 않아서 더욱 좋아요ㅋㅋㅋ
저는 언니께서 일루전선셋 선택하셨을것 같아요! 분홍색, 주황색, 금색, 보라색 등등 색상이 다양하게 비춰져서 어느 옷을 입든 다 잘 어울릴것 같거든요. 게다가 흔치않은 색상으로 포인트도 될 것 같아요!!😉",1개,2020. 5. 14.
SuyounOh,언니~ phone 발음이 몹시 정확하십니당 ㅋㅋㅋㅋ 풘~풘~ 엘쥐풘~ 귀여운 언니님~! 흐흐,2개,2020. 5. 14.
nak,일루전 선셋!! 색이 진짜 영롱하고 예쁜거 같아요ㅜㅜ,1개,2020. 5. 14.
박주희,오로라 그린 너무 예뻐요ㅜㅜㅜ 진짜 고급진 느낌이에요 슈스스님은 오로라 그린 고르실 것 같아요!!!,1개,2020. 5. 14.
김은주,광고 제대루 하시네용~~~ 광고주님 흡족~하시겠어요ㅋㅋ 언니와 어울리는 색상은 첫번째 오로라그린인것같아요.. 특별하고 흔치않은 느낌쓰~하면 또 슈스스 아닙니꽈~♡♡,2개,2020. 5. 14.
뉴투브,언니 오늘 진짜 저세상텐션ㅋㅋㅋㅋㅋㅋㅋㅋ 너무 들뜨고 신나셨다응ㅎㅎㅎ 전 기본중에 기본 오호라화이트 예상합니당!!!!!!!! 근데 한명을 뽑는 기준을 몰까용....?,0개,2020. 5. 14.
TIMEHR,8:06 때아닌 스트레칭ㅋㅋㅋㅋㅋ,0개,2020. 5. 14.
초이벨choibellvlog,첫 오프닝 대사가 울림까지 더해져서 더 화려해용 ㅎㅎㅎㅎ♥️♥️영상보면 저도 어느샌가 웃고있어요 ㅎㅎㅎ,2개,2020. 5. 14.
JKoo,이번에 오로라그레이는 안하실거같습니당ㅋㅋㅋㅋ,1개,2020. 5. 14.
난널유혹하는거란다,이 집 영업잘하네!ㅋㅋㅋㅋ 처음엔 오로라 그린일거가 생각했는데 중간에 힌트 듣고 일루젼 선셋에 배팅하겠습니당,0개,2020. 5. 14.
yoonschoi,일루전선셋을 선택하지않으셨을까요!!! 너무예뻐버리는거 아니냐며ㅋㅋㅋㅋㅋㅋㅋ,2개,2020. 5. 14.
뮤화dailylook,인트롴ㅋㅋㅋㅋㅋㅋㅋㅋ오늘은 슈스스의 뭐얔ㅋㅋㅋㅋㅋㅋㅋㅋㅋ 💛💛💛,1개,2020. 5. 14.
Alice,"핑크+오렌지+레드의 조합으로 통통튀는 매력과 오묘한 색감의 ‘일루젼선셋’으로 신비한 매력까지!!

한혜연님은 ‘일루젼선셋’을 선택하실 것 같아요!",1개,2020. 5. 14.
쟝구애비,슈스스의~~~너무 기분이 좋지뭐얗ㅎㅎㅎ헿흫 이거 너무 귀여워요ㅎㅎㅎㅎㅋㅋㅋㅋㅋ,0개,2020. 5. 14.
깝턱,진짜 다 이뻐서 너무 어렵지만.. 영상 속에서 누나가 진짜 엄청 신나보이는 일루전 선셋!!ㅋㅋㅋㅋㅋ 을 골랐을 것 같아요 :) 진짜 사진으로 보는것보다 영상으로 보는게 훨씬 이쁘네요 벨벳폰... 오늘도 깨발랄한 영상 너무 감사합니다 ㅎㅎㅎ 누나 춤추는구 졸귀탱,4개,2020. 5. 14.
럽유,"찐팬입장으로 일루전 선셋❤
꺄~~언니 늘 멋진모습에 또 홀딱 반하고갑니다❤",1개,2020. 5. 14.
yourloveCC,안뇨오옹 슈스스언니💋 일루전선셋 맞죵?!ㅎㅎ 엘지폰마저 최고의 패션폰으로 만들어버린..그녀👏🏻 기대없이 봤다가 이번 핸드폰 넘 이뻐서 놀랬어요 LG 칭찬해!,2개,2020. 5. 14.
김도근,프라다 매장털기 해주세염~~~,1개,2020. 5. 14.
이클래스,"2. 일루전 선셋
진짜 딱 노을 질 때 하늘색임ㅠㅠ",0개,2020. 5. 14.
이하은,아니 여기 댓글이 다 혜연언니같앜ㅋㅋㅋㅋㅋㅋㅋㅋㅋㅋㅋㅋㅋㅋㅋㅋㅋㅋ 어쩔거나며~ 어디에나 잘 어울리는 혁명컬러 일루전 선셋으로 고르시지 않았을까..... 해욧!,0개,2020. 5. 14.
이혜리,언니ㅠㅠㅠ 일루전선셋으로 하셔야함니다ㅠㅠㅜㅜ 저색은 감동그자체...☆☆,0개,2020. 5. 14.
아듀,"ㅋㅋㅋㅋ진쟈 슈스스님은 폰을 설명해도 패션이랑 연결지어서 얘기하는거 멋있어요ㅠ 존멋 진짜

슈스스님은 일루젼선셋 하셨을 것 같아요 
딱 슈스스님같은 찬란한 색이구 뭘 입으셔도 이번 년도에 찰떡일 것같은 느낌이지 않냐면서~",0개,2020. 5. 14.
KevSeoul,1:30 뜨끔 ㅋㅋㅋㅋㅋㅋㅋ,0개,2020. 5. 14.
김지현,벨벳폰으로 선택할것 같아여~~넘 칼라풀하고 너므너므 예쁘네여,1개,2020. 5. 14.
김연정,"슈스스의 원픽 컬러는?
두구두구두구...
💚오로라 그린!!!🌱💚

LG폰처돌이로서
LG 벨벳나오자마 봤는데~~
딱.보.자.마.자 
그륀~~ 컬러에 맘을 빼앗겨버렸지모에욤~💘
오묘~~한 컬러❤
눈을 즐겁게하는것뿐만아니라
💚그~린💚 컬러로 
내 마음의 안정까지 care해주는 너란 녀석...★
넘 사랑스러웡~~😂(울면서 웃는 즁..)
LG벨벳 오로롸~~ 그린을 들고다니면 인싸중의 인싸!!매력흘리면서 다닐 수 있겠지~~

슈스스 언냐랑 맘이 통했으려나~~
언니는 어떤색을 choice했을지 넘 궁금해용~~🤗같은 마음이길~~",1개,2020. 5. 14.
이정미,"저는 오로라그린에 한표요!😁
언니는 가볍지않지만! 상큼하면서! 고급진다면!
제가 바로 개성은 강하고! 마음속에 꿈틀거리는 열정이 넘치지만! 보수적이라 적절히 균형감있는 쌍둥이자리!🤔
엘지가 오로라그린을찰떡같이 초이스했다면!
언니와 나의 마음도 찰떡같이 통했기를!😉😉",3개,2020. 5. 14.
홍선화,일루전선셋 너무 잘어울려요ㅠㅠㅠㅠㅠㅠ광고 끝까지 다 본 것도 진짜 처음 ... 머시써 진짜,0개,2020. 5. 14.
윤은진,퓨어하게~ 오로라 화이트 ^^,1개,2020. 5. 14.
이다은,일루전선셋 선택하실 것 같아요~^^ 이번에 LG 색상 진짜 잘뽑았네요..❤ 그린도 예쁘고 어느색 하나 고르기 힘들 정도로 다 예쁜 것 같아요!,1개,2020. 5. 14.
lamian,"화이트랑 일루젼선셋이랑 고민했는데.. 다양하게 코디할 수 있고, 여러가지 색이 다 들어있는 🌅일루젼 선셋을 선택하실 것 같아요!!ㅎㅎ
 벨벳 폰 증말 예뿌네요😍",1개,2020. 5. 14.
SeonaKim,슈스스님은 일루전 선셋 선택할 것 같은 느낌적인 느낌(모든 색을 다 소화하니까❤🧡💛💚💙💜),1개,2020. 5. 14.
복숭아이,ㅋㅋㅋㅋ 포즈하실때 텐션 넘나 러블리,1개,2020. 5. 14.
특공무술스팜,나도 이뿐 케이스 갖고 시퍼 ㅠ,1개,2020. 5. 14.
밀이,"하. 진짜 한혜연언니가 드니까 너무 깐지다 개이뻐.., 첨으로. 아이폰보다 이쁘단 생각 들었어여 역시 한혜연효과",0개,2020. 5. 14.
J용쥐,오로라 화이트ㅠㅠㅠㅠㅠㅠㅠ 기본으로 들고다녀도 예쁘고 그냥 느낌적인 느낌으로 끌리는걸요~~어떤 원피스랑 입어도 시원해보이고 예쁠거 같아요ㅎㅎ,0개,2020. 5. 14.
빨간머리앤,2 일루전 선셋이요😍😍👍🏼!!,2개,2020. 5. 14.
이선영,"이렇게 핸폰 광고가 잼있을수 있냐면서~~~~~
오로라 그린을 선택하지 않았겠냐면서~~~
(내가 갖고싶음ㅋㅋ)",1개,2020. 5. 14.
염세미,일루젼 선셋요~~^^일루젼선셋을 들었을때 슈스스님께서 제일 예뻣어용~~^^,1개,2020. 5. 14.
김민지,이건 앞구르기 하면서 봐도 일루전 선셋 아닌가요?ㅋㅋㅋ 색깔 오묘하고 정말 이뻐요. 어떤 착장에든 다 어울릴 것 같아요!,0개,2020. 5. 14.
looloo,"우리 슈스스언니라면  그린🍏을 고를것이라면서~~LG아니면 언제 그린컬러를    케이스없이 연출할수있냐며🥦~~
1번 오로라그린컬러입니당👍🍏🥦",0개,2020. 5. 14.
HJM,설명이 컬러마다 찰떡 ㅋㅋㅋㅋ,0개,2020. 5. 14.
전은옥,슈스스 언니 걸으시면서 휴대폰 보여주시는 모습이 너무 귀여우시다❤❤❤🥰,0개,2020. 5. 14.
랑랑,오로라그린이 너무 좋지뭐야😙😙😙😙🥰,1개,2020. 5. 14.
eunhyekim,"말해 뭐해 💚오로라 그린💚
2020s/s 핫 컬러 아닙니까앙!!! 그린 가즈아 베이비",1개,2020. 5. 14.
꽃소해,"전 오로라화이트 선택하실것 같아요 뭔가 여러가지 옷과 잘 어울릴것 같아요 

선셋도 넘 예쁘네요 ㅜㅜ ❤️",0개,2020. 5. 14.
삔삔,"흐음 ~~~
왠지 일루전 선셋을 택햇을 것 같은 슈스스 언닝 ~~~
제 예상이 맞을까용 
ㅎㅎ",0개,2020. 5. 14.
jek,선셋 이쁨여 ㅋㅋㅋㅋㅋ,0개,2020. 5. 14.
김민,일루전선셋~ 너무 예쁘다묘~~,0개,2020. 5. 14.
여행이다박보균,선택은 일루전썬셋~?! 갖고싶다,1개,2020. 5. 14.
푸른하늘,일루전 선셋에 이미 마음 홀딱 줬다면숴~ 오색찬란하며 브롸잇한 파스텔톤이 오만가지 옷에 잘 어울린다면숴~ 이걸 틀림없이 택했을 것이라면숴~ 홍홍홍 😆😆😆,1개,2020. 5. 14.
SeHaPark,"색감 표현이 너무 와닿아요 역시 슈스스
(저 쌍둥이자리..)ㅎㅎㅎ
오로라그린 갑니당~~ 넘 이뿜",1개,2020. 5. 14.
홍정원,ㅋㅋㅋㅋㅋㅋㅋ 오로라그린 한표 용! 핸드폰광고 언니대로 풀어낸ㄱㅔ 너무 대단하신거같아요! 그리고 영상보면서 항상 밝은에너지 얻어가서 좋아요!!♥,0개,2020. 5. 14.
Sunshine선샤인,"다른색 다 너무너무 예쁘지만! 아무래도 시그니처 컬러 느낌 뿜뿜하는 '일루전 선셋' 하시지 않았을까 싶어요!
하... 진짜 lg폰 넘 좋아하는데 항상 뭔가 밀리는 느낌이 있었어요. 근데 이번 폰은 너무너무 예쁘네요! 다음폰 이걸로 바꿀듯해요 ㅋㅋ 근데 그린화이트그레이 다 넘넘넘 예쁘네요! 슈스스님이 소개 안해주셨으면 몰랐을뻔!♥ 슈스스님 옷 입고 핸드폰 들고 신나하시는 모습 땜에 완전 빵!!! 터졌어요 ㅋㅋㅋㅋㅋ 왤케 귀여우시냐며...",1개,2020. 5. 14.
최지아,말도 너~~~~엄 잘하고 이야기 듣다가 끝 ㅎㅎㅎㅎ 재밌어용 ~~^^ 언니의 선택은 바로바로 다양한색이 표현되는 일루젼 션셋을 선택할것같다능 ㅎㅎㅎㅎㅎ,0개,2020. 5. 14.
DaeunLee,ㅋㅋㅋㅋㅋㅋㅋㅋㅋㅋㅋㅋㅋㅋㅋㅋㅋㅋ슈퍼주니어 신동의 홈쇼핑 레전드를 뛰어넘는 혜연언니의 움직임,0개,2020. 5. 14.
BA,고민하다가 안 질릴 것 같은 오로라 그레이 쓸 것 같아요ㅋㅋㅋ,0개,2020. 5. 14.
이유한,초록색 미쳤다 ㅠㅠㅠ,0개,2020. 5. 14.
박옥진,전 일루전선셋 선택하실듯....ㅋㅋ 춤도 보고...서로 부끄러운 영상 웃으며 잘봤어요...,0개,2020. 5. 14.
최영연,"오로라 그린~  
딱 봤을 때 뭔가 고급지면서도 쎄면서도
트랜디한 컬러자나요.
혜연언니의 원픽이 되지 않을까  맞춰보아요.",0개,2020. 5. 14.
왓투두,"우리 선생님 바구니 걷으시는데 제목 아니었으면
몰래 맛있는거 주시는줄 .. 😍",1개,2020. 5. 14.
pangpang,"저는 !일루전 선셋! 예상합니다!
너무 예뻐요 ㅠㅠ",1개,2020. 5. 14.
SoraYang,"와 엘지 간만에 컬러 예쁘게 다 잘뽑았네ㅠㅜ 보자마자 오로라 그린에서 헉!!!했어요ㅠㅜ 너무 예쁘고 영롱해서 심장부여잡고 쓰러짐o<-< 오로라 그린이 이번 트렌드 컬러이기도 하고 오묘하고 세련되어보이게 잘나왔기에
슈스스의 원픽 컬러는 '오로라 그린' 아닐까 예측해봅니다!! 슈스스랑 마음이 맞길 바라며!!",0개,2020. 5. 14.
김예송,언니는 나랑 취향이 같을 것이라며! 소신있게 오로라 그린에 투표합니다:),0개,2020. 5. 14.
김수영수영,제가고른다면 오로라 그린~!! 그래서 슈스스도 오로라 그린 ~~~~ 하실것 같아요 ~~ 보수적인듯 보이지만 열정이 불타오르고 있는!!~~,0개,2020. 5. 14.
펭밈,ㅋㅋㅋㅋㅋㅋㅋㅋㅋㅋㅋㅋㅋㅋ언니 핸드폰하나로 얘기하는데도 왜이렇게 텐션까지 오르죠ㅋㅋㅋㅇ귀여워요 언니처럼 매력 다양한 일루전 선셋으로 하셨죠:?!! 끌림 대 끌림!!,0개,2020. 5. 14.
이은희,"일루젼 선셋때 눈빛이 사알짝  흔들리셨어요 ㅋㅋㅋ
맞죠????? ㅎㅎㅎ",1개,2020. 5. 14.
bonbonsm,슈스스언니는 개성강한~ 천칭자리와 물고기자리 중간쯤?!! 왠즤 '오로라 그린'으로 선택하실듯욥🤭,0개,2020. 5. 14.
대충그림,"오로라 화이트 실제로 베스트 샵에서 봤는데 너무 예뻐요!!
저는 오로라 화이트로 예측!! (feat.헬로 베이비들~💕)",1개,2020. 5. 14.
SoonKwon,“야무슨 향수이름 같지 않냐?” 현타옴ㅋㅋㅋㅋㅋㅋㅋㅋㅋㅋ,0개,2020. 5. 14.
정희영,언니 오늘도 이뿌요><❤️❤️내 최애에요!!ㅎㅎㅎㅎㅎ,0개,2020. 5. 14.
HYON횬,"언니는~~~은 진짜루우~~~
혁명아니냐면서ㅎㅎ어~~~ 이것은 정말 레볼루션이라면서!!!!왜 컬러는 단색으로만드는게제일쉽지만ㅎㅎㅎ근데 이 벨벳ㅎㅎ먼지떼기ㅎㅎ딱ㅎㅎㅎ좋겧.......는ㅎ일루전 선셋♡♡♡♡♡♡♡하루컬러ㅎㅎ2020컬러 트렌드  브라이트한파스텔ㅎㅎㅎㅎ언니가여가여ㅎㅎ",0개,2020. 5. 14.
주아니키미나즈,선셋 색깔 미쳤다... 마치 델몬트 오렌쥬스같아요❤️ 저도 선셋에 한표를^^,0개,2020. 5. 14.
한또치,일루전선셋이 색상이 보는 각도 마다 다르고 너무 영롱한느낌이에요! 슈스스님과 잘어울려서 선셋색으로 택했을거 같아요 ☺ㅎㅎ,0개,2020. 5. 14.
nmH,"TV광고보면서 그린,그린 외쳤는데 오늘 영상보고 완전 바뀜
역시 혜연님 영상, 묘한 매력있어요
일루전 선셋!! 선택하셨을듯
저도 급 끌림요~~~ ^^",0개,2020. 5. 14.
도리감자,"일루전 선셋은 너무 뻔하니까 오로라 그린 주식 삽니다!
스스언니 패턴 투피스 착장이랑 찰덕이었던 오로라 그린 저도 함 들어보고 싶네용!!!",0개,2020. 5. 14.
H,오로라 화이트~ 혜연 천사는 마리아처럼 숭고하게~!!,0개,2020. 5. 14.
IreneLee,❤빼박 일루젼 선셋💜 입니다‼️,0개,2020. 5. 14.
소라,일루전 선셋을 고르셨을 것 같은 느낌?!🤔 핸드폰에서 처음보는 색감 같아요! 독특하고 넘 예뻐요.,0개,2020. 5. 14.
아이에오용,"뭘입어도 ok인 오로라 그레이 !!!!
왕시크한 색상 잘어울려요 굿 
오로라 그레이에 한표!!!꺅",0개,2020. 5. 14.
YULIFE유라이프,오 이쁘당 슈스스언니가 설명해주니까ㅋㅋㅋ폰설명아니고 패션설명해주는것같아 진짜ㅋㅋㅋ디테일해,0개,2020. 5. 14.
씨앗하나,"슈스스 한혜연님의 픽은 #LG벨벳 #오로라그린 일것 같아요~!!
사실 제가 제일 맘에 드는 색이기도 하고. 다른 핸드폰에서는 볼 수 없는 색이라 더더 맘이 갑니다~~^^",1개,2020. 5. 14.
진연우,다이쁜데 그린이 계속 머리에 맴돌아서 그린에 한표😍,0개,2020. 5. 14.
김정민,"언니 원픽은 ""일루전 선셋""
언니와 스타일과 찰떡이여요~으하하
 저두 언니만큼은 아니지만 어찌 흉내라도내볼게요~~하하하",0개,2020. 5. 14.
달링,언니가 어떤 컬러를 픽하든 엘지 죽돌이는 이번 그린이 젤 조아.. 엘지는 맨날 찐파랑 코발트블루 이런것 만 내다가 첨으로 그린컬러 뽑은거라 의미가 넘 커..,0개,2020. 5. 14.
minmin,진짜 디자인 오졌다라능~!,0개,2020. 5. 14.
젤리빈JELLYVIN,언니는 어떤 무드에도 잘 어울리게 일루젼 선셋 으로 할것같아요❤️,0개,2020. 5. 14.
난이찌,사전예약 완료...ㅎㅎ 전 오로라 블랙 ㅋ,1개,2020. 5. 14.
김소윤,일루와 일루전 선셋 내 손으로 드루와,1개,2020. 5. 14.
HYN,언니는.무조건 오로라그린~♡ 구독 좋아용. 알람~ 끝~♡♡,0개,2020. 5. 14.
양승연,"그레이!! 선택할것 같습니다용!
 언니 홈쇼핑하시면 완판찍겠는데요!?!?
중간에 폰이 신발에서 나와서 엄청 웃었습니다!! ㅋㅋㅋㅋㅋㅋ 생각지도 멋한 ㅋㅋㅋㅋㅋ 언니 너무 꿀잼 ㅋㅋ",0개,2020. 5. 14.
rara,일루젼 선셋 ~~ 슈스스님께 딱 어울려죠 슈스스랑 찌찌뽕,0개,2020. 5. 14.
이지연,일루전 선셋으로 예상합니다~ 다양한 색상으로 매력이 넘쳐서 언니의 텐션과 잘 어울려요😊😊,0개,2020. 5. 14.
MinJeongKim,"정말 LG폰 마켓팅/광고팀의  탁월한 선택이었네요! 비주얼적인 면과 언니의 귀에 쏙쏙 들어오는 설명이 넘 좋았어요. 
오로라그린과 일루젼 선셋 중에 고민 하실 것 같아요... 그럼 언니의 선택은 두둥~ 일루젼 선셋!! 맞죠?",1개,2020. 5. 14.
휴지,헉 넘이뻐요ㅜㅠ!그레이요!!,0개,2020. 5. 14.
박소연,일루전선셋에 배팅 갑니다!👉🏻👉🏻💕,1개,2020. 5. 14.
병신만보면우는형,"패션 디자이너 친구도
이번 벨벳폰 너무 이쁘다며....
전문가들이 볼 때 엄청난 디자인인듯 💃

이벤트 퀴즈 답은 그린 !!!!",0개,2020. 5. 14.
JessicaLee,"LG벨벳 오로라 그린♡
제가 그린색을 좋아하기두하구🤭
뽀인트가 확되서 선택해봅니당🤔",0개,2020. 5. 14.
홍현,우와 3등 혜연언니 진짜 팬이에요 ㅠㅜ,0개,2020. 5. 14.
강태풍,"2. 일루전 선셋!!!
이유는 제일 이쁨 ㅋㅋㅋ 하나 사면 색깔 다섯개 넘는 폰 생기는 거 아니냐면서~ 카멜레온이지 뭐야~기절이지 모~

p.s  누나 당첨되면 제세공과금은 누나가 내주세요 ^^",0개,2020. 5. 14.
HYYeum,워뗘!다 이쁘네~^^  슈스스 미니미 세젤귀에요♡ 찍는건 운명에 없지만 퓨어하고 숭고한 화이트  콕!  찍어봤어요  언니랑 잘어울려요~,0개,2020. 5. 14.
JJKim,"울 슈스스님은 오로라그린을 셀렉 하실거에여..
왜냐면 그린은 고급스럽고 유니크하면서 청명함과 힐링을 주는 힘을 가진 컬러니깐여 💚",0개,2020. 5. 14.
ChaJieun,언니 일루젼 선셋 쓰실거 같아요!! 되게 러블~~리한 색상이에요 ㅠㅠㅠ 언니랑 딱!!!😍,0개,2020. 5. 14.
sungminoh,저세상 텐션에 20ss트렌드를 더해 또다른 느낌으로 설명해준 LG벨벳폰* 언니말처럼 쳐다도 안봤던  LG폰을 완전 다시 보게 되었어요. 전 오로라그린에 한표 던집니다~ 세련되면서 스탈리쉬한 슈스스에게 딱어울려요~^^~,1개,2020. 5. 14.
JH,다 이쁜데 오로라화이트🤍 이쁘네요!! 언니한테도 착붙이에요😘 화이트 드레스 입을 때 더 고급진 느낌이 듭니당 👍👍 언니랑 같은 폰 쓰고 싶네여!,0개,2020. 5. 14.
황서현,움직일때마다 색이 변하는 일루전선셋! 다양한 코디가 가능하고 너무 이뻐서 슈스스가 선택할것같아요!^^ 저고 일루전선셋이 젤 이뻐서 뽑은건 안비밀!!🤫ㅋㅋㅋㅋ,0개,2020. 5. 14.
젤리with,진짜 다 너무 이뻐요~ 담엔 원피스와 스커트 특집도 해주세용^^,0개,2020. 5. 14.
호잇호악,Simple is the best! 심플하면 오로라 화이트! 그리고 어떤 스타일이든 다 소화시킬 수 있는 컬러이면서 가장 무난한 색인 오로라 화이트를 슈스스님께서 pick 할 것 같습니다🤍,0개,2020. 5. 14.
한지유,일루전 선셋이라면서~~ 항상 트렌디하고 멋을 추구하는 우리 혜연언니라묜 레볼루션을 택했을거라면서~~~그나저나 엘지폰색상 진짜 잘뽑았당 너무예쁨.....일루전선셋이랑 오로라 그레이 대존예라면서..여기 베이비가 바꾸고싶다묜소!!!🖐🏻🖐🏻🖐🏻🖐🏻🖐🏻🖐🏻🖐🏻🖐🏻,0개,2020. 5. 14.
빈컵스bincups,"일루전선셋 너무이쁜데 혜연님픽은 🌲오로라그린🌿일듯! 합니다~
일반 휴대폰 협찬광고와다르게 스타일링에 중점을 둔것이 넘 색다르고 트렌디하게 다가오네여 ㅋㅋ 역시슈스스으👍",0개,2020. 5. 14.
민아,일루전선셋 오묘한 컬러에 끌립니다. 슈스스 워킹 퐈려하고요♡ 광고인 줄 알면서도 이렇게 유익할 수 있는겁이꽈. 엘쥐 잘한다 잘한다.,1개,2020. 5. 14.
Jmino,누나 나는 오로라 그린 가지고 싶어 ~♥,1개,2020. 5. 14.
안혜성,"숭고하고 퓨어 ~~~^^
하지만
쉬크한 언니는
오로라 그레이 한표 드립니다.",0개,2020. 5. 14.
영뚜띠부이,"오로라화이트.
슈스스님의 숭고한 모습에 한 표를 던집니다!!
현재 엘지 폰을 사용하고 있는데 휴대폰 액정에 금이 간 상태지만 약정이 남아서 그냥 사용 하고있습니다..
이번에 나온 LG벨벳을 보고 사고싶다는 생각을 많이했는데 이런 좋은 기회에 참여할 수 있어서 너무 좋네요 !! 슈스스 화이팅. 엘지 화이팅",1개,2020. 5. 14.
박희진,초록이여~~,0개,2020. 5. 14.
Domo7415Kim,온니..구독신청하고 갑니다...멋찜모습 항상 좋아용~~^~,0개,2020. 5. 14.
SunsunSun,이 언니 광고도 시원시원하게 너무 잘하네!!❤️❤️❤️👍👍,0개,2020. 5. 14.
JUBEE,"ㅋㅋㅋㅋ언니신났네
나도 덩달아 하이텐션ㅋㅋㅋ 신나요~~ 오로라 선셋 나에게오라 ♡♡",0개,2020. 5. 14.
박젬마,"벨벳 오로라 그레이!!
진심 느껴졌어요 ㅋ
또 혜연님은 착장을 스타일쉬하고 컬러도 두려워하지 않는 분이시니 폰은 그레이 블랙톤으로 해야 그 분위기를 띄워줄것 같은 느낌적인 느낌스 ㅋㅋ",1개,2020. 5. 14.
JUNGHEEYUM,슈스스님 픽 오로라 화이트~~ 마~ 이런게 핸드폰 광고다~~완전 광고를 찢어놓으셨네요,0개,2020. 5. 14.
MIMESISH,오로라 그린이 지적인 언냐에게 똭!!,1개,2020. 5. 14.
90은키,슈스스님 일루전 선셋이 오묘하면서도 광채에서 주는 산뜻함이 있는거 같아요💕  나혼산에서 듀얼폰 쓰시는거 봤는데 이번 벨벳폰도 볼수있길 기대해봅니다!!😎,0개,2020. 5. 14.
퀸늘,"제발 클러치 추천 해주세요,,,",1개,2020. 5. 14.
