﻿닉네임,댓글,좋아요수,날짜
XIANC,Imagine being this talented and pretty I--,124개,2020. 5. 25.
MichelleGo,"💜 Pony’s Playlist 💜
Crush - Ibiza
Moon - Day n Nite (ft. Sik K)
Boyz II Men - Relax your mind (ft. Faith Evans)
Moon - Now
Mae Muller - Therapist
Ella Mai - Shot clock
소피야 (Sophiya) - Overlap
진보 - 말하자면 (ft. Crush, Hoody)
CHIMMI (취미) - Secret
에이프릴 (APRIL) - LALALILALA
우주소녀 - 비밀이야 (Secret)
우주소녀 - 부탁해
이달의 소녀 오드아이써클 - Sweet Crazy Love
DeBarge - I Like it
Golden - Tequila (ft. Hoody)
Mya - My Love is Like... Wo
Nathania - loveyoubuthateyou
DPR LIVE - KISS ME
SZA, Justin Timberlake - The Other Side",141개,2020. 5. 25.
LindaThao,Now I have to follow Pony’s Instagram so I don’t miss out on these stories! 💕🥰,14개,2020. 5. 25.
Vanessa,Its nice that she uploads her insta live in yt. Cuz people like me don't have insta.,86개,2020. 5. 25.
엘리자베스아덴,그냥 흥얼거리는 목소리도 예술이네요..실력이 대단하신듯...대체 포니님 재능은 어디까지인가요~~,82개,2020. 5. 25.
EmilyZhou,"I’m so shook... you sound just like a professional singer??!! Everything flows so smoothly, how!!",5개,2020. 5. 25.
IsabellaKayful,"I LOVE WJSN sooo much, our queen has taste 💕",12개,2020. 5. 25.
xiomarapaitan,"omg!! no puedo creer que soy el comentario 40 xddddddddddd nunca paso!!
ah. me encanta esta chica.",7개,2020. 5. 25.
IsabellaKayful,"Aw such a talented beauty, so many skills in the arts!",53개,2020. 5. 25.
나빗보벳땨으,"언니 진짜 매번 영상 볼 때마다 느끼는 건데,,이목구비 진짜 자기주장 확실하다,,난 이목구비가 둥글둥글해서 흐리멍텅한데 언니 최고야,,",64개,2020. 5. 25.
MochiYoongs,"Pretty? Check
Good at doing makeup? Check
Can draw? Check
Can sing? BIG FAT CHECK
Can rap? FHFJEJDND CHECK

CANT RELATE",5개,2020. 5. 25.
재영,와 진짜 연예인보다 예쁜데..,19개,2020. 5. 25.
Marine,Thanks for all the songs recommandations ✨♥️♥️♥️ I was surprised because I had never heard of some of those songs (except the AMAAAZING sweet crazy love song from Loona👍). Where do you find new music to listen to ?!,5개,2020. 5. 25.
한수아,"헐 ㅈㄴ 좋아 그 때 라이브 텐션, 조명, 언니 미모, 그 시간 갬성 다시 볼 수 있어서 너무 좋다 저 때 반모해서 걍 반모했어ㅎㅎ 앞으로도 이런 거 많이 해줘 언니",37개,2020. 5. 25.
0이,"아 노래도 잘부르고 얼굴도 완벽하긴한데 뭔가 모르게 조금 부족한거같은데 





명불허전 ❤️
언니 응가💩싸주세여 박수칠준비됐습니다👏🏻",29개,2020. 5. 25.
은광아사랑해,언냐 원곡자보다 음색더 좋으면 어쩌자는거야ㅠㅠㅠ,12개,2020. 5. 25.
alfrknRmsek,와 진짜 이쁘다 진짜 공주다.......,15개,2020. 5. 25.
JanetCool,KINDA EARLY YAYAYA LOVE YOU SM AND STAY SAFE!!!🥺💜❤️💕❤️💕💜😍🥰😘,3개,2020. 5. 25.
YH,노래마저 잘하시면 어떡해요 언니 ㅠㅠㅠㅠㅠㅠㅠㅠㅠㅠ,9개,2020. 5. 25.
냉탕,세에상에 분위기 모야 ㅠㅠㅠㅠㅠㅜ팝앨범커버같은 언니얼굴최고다,7개,2020. 5. 25.
sihyeonLim,"언니 진짜 목소리 미녀.....
이렇게 매번 반해 내가ㅜㅜㅜ😭💓💓",6개,2020. 5. 25.
김첨지의럭키데이,"언니 이 날 메이크업 무슨 일,,,,, 너무 예뻐 정보 어서 줘요",5개,2020. 5. 25.
PearlynPurple,"it’s great to see your video again. u are multi talented! Just wanna say, you inspired me to start my makeup channel finally 😂🤣 Hope to see more of your videos ☺️",8개,2020. 5. 25.
이하연,진짜 존나 이쁘시다..,7개,2020. 5. 25.
HQz,"오 일찍 왔다❤️ 
이 날 라이브 화장,한국인 수,밤부 목소리,분위기 다 완벽했던 날이었죠 ㅎㅎ 다행히 인스타도 문제 안 일으켜서 저장되고:) 그리고 포니 언니 노래까지 잘 부르시면 어떡해요???!?!? 언니가 추천해준 노래들 꼭 들어볼게요^^",14개,2020. 5. 25.
PauliinaRinne,How is she so pretty and has such good singing voice too😦,5개,2020. 5. 25.
JitendraSingh,I don't know why but she looked like sulli....,1개,2020. 5. 25.
소몽몽,저 이 날 있었는데 ㅋㅋㅋ 밤부가 포니님 디제이 방해한 거 생각나요 ㅋㅋㅋ,3개,2020. 5. 25.
엄복동,ㅠㅡㅠ 언니 라이브가 젤 조아요 이 댓글 읽게 되실지는 모르겠지만 항상 라이브 영상들 자기 전에 돌려봐요 메이크업 영상들은 당연히 외울만큼 자주 봤구ㅋㅋㅋ,2개,2020. 5. 25.
간태은,언니 ㅠㅠ 눈밑에 바른거 정보좀여!!!! 넘오 이뻐요...,2개,2020. 5. 25.
조유진,와 이 언니 노래도 잘 불러 못 하는게 뭐야,4개,2020. 5. 25.
bchtrn,I even can't image this talented beaty with sweet voice 😙,12개,2020. 5. 25.
해오름달,노래는 평범하게 부르겠지 했는데 이렇게 잘 부르기 있어...?😢 뭐가 부족해... 대체 뭐가 부족하냐구!!!ㅜㅠㅠㅠ,10개,2020. 5. 25.
말하는껌,"꽤 잘부르네 정도가 아니라 너무 잘부르는데;;;

언니 제발 언니최애곡으로 커버노래 한번만
올려주세요ㅠㅜㅜㅠㅠㅠㅠㅠㅠ나진짜 뻥안치고
하루에 20번씩 들을거야😭😇😇❤️",4개,2020. 5. 25.
숲동,"이때 노래 진짜 다 역대급이였는데ㅠㅠㅠ 릴렉스유얼마인드 듣고 뻑갔슴다 ,, 포니 언니의 추천곡에 포니언니의 노래 부름 이라니 말도ㅜ안돼 사랑해 언니 ,, 💜",3개,2020. 5. 25.
EstrellasvousAnn,omg Pony unnie playlist Moon- Day n Nite // Now . Brb i’m gonna cry ❤️❤️❤️😭,4개,2020. 5. 25.
Knie,갓포니 🦄 저렇게 흥얼흥얼 따라 부르는것 까지 너무 effortless 하게 잘하면 어떻게😭💜💜,2개,2020. 5. 25.
xxlovecz,"Pony is perfectionist.. She can draw, do makeup(pro😱), writer,founder,7mil followers,pretty,can sing, and she draw her own face😍",0개,2020. 5. 25.
YFvideo,"Glowy Spring makeup 우아한 봄 메이크업
Title song ?",1개,2020. 5. 25.
까꿍,하.....뭐야 진짜 뭐지;; 사람맞나 흥얼이 거림이 아니라 라이브 보는 것 같은데요,1개,2020. 5. 25.
LUCY루씨,요 라이브 실시간으로 봤던 저를 칭찬해요..😍💖💛,3개,2020. 5. 25.
HaniAzman,"pony, your voice sounds amazing and the songs you recommend are such ear candy",0개,2020. 5. 25.
뷰티다야BEAUTYDAYA캐통령2대리,"노래실력도 출중하고 메이크업 실력은 대한민국 최고수준 
언제 한수 배우고싶네요
가장 선호하는 화장품 메이커가 궁금해요
뷰티채널 영원하라~~~👠💄🧥👜👙👛👚👡🛍🩰",1개,2020. 5. 25.
GPINKofficial,우와~~~ 언니 먹서리가 너무 좋아해용~~~ ㅠㅠㅠㅠㅠ,3개,2020. 5. 25.
LiSO리소요가,이런 영상 너무 조아요!!,3개,2020. 5. 25.
소리,ㄱ 언니..너무이쁘신데 혹시이날 메이크업 영상으로 찍어주실수있나욤,0개,2020. 5. 25.
AcarTrevoso,"your voice is so perfect, you are perfect 💜💋",7개,2020. 5. 25.
이사라,"언니 립 알고싶어서 현기증 나,,,제발 알려주세료😭",3개,2020. 5. 25.
Ela,"Please do a tutorial on how you do your lips, I have the same shape and it's hard to find",4개,2020. 5. 25.
playboyShit,이 날 화장 너무 이쁜데 ㅜㅜㅜㅜㅠ,0개,2020. 5. 25.
sp,이런 칭구잇으면 진짜 행벅할듯 ♡♡♡ 포니야♡~늘 고맙고 사랑해♡ 건강해♡,0개,2020. 5. 25.
DiretamentedeMarteparaVnus,perfection in angel,9개,2020. 5. 25.
JJ,"꺅 ㅠㅠ  언니 치과의사 하자 




언니만 보면 입이 안 다물어지니까",2개,2020. 5. 25.
ValerieMuanpuii,Can you do the makeup tutorial of this video☺️ I really love it❤️,1개,2020. 5. 25.
양해원,와ㅏ 이 언니 나랑 취향 완전 잘 맞아 내 플레이리스트에 있는 노래 거의 다 있어요!!!!ㅠㅠㅠㅜ,0개,2020. 5. 25.
LisaJi,Can you do Jennie's blackpink makeup transformation ?,2개,2020. 5. 25.
542,인스타에서 Fake Magic 추천 받았을 때 듣고 정말 취향저격 당했었는데 이번 리스트에서도 그런 곡들이 있어 정말 조아용☺️☺️,1개,2020. 5. 25.
보노보노,언니 저 기억나여? 나예뻐?했던ㅋㅋㅋ 장난인거알져?ㅋㅋ,0개,2020. 5. 25.
흑마신애,포니님 좋은음악 추천해주셔서 감사해영 운동할때마다 들어야겠어용😍,0개,2020. 5. 25.
Nuri,언니...노래도 잘 부르면 어떻하라는거야....? 못하는게 뭐야ㅠㅠㅠㅠ♥️,0개,2020. 5. 25.
부끄러운고구마,"으아아......너무좋아요ㅠㅠ💜💜💖🧸🍒너무좋구말구요....노래취향마저 저격당했당ㅠㅠ이러시면 곤란해용....이제 탈출구는 없드아....!!퐁당...빠졌어요!♡
사랑해요💜🧸우리이쁜언니ㅠㅠ🧸💜",0개,2020. 5. 25.
즐라탄이브라히모비치,오아써를 안다니ㅠㅠ 최고야,0개,2020. 5. 25.
윤혜,나도 저렇게 메이크업 해보고싶다 ㅠㅠ,0개,2020. 5. 25.
JennaReighnJavier,I really just thought she's nayeon,1개,2020. 5. 25.
NURANISABINTIMOHDAZIZIMoe,you have an amazing and beautiful voice!!,0개,2020. 5. 25.
보라보라해,진짜 이쁘다..,0개,2020. 5. 25.
sp,선곡도 보이스 좋고~노래듀 넘~예쁘게해 더 더 사랑스럽다♡,0개,2020. 5. 25.
찌미,얼굴도 예쁘고 메이크업도 잘하고... 노래도 잘하고... 다 잘해 이언니.....,1개,2020. 5. 25.
HangNgocNguyen,What glitter do you use under eyes darling? Thank u 😊,0개,2020. 5. 25.
Deantrbl,언니 추천곡 그대로 플레이리스트에 이식했습니다,1개,2020. 5. 25.
FemaleAlpha,"Im blushing, she's so pretty",0개,2020. 5. 25.
ArtisticMJ,대체...못하는게 뭐죠.... 그와중에 화려한 조명들이 감싸는 곳에서 라이브를 하시네요.,0개,2020. 5. 25.
MW,혹시 이 언니 얼굴도 예쁘고 화장도 잘하고 그림도 잘그리고 노래도 잘하는거야...? 그런거야...? 언니 크러쉬도 천잰데 언니가 할 소린 아닌거같아...,0개,2020. 5. 25.
밭알감자,이때 라방 있었는데 반모해서 더더욱 좋았어요 언니 ㅎㅎ 새벽라방 꾸르재애앰❤️,1개,2020. 5. 25.
지훈이,"언니 그냥 카메라 켜놓고 아무것도 안해도 되니까 영상 자주자주 올려줘요ㅠㅠㅠㅠ 언니 얼굴 보고있기만 해도 힐링+눈정화되니까,,,☆ 그나저나 이날 화장 진짜 역대급이다 넘 이뻐ㅓㅓㅓ 눈 멀거같아 으앙",0개,2020. 5. 25.
,당신은 정말 아름다운 목소리를 가지고 있습니다.😯😍😍,0개,2020. 5. 25.
아이,언니가 선곡한 플레이 리스트 들으면서 드라이브 하고 싶어졌어.. 노래 센스도 짱이야.. 그러니까 일단...... 차에 타봐❣️,0개,2020. 5. 25.
김채원,아니 언니 뭐에요 ..? 노래는 언제부터 잘 불렀던 건데여 ..? 아 잠깐만 약간 배신감 들어 이 언니 왤케 완벽해 진짜 ㅠㅠㅠ !!!!!!!! 그냥 사랑해요 언니 ..💖,0개,2020. 5. 25.
양이,"언니 노래도 잘 부르세요?
진짜 꾸준히 포니님 영상 잘 보고 있습니다ㅠ
진짜 화장도, 모습도, 목소리도 마음도 다 좋으시고 완벽하신데 어떻게 이럴수가 있나요ㅠㅜ
진짜 너무 멋지세요!!!",0개,2020. 5. 25.
PrisKruger,Thanks for this wonderful and lovely earcandy 😍🤩😍🤩,0개,2020. 5. 25.
은결,Ibiza 흥얼거리시는데 화음으로 쌓여서 귀호강중... 너무 행복하다...,0개,2020. 5. 25.
예쁘린,언니 요즘 립 색깔 ㅜㅜ 너무 고민이예요,1개,2020. 5. 25.
KristinaStarHeart,"You are so beautiful, the light I-",1개,2020. 5. 25.
melkx,Unnie has great taste of music! 💕,0개,2020. 5. 25.
vallentak,歌うま！声綺麗😍,1개,2020. 5. 25.
진보영,꺄아ㅏㅏㅏㅏ 언니 노래 너무 좋아요💕💕💕 이거 들으면서 과제할래요 ㅎㅎ,4개,2020. 5. 25.
hannahwang,She can sing nd draw nd do makeup all perfectly...??,0개,2020. 5. 25.
돔,omg loona odd eye circle!!! periodddddt,0개,2020. 5. 25.
챠밍,밑에 노래제목은 편집으로 따로 넣은건가여 아님 인스타라이브에서 제공하는 건가욥?,1개,2020. 5. 25.
HaruhiFujioka,Thank You for your videos guide. I always able to learn new skills😍😍🤩🤩💐💐❤❤❤💗,1개,2020. 5. 25.
디즈니러버,갑자기 궁금해져셔 그러는데 튜토리얼이나 메이크업 찍을 때는 주로 스튜디오에서 촬영하죠?아니면 집에서 벽지 붙여놓고 배경 꾸며서 찍어서 해요?,0개,2020. 5. 25.
나나다,어후 노래도 잘부르네 이쁘고 자기 분야에서 일도 잘하고 못하는게 뭐람😍😘 내일 출근하기 전에 저도 에너지받구가요~~!!,0개,2020. 5. 25.
LoveSam,Sis is so talented!! Bruh-,1개,2020. 5. 25.
Kyohe,"日本語訳付けて欲しいです！お願いします🙇‍♀️
韓国人の方で日本語がわかる方がいらっしゃればこれを韓国翻訳にして伝えて欲しいです！",0개,2020. 5. 25.
령이vely,미쳤다 워너비💗,0개,2020. 5. 25.
호이호이얍,노래도 다 좋고 언니가 불러줘서 더 좋았어요!!!💓💓,1개,2020. 5. 25.
ArenlaNagi,At first I thought she spoke japanese,0개,2020. 5. 25.
돌봄,포니님 수탉님 영상 보세요? 공포게임 영상이요?? 내가 아는 그 수탉님??? 그렇다면 드디어 공통점을 하나 찾았다,1개,2020. 5. 25.
다압,언니 나 저때 언니 라방때무네 덩실거리면서 학원숙제 했다구요...,0개,2020. 5. 25.
Yy,인스타 필터 어떤건지 알려주실 수 있나요~?,0개,2020. 5. 25.
슈슈,이비자 들을 준비 됐어!!,0개,2020. 5. 25.
ategurl,wow she kinda looks like nayeon from twice,1개,2020. 5. 25.
dohyeon도현,넌 너무 아름다요😍🌟✨,0개,2020. 5. 25.
ZoeVega,I don’t understand you....we need traductor,1개,2020. 5. 25.
kim홍,포니님 땜에 취미 알앗내요 ㅎㅎㅎㅎ 노래정말 좋아요,0개,2020. 5. 25.
박민영,노래 너무 좋아요..언니가 부르는 노래가 너무 좋아요....목소리 꾀꼬리같아...귀호강...,0개,2020. 5. 25.
NathaliaYumi,암ㅇ you,0개,2020. 5. 25.
SJ,얼굴도 이쁘고 노래도 잘하고 부족한게 뭐죠..,0개,2020. 5. 25.
희바나Vlog,미모에 취한다💕,1개,2020. 5. 25.
Michi,LOONA!!💕,0개,2020. 5. 25.
JeonSoYoon,아니 세상에 노래도 잘해,0개,2020. 5. 25.
최준서,흥얼이도 좋네ㅎ😝,0개,2020. 5. 25.
몽실맹구,이날 라방은 마치 DJ포니의 노래방... 포니님 하고싶은거 다 하세요.. 우리는 당신밖에 모른다!!!!,0개,2020. 5. 25.
이Sun,그냥 사랑해요 언니,0개,2020. 5. 25.
PrettyRice,"Real beauty real talent!! Gorgeous girl!!! 
👱🏻‍♀️💕👏🏻💐🤗",0개,2020. 5. 25.
AriMartinez,cute❤️,0개,2020. 5. 25.
nnnn,아툭어필인어비자~,0개,2020. 5. 25.
asiaKhatun,Omg u look pretty and your voice 😍😘😘🥰,2개,2020. 5. 25.
바오,못하시는게 없는듯... 👏🏼👏🏼👏🏼👏🏼,0개,2020. 5. 25.
예쁘린,언니 립 뭐 바르셨어요 ??,0개,2020. 5. 25.
박한승,아 언니 사랑해요 안주뮤세요?!,0개,2020. 5. 25.
김희수,아니 포니언니 다 잘하면 어뜩해요 증말🙊,0개,2020. 5. 25.
,日本一1号♥️,0개,2020. 5. 25.
KevinThai,Please release an album! 🙏,0개,2020. 5. 25.
여음IsYeoeum,정말 아름다우십니다....💕,0개,2020. 5. 25.
RanibalaIrom,Why  are you so beautiful?? Love u😍😍😍😍😍😍😍,2개,2020. 5. 25.
구수현,아 예뽀,0개,2020. 5. 25.
CristinaCotaUribe,You have a nice voice and you are so beautiful.,1개,2020. 5. 25.
글뤼크운좋은언니,참 프리뤼 걸이예요💓,0개,2020. 5. 25.
Kmun,so pretty ❤❤,0개,2020. 5. 25.
Nika,OMG STAN LOONA,0개,2020. 5. 25.
LilyS,She can be a kpop star now if she wants to! 😮,0개,2020. 5. 25.
phawannan,น่ารักมากๆค่ะ,0개,2020. 5. 25.
TimeChaser,Such talented! I so adore you,0개,2020. 5. 25.
nicolascaceres,"당신은 더 많은 노래를 받아야합니다, 당신의 목소리는 훌륭합니다",0개,2020. 5. 25.
KhadidjaSheih,Не только проффессиональный везажист. Но и поёт прекрасно💜😍,1개,2020. 5. 25.
HL,So cuteeeee love u so muchhh PONY 💜,0개,2020. 5. 25.
ViennaPea,Woooow i'm 1st,0개,2020. 5. 25.
디즈니러버,트롤 월드 투어 벌써 봤어요?그거 보고 싶은데 코로나 땸에 못보고 았는데 ㅠㅠ 어떻게 봤어요?,0개,2020. 5. 25.
TaksiRiaApriliaWati,"She can do everything by herself, pony you are such a multi talented woman",239개,2020. 5. 13.
KarineCx,So talented I didn’t know she could do her hair by herself,204개,2020. 5. 13.
졔졔,ㅋㅋㅋㅋ진짜 이 언니는 메이크업 할 때는 세상 정확 프로느낌 뿜뿜 이러고 브이로그할 때는 허당미 뿜뿜 엄마미소짓게 된다 진짜 온도차 너무 기엽,264개,2020. 5. 13.
TaEAnDaKoOkiE,"imagine being pony omg, a makeup artist, graphic designer, model and a multitalented person... oof😭 i love her💗",133개,2020. 5. 13.
JamielyndelMundo,When the model is also the makeup artist and the hairstylist... You're so gorgeous and talented! ❤️❤️❤️,33개,2020. 5. 13.
,4:40 she's having a photoshoot but the behind the scenes itself looks like a movie- Imagine the pictures🥺,132개,2020. 5. 13.
이미현,"헤어메이크업 다직접ㄷㄷㄷ역시짱이셔,,다른사람들은 다옆에붙어서 해주시는것만봤는데  와우 이언닌 촬영하는데도 어떻게 맡기시지않고 혼자알아서척척ㄷㄷ 정말 수고많으셨어요!!!!!!오늘도 예쁨만남았다고한다😍",71개,2020. 5. 13.
ScarlettN,The model who does her own hair and makeup,9개,2020. 5. 13.
ISuedMinYoongi,The way she says her cat's names are so cute and heartwarming ❤️,91개,2020. 5. 13.
몽실맹구,와 헤어까지 직접 다 하시는데 퀄 대박이다... 뽀니릠 역시 완벽해,46개,2020. 5. 13.
lololololalallaala,8:58 dream glow xD,24개,2020. 5. 13.
ASMCLC,Damn why is she so pretty she is pretty in another way i feel like she is an angel sometimes 😐💙❤️❤️😍😍😍,74개,2020. 5. 13.
자말리Jamali,언니 헤어도 너무 잘하시는데 나중에 자세한 튜토리얼 올려주세요오..💜,52개,2020. 5. 13.
CamelleMagto,i was trying to forget about the fig-wasp thing :(,50개,2020. 5. 13.
MichelleEuterpe,Pony listening to Dream Glow whilst literally glowing 💫,21개,2020. 5. 13.
MehnazRahman,7:17 her hairs totally looks like mine and I always hated my hair shape but she looks so pretty 🙄❤️,3개,2020. 5. 13.
유경,와.. 사람인가 진짜 예쁘다,29개,2020. 5. 13.
모야앙,"참 손재주좋다
화장도잘하지만 머리도잘만지고 그림도잘그리고~~",17개,2020. 5. 13.
이윤지,진짜 셀럽의 정석같이 생기셨다...세상 존예로움,10개,2020. 5. 13.
NashmiyaMohtram,How does she look good in everything 😭😭😭❤️❤️,3개,2020. 5. 13.
KevinThai,Pony is too beautiful and gorgeous and pretty! She is perfect ❤️,37개,2020. 5. 13.
아린,"아니 이사람 모야....  이쁘고 헤어 메이크업 다 잘하고 메이크업 보여줄때마다  항상 다른 느낌으로 이쁘고 멋있고
사랑해요 진짜❤❤❤",25개,2020. 5. 13.
김개똥,진짜 그냥 너무 이뻐... 너무 이뻐..,11개,2020. 5. 13.
해외간호대생쏘잔ssojanSN,"I love how this video has a bit of everything!! Make up + GRWM + look book + vlog♥️ ahhh all the outfits suit you so perfectly🤭 
무슨 영상 하나에 메이크업 + 겟레디윗미 + 룩북 + 브이로그 다있어ㅠㅠㅠ 너무 좋아 으아아아🤭",19개,2020. 5. 13.
lestyL,허류ㅠ 저 아나스타샤 팔레트 포니님이 한번 사용하신거 보구 엄청 갖고싶어하던 중이였는데ㅠㅠ 비티에서 해주신다니ㅠㅠㅠㅠㅠㅠ반드시 얻고말거에요!,23개,2020. 5. 13.
로온,언니 영상 보면 다른 세계에 있는 기분이야 진짜 너무 예쁘고 매력도 엄청 나 사랑해,14개,2020. 5. 13.
몽실맹구,10:11 ㅋㅋㅋㅋㅋㅋㅋㅋ 진짜 언제 나오나 계속 기다렸어요,8개,2020. 5. 13.
유영주,언니 레드도 잘어울리는데 잘어울리지않다뇨 이쁜뎅 레드착장이 이뻐용❤️,14개,2020. 5. 13.
배재령,1:16 I would've never guessed than Pony listens to Doja Cat but then again she is gaining such a huge amount of popularity lately😳,42개,2020. 5. 13.
고민성,"헤메 혼자 하시는거 진짜 너무 멋있다,,,🤎",9개,2020. 5. 13.
박한승,아싸 ㅠㅠㅠㅠ  아 행복해 브이로그라니 ㅠㅠ  언니 진짜 사랑해,7개,2020. 5. 13.
StephanieArenga,"Never been this early, pretty 😍",9개,2020. 5. 13.
김효진,헐 머리도 언니가 세팅하세요??대박ㅠㅠ 언니진짜못하는게뭐세요ㅠㅠㅠㅠ👍🏻,8개,2020. 5. 13.
R,the photoshoot looks so easy to do but in reality its so hard and tiring stay safe pony,14개,2020. 5. 13.
MarinaS,3:20 What is that lipstick? It is so pretty!,4개,2020. 5. 13.
GGSY,진짜 누구는 연예인이라도 되는냥 헤메 다 받고 하던데 역시 뷰티유튜버계의 월클은 달라요,4개,2020. 5. 13.
Arallist,"Hello Pony, I have been following you since your cyworld days, ever since I was in high school! It has been ten years for me now haha, thank you for your content, please take care!",22개,2020. 5. 13.
보름달,4:28 카메라로 찍은 후면인데 너무 예쁘다... 오아.... 그리고 언니 셀카랑 카메라 전면 후면 다 똑같이 너무 예뻐요ㅠㅠ,7개,2020. 5. 13.
MYOH,"Wow! You're so beautiful! Pony, you're always on point with your great fashion, beauty, make-up, and hair! You make me feel good and smile!! Sending much love! Stay safe, gorgeous!!!",2개,2020. 5. 13.
Midnight,"I love these type of vlog so much, it really goes to show how you work with others + your humble & yet funny personality 🥰 the assistant learning to use the cam parts also makes the vlog hilariously relatable 🤗",1개,2020. 5. 13.
SyanaBeauty,She’s so pretty and her character is so funnnn. Omg 😭,5개,2020. 5. 13.
DanielynTiquia,Imagine Getting a heart from her 🥺💜,18개,2020. 5. 13.
134340plutooo,i love how this queen does her own makeup and hair by herself for shoot 💜,3개,2020. 5. 13.
dontletcoronabite,I like how she disses every outfit that she's supposed to advertise lmaoo,0개,2020. 5. 13.
플레요,"진짜 레전드,,! 포니님 미모 레전드..❤
이런 브이로그 많이 많이 올려주세요😭 갠적으로 포니님 브이로그 너무 좋아한다구요,,🙈",8개,2020. 5. 13.
김개똥,7:21 렌즈 정보 좀 알려주세여~!,3개,2020. 5. 13.
,I have been wondering for a long time about the meaning of pony's tattoo.,1개,2020. 5. 13.
istudyer,she lowkey looks like joy from rv omg so pretty<3,4개,2020. 5. 13.
KimHwaYoung,"ILOVE YOUR MAKEUP STYLE 🍼
ILOVE YOU PONY🍑",8개,2020. 5. 13.
cherish,포니님 너무 이쁘세요><,6개,2020. 5. 13.
NirwanaAyustira,"Hi, Park Hye Min, I am wana from Indonesia. I have long subscribed your youtube, and I like all the makeup you make especially when you help someone become prettier. I'm very curious about your product. can you send it??  sorry if my english is a mess🤭",1개,2020. 5. 13.
LimelightLemon,She looks like Kang Mi Rae minus the gangnam part.,3개,2020. 5. 13.
Sannii,"3:11 it's a german song from a ""rapper"" which was really famous here in Germany. :D",0개,2020. 5. 13.
missmia196,She has the most elegant hands... A living doll 😍,6개,2020. 5. 13.
bluem00n,"Sigh...if I look like Pony, I will probably stare at myself for hours. I dont even like looking at the mirror sometimes.",3개,2020. 5. 13.
YoujinJang,"the ending, i'm wheezing 😂",1개,2020. 5. 13.
달하나,3:08 나  이제 무화과 못먹어 ㅠㅠㅠㅠㅠㅠㅠㅠㅠㅠ으어 ㅠㅠㅠㅠㅠㅠㅠㅠㅠㅠㅠㅠㅠ,2개,2020. 5. 13.
jeubeungddobong,노란 옷 입을 때 현아인 줄 ㄷㄷ 진짜 엄청 이쁘다..,1개,2020. 5. 13.
SarahItliong,"Pony is very pretty, 😍
Just laughed when your friend took picture 😅🤣🤣",0개,2020. 5. 13.
현아연,7:21 아니 이 렌즈 어디꺼죠?!?!....??넘나 궁금쓰,4개,2020. 5. 13.
복숭아정모,와 이목구비 뚜렷한거 봐 ㅠㅠㅠㅠㅠ 진짜 예쁘세요 포니님💗,2개,2020. 5. 13.
MCJ,7:27 is it just me but she looks like Hyuna 😂💗,31개,2020. 5. 13.
박지혜,어제 라이브봤는데 바로 오늘 영상이라뇨ㅠㅠㅠㅠㅠㅠ🤍💜💙✨🌈☁️,2개,2020. 5. 13.
LaurenH,우왕 포니언니 ...! :) 여긴 새벽 2시예용 쩝,2개,2020. 5. 13.
수연,와 헤어 혼자 하시는거 까지 진짜 존경스러워요ㅜㅜ 완벽주의자 포니늼🦄✨,1개,2020. 5. 13.
Alice혜원,첫번째 옷 정보 아시는 분 ㅜㅜ 너무 이뻐요,2개,2020. 5. 13.
김민지,"포니님 이런 가까운느낌의 영상은 처음인데 너무 좋아여ㅠㅠㅠㅠㅠㅠㅠㅠ 친근햇 말도 걸어주고 일하는 영상 여태 제일 보고싶었는데 메컵 헤어 직접 하시고 넘 멋져,,",0개,2020. 5. 13.
IrisKim,3:20 Does anyone know what lip color she used? It's so pretty 😭,3개,2020. 5. 13.
JiminiChimmY,"I'm just Thinking 'out U,, When U'll b cm wth a nw LooK.....🤔🤔🤔
& nw see PONY is here.....😄😄😄
LuvLy😘😘😘😘😘",1개,2020. 5. 13.
YH,포니님 비티 콜라보 제품들 출시 언제 되나요ㅠㅠㅠㅠㅠㅠㅠ,2개,2020. 5. 13.
,"何をしていても可愛い❤️
これからも応援してまーす",0개,2020. 5. 13.
환타,언니 진짜 브이로그 너무 좋아요ㅠㅡㅠ 메컵영상도 좋고 브이로그도 좋고 하 그냥 언니 얼굴만 봐도 힐링쓰,0개,2020. 5. 13.
이수,아니 뭐야...이언니 헤어도잘만지잖아?..... 진짜못하는게뭐야 여신님ㅠㅠㅠ,2개,2020. 5. 13.
쩐시Genie,언니 이날 렌즈들도 나중에 알려줘야해용! 너무 이쁘니까 ㅠㅠㅠ,1개,2020. 5. 13.
JannessaYa,8:56 the music in the background hehe,0개,2020. 5. 13.
1besieged,"I love your videos~ nice you have them in english now too, your voice and demeanor is relaxing, simple the best make up videos on earth!    Lovely bouquet at end, and now I know how to say oh sh*t , in Korean. ;D *   Thank you Pony girl!",0개,2020. 5. 13.
DF,도자 노래 진짜 좋죠 세이 소랑 라잇댓 띵곡임 ㅠㅠ,0개,2020. 5. 13.
PhilandMamaHome,A pure goddess this crazy COVID world needs. <3,1개,2020. 5. 13.
serendipia,"wow, she's a strong and talented woman ♡ doing all by herself and making it perfectly. she's admirable",0개,2020. 5. 13.
,The way she says 'oh shit' ㅋㅋㅋㅋㅋㅋㅋso cute,0개,2020. 5. 13.
pauline1512,haha this Moment when you are from Germany and hear a German song that every German know...I love it lol,1개,2020. 5. 13.
제로콕,10:40 꺼지라니요 ㅠㅠㅠㅠㅠ 제로콜라의 멋짐을 모르다니,0개,2020. 5. 13.
lol,"고양이 뭐야??????너무 귀엽다 진짜,,,,,나중에 고양이 채널 하나 만들어 주세요ㅠㅠㅠㅠㅠ",0개,2020. 5. 13.
BrittaniaBorman,Omg!!!! I Love Pony even more... She was listening to DOJA CAT!!!! Yeaaaaahhhh!!!!! 👏🏻👏🏻👏🏻🔥🔥🔥🔥🔥🔥,1개,2020. 5. 13.
고소한우유,7:14 노래 제목 아시는 분ㅜㅜ,0개,2020. 5. 13.
양이,언니 예쁘신데 반전매력으로 귀여우신....,1개,2020. 5. 13.
라임채널,"어머나 어쩌면 그렇게 예쁘세요^^ 메이크업을 어떻게 그리 쉬워보이게 하셔도 피부톤을 깨끗이 하시나요 저는 언제 이런 화장을 해볼까요 영상 골고구 보구 많이 배워야겠어요
진정 존경합니다 미인이시라서 뭘해도 짱!!!",1개,2020. 5. 13.
오잉,언니처럼 생기면 있던 소원도 사라질거 같아 너무 예뻐 그냥 언니 다해 말도 안나오게 예뻐 진짜 사랑해요 언니,1개,2020. 5. 13.
nochukomtrue,I was like maybe she'll let the stylish do her hair but she style her whole outfit 😱😱,0개,2020. 5. 13.
보혜,7:27 현아 아닌가요 진짜 현아인줄알았어,0개,2020. 5. 13.
369삼육구댕냥이네,혼자 10착장에 맞춰서 헤어 메이크업 다 하시고 그에 맞는 표정 연기까지 정말 대단하세요!,0개,2020. 5. 13.
ilshimiKim,먹방 메이크업 너무 좋아용 ㅎㅎㅎ 이렇게 자연스럽고 귀여운 현실 언니같은 영상 좋아용 ㅎㅎ! :) <3,0개,2020. 5. 13.
Jinsu,"이건 분명 뷰티영상인데.. 저는 왜 빵에 더 눈이 갈까요 ㅋㅋ (02:10)
혹시 저 빵 어디서 파는건지 아시는 분 계신가요? ㅜ.ㅜ 
저도 먹어고보싶네요..",0개,2020. 5. 13.
CarmenChen,Pony is so nice to everyone!! She’s so sweet! And I’m shook agree does everything herself omg,11개,2020. 5. 13.
scs,언니 사랑해요ㅠㅠ요즘 브이로그 올려주셔서 정말 행복해요,0개,2020. 5. 13.
이채은,헤어 고정하면서 촉촉하게 보이게 만드는 제품을 뭐라고 부르나요? 일반적인 픽서나 헤어에센스랑은 조금 달라 보이는데.. 볼 때마다 넘 신기해서요!!,1개,2020. 5. 13.
강혜은,진짜 너무이뻐 언니 항상 건강하고 늙어서도 영상올려줘야해영 늙어서도 따라할라니깡😘😘😘😘,0개,2020. 5. 13.
진이,언니....뭘 입어도 예쁘고... 화장하고 촬영할땐 완전 냉미녀 프로미 뿜뿜인데 대화할땐 동네 친한 언니같아요... 포니님 최고ㅜㅜㅜㅜ영상 올려주셔서 너무 행복해요ㅠㅠ,0개,2020. 5. 13.
EjuLeem,사진 어디서 언제 공개되는거예요 너무 예쁨 ㅠㅠ,0개,2020. 5. 13.
IcePrincess,I always wanted to have porcelain and glass skin like her it's so beautiful it's flawless poreless pimplefreee etc,0개,2020. 5. 13.
지나가는강아지,진심 언니가 직접 메이크업하고 직접 머리하시는거 겁나 존멋이에요 이러니까 내가 포니언니를 좋아할 수 밖에없어 ❤❤❤,1개,2020. 5. 13.
cadycui,"Did the glam and styling all by Pony, nowadays really evolved into a new era. Pony San, such a young professional!!",0개,2020. 5. 13.
WhistleRaRaRa노래라이프inCanada,그냥...세상이 언니꺼인듯한 미모와 헤어 메컵ㅠㅠ못하는게 뭐에요ㅠㅠ,0개,2020. 5. 13.
ThNguyn,You’re really amazing ❤️,0개,2020. 5. 13.
p나비보벳따우,언니 진짜 사랑해 진짜 나 진심이야,1개,2020. 5. 13.
장애슐리,언니 팝송 추천해줘요!!!!! 인스타 스토리에든 어디든ㅠㅠㅠ,0개,2020. 5. 13.
미욤잉,옷정보도 너무 궁금 ㅠㅠㅠ 사람이 이뻐서 다 이뻐보여요,0개,2020. 5. 13.
지윤,여기에 나오는 모든 립 정보 알고싶어요오ㅠㅠ,1개,2020. 5. 13.
프쉬케,진짜 포니님 이쁘구 넘 좋아 😍,0개,2020. 5. 13.
오한별,포니님 이렇게 브이로그 올려주시니까  너무 좋네요ㅠ 좀더 친근해진달까요...ㅎ,0개,2020. 5. 13.
이서현,언니 빨간색 너무 잘어울려 사랑해요 ❤️❤️❤️,1개,2020. 5. 13.
Roriha로리하,포니님 미모 미쳤네요♥ 말하는 인형 같아요^^ 몇번을 다시 보는지 ㅎㅎ 브이로그 영상 너무너무 좋아요!! 자주 올려주세용♥,1개,2020. 5. 13.
Franzbernadina,Omg you're so pretty and so talented👏 How to be you pony?🤧💜,0개,2020. 5. 13.
몽실맹구,이야!!! 브이로그💜,0개,2020. 5. 13.
,언니 이날 립 제발 알려주세여~~~ㅠㅠ,0개,2020. 5. 13.
박신영,회장 룩 꼭 다시 따로 찍어주세요~~~ 역시 포니님이 회장하는서 보면 내 마음이 편해져 ♥️ 심쿵 💘,0개,2020. 5. 13.
MLanNguyn,Pls tell me what kind of app you used for selfie?  Thank you 🙏🏻,0개,2020. 5. 13.
JannessaYa,12:35 to the end of the video was so funny 😂,0개,2020. 5. 13.
신경쓰여에세푸,영상속 립컬러 아시는분 있나요ㅜㅜㅜㅜㅜㅜ,0개,2020. 5. 13.
BellaS,I'm always afraid of cutting my bangs short. but after looking at her bangs I feel poisoned 😭,0개,2020. 5. 13.
irvinetham,always my IDOL Pony <3,0개,2020. 5. 13.
김동희,2:33 블러셔브러쉬정보알수있을까요??,1개,2020. 5. 13.
WindaSafitri,So beautiful 😍 Love from Indonesia 💜,0개,2020. 5. 13.
TaekookShiper,"Nooo, you look perfect in any color 😭😭😭😭",0개,2020. 5. 13.
임정은,오늘도 너무 존예롭다ㅠㅠ,0개,2020. 5. 13.
raudona,Does anyone know what lip liner and lipstick she used? Thank you!,1개,2020. 5. 13.
MiVu,Can you make a video how you doing your hair?^^ It always looks so pretty!!!,0개,2020. 5. 13.
kimmiyo,이얼굴로 하루만 살아보고싶다 너무예뻐,1개,2020. 5. 13.
AngelicaLacson,So pretty unnie 💖😍 Im a fan of yours! Im from the Philippines 💓 take care always! Love you 💓,0개,2020. 5. 13.
chwernon,Dream glow <3,0개,2020. 5. 13.
사람,이런 비하인드(?) 영상 너무 좋아요💕,0개,2020. 5. 13.
CristinaGonzalez,"Pony eres hermosa, me encanta tu estilo. Te amo ❤️✨",0개,2020. 5. 13.
Alice혜원,다 찾아봤지만 옷정보가 없네요 ㅜㅜ 제공된 옷이라서 출저를 모르실까요...?,0개,2020. 5. 13.
Littlepear,I need to know all the hair products~~~,0개,2020. 5. 13.
프쉬케,제로콜라 꺼져 ㅋㅋㅋㅋㅋㅋ,0개,2020. 5. 13.
랑랑,언니 최신판 데일리 메이크업 겟레드윗미 보고싶어용♡,0개,2020. 5. 13.
밍밍밍,포니 언니는 헤어스타일링도 척척 해내시네용!!😍😍 너무 멋져요❤️,1개,2020. 5. 13.
제니킴,오늘도 언니 미모에 치이고 갑니다😭😍❤️,0개,2020. 5. 13.
큐큐큐,신ㄱ해요.... 포니님 영상에 이등으로 ㅠㅡㅠ,0개,2020. 5. 13.
yeonhee,소떡소떡ㅋㅋㅋㅋㅋㅋㅋㅋㅋㅋㅋㅋㅋㅋㅋㅋㅋㅋㅋㅋㅋㅋㅋㅋㅋㅋㅋㅋㅋㅋㅋㅋㅋㅋㅋㅋㅋㅋㅋㅋㅋㅋㅋㅋㅋㅋㅋㅋㅋㅋㅋㅋㅋㅋㅋㅋㅋㅋㅋㅋㅋㅋㅋ,0개,2020. 5. 13.
SaltedwithFire,"When pony does it she looks like a fairy, when I try this, I look like Ursula",15개,2020. 4. 26.
킁맛있으면메로나,"포니님! 혹시 옛날에 싸이월드에서 탄생석 메이크업 시리즈로 하셨던 것처럼 이번에는 그리스로마신화 속 여신들을 컨셉으로 메이크업 연재(?)같이 해주시면 진짜 왕왕 좋겠다요....크흡...ㅠㅠ 제발... 막 헤라 포니, 데메테르 포니, 아프로디테 포니, 아르테미스 포니, 페르세포네 포니, 아테나 포니,,,,,, 구독자요청 메이크업 시리즈! 일케일케...... 흑 생각만으로도 좋아서 눙물이....",413개,2020. 4. 26.
DurbaGhosh,"When she puts that foundation on I'm like, ""What you tryna cover,sis?""",110개,2020. 4. 26.
ARIAZ,안녕하세요! 아리아즈 입니다! 까만 밤의 아리아 이렇게 즐겨 들어주시고 관심 가져 주시다니 감사합니다!!❤️ 평소 포니님 영상도 찾아보고 좋아하는 팬으로서 정말 행복하고 영광이에요>_<🥰 앞으로도 좋은 노래 많이 많이 들려드릴 수 있도록 노력하는 아리아즈 되겠습니다! 앞으로도 많은 관심 부탁드립니다!! 포니님 항상 응원하겠습니다! 포니님은 사랑입니다..❤️ 갓포니..🥰,251개,2020. 4. 26.
melovetolaugh,"She have her own brand, collab with many different makeup brands. Make MV and song for some of her collab, have her own variety show, doing idol’s makeup and STILL UPLOAD YOUTUBE VIDEOS REGULARLY?!
Must be a goddess!! 
Some beauty gurus got lazy after become big and only upload when they have something to promote. 
Glad I stan the right queen!! 💕💕💕👸",659개,2020. 4. 26.
강지혜,꿈이 사람이면 이렇게 생겼을까,490개,2020. 4. 26.
kassiechoe,난 아무생각없이 노래들을때 이런분들은 메이크업을 생각해내시는구나...............,535개,2020. 4. 26.
vividpeach,I love how she uses both high-end brand and drugstore makeup! It gives a variety that can cater to all her audiences <3 QUEEN!,295개,2020. 4. 26.
YvonneTiaga,"She's so pretty,like everytime she posted a video i'm still amazed by her beauty.",323개,2020. 4. 26.
박수진,"유니콘이 사람으로 변하면 이런느낌일듯,,,존예",193개,2020. 4. 26.
킁맛있으면메로나,"허윽...ㅠㅠ 영화를 한 편 본 듯한 이 기분....포니님! 오늘 메이크업 보니까 생각난게 있는데, 네0버에서 연재중인 웹툰 ""신비"" 에 나오는 주인공 '신비'같은 느낌이 들어요!! 신비 실사판...ㄷㄷㄷ",185개,2020. 4. 26.
솔,진짜 이 정도면 포니님은 예술을 메이크업으로 풀어내는 사람이 아닐까 싶다........ 너무 멋있어요 ㅠㅠㅠㅠㅠ,107개,2020. 4. 26.
whooyeah,진짜..본업최고잘하신다,93개,2020. 4. 26.
Conniemoon,저 구절을 듣고 이런 멋진 메이크업을 생각하다니...🙊,100개,2020. 4. 26.
오물오물인절미,진짜 밤의 여신 오로라 느낌도 나고 이 모호한 감정을 어떻게 표현하죠 너무너무 예쁘고 아름답네요 매혹적이다라는 표현도 잘 맞는 메이크업이에요❣ 오늘도 잘 보고 갑니다😘,115개,2020. 4. 26.
HelenWang,i've never been so early omg,166개,2020. 4. 26.
BilguunEnkhbaatar,"gorgeous, out-of-this-world, never the same, breath-taking",13개,2020. 4. 26.
PrimaDonnaAbrantes,This is definitely one of the most mesmerizing videos I've seen!! The colors are so beautiful on you :O,93개,2020. 4. 26.
tiffany,really glad pony's been finding inspiration through music as it definitely is a hard time to find inspiration when limited at home. im going to try being more artistic even in quarantine :),33개,2020. 4. 26.
viototemp3456,썸넬보고 화들짝놀라서 들어옴...!,48개,2020. 4. 26.
ErisReignhART,I’m going to look like a zombie if I were to do a makeup look like this on to myself 😂🤣,84개,2020. 4. 26.
dia,i love this dreamy look 💜💜💜💜 pony you're like a fairy hehe T--T✨ ur tutorials always me the confidence to experiment with eyeshadow colors that i dont usually use!!,60개,2020. 4. 26.
세은,6분 39초 동안 정말 환상적인 극을 보는 것 같았어요..!!! 어후 너무 조와,22개,2020. 4. 26.
반지,외쳐 갓!포!니!  ㄹㅇ 인간 오로라 아니냐며ㅠㅠㅠ 이 언니 또 작품 하나 만드셨네 막 오로라의 요정 오로라의 여왕 이런 느낌쓰 너무 예뻐효ㅠㅠㅠ🔮💜,7개,2020. 4. 26.
김나영,몽환 그 자체...💜,34개,2020. 4. 26.
사랑해svt,"영상 브금 아시는분 없나요 ㅜㅜ!
Does anyone know the name of the song in the video?",5개,2020. 4. 26.
KevinThai,"Every time Pony uploads a video, I'm like, ""She's sooooo pretty!"" 😍🤩❤️",53개,2020. 4. 26.
팡팡서유니,갓포니 내가 화장해줘도 이쁠 얼굴^^,31개,2020. 4. 26.
FREEKASHMIR,So cool that Pony is inspired by a girl group ARIAZ!,12개,2020. 4. 26.
로즈,"미쳤다 진짜 완전 취저ㅠㅠㅠㅠ
언니사랑해여ㅠㅠㅠ",14개,2020. 4. 26.
윤정,미쳤다.. 언니한테는 뭘해도 고급지고 다어울릴거야ㅠㅠ 너무 몽환적이고 이뻐요💜💜💜💜,26개,2020. 4. 26.
꽃이야넌나의,진짜 대박 .... 너무 이쁘다 ㅠㅠㅠ 완전 과하고 화려하고 소화하기도 힘들고 하기도 힘든 룩을 완벽 찰떡 소화하시고 .... 얼굴에 그려내시는게 역시 포니님이다 싶다 ㅠㅠㅠㅠ 꿈이 사람이면 이렇게 생겼을까 7분가까이 되는 시간이 너무 짧게느껴진다 ㅠㅠㅠ,14개,2020. 4. 26.
Chaen챈,"Everytime i watch her makeup, it’s like enjoy kinda masterpieces, not tutorials",13개,2020. 4. 26.
kibumisnotamused,the way she based off this one makeup look off a song is mesmerising! a true artist indeed 💜,3개,2020. 4. 26.
sssk,그냥 너무 예쁘다,17개,2020. 4. 26.
희바나Vlog,"메이크업쪽은 
역시 포니님이 최고세요.
와. . . . ㅎㄷ ㄷ",12개,2020. 4. 26.
CassMyth,"This look is gorgeous and even though it is a translation, the lyrics sounds sound mesmerizing. Will remember this process, think it can be used with different colors for a more daring concert look. Thanks for the amazing video Pony!!",14개,2020. 4. 26.
TPink,All I'm thinking is.. my god she has a lot of products 😂 Gorgeous makeup look.,5개,2020. 4. 26.
Jjogsmhrt,"Wow, I love how you put on makeup, someday I would like to learn how to do my makeup hahaha, I love your videos, they are the best.
Sorry if I have misspellings, my English is very bad.",1개,2020. 4. 26.
ShaileneW,"EVERYONE GO STAN ARIAZ ❤️❤️❤️
They're so talented like every member is at least at a lead vocal lvl !!!",9개,2020. 4. 26.
purely,"凄く綺麗です！！💟
紫系のメイク大好きです💟
ponyさんのメイク真似してみたいです！！💟",6개,2020. 4. 26.
,일상 메이크업도 좋지만 판타지 메이크업? 진짜 너무 좋아요 사랑해요 언니!! 대리만족 제대로 하고 갑니다.,5개,2020. 4. 26.
NeKimTaTa,"To : My shining star..i hope you can see my comment..♡
UNNIE ...I love you soo much you are my star in the sky ...a shining star...
I really want to visit you...and I'm sure i can see you someday!
Oh my god ...You are the prettiest girl I've ever seen ♡♡♡♡♡
So beautiful, kind,gorgeous and....
I love you without makeup too ♡♡♡♡you are extremely beautiful without any makeup!!!!♡♡♡
Unnie u know what ?? I really fancy butterfly...can i call you butterfly???
I'm always motivated by you...♡♡♡♡my princesse♡♡♡♡♡
Again love u toooooooooooooo much♡
From: Negar",1개,2020. 4. 26.
이서영,와 진짜 천상 예술하는 사람이다,14개,2020. 4. 26.
Marine,Thank you for supporting and listening ARIAZ! Incredible makeup! Wow,3개,2020. 4. 26.
강민채,갓포니.. 진짜 미쳤다,8개,2020. 4. 26.
,綺麗すぎて口ポカーンってしてた…PONYちゃん最高です😭💪,2개,2020. 4. 26.
허정민,ㅁㅊㄸ 진짜 음악도 분위기랑 넘 찰떡 ㅠㅠㅠㅠㅠㅠ,2개,2020. 4. 26.
ZO,The subtitles are hilarious 😂😂😂,26개,2020. 4. 26.
lLovekorea,My top goal is make up like her but I need to be like the True Beauty I need to practice all this quarantine,14개,2020. 4. 26.
BridgetLJ,포니님 채널은 28초전에 들어와도 첫댓이 될수 없구나...,19개,2020. 4. 26.
화연,미쳤다 영상 보기도 전에 감탄하고 들어왔어요ㅜㅜ이런 신비로운 메이크업도 소화하네요 ...포니 is 뭔들❤️,6개,2020. 4. 26.
asiaKhatun,Me: Always waiting for your video 🥰,18개,2020. 4. 26.
WeiWei,I love how she combined everything all in together. 😍,11개,2020. 4. 26.
정지희,저 JX 프로페셔널 컨실러 포니님이 진짜 좋아하시나봐요 ㅋㅋ 예쩐 영상부터 해서 이번것까지 디게 자주 사용하시고 젤 어두운컬러 그냥 바닥이여 ㅋㅋㅋㅋㅋ 눈밑용으로 좋은 컨실러인가 봅니다,3개,2020. 4. 26.
Kirstv,Please do Jugyeong’s makeup in the webtoon “True Beauty”❤️,6개,2020. 4. 26.
SubscribemeorKimJongUnisyourgirlfriend,"언니,, 빨리 고척돔에서 메이크업 해줘,, 나 티켓팅 연습할게,,",2개,2020. 4. 26.
JessicaAmmo,I love how she never fails to upload her make up tutorial vidoes regularly 💞 That's called passion my girl 💋,0개,2020. 4. 26.
맹구야,섀도우 후에 맥펄바르는 부분이 너무 좋아요ㅠㅠ밤하늘에 별놓는 느낌 아니면 깊고 어두운 심해에 작은 불빛비치는 느낌 너무좋아서 하고싶은데 용기났으믄ㅠ.ㅠ,1개,2020. 4. 26.
KeilaniPatoGuardado,The aesthetic of this video is everything!💜💜💜💜💜,2개,2020. 4. 26.
GraceShella,"me * watching every pony tutorial * : omg she has no pores WhAt kiNd oF hoOMan iS tHIs?!?! 
I love you PONY~",0개,2020. 4. 26.
ShH,약간 하루만 너가 되고 싶어에 메데이아 느낌 나요ㅜㅜ 분위기 넘 몽환적이구 시크해요💜🖤,2개,2020. 4. 26.
리비,와 진짜 색조합 미쳤다..너무좋아 짜릿해💜💜💜💜💜💜💜💜💜💜💜💜💜💜💜💜💜💜💜💜💜💜💜💜,2개,2020. 4. 26.
swatchcorner101,You're such an inspiration. 😍 I love this look so much so magical 💜,0개,2020. 4. 26.
lastnight,헐헐 아리아즈 까만 밤의 아리아ㅠㅠ 진짜 숨은 명곡이죠ㅠㅠ,2개,2020. 4. 26.
NinaRasyid,I’m still waiting for the video collab with jen lol i mean it’s been a month what took you so long 😂 is that a scheduled video? I can’t wait no more baby girlllll,0개,2020. 4. 26.
JanetCool,Yasss loved this so much ur so pretty love u sm and stay safe!!!❤️💕❤️💕😍🥰😘,4개,2020. 4. 26.
JayPark,"oh my god, this makeup looks so perfect!",0개,2020. 4. 26.
,the colors and glimmer and dreaminess somehow make me think of a moon goddess ✨,1개,2020. 4. 26.
wildflowervlogs,"This is so beautiful, I’m in awe 🥺✨",0개,2020. 4. 26.
rta,"아리아즈 ‘ 까만밤의 아리아 ‘ 노래 너무 좋자냐 ㅜㅜㅜㅜㅜㅜ 메이크업이랑도 챨떡 메이크업 듣자마자 노래 생각났어요 ,, 모두들 백번 만번 듣고오세요 !!! 🤍🤍🤍🤍",1개,2020. 4. 26.
OSJArt오에스제이,와 진짜 ㅜㅜㅜㅜ 너무 이쁘다,2개,2020. 4. 26.
krispy,ughhh how is your skin so perfect.... life isnt fair i've been waking up with a new zit everyday for like 2 weeks now 😭,0개,2020. 4. 26.
SimplyAmaAceing,Her beauty is really enviable. I'm glad that she still keeps uploading videos even though she already have a lot of things to do.,0개,2020. 4. 26.
112dhtpgns,"와 가사보고 영감 ,, 진짜 예술인 나타난다 ,, 썸넬 약간 엄청 용한 타로 봐주는 분 같기도 하고 진짜 포니님을 위한 룩이네요 ㅜㅠㅠㅠㅠ",1개,2020. 4. 26.
HGSDF1234,그냥 언니가 여왕하시고 외딴 섬에 우리 왕국하나 세워요ㅠㅠ❤️ 포니여왕 찬양해,1개,2020. 4. 26.
Anthrodynia,I truly feel like crying everytime I watch her videos <3,0개,2020. 4. 26.
이닻별,예전에 투명한 유리알 메이크업편 보고 구독했네요~ 참 이쁜 포니님~~❤,2개,2020. 4. 26.
etherealprincess,"I didn't know Ariaz debuted 6 months ago or about their existence, thanks Pony, like I need yet another group to fall for ;_;",2개,2020. 4. 26.
SakuraBelle,"Pony your makeup looks are always so magical, elegant, and stunning! You makeup looks are breathtaking as always wow! 💗☺",0개,2020. 4. 26.
디디,와 이뻐요ㅠㅠㅠㅠㅠㅠㅠ 진짜 너무 예뻐요ㅠㅜㅠㅠㅠㅠㅠ 사람이시죠???? 어떻게 이렇게 아름다우신지ㅠㅠㅠㅠㅠ,0개,2020. 4. 26.
손담비,"난 파데랑 정말 소량만하고 컨실러는 꼭필요할때만 진짜 조금만쓰는데도 화장이두꺼워보여서 지우고 할때가 많은데, 포니님은 피부가 좋아서 그런지 많이올리는거같은데도 진짜 얇아보임 ㅠㅠㅠ 부럽",2개,2020. 4. 26.
TaniaOrefice,"Everything is perfect in this video, I’m speechless",0개,2020. 4. 26.
밍밍밍,메이크업 영상보고 바로 노래 들으러 갔어요 ㅠㅠ 진짜 그 노래의 감성을 메이크업으로 너무 잘 표현하신 거 같아요 정말정말 찰떡이에요💜💜 항상 존경하고 응원해요 포니님🥰❤️,1개,2020. 4. 26.
FrancescaCo,"Please do a “Glow Recipe” review!!! Before people be out there buying ton of that brand, as I am also very very curious about what u think of it!!!",0개,2020. 4. 26.
AsheXII,"Can u combine your tutorial with asmr tapping, stratching or other tingly sound or hand movement. I think is good idea.",0개,2020. 4. 26.
meijna,YES!! everyone please go listen to ariaz!! their music is amazing❤ thank you so much for listening to their music and even doing a makeup look based on the music!!💗💗💗,4개,2020. 4. 26.
순정녀리미,예술작품 잘 보고 갑니다♡,3개,2020. 4. 26.
Silverglass,"화....진짜 예술..,",1개,2020. 4. 26.
강재영,너무 아름답다 귀기울여서 뭐든 다 들어주고 싶다.,1개,2020. 4. 26.
RijutaNarang,"We all know that Pony can rock in any style and makeup. So here we go . When she was done with her makeup , I was dumbfounded . I mean I was really like""wow, this girl she is really an artist , and that is why I love her and never misses her any video."" Love you pony always keep smiling !",0개,2020. 4. 26.
허정민,"배경음악 아시는분 없나요 ㅠㅠㅠ??
does anyone know the title of the song in this video??",1개,2020. 4. 26.
LinhPhan,I had been waiting for something like this for soooo long! You always slay it! My Queen!!!,0개,2020. 4. 26.
PlannerSparkle,"In your YouTube videos , this is the most challenging and great video makeup ever ! I love this unicorn vibe!! I want to see this kind of videos more ! Love it 😍",1개,2020. 4. 26.
수리06,너무 이뻐요ㅠㅠㅠㅠㅠㅠ,0개,2020. 4. 26.
XxAshxX,The backgronund music and the makeup  is perfectly matched together ❤,0개,2020. 4. 26.
MeidahMarsella,That was a gigantic pallete from Morphe 😂😂😂 but I love the other sparkly eyeshadow pallete too 😍,0개,2020. 4. 26.
MYOH,"Hi, Pony!! Oh, my God. You look stunning, like a goddess!",0개,2020. 4. 26.
AA,"Hello Pony, your make up is amazing as usual but I’m always wondering about your skin. Can you do a video about your skincare?",0개,2020. 4. 26.
갱이,6:13 이때 완전 구관인형 같아요 진짜 .. 인형이 움직인다 ..,0개,2020. 4. 26.
비발디시계,레전드다 진짜..,2개,2020. 4. 26.
KarinaAdamian,You like a beautiful siren with this makeup. I like this look so much!,1개,2020. 4. 26.
IvannaDalgo,I'm going to try this look I can't promise anything because Pony is perfect 😍,0개,2020. 4. 26.
김가은,와..미친 언니 인어공주같아✨ 바다에 빠지면 막 유혹당할것 같음💜ㅠㅠㅠㅠㅠㅠㅠ,1개,2020. 4. 26.
K,언니 정말 환상이다 진짜💜,1개,2020. 4. 26.
page,essence那盤偏光好美~~!,0개,2020. 4. 26.
Infinityy,Amazed by this make up！soooo pretty and dreamy,1개,2020. 4. 26.
PraveenYadav,"I just found your channel 5 days ago...you are amazing,ur videos helping me through the quarantine.I hope everyone is happy, healthy and safe... let's pray 🙏🙏for the Corona warriors👩‍⚕️👨‍⚕️🏥👮‍♀️👮‍♂️🚑 and whole world's health and happiness.. everyone plzz stay positive everything will be soon back to normal.",1개,2020. 4. 26.
PutriAlizah,When you put eyeshadow can you zoom a little bit like you put glitter on?thank you before.btw i love your make up❤❤,0개,2020. 4. 26.
wldtm83,"메이크업 영상 오늘도 감사히 잘 봤어요!! 저 혹시, 영상 브금 제목 좀 알려주실 수 있나요?? ㅠㅠ",0개,2020. 4. 26.
보라해태태,하 제가 이런영상 엄청 기다렸어요 ㅠㅠㅠ 언니 너무이뻐용 ㅠㅠㅠㅠ 사랑합니다 :..,0개,2020. 4. 26.
AnasDomain,why are koreans so perfect at everything tho! The music PERFECTION the makeup PERFECTION the fashion PERFECTION the food PERFECTION the tv shows PERFECTION! I am always blown away,0개,2020. 4. 26.
hownaice,she really out here wearing Swarovski on her face. the LUXURY. I love her,0개,2020. 4. 26.
려누,0:30 나의 환상극 완성 🤍,0개,2020. 4. 26.
SkylighWillo,"Wish I knew what wig that is, it's so pretty and goes perfectly with this look 🤩",0개,2020. 4. 26.
정은주,"안뇽하세요🌌💙헐.. 와  오늘 메이크업 진짜 너무 예쁘네요💜💜💜
완죤 영롱쓰....🙊",2개,2020. 4. 26.
chanshukwa,Wow! Pony was so beauty❤️❤️anyway have anyone know what song is this?,0개,2020. 4. 26.
나누눈,진짜 너무 이쁘다ㅜ 세이렌 같은 느낌도 나용 ㅎㅎ,0개,2020. 4. 26.
재이,진짜 대단하신것 같아요..진짜 메이크업 아티스트라는게ㅜ새삼...ㅠㅠㅠ,0개,2020. 4. 26.
DianaF,"her mind is just on another level. she thinks beautifully, she draws her mind beautifully, she visualizes things beautifully, she speaks beautifully.
she rly is my life goal since highschool I swear",0개,2020. 4. 26.
sabriele,"I want to encourage everyone who’s thinking “oh I couldn’t pull this off because I don’t have clear skin” to just _try it_. I don’t have the best skin either; it’s actually the reason why I started watching all these makeup videos. I had hideous skin and tried to combat that by putting on foundation. The thing is... I don’t think foundation helped (it may have made my skin worse actually idk, I can’t be 100% sure about this). So one day because I was in a rush I skipped foundation and used concealer only (I use Clio’s Kill Cover Liquid Concealer - it dries quickly so you can layer more on if you haven’t achieved the coverage you need) to do “pin point correcting” — and by that I mean I would dot my scars with the concealer then use a concealer brush or beauty blender to flatten the lump of concealer and blend it into my skin. Haven’t looked back since. The results are just as good as when I used foundation and on top of that, because I don’t have a sheet of product slathered on my skin and instead only where I need it, I don’t get any tell-tale creasing either; my skin looks super “naturally” blemish free (it’s not lol). All the best everyone may you be blessed with great skin.",11개,2020. 4. 17.
summera,"“I’ll be starting with this dior toner”

...me cried in broke...",257개,2020. 4. 17.
Burgundy버건디,포니님 얼굴이라면 생얼로 다니겠습니다,719개,2020. 4. 17.
콘오알진진좌라진진잔,"피부가 포니님처럼 깨끗해야 할수있는 베이스.....
주근깨와 기미와 모공이 가득한 저는 어쩔 수 없이 오늘도 컨실러 떡칠을 합니다ㅜㅜ괜찮아요..포니님 저는 괜찮다구요. 포니님 보러 온거에요..",14개,2020. 4. 17.
LizGwon,"파데를 안쓸거 같다고 예상은 했지만,, 역시나 모공큰 사람은 쓸쓸히 포니 얼굴만 감상하고 나간다고 한다....",946개,2020. 4. 17.
HQz,"마스크 장점: 볼에 난 여드름 가려줌
마스크 단점: 접촉면에 왕뾰루지 생김",198개,2020. 4. 17.
송예은,"얼굴 피부가 파우더 바른 순간에 도자기로 변했어..
예쁜 도자기..",354개,2020. 4. 17.
SaemahBegum,"I don’t want people to take this wrong way, but her cat sounds so cute and fat. Like plush fat. It’s like imaging him or her just lounging somewhere and just being “fat.”",275개,2020. 4. 17.
ash,진짜 준비물은 깨끗하고 피부톤이 균일해야.... 저처럼 모공도 큰데 얼굴 군데군데 홍조있으면 컨실러 떡칠...,351개,2020. 4. 17.
하얀나무,"네, 여러분 이거 PPL 제품이에요 (당당) ㅋㅋㅋㅋㅋㅋㅋㅋㅋㅋㅋㅋㅋㅋㅋㅋㅋㅋㅋㅋㅋㅋㅋㅋㅋㅋㅋㅋㅋㅋㅋㅋㅋㅋㅋ",110개,2020. 4. 17.
ChristineJoyChavez,"When make up is life, nothing can stop you, not even mask.",404개,2020. 4. 17.
Miso미소Cho,"저는 외항사 승무원인데 비행할때 마스크를 항상 착용하다 보니, 화장도 지워지고 저는 홍조가 심해서 화장이 조금만 지워져도 얼굴이 빨개져요... 포니님 영상 보고 화장법을 바꿨더니 화장이 마스크에 묻어나지고 않고 너무 만족이에요!!! 😊😊😊 비행 준비할때 포니님 영상 틀어놓고 하는게 일상이 돼버렸는데 다음 영상도 기대할게요 감사합니다 ❤️",23개,2020. 4. 17.
BilguunEnkhbaatar,bruh her skin is so clear and smooth that i forgot that she wasn't even wearing foundation until she said that the blush shows nicely cuz she doesn't wear ANY FOUNDATION,186개,2020. 4. 17.
이가은,언니 근데 언니 피부면 굳이… 파데 안 해도… 컨실러 안 해도…,145개,2020. 4. 17.
꼴뚜기왕자님,헝... 저것도 언니처럼 피부가 맑고 깨끗해야 가능한거지 저같은 피부는...ㅠㅠㅠㅠ,354개,2020. 4. 17.
홍석천머리끈,안희 내가 봤을땐 되게 꿀팁인데 왜 댓글은 다 포니님 피부가 좋아서.. 이거 무한반복이냐구ㅠㅠㅠㅠ 내가 포니님이였음 속상했다....,50개,2020. 4. 17.
littlefloret,this tutorial is amazing but why isn't anyone talking about bamboo being so adorable???? like it's meows are so cute ??!,33개,2020. 4. 17.
KSadvlog,I swear the cat 'talking' made my day. My cats don't talk or answer when you call them,136개,2020. 4. 17.
TumpiRime,Her skills are just wow and it's so aesthetically pleasing to watch her applying makeup. 😍😍😍,123개,2020. 4. 17.
유진,포니님 얼굴이라 가능한 것..,115개,2020. 4. 17.
PAINI,You don't even need a makeup with that beautiful skin of yours,159개,2020. 4. 17.
YouGotNoJams,"""No foundation makeup look"" 
Ok i will just stay home .-.",165개,2020. 4. 17.
AreumAreum,톤업크림을 발라도 워낙 톤업된 피부라 차이가 안 보이잖아요 언니 ㅋㅋ,59개,2020. 4. 17.
maryjanecrespo,"The skincare make it look that she has foundation eventhough the reality it's just the skin.""Sana all ganyan kaclear skin"" 😂 So beautiful!💖",147개,2020. 4. 17.
박복순,헤어핀셋 궁금한 사람은 저 뿐인가요 ㅠㅠ 머리카락이 계단안생길거같아서 좋을거같아여,11개,2020. 4. 17.
김민진,그런데 저는 콧망울에 모공이 송송 뚫려 있어서 파데를 안할 수가 없어요ㅠㅠㅠ,101개,2020. 4. 17.
JLdaydream,I feel like I just watched 15 minutes of commercial lol,4개,2020. 4. 17.
윤렌지,정말 포니님은 어떤 화장을 하시든 다 너무 찰떡이에요 너무 잘 어울리세요 ㅠㅠㅠ 동양과 서양을 넘나드는 세상에 하나뿐인 얼굴이세요🥰🥰🥰,33개,2020. 4. 17.
YumYum,ㅋㅋㅋㅋㅋㅋ밤부가 할말이 많은가봐욤♥♥,36개,2020. 4. 17.
유혜,정말 축복받은 피부다 ...,32개,2020. 4. 17.
ChanelH,"When she was referring to her cat, Bamboo, I thought she meant the bamboo outside of her home... which happens to sound like a cat lol",24개,2020. 4. 17.
YoutuberSHIN과함께,이런거 너무 좋아요ㅠㅠ 마스크 벗을때마다 얼굴 화장 지워지고 마스크에는 묻어나고 너무 불편했거든요ㅠㅜ,25개,2020. 4. 17.
코코,이렇게 간단한듯한 메이크업도 이만큼 분위기가 있다니....너무 예뻐요❤,35개,2020. 4. 17.
SyanaBeauty,"This makeup is so pretty,,,, 😍 I need a current skincare routine or how to treat uneven skin tone & sunburn 😭",56개,2020. 4. 17.
김연진,헐 업로드때 바로 봐써 너무 죠하,26개,2020. 4. 17.
BalletPink,"This was, exactly what I was waiting for!! 😅💕",7개,2020. 4. 17.
,why do I exist as a woman when someone is so talented and beautiful like this😂😭,8개,2020. 4. 17.
KevinThai,Pony never fails to impress me with her beauty 😍,3개,2020. 4. 17.
ZainabHabib,"This was so good , you never fail to amaze us . Pure Talent ❤️",4개,2020. 4. 17.
hifriends,"I always back on her channel whenever I feeling ugly...I need some inspiration from her^^
but after watching, my skincare routine will always the same;
morning: face wash - toner - sun serum - lip balm
night: cleansing balm - face wash - toner - eye cream - lip balm
now, I understand why I never able to reach such perfect skin like her ~~
note: I almost never wear any makeup even if I went outside.",0개,2020. 4. 17.
,I can't remember when I was watching so early,19개,2020. 4. 17.
김팥쥐PPATJi,오 그럼 일단 포니님 피부로 다시 태어나야겠다...ㅋㅋㅋㅋ,15개,2020. 4. 17.
adelec99,pony knows what kind of makeup tutorial I want before I even know that I need it😂,14개,2020. 4. 17.
seleneadorable,파우더 쓸 때 퍼프 쓰셔서 넘 좋았어요. 다들 브러시로 파우더 얹는 메이크업으로도 마스크에 안 묻는다 하는데 솔직히 묻혀지잖아요. 속시원. 퍼프로 팡팡. 아이라이너도 펜슬 아니어서 속시원. 요즘 제가 하는 방법과 비슷해서 더 기뻤다는. 진짜 저도 이것저것 다 해봤지만 이 방법이 최곱니다. 포니님 방법이. 픽서까지 최고.,3개,2020. 4. 17.
HQz,어떤 분은 톤업크림 다음에 썬크림 발라야 된다고 하신고 어떤 분은 썬크림 다음에 톤업크림 발라야 한다고 하시는데 썬크림 효과 제대로 보려면 순서를 어떻게 해야 하나요?,4개,2020. 4. 17.
HQz,밤부 있는 포니님 작업실에서 영상 자주 찍어주세요ㅠㅠ밤부 너무 귀여워😻,4개,2020. 4. 17.
이누림,돈만 많았다면.. 포니님이 쓰신 모든 화장품 싸그리 사서 따라해보고싶을 정도로 너무 간단하면서 분위기있고 깨끗하게 예뻐요😭👍👍,5개,2020. 4. 17.
HwaYoungJung,"My makeup routine change like this too. I didn't know why but my skin getting clearer day by day just by using lotion/hydrating toner, tone up cream + sunscreen and translucent powder. Is it because the air was clean or full face makeup ??? 😂",81개,2020. 4. 17.
Cecilia,ㅋㅋ밤부 소리 너무 귀여워죽겠어요~~~~~^^,5개,2020. 4. 17.
이지수,포니 언니는 진짜 완벽주의라는 게 확 느껴지는 게 준비된 영상 보면 그 영상 메이크업의 분위기에 맞춰서 전체적인 분위기랑 색감 노래까지 다 맞춰진다...소리쳐 갓포니❤️,1개,2020. 4. 17.
유지희,와 썸네일이 온니답지 않아서(?) 다른채널인줄 알고 잉?머지? 했는데 포니언니였네요?!!,6개,2020. 4. 17.
JliaArajo,"Brazil here.... ❤️
OMG I love so much that kind of korean make up!
Pony, you are the Best!!!!",2개,2020. 4. 17.
NoonaChangkilari,"You're so beautiful with and without makeup ❤️ 
Even though I don't know you personally, I know you'd be a wonderful person.. I just feel it. Stay beautiful and happy!",0개,2020. 4. 17.
dia,stay safe pony ❤️ thank u for this tutorial!! I really like how natural & sweet this look is~,4개,2020. 4. 17.
최승아,관리를 어떻게 하시길래 저렇게 피부가 좋으시지 ㅠㅠㅠ 아무것도 안해도 파데바른줄,1개,2020. 4. 17.
vellrose,"I have very red skin so I cover it with a yellow tone foundation, so when it comes off (by wearing a surgical mask or sunglasses) my exposed skin really stands out because of its redness. I wish I had non-red skin....",0개,2020. 4. 17.
FionWan,Hahaha! I searched for a video like this everywhere! Knew you would end up posting ♥️ Patience is rewarded 🙌🏻♥️,1개,2020. 4. 17.
이정원,"요즘 마스크 때문에 피부화장해도 다 벗겨지고 떠서 넘 스트레스 받았는데ㅜㅜ
이렇게 유익한 영상을 올려주시다니 
넘 좋아요 > <
요즘 밖에 잘 나가지도 못하는데 포니님 영상 다시 돌려보고 있습니다~~",22개,2020. 4. 17.
지나가는강아지,언니 진짜 저 언니 많이 기다렸어요 ㅠ̑̈ㅠ̑̈ 저 진짜 언니가 주말에 밀린 편집 다 한다고 인스타에 올려서 월요일부터 알림 뜨나 안 뜨나 계속 기다리고 유튜브 들어가서 새로고침 하고 그랬어요 언니 진짜 너무 사랑해 어떠케 너무 예뻐요 진짜 언니 오늘 영상도 재밌게 볼게요 톨앤프리티영앤리치언니 너무 진짜 제 롤모델 진짜 언니 나 이것만 기다렸어 .. ❤❤❤,2개,2020. 4. 17.
참크래커,너어어어어어무 이쁜 메이크업ㅠㅠㅠㅠ나중에 나갈일있으면 꼭 따라해볼게요!!,6개,2020. 4. 17.
Whateverpal,"I stopped doing makeup for a couple of months and when I tried it earlier, I was shocked how bad I did",0개,2020. 4. 17.
이미현,요새 마스크때메ㅠㅜ화장못하고있어요 그래서 요샌 톤업크림만바르는데 담엔 컨실러도같이해서 나갈때꾸며봐야겠어용~~^^ 못하시는게 뭐에요ㅠㅠㅠ이아아아아ㅠ 넘예뿌시다😍😍😍,10개,2020. 4. 17.
홍리보이,진짜 화장 잘하신다 부럽 😭,2개,2020. 4. 17.
잔잔,마스크 낀 모습도 보여줬음 좋았을거가타요...! 저 낼 오랜만에 나가는데 꼭 해볼게요'!!,4개,2020. 4. 17.
인생은덕질이지,영상보는데 립컬러 너무 예뻐요ㅠㅠㅠ 부르주아 립펜슬 너무 예쁘네요ㅠㅠ 립펜슬인데 픽스도 된다니 묻어나오는거 신경쓰여서 입술은 안바르고 다녔는데 이제 소개해주신걸로 바르고 디녀야겠어요! 저는 톤업크림 대신 톤업 썬쿠션을 사용중에요 확실히 파데 안해서 그런지 가벼운 느낌이 좋더라구여ㅎㅎㅎㅎ 꿀팁들 많이 알아갑니당😃,6개,2020. 4. 17.
,"ㅠㅠ 저도 언니처럼 메이크업 하고 싶은데,, 피부가 얇고 안면 홍조가 심해서 정말 잘 빨개지거든여,, 혹시 저 같은 사람을 위한 방법도 있을까요?",1개,2020. 4. 17.
christinenbts,I WAS JUST THINKING OF MAKEUP FOR WHEN IM USING MASK AND THIS POPPED UP! THANK YOU PONY!!!,42개,2020. 4. 17.
혜니,와 업로드한지 1분 ㅠㅜㅠㅜㅠ 처음인듯 ㅠㅠ 얼른 보러가야징 언니 항상 잘 보고있어요!!,22개,2020. 4. 17.
KiloJune,Every time she applies toner with a cotton pad like that I'm always so afraid she would poke herself in the eye with her nails. Don't ask me how I know this (it just happened to me a couple days ago 😂),0개,2020. 4. 17.
FaReza,"I never felt so good!! 😍💜 This is my diary makeup routine and I feel like Pony approves it! 🤭🤭😍
(I really don't like foundation because I wear glasses and it always becomes a mess 😪). It's simple but cute!! 💜✨✨",0개,2020. 4. 17.
Banditasydemas,"Love it!!! Thank u Pony, so helpful! Being missing u! Please don't dissapear for so long!
It would b great if u can make a full skin care video now that we are lockedown and can do all treatments😁
Pls b safe!",0개,2020. 4. 17.
ChristinaLee,Thank you for the tips on fine powder. You’re a true artist. Love you so much! ❣️,0개,2020. 4. 17.
환타,"기다리던 메컵을 이렇게.. 진짜 포니님이 최고다,,",1개,2020. 4. 17.
BrittanyStammis,I love these videos so much! I'm 32 and never knew how to do my makeup. Thank you pony for all your help!,0개,2020. 4. 17.
HooMe,"Wow, a lot of effort to look so natural. Pony makes it look so easy. I probably need 45 minutes to complete this look. Lol, stay safe everyone.",0개,2020. 4. 17.
SakuraGoetz,With skin like that who needs foundation! Gorgeous as always 😍,1개,2020. 4. 17.
귤사장,맑고 깨끗한 느낌이 드는 메이크업이네요 얼굴이 다했다ㅠㅠ,3개,2020. 4. 17.
JulieOh,thank you SOOOOOO much. alot of us in the US are putting on/living with face masks for the first time and I have been struggling to find the balance between glamming up and not getting a harsh line down my face from the mask haha stay safe everyone !!,0개,2020. 4. 17.
capsssi,Yes pony girl helping the sisters out! I enjoy ur post! I’ve been going through some rough times my family members died from the corona virus more details on my channel please go show it some love ❤️ thank u for helping mee,0개,2020. 4. 17.
김소연,아 진짜 누무 예뻐요ㅠㅠㅠㅠㅠㅠㅠㅠㅠ 언니 진짜 언니는 내 삶의 힐링이야 말도 조곤조곤 어쩜 그리 예쁘게 하실 수 있어요 ㅠ ㅠ 진짜 짱ㅇ이야 사랑해요,0개,2020. 4. 17.
HQz,오늘은 썸네일이 평소와 달라서 색달라요! 이렇게 전문적인 분이 알려주시니 감사할 따름이에요ㅠㅜ 유용한 팁들 잘 써먹을게요:) 포니 언니 항상 사랑합니다❤️,1개,2020. 4. 17.
Conniemoon,오늘 너무 힘든 하루였는데 언니 보며 힐링 할래요,4개,2020. 4. 17.
쭈야JJOOYAsMAKEUP,썸네일 인형인줄..🌸🌸🌸🌸,3개,2020. 4. 17.
SharonMakeup,I wouldn't even put concealer if i have her skin😍✨,10개,2020. 4. 17.
연쩰리,"포니님! 항상 영상 잘보고 있어유 
처음 댓글 다는데 혹시 홍조 있는사람이 평소에 지켜야할것이나 세안법  있을까요? 홍조가 심해서 스트레스 받아요 ㅠㅡㅠ",1개,2020. 4. 17.
NeildeGuzman,"omy, this is similar to my daily look, I'll use puff instead of brush. Really love this look 100% light, fresh and pure.",0개,2020. 4. 17.
김문선,와 피부진짜좋다...ㅋㅋㅋㅋㅋ,0개,2020. 4. 17.
MiuMiu,I’m having trouble on my lashes falling down when I wear mask. Is there any hacks or techniques for that?,0개,2020. 4. 17.
ysall,"와ㅠㅠ 언니 진짜 예뻐요ㅠㅠ 언니가 메이크업에서 사용한 제품 전부 다 사고싶을 정도,,,! 특히 피부에 사용한거 ㅠㅠ",0개,2020. 4. 17.
LauraCioroianu,Your skin it's absolutely stunning!!!! WOW <3,1개,2020. 4. 17.
HappyPerson,There is not one imperfection on your face. You’re truly blessed,0개,2020. 4. 17.
TinyTz,Love the walkthrough makeup tutorials like this!❤️❤️,0개,2020. 4. 17.
JulieBui,Half my face is gonna be beat and the other half is covered with a mask 😂,0개,2020. 4. 17.
현이,마스크 때문에.. 화장하는걸 포기 하고있었는데😢 언니 덕분에 화장할수있겠네요😁,1개,2020. 4. 17.
SennaTaylor,"Love this look! But please be careful if you're wearing a mask. A lot of health experts recommend not wearing anything with your mask since makeup/sunscreen can contaminate it, especially if you need to reuse it.",0개,2020. 4. 17.
뷰티다이어터람양TV,포니만 가능한 메이크업이네... 우린 안된다규ㅜㅜ,0개,2020. 4. 17.
ChiaMingHui,"Pony, my skin is dark,it is so hard to do eye makeup, so the eye area is alr dark put eyeshadow also no difference, please teach eye makeup for dark skin.",1개,2020. 4. 17.
유유유,진짜 완벽한 언니..,0개,2020. 4. 17.
JewyC,언니 나중에 냥이와 같이하는 일상같은거 올려주세요 ㅠㅠ 너무 보고싶은것...😭💕,1개,2020. 4. 17.
워니wonie미국LA직장인브이로그,진짜 꿀팁이에여언니 ㅠㅠ ❣️❣️❣️,1개,2020. 4. 17.
Sundaycaramel,"You are so beautiful Pony ♡ This routine makeup is so clear and natural, i want to try it. Love you ☁️🌙",1개,2020. 4. 17.
리나이,렌즈 아이돌렌즈랑 비슷한 렌즈 없을까요ㅠㅠ너무 이쁜데 눈이 아파요ㅠㅠㅠㅠ,1개,2020. 4. 17.
잔잔,사랑해요 언니 진짜 최구다 ㅜㅜㅜㅜ살앙,0개,2020. 4. 17.
Existentialcrisisintensifies,"Whenever I see a PONY vid, my list of makeup to get adds up. The products she use are always so pretty. 😭❤",0개,2020. 4. 17.
뽕돌이,진짜 너무 이뻐 ㅠㅠㅠ,0개,2020. 4. 17.
김민진,꿀팁 감사해요!! 오늘도 예쁘시네요😍😍,4개,2020. 4. 17.
조희주,와...너무 예뻐요ㅠㅠ본판이 다 한 메이크업..저 아리따움 스틱 사러가야겠어요 넘예💓💓,0개,2020. 4. 17.
RigelKim,밤부야 ㅠㅠ 목소리만 들리지만 초면에 사랑해 ㅠㅠㅠ,0개,2020. 4. 17.
PINKKUMA핑크쿠마TV,아 피부 진짜 예뻐요. ㅠㅠ,0개,2020. 4. 17.
오나경,댓글에 마스크 낄때 하는 화장법 올려달라는 댓글 많았는데 이렇게 업로드 해주셔서 너무 감사해요!!,1개,2020. 4. 17.
청림,와 마스크 껴두 풀메 할 수 있는 루틴이네요..! 사실 피부 화장 다 찍히고 쓸리면 풀메 해도 빛을 보지 못하거든요 ㅠㅠ 도화지가 이처럼 유지 된다면 좋은 루틴이에옹,1개,2020. 4. 17.
나이수,노파데 메이크업 만세 감사합니다,2개,2020. 4. 17.
daftoptimist,"So, skincare (I’m not gonna use a tone-up cream maybe just a translucent CC), concealer (not on tip of the nose, bridge of the nose, or under the cheekbones), and blush very high on the cheekbones. Got it!",0개,2020. 4. 17.
수연,와....진짜 내가 필요하던거엿어...ㅜ 감사합니다 포니님♡♡♡,0개,2020. 4. 17.
빼숀요자내가제일,언니 피부 진짜 좋으시네요 부러워요..ㅠㅠ 나중에 피부 관리 비법 영상도 찍어주심 감사하겠습니다.. ㅠㅠ🙏🙏🙏🙏,0개,2020. 4. 17.
Zi존KING불꽃11세,저 외모를 마스크로 가리고다닌다닝 ㅠㅠ 엉엉,1개,2020. 4. 17.
Eun카페,썸넬 머리핀 혹시 정보 주실 수 있나여?? 너무 이뻐요ㅜㅜㅜ,0개,2020. 4. 17.
AkhilaJerripothula,"I needed this look! I was worried what makeup to do for a photo shoot tomorrow because of the mask, I will try this :)",1개,2020. 4. 17.
Michelle,"포니박사님,,,절 구해주셔서 감사합니다,,,😭",1개,2020. 4. 17.
김영은,마스카라 나중에 해도 속눈썹 안 쳐지네요ㅜㅜ 저는 뷰러하고 좀 지나면 바로 쳐지던데 부럽습니당,0개,2020. 4. 17.
