﻿,youtube_id,comment,like_num
0,다또아Daddoa,"Instagram: daddoa

여러분 인스타도 매니 놀러와주세요
라이브 방송 자주 해요!! ❤️🔥❤️🔥
그럼 오늘도 좋은 하루 되길 🥰",13개
1,사랑,언니 확실히 전보다 되게 많이 밝아진거 같아요 ㅋㅋ!! 날씬하고 돈많도 그런 언니도 좋지만 그냥 지금 이대로의 언니도 좋으니까 오래 봤으면 좋겠어요💘,18개
2,홀리holy,마 내가 바로 다또아다 자신있나,19개
3,한츄,"진심으로 예전보다도 예뻐보여요...
당당함이 만들어주는 효과일까요ㅎㅎㅎ❤️",344개
4,해솔,언니 인간미 철철..... 사람이 추락했다가 올라서면 많은 것을 얻고 돌아온다던데 그말이 사실이었군뇨..  표정에서부터 전과 다른 것이 느껴져요. 진짜 밝은 모습으로 돌아와줘서 너무 고마워요❤ 언니의 행보를 응원할게요!,508개
5,김인혜,세상에 너무 쌍콤하다ㅠㅠㅠ 언니 진짜 이런 밝은 모습 너무너무 그리웠어요ㅠㅠ 스스로 벽을 허물고 나와주셔서 너무 감사하고 다시 돌아와주셔서 너무너무 감사해요ㅠㅠ 앞으로도 좋은 영상 많이 많이 올려주세요 사랑해요❣️❣️,160개
6,이뎡이,"솔직하게 난 다또아채널  메이크업영상보러오는게아니라 다또아님을 보러온다 이유는 내가 내손으로 메이크업을 안하니깐 근대 자주 잠수타고 점점 옛날 모습이 없어지고 어두워지는것 같아서 그냥 옛날영상만 찾아봤는데 오늘  올라온  영상은  마냥  귀여웠다
밝아진모습 보기  좋았구 자기자신을 가리지않고 보여주는 모습과 꾸밈없어보이는 유쾌함도 보기 좋았다
이젠 이런 솔직한 모습으로 다또아님이 올리고 싶은 영상을 올려 주셨으면 좋겠다",59개
7,보라,"비포 애프터사진을 굳이 그렇게 넣지 않는게 좋은것같아요!:) 수많은 미디어속에서 말하는 '화장을 통해 완벽하게 달라진 나'가 제가 여성으로 살면서 저를 가장 옥죄고 힘들게했던 요소들이었던 것 같아요. 저도 한때  다또아님처럼 살찌고 화장안한 얼굴, 이쁘지 않은 나는 내가 아니라고 저자신을  부정했었어요. 하지만
지금은 책을 많이 보고 배우면서 그것또한 나자신이며 여성들은 굳이 이뻐야할 책임도 의무도 없다는것을 깨닫고 저자신을 온전히 이해하고 사랑하게 되었어요.요즘에는 민낯으로 밖에도 자주 나가게 되고 화장 안한 저의 얼굴에 익숙해지려고 많이 노력하고 있어요. 옛날의 저보다 지금의 제가 훨씬 당당하고 사랑스럽다는것을 자주 느낍니다.
 다또아님이 원하는일을 행복하게 즐기는 모습을 보니 너무 기뻐요!!
지금처럼 다또아님이 주체적이고 당당한 여성으로 살아갔으면 좋겠습니다.무슨일이 있더라도 항상 당신을 응원하고 사랑합니다♡♡♡♡",306개
8,ChristinaThearas,"Im glad that you finally found yourself again. Im really happy that you're back, brighter.. Unnie, we love you!!",11개
9,젠젠,영상속의 감정표현이 전보다 더 다양해지고 밝아지신것 같아서 보기도 너무너무 좋네요 좋아요!,23개
10,혜진,분위기부터 너무 건강해지신게 너무 보여서 보면서 내내 기분이 좋았던 영상입니다. 예전보다 더욱 보기 좋으세요~,812개
11,BakSu,"You're not just a beauty guru, you're also an inspiration. We're so glad you're back yey!😊❤",17개
12,정유진,보여주기식 하이톤이 아닌 목소리도 한결 편한 톤이 되신 것 같아요!! 언제나 응원합니다!,15개
13,MichElle,"thank you for being so open with us, welcome back daddoa ❤️❤️❤️",29개
14,잘생긴거처돌이,진짜 보는 나까지 기분 좋아지네. 역시 자존감이 사람을 바꾼다 !!! 다또아님 항상 행복하세요 !!!,22개
15,도리Dori,"와 진짜 확실히 바뀌고 당당해지고 ..
이게 바로 우리가 진짜 원하던모습 ...👼🏻
열심히 하는 모습 응원합니다 !!!!!! 
하고싶은거 다하자 다또아❤️
+벤츠판썰 .. 😭 
돈길만 걸어요...다시 사믄대지 구롬❤️❤️❤️",751개
16,아영,바닥쳤다고 얘기하시니 맘이좀그렇네여ㅠㅠ 오랜만에 오셧으니 이제 자주볼일만남은거져..?멘탈 잘잡아주세용 이번엔ㅠㅜㅜ 아프지말고 힘들지말고 응원빡해줄게용❣️돌아와줘서 고마워요,52개
17,minarismile,Glad to see your health and mind in a better place. 다또아 화이텡!,12개
18,PitaRatnaSari,"Congratulation and welcome back!
Thank you for being strong, it is always good to see you happy. Hopefully things got better ahead :)",7개
19,GizelleL,thank you for coming back!! giving you lotsa love and support ^^,4개
20,정가온,확실히 전보다 밝아지신 것 같아요!! 자신감도 엄청 높아지신 것 같아요 앞으로의 언니 모습이 기대되네요!!,856개
21,thanhloan,"DADDOA IM SO FREACKING HAPPY TO SEE YOU AGAIN
YOU’RE SUCH A BEAUTIFUL PERSON INSIDE AND OUT, YOU INSPIRE ME SO MUCH, I LOVE YOU💖💕💜💕💗💜💖",8개
22,나는지니하잇,너무 밝아지신게 느껴져요 ! 제가 다 기분 좋네요,16개
23,YumeMeriliana,You still have such beautiful skin I'm so envious ahhh >v<,7개
24,NandaWilza,"Hi, i'm from Indonesia🙋‍♀️
Its happy can see you again.. 
I love you just the way you are💕",51개
25,장영신,아유 언니ㅠㅠㅠㅠㅠㅠㅠㅠㅠㅠ살이 어디 붙었다고 더 귀여워지심ㅠㅠㅠㅠㅠㅠㅠㅠㅠ  너무 이뻐지셨다.... 흑흑 영상 잘 볼게용,513개
26,SiGnHerE,헉 예전에도 좋았지만 지금이 훨씬 보기 좋은걸요ㅜㅠㅠㅠㅜㅠ통통해지신 것도 좋고 무엇보다 표정이 밝아보여서 예뻐보이셔요😍,4개
27,서정안,댓글은 처음인데 더 밝아지신 모습을 보게 되어서 너무 기뻐요 !! 앞으로 응원 열심히 할게요 화이팅하세요❤️❤️!!!,11개
28,NandaHanip,So pretty and cute! 😍 I really want to hug you eonni 🤭,10개
29,cliunervil,"WELCOME BACK!!! IM SO HAPPY THAT YOURE BACK
JUST DO WHATEVER MAKES YOU HAPPY",3개
30,그레이스찬,썸네일 비포 사진 못생긴(?)걸로 하지 말아주세요ㅠㅠ 화장전도 못생기지 않았어요! 표정 때문인거지 다또아님은 항상 이쁘다구요!!ㅎㅎ 당신은 아름답습니다❤️🥰,403개
31,IcantaffordBTSconcertticket,"Daddoa ALWAYS REMEMBER: You don't need the opinion of others to endure yourself.
People who value other's opinion, pays them too much honour.

You are beautiful. Love yourself girl. What will you do without you right?

I'm happy that you're back again.",21개
32,유림,헐 돌아왓다돌아왔다ㅠㅠㅠㅠ또아님이 돌아왔다ㅜㅜㅜㅜㅠㅠㅠ기다렸어요 이제 또아님 영상 자주봐야지ㅠㅜ 와줘서 고마워요,20개
33,KarmaDolmaGurung,I have been watching you videos for quite long time. I really like your vibe. 😍,5개
34,김의진,난 그저 뒤에 아이언맨파우치가 뭔지.. 어디껀지 궁금할뿐..,12개
35,쁑쁑,진짜 입바른소리가아니구 너무 보기좋아용 ㅠㅠㅠ 확실히 분위가가 밝아지신 느낌 ㅎㅎㅎ 그냥 언니하고싶은거 다하세요 !!ㅇ😆,326개
36,셍짱,언니 예전처럼 밝은모습으로 돌아와서 넘 다행이에요❤️ 항상 응원해요 언니는 제가 제일 좋아하는 유튜버에요!!! 언제나 응원할게요 🧡❤️,15개
37,Lm78,Skinny or not you're still beautiful inside out. Keep going.,8개
38,VictoriaAChan,"너무 보고싶었어요😭 
Thank you for coming back to us. 
We love you so much. ❤️",9개
39,또롱김,"4:55
예전과 다르게 진짜 긍정적인 기운이 완전 뿜뿜하는 거 같아요 정말 인상도 좋아보이고 ㅠㅠㅠㅠㅠ 아 밝아보여서 너무 다행임니다",1개
40,불주먹,이 언니는 무슨 살이 붙어도 저렇게 귀엽게 붙으심ㅋㅋㅋㅋ큐ㅠㅠㅠ 기여워 주금,233개
41,CherryTokki,You're back! So happy! You look so beautiful!!! I'm jealous of your beautiful skin. Loved the look!,6개
42,KYeeun,언니 진짜 살빼지 말아요 진짜 지금 너무너무너무너무 멋지고 예쁘고 귀엽고 사랑스러워요 현재 언니를 사랑해줄수 있는 사람들만 만나요❣️,9개
43,SarahChristine,Yay!!! I am so glad you’re back and doing what you love. Continue to work hard and take care of yourself. We love you! 💝💝💝,1개
44,재이,헐ㅠㅠㅠㅠㅠㅠ진짜 언니 영상 올라온거 보고 이름까지 다시 확인했어요..언니ㅠㅠㅠㅜ,2개
45,잼잼,자기 자신을 그대로 마주할 때부터 진짜 자존감과 아름다움을 알게 되는 거잖아요-! 언니가 그런 괴로운 시간이 있었지만 그 시간이 없었으면 평생 알지 못했을 거라고 생각해용 진짜 멋지고 대견하고 감사해욥 😊🥰,218개
46,MaffPach,Unnieee....ur so pretty as alwayss....😍😻😍😻😍😻😍❤❤❤,3개
47,냥,언니 돌아와주셔서 너무 고마워요 정말 보고 싶었어요 😢,4개
48,AmyLuong,"Ahhhh I really enjoy your appearance at the moment, that’s okay, just move on and do whatever you love. I hope that you can do a video on your daily outfit too 💓",0개
49,김가은,너무 예쁘다 진짜,2개
50,꾸숭아,"자격증 따서 축하드려요! 메이크업이 뭔가 훨씬 깔끔해지고 상큼해졌어요 
전 보다 차분해진거같고 긍정적으로 변해서 다행이네요 
저같으면 그냥 완전히 무너지고 마는데 어쨌던 조금씩 극복해가고 긍정적으로 변해서 다행이에요 :)
차 판 얘기 저도 속상하네요 ㅠㅠ 하지만 힘내요 👍😍",399개
51,뽀송,돌아와줘서 너무 고마워요ㅠㅠ,2개
52,yun,사랑스럽다ㅜㅜㅜ 안아주고싶어요또아님 긍정적인모습 너무보기좋아요ㅜㅜ💕,3개
53,양지영,언니ㅠㅠㅜㅜㅜㅜㅜㅠ돌아오셔서 너무 행복해요ㅜㅠㅠㅠㅠ사랑해요 진짜ㅠㅠㅠㅠ❤️,1개
54,dzr,So happy to see you back and looking as beautiful as always!!!!! We missed you!,1개
55,이지민,진짜 언니 너무 멋잇어요ㅠㅠ 상처받지 마시고 하고 싶은거 하면서 사세요💕,1개
56,wly,"영상 너무 좋아요!!!ㅠㅠ 보는데 전보다 밝아진게 느껴져서 제가 다 울컥,, 근데 편집자님 자막, , 담부터 신경 좀만 더 써주실 수 있으신지,, 어떻게 들어도 '살짝 어두운 컬러' 인데 어째서 '살다가 어두운 컬러'가 되는지..!ㅋㅋㅋ소리들으면 돼서 괜찮지만 그래도 한두개가 아니네요ㅜㅜ",2개
57,HYoon,정말 많이 기다렸어요 다또아님 ㅎㅎㅎ 너무 귀여워지셨어요ㅠㅠㅠ💕💕,2개
58,SUNNY헤선,다또아님 다시 돌아와줘서 고마워여 😭💘,2개
59,김태희,옛날 영상은 뭔가 웃지도 않고 표정변화도 없고 무슨 로봇같았는데 지금은 다름,169개
60,딱콩,"완전 꿀팁대방출아닙니까ㅠㅠㅠ첨보고 반했어요ㅠㅠㅠ
화이트레빗만 고수하고 잘라쓰는거 좀 불편해도 감수하고 있었는데 ✏적는중 다이소 반만쓰는..✏☺",3개
61,라이언,볼살 너무 귀여웡ㅠㅠㅠㅠ,0개
62,CarmelHermoni,You have no idea how much I have missed your face! Glad to see you back! <3,2개
63,김현지,진짜 귀엽다 ㅋㅋㅋㅋㅋㅋㅋㅋㅋㅋㅋㅋㅋㅋㅋㅋㅋㅋㅋㅋㅋㅋㅋㅋㅋㅋㅋ,0개
64,고니,내가 이상한건가;;;;전보다 더 예뻐보여요 진심으로요...,260개
65,김유미,"뭐야 다또아님 왜 귀엽게 생겼지 ㅜㅜ ㅋㅋㅋㅋㅋㅋㅋㅋㅋㅋㅋㅋ성격도 너무 좋아보이네요 ,,♥️",0개
66,GraceRyu,아 너무 좋아 ㅠㅠㅠㅠㅠㅠㅠㅠ 언니가 다시 행복해지신거 보니까 저희도 덩달아 행복해지네요 ㅎㅎ 여전히 너무 예쁘시고 좋은 꿀팁들 배워가요🥰,0개
67,HerlindaJ,Hi daddoa I miss u s much!! Glad to see you again💓💓💓,5개
68,민서,진짜 이목구비가 개 뚜렷해서 뭘 찍어발라도 예쁘시다ㅠㅠㅠㅠㅠ,0개
69,김나현,"그래 이게 다또아지 ,",139개
70,Anj,"Wow, this video is so inspiring. I love how you were so honest and optimistic from your problems. Maybe you can make videos about how you lifted yourself from the bottom. Welcome back!",0개
71,ThuPhuongQuach,You inspire me to not giving up and continue my life since i’m in a huge confusion and i did think of throwing everything. Thank you for coming back and trying to be a better you❤️❤️❤️,0개
72,최이슬,쌩얼일때 뚱~해보이는 표정 너무귀여워요ㅋㅋㅋ쌩얼이 이렇게 귀여울일이에요? 아침부터 기분좋게 웃고가요~♡,0개
73,박주현,귀여워요ㅠㅠㅠㅠㅜㅜ,0개
74,구독중1000만,우와~~또아님 쉬시는동안 진짜 많이 편안해시고 털털해지시고 성숙해지셨어요~다시 태어나신 느낌이 듭니당,174개
75,이슈여기,아니 너무 귀엽고 사랑스러워ㅓㅓㅓㅓ ㅠㅠㅠㅠㅠㅠㅠㅠㅠㅠㅠ 진쨩 ㅠㅠㅠ,0개
76,마리,메이크업 넘 예쁘고 잘어울려요😍,3개
77,JHY,와씨 왜이렇게 귀여워졌어욬ㅋㅋㅋㅋㅋㅋ🤭💛,0개
78,미니밍,"살이 붙어도 예쁜건 여전하고, 더 귀염귀염 해지심 ㅠㅠㅠ 남들이 뭐라하든 신경쓰지말고 언니가 원하는 것들 다 해내길❤️",0개
79,meggsmcfly,I’m so happy you’re back! Your fans have missed you so much!,326개
80,aPeAcH,"언니 돌아와주셔서 너무 감사해요ㅠㅠ❤️❤️❤️
진짜 너무 너무 밝아진게 느껴져서 제가 다 행복하네요🥰앞으로도 잘 부탁드립니당😍💕",0개
81,김도현사랑해,언니 너무 귀여워요 ㅋㅋㅋㅋㅋㅋ ♥️ 멘탈 건강하게 꼭 잡고 살아요 ㅠㅠ 응원해요 <3,0개
82,응두,또앜ㅋㅋㅋㅋㅋ안경쓴거 너무 기여운거 아니영..? 모찌 같어..ㅎ,0개
83,영숙,언니 진짜 너무너무너무 사랑스러워요....ㅠㅠㅠㅠ♥,0개
84,JennyMaharani,다또아님!!! 진짜 진짜 너무 완전 보고싶어요 ㅠㅠㅠㅠ,0개
85,4444,언니 하이틴 주인공같이 생겼어요ㅋㅋㅋㅋ귀여워ㅠㅠ,0개
86,,I'm so happy you're back!! We'll always support you❤❤❤❤❤,2개
87,야옹야옹,또아씨 진짜 차라리 이게 훨씬 나아보이고 무엇보다 밝은 또아씨 모습보니까 너무 좋아용 >_<,1개
88,우도리,아아아아아 뭐야 졸귀야 어떡해 언니 처음 인트로 영상 너무 귀여우셔 왤케 귀여우셔요..❣,0개
89,지양,다또아님 밝아진 모습 너무 좋아요ㅠㅠㅠㅠㅠㅠ♥ 영상 이제 올라올때마다 볼거에요 😆,0개
90,0506,"돌아오기 전 한창 옛날 보다 저는 지금 자신감 찾으신 긍정적인 다또아님이 너무 매력적이고 아름다우신 것 같아요 ㅜㅜ 영상 끝까지 잘 안 보는데 끝까지보면서 많은 생각 했네요  ,,",2개
91,fei,You are the cutest! Ím so glad you’re feeling good again ^^,0개
92,CindyWon,"언니언니 키엘 토너부터 다이소 반만쓰는 솜, 스킨팩하는법까지 저랑 완전 존똑이에요!!!!!! 와 진짜 신기하고 뭔가 언니랑 같으니까 기분이 좋아욬ㅋㅋㅋ왜짘ㅋㅋㅋㅋㅋ",160개
93,박영서,언니 ㅠㅠㅠ 영상 내내 행복해 보이는거 ㅠㅠㅠ 언니는 너무 예쁘고 소중한 사람이에요 진짜 언니가 자신감을 찾게 돼 너무 기뻐요 사랑하고 응원해요,0개
94,이채은,"와.. 언니 진짜.. 오랜만이다..
전엔 고딩때 많이봤는데 대딩되고나서 보니 더 좋네융♥",1개
95,jinod,I miss you so much <3 you have finally come back <3,0개
96,HyominKim,언니 웰컴 드디어 영상을 보게된다니ㅠㅠㅠㅠ피부 완전 탱탱하고 모찌모찌 해진것 같으요ㅠㅠ!! 수부지여서 언니영상 늘 참고했는데 다시와서 넘 좋아여 기다렸어요 앞으로도 같이달려용~~~🥰🥰,0개
97,sofysophia,"I love how you no longer hide your face with your hair, it shows that you're comfortable in your own skin ❤️ You have gorgeous facial features so there's nothing to be insecure about! 🤗",110개
98,스틱좌1호의행방불명,예뻐요.....진짜 옙버요ㅠㅠㅠㅠㅠㅠㅠ,0개
99,0000,크 역시 오랜만에보지만 여전히 이쁘시군여ㅠㅠㅠㅠㅠㅠㅠㅠㅠㅠㅠ!!!돌아와주셔서 감사합니다ㅠ,0개
100,,언니 오늘 메이크업도 이뻐요ㅜㅜㅜㅜ진짜 얼마만에 보는 메이크업인지ㅠㅠㅠㅠㅠ 너무너무 반가워요 진짜ㅠㅠㅠㅠ❤️❤️❤️❤️❤️,0개
101,김예슬,영상 보는내내 역시 다또아라는 생각이 계속 드네요ㅠㅠㅠ!! 항상 응원해요 긍정적인 모습 너무 보기 좋고   무슨 일을 하던지간에 성공하시길 바랄게요❤️,0개
102,내귀걸이는양파링,너무 보고싶었어요 또아님ㅠㅠㅠㅜㅜㅜ 혹시 뒷트임 메이크업 올려주실 수 있나요...??! 또아님 화장기술 보고싶어요!!!!,163개
103,사랑해윌벤져스,사랑해요ㅠㅠㅠ 진짜 넘 기여워,0개
104,양민서,또아님 다시 만나서 너무 좋아요ㅠㅠㅠㅠ 밝고 건강해진 또아님 보니까 오히려 제가 더 힘이 나요❤️ 또아님 최고에요💕,0개
105,HCR,언니 다시 돌아와주셔서 감사해요ㅠㅠㅠ 오늘도 피부는 완전 꿀피부네요 담에 피부관리법 꼭 알고싶어요 !,0개
106,윤다현,너무 귀여워용 언니 보는내내 진짜 웃으면서 봤어요❤❤ 특ㅎ히 dp용이예요 할때 너므ㅜ 기여워성 ㅠㅠ,0개
107,MagisterialVoyager,Your growth is amazing. I really admire your openness and vulnerability now.,157개
108,손하연,내가 이 언니를 어떻게 잊어...중딩때 제일 먼저 구독했던 또아언니 이제 제가 대학생이 되었네요. 언니두 저도 큰 만큼 화이팅해요 아 오랜만에 보니까 기분좋네요 진짜 고향온 언니 만난 기분이야😊😊,1개
109,김서영,"언니ㅠㅠㅠㅠ 다시돌아와줘서 너무 고마워요!
다시 가시면 안돼요ㅠㅠㅜㅜㅠ!!?!?!
사랑해요용❤❤",0개
110,사리GO,"뭔가 더 깜찍해지신거같아여,, 나도어려지는이기분,, 므흣",1개
111,뇸뇸,헐 돌아와줘서 너무 감사해요 ..  ❤️,1개
112,강섀림,언니 이렇게 자연스럽고 밝은 거 처음이에요ㅜㅜㅜㅜ 좋아보여요 가끔씩 영상 보던 정도였는데 구독 바로 했어요!!,0개
113,유진,앞으로 자주 뵈요!! 돌아와주셔서 감사해요ㅠㅠㅠ,0개
114,우징,인형같애ㅠㅠㅜㅠㅠ 또아언니 항상행복하세요❤️,0개
115,ss,전보다 밝아진 거 보기 너무 좋아요ㅠㅠㅠㅠㅠㅠ 언니 행복해요ㅠㅠㅠㅠㅠㅠㅠㅜㅠ 자주 올테니까 자주 올려줘야 해요ㅠㅠㅠㅠㅠ,0개
116,ThankyouNext,건강하고 밝은기운이 영상으로도 느껴지네요!!! 돌아와서 고마워요 😊,125개
117,유라님,중학교때부터 또아님 영상 보면서 자랐는데 벌써 고3이 됐어요! 이렇게 긍정적이고 밝아지신 모습 보니까 저까지 너무 행복해지는것 같아요ㅜㅜ 돌아와주셔서 너무 고마워요 언니😭 영상 보는 내내 너무 좋아서 몇 번을 돌려봤어요! 앞으로도 화이팅해요😍,1개
118,saf,Daddoa!! I missed you so much!! 진짜 진짜 보고싶었어요 😭,0개
119,KimWinofBangtanBoys,Atlast now I'm learning more makeup  information from you!! You're so pretty!!,3개
120,김선화,제가 뷰티 유투버 중에 처음으로 구독했던 또아언니ㅜㅜ밝은 모습으로 다시 돌아오셔서 너무 기뻐요ㅎㅎ지금의 모습도 충분히 예쁜 또아 언니 응원합니당!!!,0개
121,아이럽우육,살쪄도 예쁜 건 무엇? 전보다 더 밝아져서 그런가?😍,163개
122,ASMR이블리,또아님 예전부터 영상 늘 봐왔었는데 이번 영상도 넘 좋아요😊 뭔가 편하고 자연스러운 느낌!! 메이크업두 넘 예쁘구 사랑스러워요♡♡,2개
123,정현지,우리 또아언니 더예뻐졌네ㅜㅠㅠㅠㅠㅠㅠㅠ 항상 행복하기만 해요 언니 기도할께요 응원할께요❤️,0개
124,빈뜨으희,엥 다또아님 ㅠㅠ 진짜 실물갑이신데 ㅠㅜ 영상이 다 못담는거 같아서 안타까워용 ㅠㅠ 진짜 실물이 넘 이쁘신또아님👍🥰,0개
125,juliekim,다시 만나서 반가워요 다또아님 ^^ 영상 잘 보고 갑니다~~,0개
126,xpxphha,확실히 긍정적으로 변하신게 눈에 보여용ㅠㅠㅠ 너무너무 예쁘시고 보기좋아요 ㅎㅎ❤❤,82개
127,ColaSsi,OMGGGG FINALLY!!! 😭 I MISS U SO MUCH 😭😭,0개
128,DHB,징짜 너무 오랜만에 보네요ㅠㅠ,0개
129,혁짱,언니 진짜 밝아지고 훠어어어어얼씬 편해보여서 영상 보는 저도 너무너무너무너무 편하게 봤어요 😊😊😊😊😊😊 다또아 컴백해서 너무 좋아요 ㅠㅠㅠㅠㅠㅠㅠㅠㅠㅠㅠㅠ 꿀팁 앞으로 많이 많이 공유해주세요오오오옹 ♥️♥️♥️♥️♥️♥️,0개
130,예지,진심 너어무 이뻐요 ㅠㅠㅠ,0개
131,GungIntan,Woah I missed you! Glad to see you back!❤❤❤❤❤,110개
132,HuiLiThean,"Welcome back Daddoa!! It's great to see you back with videos again! ^^ I'm happy to see that you're doing well now, may things only get better for you from now on! Thank you for the useful tips in this video too~",0개
133,발바닥,너무예뻐요ㅠㅠㅠㅜㅠㅠㅠㅠ 밝은모습 너무보기좋아요❤❤,0개
134,jhk,진짜너무너무너무기다렸어요ㅠㅠㅠ 사랑해요언니💓💓,0개
135,아름,너무 귀엽고 이뻐요. ㅠㅠ ❤️❤️❤️,0개
136,혼밥일기,우왕 우리동네로 오셨다니 환영해욬ㅋㅋㅋ마포구민이당,0개
137,구름구르미,언니 너무 보고싶었어요 ㅠㅠㅠ 다시 돌아와줘서 너무 고마워요 .. 진짜 언니 너무 이쁘다.. 밝아진 모습도 너무 보기 좋아요 ㅎㅎ,0개
138,돼지워닝,그냥 친구같아서 편안하고 좋아여 사랑해여❣️,1개
139,HannaHanis,"ive been waiting for ur new video and finally!! yeah thank you for sharing everything!, u r so beautiful. do what u wanna do! vlog everything!! cheer up. good luck!!",0개
140,smokeroutside,"Ddoaaaaa i missed you, glad you're doing and feeling well",1개
141,,너무너무 보고싶었어요 ㅠㅠㅠㅠㅠㅠㅠㅠㅠㅠㅠㅠㅠ귀한딸인데 우리 상대하지말것들에 대해 상대하지말아요 ..너무 힘들어말고 또아를 사랑하는 저 포함한 사람들과 행복한 유튜브 생활해요❤️,0개
142,LYY,Yeahhhh you back to here!! I love your makeup tutorials ❤️,0개
143,짖는개잘생긴사람을보면,아니 언니..... 어디가 살쪄 도대체!!!ㅠㅠㅠㅠㅠㅠㅠㅠㅠㅠㅠㅠㅠㅠㅠㅠㅠㅠㅠㅠ보고싶었으요ㅠㅠㅠㅠㅠㅠㅠㅠㅠㅠㅠㅠㅠㅠㅠㅠㅠㅠㅠㅠ,0개
144,은하,또아님 표정 넘나 펭귄(?)같고 기여우셔요ㅜㅜㅜㅜ으어엉 언니기여어..ㅜㅜㅜㅡ,0개
145,PinkCaptain,밝아지신 모습 너무 보기 좋습니다ㅠㅠㅠㅠㅠㅠ,0개
146,노유진,허루ㅜㅜㅜㅜㅜㅜㅜ안녕하세요ㅠㅠㅠ,0개
147,스즈측뽕,언니 넘 사랑스러워여..영상 잘봤어염!!!💕,0개
148,폼폼,존버는 승 리 한 다,26개
149,읭읭쵹쵹,학생메이크업때부터 언니 구독해온 구독자인데 예전과는 달리 이번 영상은 언니가 영상 찍으면서 너무 좋아하고 즐기는게 보여요 ! 보는 저도 마음이 편안해지는 기분이에요 ! 달라져서 온 언니 너무 환영해요 💖,2개
150,Kulnipa,"Omg Finally TT , I miss you so much. I'm always support you. Be happy",0개
151,다정,ㅇ와 진짜 귀여운데 이쁘다는 게 이런 느낌이구나...언니 쩔어요,0개
152,DysaRafifah,you’ve been gone for too long!! we’ll always support you no matter what! <3,0개
153,,헐 언니 보고싶었어요ㅜㅠㅠ♡,0개
154,손꾸락,항상행복하세요. 진짜ㅠㅠ 치료도 꾸준히잘하시고 화이팅하세요!!!!,0개
155,박지윤,진짜 예뻐요♥ 이렇게 밝은 분이셨다니!!!! 사랑스러워요 언니ㅎㅎ♥ 앞으로도 우리와함께해요!♥,1개
156,배승연,언니 너무 예뻐요 ㅠㅠ 자주 보고 싶어요 !,0개
157,부규빈,"언니 진짜 오랜만이네요😍
언니 너무 예뻐졌어요 앞으로 승승장구하세용 화이팅",68개
158,repu,진짜 진짜 고마워요 언니...너무 기다렸어요 악플에 상처받지 않길 바래요 ㅠㅠ 늘 응원하는 팬이 있다는 걸 알아 주세요!!!,0개
159,Life,다또아님 영상 보고 저도 많은 생각을했네요ㅠㅠㅠ 저도 다또아님처럼 긍정적으로 생각하면서 살아보려구용ㅎㅎㅎ 앞으로도 응원할게요!!!!,0개
