﻿,youtube_id,comment,like_num
0,박종진,이영상을 가레스 베일이 좋아합니다.,446개
1,이준혁,4:21 7:53  빠ㅡㅡㅡ던 ㅋㅋㅋㅋㅋㅋㅋ,67개
2,박준수,4:48 한번맞으면 ㅈ되겠다,48개
3,잼재미니,1:16 깨진줄 알앗는데 얼굴이엿네,21개
4,포구,8:09 볼링핀 쓰러질 때 친구가 정신 나갔냐고 하면서 대가리 스매싱 날리는 거 같당,3개
5,이지민,4:38 핀을 부술라고 하네..ㄷㄷ,29개
6,SoundKeysNoCopyrightMusic,영표형은 역시 유니폼입었을때가 가장 빛난다!!!,16개
7,kch8892,원희얔ㅋㅋㅋㅋㅋㅋㅋㅋㅋㅋㅋㅋ왜 화를내세욬ㅋㅋㅋㅋㅋㅋㅋㅋㅋㅋ,17개
8,코난,영표형 간지난다,14개
9,음바페,4:05 원희야 이씌,18개
10,조차박,아씨 원희형보면 저절로 내가 웃고 있어 ㅋㅋㅋㅋㅋㅋㅋㅋㅋㅋㅋㅋㅋㅋㅋㅋㅋ,2개
11,Sungjong,7:55 오늘도 나온 빠던 😂,12개
12,wowho,골프여제를 슛포에서 보다니 너무 신기하규 좋습니다 ㅎㅎ,9개
13,UptownFunk,이건 축구가 유리할 것 같았습니다만;;;ㅎㅎ,1개
14,박준영,넵!!! 오늘은 레전드 오브 레전드,18개
15,황sunjae,1:32 ㅋㅋㅋㅋㅋ 멍때리다가 으응 많이 어색해 이러는거 너무 귀여워,0개
16,제현,초롱이형 너무 귀엽다,2개
17,HyeonyongChoe,조원희 개못차네ㅋㅋㅋㅋ,1개
18,도민태TV,골프나 축구나 바람의 영향이 ㅜㅜㅜㅜ,1개
19,박준범,02:34ㅋㅋㅋ원희형님 영포형님 찰때 안맞았으니까 ㅋㅋㅋ표정보소 ㅋㅋㅋㅋ,8개
20,김빙빙,오 ㅋㅋㅋㅋ 일반인(?)도 간단한 준비로 해볼 수 있는 게임이네요 ㅋㅋㅋㅋ 한번 해봐야게따,0개
21,과학꿀잼,2:04 골프가 사람이 다른지 모르고 걍 보다가 다시 뒤로 돌렸다.,8개
22,JinWooSong,진짜 아이디어 좋네요. 아주 재밌게 보고 있습니다 ^^,0개
23,배민준이야,4:21빠던?체던?,1개
24,DevDat,너무 재밌습니다! ㅋㅋㅋ,0개
25,아니용,영표형 영점 잡더니 오지네..,1개
26,박동섭,6:14 그냥 공 두개 집어서 바닥에 던지는건데 왜 박인비선수가 하니까 멋있냐......,0개
27,callitaday,제목 어그로에 속았네요...,1개
28,황병진,박인비는 세계1등인데 ㅋㅋ 레전드 오프 레전드 아니냐 ㅋㅋ,0개
29,싸부,누가봐도 축구가 유리한대 졌네 ㅋㅋㅋ,2개
30,이민우,오늘도 레전드들 모두 귀여우심 ㅋ,1개
31,신재혁,102등 ㅠㅠ,0개
32,트민,진짜로 유니폼 호랑이 볼때마다 덜떨어져보임,1개
33,FitDae핏대,"와 재밌다~~ 
축구가 쉽지않네요",0개
34,nosotrosHola,7:51 빠따던지기,0개
35,윤영찬,넵 오늘은 레전드 오브 레전드😉,0개
36,kinshot99,밤바형 떡대 실화..?,0개
37,kimeric,드라이버는 맞으면 깨질 것 같은데? ㅋㅋㅋㅋㅋㅋ,0개
38,매력학과수석입학생,"어이 고프로!!
고알레:나불렀니??",0개
39,sangchoelkim,박인비 배상문 여기서보니 너무 좋네요^^ 그리고 대표팀 유니폼 좀 그지같네요,0개
40,대한민국,나만 썸내일 왼쪽형님공 볼링공인줄;;,1개
41,슈코드란무스타피,멋져용 오빠 ❤,1개
42,나는강아지,제가 마트 영상을 봤는데 혹시 진해에 살아요???,0개
43,모해니,요거 인사이드로 밀어차기 하면 될거 같은데 데브라위너 프리킥 알제 ?,1개
44,Madilane,조원희는 돈 주고 국대 들어간거야 ? ㅋㅋ,0개
45,Sungjong,4:20  ?? 나 방금 좀 멋있었다.,1개
46,KimTaeWon,역시 인생은 한 방이야 ㅋㅋ 대포 VS 총알 ㅋ,0개
47,응리차드박,원희형은 이제 고정인가요?,1개
48,SHP,와 이걸 다이렉트로 맞춰서 1점이라도 내는것도 국대니까 가능한거다...,1개
49,부동의초전도체,"0:22 싱겁다는 표현은 축구선수 분들 맘 상할 수 있으니까..







밍밍한 승리로 하죠",11개
50,토끼야놀자,"이걸 해낸다고?ㅎㅎ
섭외력폭발",1개
51,FC서울,ㅋㅋ,0개
52,CharlesAlanShin,3:33 광고 축하드려요~,2개
53,짱임휘수,예~~~~~~,0개
54,KunLee,밤녕~,0개
55,비에이라페트릭,"원희형 묵직하다,,, 휘탁 휘탁",0개
56,우영진,왜옛날영상이몇개가없죠..u20이랑.. 리우올림픽이랑..,0개
57,DonghoHwang,아 싱거워라~,0개
58,온양뉴캐슬,귀하신 분들인데 5라운드까지 있다니 대단!!,0개
59,simonyu,보면 볼수록 축구 개실망,0개
60,TV시리즈,2:06 벌레소리 무엇;;;,1개
61,이승재,슛포러브는 맨날봐도 재밌엉,0개
62,creamofthecrop,골프도 스포츠인가요?,0개
63,horushealthy,조원희선수 혹시 골키퍼???,0개
64,박세인,워니햐이씨!!,0개
65,옹이와해랑이,아니 형들 왜이렇게 못해 ㅋㅋㅋㅋㅋㅋㅋㅋ 공차는법 그새 다 까먹으셨어 ㅋㅋㅋ,0개
66,HMMH,10:46 ♡바밤바 귀여워♡,3개
67,김상엽,베일은 다 잘하겠네,1개
68,전현준,원희형 왁스 정보좀요,0개
69,이상훈,이원희는 역시 개리그 출신답다 ㅎㅎ 레전드로 나오는건 아니지 ㅎㅎ,0개
70,Sinsumin,덕배는 저거 한번에 할수있겠지..?,0개
71,5x3불고기,형들 이렇게 레전드들 많이 나오는데 썸네일을 레전드들  보이게 해야 조회수가 많이 나오지않을까?,1개
72,안킹갓승현TV,헐ㄷ,0개
73,우희힝,인비찡!!!,0개
74,임현성10,"여러분과 슛포러브님 제가 2020년 국대 유니폼을 샀는데요
제이름을 새기고 싶은데 혹시 자기이름 어디에서 어떻게 새겼는데 알려주세요~~^^답글",1개
75,AlanWalker,4:20  간지용으로 주머니에 손넣는건줄 알았는데 티꺼내는 거였네ㅋㅋㅋ,0개
76,박기현,안정환 이천수 정도면....,0개
77,바른멱거리,"어떻게 되긴
넘어지겠지",0개
78,GoGoZink,조원희 프로 골프팀이죠?,0개
79,JaeminChoi,축구선수들이 왤케 못해,0개
80,김시형,바람이 심해서 축구팀한테 불리한거 아닌가?,0개
81,김유로,배프로님 롱아이언은 그라파이트네. 대세는 역시 ㅎ,0개
82,하하하,"안돼. . .  축구가지다니. . ㅠ
그래도 골프 대다나다",0개
83,TomS,조원희 ...너무 못해 ㅋㅋ 이춘수가 나와야해,1개
84,Boxingstarter,👍따봉!,0개
85,비버비,아이고 볼링핀들이 산산조각이 나버리네요,0개
86,컷팅,구너 이뻐요,0개
87,GerughiGiulio,순간적으로 볼링공이 시속 200km로 날아가서 볼링핀을 맞추면... 인줄 알았던...,0개
88,JakeShin,야구선수도 데려갔어야지.,0개
89,김동희,근데 이게 음 다른게 박인비는 진짜 세계 1등ㅋㄱㅋㅋㄱㅋㅋㅋㅋㅋㅋㅋㅋ제대로 뜰라면 축구에센 메시 데꼬 와야함..ㅋㅋ,1개
90,정윤석,나중에는 축구선수가 골프로 하고 골프선수가 축구공을로 하는 거 해주세요,0개
91,LIMDEJONG,원희형 열일하네,0개
92,김정윤,ㅋ 빨리기부,0개
93,본좌,선수들한텐 그냥 기본적으로 쉬울줄 알았는데 발로 하는게 손보다 컨트롤이 어렵긴 한가보다,0개
94,cwaddle,축구가 훨 유리한거같은데,0개
95,Pro22Lee,잼철형 골프도 고정할려고 우쭈쭈 하내 ㅋㅋㅋ,1개
96,전우혁,옹,1개
97,정재형,정확도 베컴의 클라스가 생각난다.,0개
98,NathanProphet,은근 잼,0개
99,60bpmASMR,원희야이씨 반복재생 만들어주세요,0개
100,박빵,"보기전부터 골프승..
축구는 일정하게차기가어렵지만
골프는 직진성있게 칠수있기에",0개
101,양발,"이영상에 나온 공들을 막아본 키퍼 





조헤아",0개
102,리스크,6빠,0개
103,kknd2kknd,리춘수형님은 농구골대에도 축구공 발로차서 넣던데... 춘수형 대단한줄은 알았지만 이거보니까 새삼 더 대단하네....,0개
104,김남준,저기 나가고 싶다,0개
105,,갑자기 씨잼철이란 이름 잘지은거같다,0개
106,고스티드,자랑하는  원희형,0개
107,마스터링,진짜 박인비 선수는 골프계 레전드지 물론 베일도..,2개
108,니나노NINANO,"끝장대결 컨텐츠 계속 가도 좋을 것 같아요~~~!!

제 유튜브도 놀러오세요~~^^",3개
109,이서연,빨리옴,0개
110,최주호,아,0개
111,,당연히 볼링은 축구가 엄청 유리할거 같았는게 이걸 골프가 이기네..ㄷㄷ,0개
112,김민준,일빠,0개
113,DJ,공은 다 차봤을거고 골프쳐본사람은 의미없는게임이란거 다암,0개
114,mhlee,저걸못마추는국대실력....,0개
115,앙버터,조원희가 넘 못한다,0개
116,인디안썸머,진짜 못찬다,0개
117,ChangMr,1:1,0개
118,앵무새,ㅋ,0개
119,ChangMr,10:9,0개
120,SPECIALGUEST,골프는 야구(타자)선수가 처야 지대로지,1개
121,MxHyun,"이거 절대로 여기서 끝나면 안된다.  골프 축구 각자 친구들 불러서 대전투, 패싸움 해야한다. 반드시 판 키워야한다. ㅋㅋㅋ 이런 개꿀잼을 어디서 또보냐? ㅋㅋㅋ",0개
122,후유후후,진짜 못찬다 프로인데,0개
123,SungyulPark,2차전은 골프팀이 채 선택을 잘못한 듯 해요. 수평으로 있는 지면이 목표가 아니라 수직으로 세워진 벽이 목표인 만큼 드라이버 같이 공을 수평으로 보내는 로프트가 작은 채를 써야 하는데 가깝다고 괜히 아이언 골라서 공이 뜨는 바람에 더 힘들지 않았나 생각합니다.,0개
124,씨티캅씨티캅,조원희 겁나못하네 ㅡㅡ,0개
125,김지윤,1,1개
126,경은,3,0개
127,CW42J,2,0개
128,JOLLYGRAIL,"일반적인 선수들 특
실전에는 못하지만 방송 나오면 갑자기 겁나 빡세게 함(다 그렇다는건 아니고 적어도 일반인 보다는 잘하시겠지만 다른 선수들과 상대적으로 그렇단 겁니다.)

박인비 같은 월드클라스 특
실전은 그냥 설명 필요없고 이런 예능 프로?에 나오면 즐기면서 재밌게 함(실수 많이 하지만 웃음으로 가볍게 넘길 수 있음)",2개
129,정환,6,0개
130,과학꿀잼,1:24공이 크니깐 더 신중히 맞춰야하잖아 똑같은건데;;,0개
131,안녕하세요,"사람들도 많이 보는데 코로나19 시작전 멘트좀 해주세요.
(마스크 써야된다 사람 많은곳 가면 안된다. 이런식으로)
10~30대 들이 너무 개념없이 놀러 다닙니다.",0개
132,호쌍새,와 축구선수들 저정도 정확도밖에 안되나,0개
133,Footwork,"골프에서 국대는 아마추어만 가능  
프로턴 하면 국가대표를 못함",0개
134,창우성,1,0개
135,리중딱,"축구=은퇴
골프=현역




....?",0개
136,윤원중,"골프 남자 선수 복장의 마크는 너무 심한거 아닌가요 스폰이라고 할지라도 제작진에게
정중히 부탁 드립니다. 모자이크처리라도....",0개
137,이동학,1,2개
138,홍석표,"골프공이 작은데 골프가 훨씬 불리한 불공평한 게임 이잖아...👎👎👎👎
근데 그 큰공으로 골프를 못이기네.... 벙커에 대가리들 밖으셔....ㅋㅋㅋㅋ",0개
139,전성빈,9:16 오랑우탄인가?,1개
140,신봉섭,"이 채널은 점점 산으로 가네.
정체가 뭔지
도전 골든벨에 아니고
Show를 하지 말고 축구를 하세요",0개
141,RICO,"저는 팩트만 말하기에 솔직히 이야기 합니다.

슛포러브 갈수록 재미가 없어요 
유명인 섭외만 잘하면 뭐합니까. 갈수록 씹노잼이라서 구독취소 했습니다",1개
142,할마씨,씨잼철진부하다,0개
143,정환,신의한수 긑나고나서 이컨텐츠 별로 재미없어요 다른 컨텐츠 해주세요(기분 나쁘셨다면 죄송합니다,1개
