﻿,youtube_id,comment,like_num
0,이거해조원희형,00:52 아니 내가 잘한 부분은 빼고 이것만 넣었네;;,19개
1,JJKK,세계 최초 은퇴형 축구선수 ㅋㅋ 은퇴하고 기량이 만개함,12개
2,학학교를안갔어,근데 킥되게좋으시다 은퇴해도 정확도나 파워가 좋네ㄷ,77개
3,변기커버,조원희가 은퇴하고나서 기록 다 깨고다니네ㅋㅋㅋ,495개
4,이승재,"3:06초 누워서보다
놀란사람?",8개
5,변기커버,이영표 선수가 이영상을 싫어합니다.,95개
6,정현석,조원희가 이걸? 이란 생각을 한사람은 조원희 레전드골 보고 와라 헤딩 정확도 지린다,1개
7,하이,0:56 롤러스케이트 타고 넘어지는건줄ㅋㅋㅋㅋㅋ,58개
8,에버튼만세,"다음화 스포 천수형 등장
???: 야 이거 메시가 몇개넣엇다고?",157개
9,MR매너남,선수시절 조원희는 아주 진지한 선수느낌이였는데 은퇴 후에는 완전 동네 친한 형 느낌이야 ㅋㅋㅋ,54개
10,박준수,0:20 가야돼가야돼 없으면 섭하지ㅎ,125개
11,도형,5:10 킹---원희,147개
12,가람,"1:54
ㅋㅋㅋㅋㅋ
무슨 차는 동시에 바람을빼 ㅋㅋㅋ
개콘이 망한 이유네 ㅋㅋㅋㅋㅋㅋ",6개
13,꼴방,5:19 Hum.......,60개
14,퐁듀먹는퐁,2:49 이거보니 진짜 구석차야겠네,53개
15,홍가,조원희씨랑 챌린지 특집 다 해보죠 ㅋㅋㅋ 어디까지 성공하나 보게,147개
16,탈다림광신도,인기 급상승 동영상은 정말 전설이다 하나 같이 다 재밌냐,3개
17,보충제에밥말아먹기,4:28 ㅋㅋㅋㅋㅋㅋㅋㅋㅋㅋㅋㅋㅋㅋ”아~눼에 넘흨ㅋ..넘어갔습니다”,3개
18,승언이,5:14 '와' 하는 소리가 비행기 이륙 소리같앜ㅋㅋㅋ(원희형 저걸 넣네 ㄷㄷ 대단해),54개
19,,5:23 오른쪽 촬영하시는 분 직업정신이 대단하시네 ㅋㅋ 궁금해서 쳐다볼만도 한데,24개
20,AttractiveeeKim,6:32 자연스럽다 프로방송인이 되어가는 잼철이형,52개
21,이노래는묘오,5:12 테크모 월드컵 98 게임 독일슛~,35개
22,배준탁,ㅋㅋㅋㅋㅋㅋㅋ 고양이 횽 해줄거야 ㅋㅋㅋㅋㅋ 개웃기네,3개
23,김동하,1:55 치명적이시고,26개
24,현종건,"2:42 ???: 아 뭔 소리하는거야 이 ㅡ발럼






아 내 전화 빨리 받아르아아아아앙",1개
25,이상규,3:23 원희형의 이유있는 자신감,43개
26,CDAB,"https://youtu.be/szYpntTXZss 
조원희는 머리로도 사각지대에 이렇게 잘 넣는데 발로 차서 사각지대에 못 넣을 리가 없지ㅋㅋㅋㅋㅋ",38개
27,장동현,세계최초 조 메 네 대전,3개
28,박세훈,ㅋㅋㅋㅋㅋ 형들 나중엔 야구선수랑 배드민턴선수 부를거지,2개
29,속초빌런의1분리뷰,2019 자책골스카스상 이거해죠워니형(수원 삼성),2개
30,임형찬,5:15 미친 ㄹㅈㄷ,33개
31,오이,편집자 존나 유쾌해서 존나좋앜ㅋㅋㅋㅋㅋㅋㅋㅋㅋㅋㅋㅋㅋㅋㅋㅋㅋㅋㅋㅋㅋㅋㅋㅋㅋ,3개
32,김도형,ㄹㅈㄷ 한국인 다시봤다 아시아에서 최초아님?,43개
33,,그냥 사각으로 차면 키퍼 손이 안닿게 되있네 ㅋㅋㅋ슛이쎄다기보다는,2개
34,감스트와꾸,120만명 1만정도 남았다 화이팅^^,3개
35,Mohamedsalah,이형 봤는데 힘만 좋은게 아니네...,3개
36,진해운,5:02 브금 바뀔때부터 넣을줄 알았다,46개
37,장민성,ㅗㅜ 원희형 등장부터 축구좀하는 허당 동네형,55개
38,zjqzld,4:03 뒤에 아저씨 세명 동시에 돌아보는거 귀여우시네ㅋㅎㅋㅎㅋㅎㅋㅎㅎㅋ,2개
39,LandDeutsch,이야 ㅋㅋㅋ 이거에 도전하다니,4개
40,정준영,"진짜 이런 컨텐츠 하는 원희형,슛포러브 너무 좋다",2개
41,김민수부산거주40년전,나만 저 로봇 얼굴 말디니 닮은 거 같음?ㅋㅋㅋ,2개
42,NLEChoppa,5:25 갑자기 훔바를 시전하는 잼철씨....!!!,17개
43,WolfPink,"원희형 나올줄 알았다 ㅋㅋㅋㅋㅋㅋㅋ
원희형 도전 안하고는 못 버티지~
가야돼 가야돼~~",1개
44,도토리의일생활,와 진짜 ㄷㄷ,3개
45,qwerty키보드,자존심이 상했는지 땡깡부리는 키퍼 ㅋㅋㅋㅋ,19개
46,류성민,형 나올줄 알았어❤❤❤,7개
47,MoonKim,조원희 요즘 겁나 잘나가네 ㅋㅋㅋㅋㅋㅋㅋㅋㅋ,3개
48,프로댓글러,개그맨과 축구선수 그 사이..,2개
49,브라질이선택한공격수,로봇 키퍼도 전설의 조원희 헤딩골은 못 막을 듯 ㅇㅇ,11개
50,홍성민,역시 조차박....,5개
51,김응민,지성이형도 합류했으면 더더 개꿀잼 각이다!!,2개
52,김석중,0:55 이영상 킬링포인트ㅋ,49개
53,이브,조원희 형님 볼수록 귀엽네ㅋㅋ,2개
54,BrandonKim,"1:1 대결에 이어서 - ""이야~~~ 내가 이영표 또이겼다아~~~~~~~~""",12개
55,땀나는치킨무,오 이걸 성공 ㄷㄷ 역시 원더골 제조기 가야돼!,1개
56,찌누,5:11 테크모월드컵 뭐고 ㅋㅋ,1개
57,코로나확찐자,와.... 원희형님이 이걸?,22개
58,최지웅,04:58 칼군무ㅋㅋㅋ,3개
59,stAHyun,"ㅋㅋㅋㅋㅋ 아 잼처리형 깐족ㅋㅋㅋㅋㅋ
잼철이형 때려조 원희형!!!ㅋㅋㅋㅋㅋ",2개
60,병아린,이분이 스토브리그 나온 강두기죠?,2개
61,TOM,조원희 선수 생각보다 입담이 괜찮네요 ㅋㅋㅋ 잘 가다듬고 예의모드로 나가면 방송으로도 어느정도 뜰 수 있을듯 ㅋㅋㅋ,32개
62,조예찬,원희형 나올 줄 알았는데ㅋㅋㅋㅋ진짜네ㅋㄱ,1개
63,TV텔리,"5:24 
0.5배속으로 보세욤 (눈 호강 보장☆)",1개
64,시냇물TV,현역선수들도 와서 도전 해 보면 재밌을 것 같습니다~,1개
65,행동이,놀라운건 이게 광고라니....,3개
66,도라이빙구TV,억ㅋㅋㅋㅋ하셨네ㅋㅋㅋㅋㅋㅋㅋ,1개
67,조영환,00:36 대패 (삼겹살 헤헤)ㅋㅋㅋㅋㅋㅋㅋ 이런개그가 요즘 왜이릏게 좋짘ㅋㅋㅋㅋㅋㅋㅋ편집자님 좀만 더넣어주세옄ㅋㅋㅋ,28개
68,하이,"5:22 포옹하려는데 ㅋㅋㅋㅋ
머쓱;;",1개
69,stranger,6:31 일부로x 일부러o,1개
70,피스플Castle,"로봇팔이 안닿아서 들가거지..
닿는곳은 무조건 못넣는다..",1개
71,99,"와 성공했다ㄴㅣ와,,,,",2개
72,상상나무,완전 구석 모서리로 차면 살살 차도 들어가겠네요.. 기계가 점프는 못할 거 쟎아요..,1개
73,라온이,진짜 김형범 조원희는 탑미드필더,1개
74,화살표,조원희 헤딩으로 퀀텀키퍼 뚫기 해주세요 ㅋㅋㅋㅋㅋ,1개
75,박종현,"""넣을게~""",2개
76,JunwheeJang,퀀텀 로봇키퍼 두번째 편!,1개
77,축못말협도축구는못말려,아 가서 촬영하려 했는데 너무 아쉬워요...ㅠㅠ 제발 또 하기를..,5개
78,통이유튜븡,원희형 이거 해 조,2개
79,동네축구,"진짜 지금보니 3단 모서리 공간이 좀 비었네..
영표형 말씀대로 정확도가 우선이였네...",2개
80,김민수40년전,빈폴한테는 얼마 받으신거죠?,2개
81,YNWASik,조원희행님 예능 캐릭 다됐누 ㅋㅋㅋㅋ 가야돼 가야돼,1개
82,25년전,와 진짜 슛파워는 조원희가 짱이네,1개
83,베모BEMO,메시랑 네이마르 두명만 성공했었는데.. 조원희까지 ㅎㄷㄷ 대박이네,38개
84,코카콜라,보니까 뒤에 철로 되있네ㅋㅋ 어케 뿌셔ㅋㅋㅋㅋㅋㅋ,2개
85,종레기,원희형 '그' 헤딩이면 가볍게 성공하지 않아?,1개
86,밍밍,시원하게 넣엇다 개 사이다 박수박수박수!~!,1개
87,차원호,괜히 epl(위건)출신이 아님..,4개
88,Magnificent,와 진짜 대단하시다 ㄷㄷ,1개
89,창동스캘퍼,ㅋㅋㅋㅋ 파워슛 ㅋㅋㅋㅋ,3개
90,좋아요구독,ㅋㅋㅋ조원희연예인 다 됐네,1개
91,파파밴드,은퇴하고 실력이 상승한 유일한 선수ㅋㅋ,0개
92,banffjasper,조원희  그래도 EPL출신인데 실력출중하죠,15개
93,파스텔파스텔,살살차도 저기 구석에만차면되는거아닌가,8개
94,25년전,5:07 이때 나오는 노래이름 뭔가요,1개
95,대백,메시 네이마르보다 깔끔하게 넣었네,2개
96,커비,5:05 성공,15개
97,우희힝,다막아 ㅋㅋㅋ  근데넣었네 ㄷㄷ,1개
98,강명수,오늘 갔는데 코로나 때문에 취소....ㅠㅠ,2개
99,파티유튜브,그리즈만은 페이크 공 던지고 슛해서 넣던데 ㅋㅋ,1개
100,김영웅,성공은 원희형이 했는데 씨잼철이 난리냐..,1개
101,참나돌겠네,이영표 : 조원희 힘만 쎄고 정확도가 안좋아,1개
102,Midastouchpr,슛포러브 조만간 호베르투 카를로스 섭외할 기세네 ㅋ,1개
103,띠용,헤딩이였으면 넣었을수도...,1개
104,박다솔,롯데타워에서 떨어지는공은 맞는순간 즉사 아닌가요..ㅋㅋㅋㅋㅋ,3개
105,7Sonaldo,조원희선수는 헤더로 로봇키퍼 뚫어야되는거 아님??,1개
106,큭퇴장,"박지성 선수가 ...
하는거 보고싶네 ..
넣을지 궁금혀",1개
107,장동현,헤딩골 들어간 사각지대로 들어갔네요 ㅋㅋㅋㅋㅋ,17개
108,김레드,이형도드디어이거했구나ㅋㅋ,1개
109,드록바,천수형 까지 올 필요가 없었네 ㅋㅋ,1개
110,달려whatisit,노룩 하면 어떻게 됄따 ㅋㅋㅋ,1개
111,조차박,역시 조차박!!! Ai라도 원희형 앞에선 1대1은 안되지,1개
112,구용회,키퍼 눈빛 보소 ㅋㅋㅋ,1개
113,김두리,조짠희 선수도 한땐 epl 선수였다..,1개
114,정창훈,구석 열려있는데 영표님 한번을 그쪽으로 안차던데..,1개
115,jin,재가 퀀텀을 쓰는데 정말 좋습니다,2개
116,HojinLee,16초 전이라니 영광입니다ㅏㅏㅏㅏ,13개
117,뽀꿍애눙꼬뚱미농똥꼬아빠,조원희 예능진출해야겠다 입담 허당끼 장난아니네..ㅎ,1개
118,지하나,"솔직히 조원희한태 너무 유리했음
조원희는 처음부터 잔디에서 축구화 신고 했는데 
이영표는 바람없는 공에 잔디도 아니고 풋살화 신어서 진 거임",5개
119,SOOMINLEE,역시 위건 레전드 ㄷㄷㄷ,1개
120,이동건,이집 편집 재밌네 ㅋㅋㅋㅋ,1개
121,김일승,5:15 차는 순간 먼저 가있네 ㅋㅋㅋㅋㅋ,0개
122,서비s,"0:55 무슨말씀이세요 

이거 유튜버 조재원 목소리랑 개똑같은데요?ㅋㅋㅋㅋㅋ",0개
123,박새씨,여윽시 무엇이든지 해주는 이거해조원희 ㄷㄷ...,1개
124,안도현,원희형 이제 로봇 키퍼 상대로 3골 넣기(세계 신기록) 챌린지 하는거야?,1개
125,최최영수,피파4 볼타에서 듣던 목소리가 여기있네,1개
126,odfaff,"손흥민이나 박지성,설기설선수도 해주면 조회수 잘...  나오지 않을까?",1개
127,블루스카이,오우 조원희~~이거해죠 조원희 구독좀 해주세요~~,1개
128,김상,아 키퍼 자막 누가넣엇냐 존나웃기네ㅋㅋㅋㅋㄱㄱㄱㅋㄱㄱㄱ  영표형 키퍼영상도웃김,0개
129,누가궁예소리를내었어킼,"분신술 실화얔ㅋㅋㅋㅋㅋㅋㅋㅋㅋ
조투소 역시 👍
디스전 임??????????",1개
130,크네,5:12 역시 답은 야신존,1개
131,jeje,조원희 이제 집에 가야돼!,1개
132,qwerty키보드,"원희형 정확도가 얼마나 좋은데
내 평생 감아서 헤딩을 넣는 사람은 원희형이 최초임",1개
133,윤태경,5:26 '그분'이 접신했었나...???,34개
134,COOCCOOP,헤더골 대명사 그의 이름 조 원 희,1개
135,2518양승원,와 슈팅 개쎄다...ㄷㄷ,1개
136,지윤승,4:57 잼철이형ㅋㅋㅋㅋㅋ,13개
137,김수완무거북이와두루미,조원희선수 너무 잼있으시네요ㅎㅎ,1개
138,작문복,"이번영상 팩트
8:25",1개
139,권민철,저걸 넣네 ㅋㅋㅋ 대단,1개
140,이건,"와~~~~~ 란 단어밖에 안떠오르네요 와~~~ 
영표형님꺼보고 오신분들은 아실껍니다!",1개
141,JakeCho,ㅋㅋㅋㅋㅋ진짜 재밌는 분이었네,0개
142,김윤겸,이걸 해버리네 ㄷㄷ,2개
143,김민해,4:52 볼타모드에서 듣던 목소리,0개
144,축구홍빈,메시와 동급?! 아 감차(헤딩)을 더 잘하지..크흠...ㅋㅋㅋ,0개
145,최성필,이거해조원희형 이승우 이영표 나오는거 잘봤어요~,20개
146,이주성,"유상철선수가 속도로 뚫을 수 있는지 궁금하다. 
근데 빨리 나으셔야 하는데 ㅠㅠ",1개
147,SR,5:12 테크모월드컵 ㅋㅋㅋㅋㅋㅋㅋ 파워슛 ㅋㅋㅋㅋㅋ,0개
148,조쿵쿵,조원희 선수 영웅임!!!!,1개
149,ty,그 누구지 쟤한테 바운드로 튀어서 가는거로 뚫던데,1개
150,정휘영,조원희 선수 장점중 하나죠  중거리 무지막지하게 쎄고 빠르게 나가는거,1개
151,IwantPetitegirls,마스크 좀 처쓰고 해라,1개
152,정민수,대표팀 슛연습 이거로하면 되겠는데?ㅋㅋㅋ킵안쓰고ㅋㅋ프리킥도,0개
153,tv호진싸커,5:19 씨잼철 형 ㅋㅋㅋㅋ,8개
154,이건희,남겨놨다는말 왜 하셨어요...  솔직히 영상으로도 보였는데ㅜㅜ 레전드 영표형님....,1개
155,JnBH,저건 세게찰 필요도 없이 그냥 양쪽 상단구석으로만 차면 들어갈듯 하네요 ㅎㅎ,1개
156,신짱구,역시...세계최초 챌린지형 공격수답다...,1개
157,Amy,원희님 현역으로 뛰어도 될 듯한대?ㅋㅋ,27개
158,안성현,원희형님 뭉찬 가즈아!!!!,1개
159,김qwer,박지성 형도 한번 해줬으면....  런닝맨보니까 노리고 차니까 슈팅 정확도  엄청좋던데,1개
