﻿,youtube_id,comment,like_num
0,루시엘,ㅋㅋㅋㅋ 저 짤은 몇번을 봐도 개웃기네 ㅋㅋㅋㅋㅋㅋㅋ,839개
1,실비발바닥,이번편 은근히 재밌넼ㅋㅋㅋㅋ 옆에서 동생이 말해준 새우꼬리썰도 개웃김ㅋㅋㅋㅋ,554개
2,,“King is back”,853개
3,오더,9:51 세레모니 막으러 오는거 ㅈㄴ 웃기네,97개
4,jylee,5:53 아니 최광원 감독님 입 움직이는거 개웃기네 진짜ㅋㅋㅋㅋㅋㅋㅋㅋㅋㅋ 어떻게 이런걸 만들지ㅋㅋㅋㅋㅋㅋㅋㅋㅋㅋㅋㅋㅋㅋㅋㅋㅋㅋ,131개
5,강건주,7:07 '이승우와 사진을 찍고 있는 아르헨티나의 한팬',484개
6,아싸풋볼AssaFootball,"10:06 태극기는 저희가 던져 줬습니다!!ㅋㅋㅋㅋㅋㅋㅋㅋ
https://youtu.be/0kE6x3IW4Qc
그 아시안게임 결승전 이후 우리 아싸풋볼이 탄생 했습니당 ㅋㅋㅋ",168개
7,,"9:38 왜 하필 항상 세레머니 막는건 손흥민 선수ㅋㅋㅋㅋㅋㅋㅋㅋㅋㅋㅋㅋ
그 와중에 9:47에 그래도 결승전 골인거까지 손흥민 선수가 뒤에 따라오고 있엌ㅋㅋㅋㅋㅋㅋㅋㅋㅋ",14개
8,오이나와,뒤에 손흥민 싱글벙글하면서 뛰어오는거 개웃기넼ㅋㅋㅋㅌㅋㅋㅋ,39개
9,6tab,5:15  월드컵때 곶 맞았다고 언니라고 하네ㅋㅋㅋㅋㅋㅋㅋㅋㅋ,75개
10,조주원,2:19 진짜 VJ들 힘들겠다..,55개
11,HarryCha,펨코에서 검색은 안하는게 정신건강에 좋으실텐데,4개
12,aventador7,4:52 바밤바 탈룰라.avi,189개
13,아이보름,이승우 진짜 존잘이네... 뭘하던 최애선수 그냥 응원함!,6개
14,신짱구,5:17 케이스를 아이폰7을 껴 ⫬,202개
15,킹버풀,근데 바밤바 케이스 잘보면 아이폰x케이스가 아님 ㅋㅋㅋㅋㅋ,264개
16,DakU,"이승우 선수 성격 좋네 ㅋㅋㅋㅋㅋㅋㅋ
할말은 하고 평소엔 유쾌하고 ㅋㅋㅋㅋ",83개
17,김주찬,9:37 자막 저렇게나오고 흥민형 계속 나오니까 ㅈㄴ웃기네 ㅋㅋㅋ,346개
18,허율,2:19 어이구 카메라분들도 엄청 고생하시네...,112개
19,아임서리imSeoRi,2:10 이건 분명 편집 시간 남아서 한거다,102개
20,이연우,저 짤은 진짜 한국 축구사 최고의 만능짤ㅋㅋㅋㅋㅋㅋ,55개
21,xzr,11:19 이짤 손가락 난 어떻게 한건지 모르겠엌ㅋㅋㅋㅋ,18개
22,조형우,9:50 손흥민 달려오는거 개무섭네ㅋㅋ,69개
23,andreassan,7:55 포상이래 ㅋㅋㅋ 참낰 ㅋㅋㅋㅋㅋㅋㅋㅋㅋ,25개
24,원정연,9:38 잡는거 다 손흥민이네 ㅋㅋㅋㅋㅋㅋ,74개
25,미스터송,2:18 조깅에서 제일 힘든사람 : 카메라맨,62개
26,opkissrose,엄마랑 가서 모자 샀데ㅋㅋ  이승우 선수 정말 간절히 응원 하고 있습니다. 항상 자신감 넘치는 플레이 보여주세요.,3개
27,holahola,"이승우는 진짜  유튜브 블루칩이네ㅋㅋㅋㅋ
나오는 거마다 조회수 개잘나오네ㅋㅋㅋㅋㅋ",14개
28,나는관대하다,"이승우선수 진짜 잘생겼네요..
한국인 자부심갖고 멋지게 뛰어주세요!",3개
29,heresienstagenT,9:39 그 중심에는 손흥민이 있었다,81개
30,JanBasten,아 이승우 말하는거 하나하나 겁나 매력잇어ㅋㅋㅋ 진짜 그냥 동네 친구 동네 동생느낌나고 막 챙겨주고싶다ㅎㅎ 항상 화이팅하세여 응원합니다^^,13개
31,버억,"9:35 손흥민이 세리머니 다 막아ㅋㅋㅋㅋㅋㅋㅋㅋㅋㅋㅋㅋ
9:50 또 못할뻔ㅋㅋㅋㅋㅋㅋㅋ",6개
32,잘생긴꺄로띠,9:49 세레머니 뺐으러오는거 개웃기넼ㅋㅋㅋㅋㅋㅋㅋㅋㅋㅋㅋㅋㅋㅋㅋㅋ,105개
33,1RM,세레머니 방해사진마다 흥민이 뒤에있네ㅋㅋㅋㅋ,107개
34,모바일게임,6:24 귀엽다ㅋ,10개
35,빵풀,승우 진짜 존나 잘생겼구나 ㄷㄷ,5개
36,도형,9:48 개무섭네ㅋㅋㅋㅋ,73개
37,MSGang,승우 많이 차분해졌네 !!  이승우 화이팅 !!!,160개
38,김빙빙,9:49 동생 놀릴 생각에 신난 형 ㅋㅋㅋㅋㅋㅋㅋㅋㅋ,8개
39,kimeric,이걸 보여준다고? ㅋㅋㅋㅋㅋㅋㅋㅋㅋㅋㅋ,8개
40,슛돌이축구하는,형들 아직까지는 마스크껴 이불밖은 위험해😭,46개
41,Factrojojigi,이승우 선수 선덜랜드에서의 활약 기대하고 있습니다,37개
42,wherearetheavocados,9:47 세레모니 뺏으러 뛰어오는 짤 개웃기네ㅋㅋㅋㅋㅋㅋㅋㅋㅋㅋ,2개
43,이미노,ㅋㅋㅋ저 애기는 굳이 왜 있는거야 ㅋㅋㅋㅋㅋㅋㅋㅋㅋㅋㅋ,18개
44,00,이승우 잘생기긴 ㄹㅇ 잘생기긴 한듯,3개
45,안빅토르,세레머니 살인마 우리흥 개웃기네 ㅋㅋㅋㅋㅋㅋㅋㅋㅋㅋㅋㅋㅋㅋㅋㅋㅋㅋㅋㅋㅋㅋ 진짜 개 터졌네,130개
46,임국장YouTubelog,편집력뭔데진짜 ㅜㅜㅜㅜㅜ,8개
47,강릉촌놈,이승우 잘 됐으면 좋겠다,311개
48,포남이,5:22 승우 여유가 많이 생겻네 ㅋㅋ 응원합니다 다치지만 맙시다,1개
49,보소보소날좀보소,이승우 나이 먹고 더 귀여워졌네ㅋㅋㅋㅋㅋㅋㅋ,24개
50,물통은영어로Bottle,걍 이승우 사람자체가 ㅈㄴ멋있네,15개
51,희희희,9:38부터 흥민이형 표정 시ㅣ밬ㅋㅋㅋㅋㅋㅋㅋㅋ,8개
52,정채민,"이승우 저 짤땜에 많이 화




나겠다",2개
53,전보라borahjeon,이승우 선수가 유튜브 하면 엄청 재밌을텐데~,3개
54,박번개포에버,이승우 선수 응원합니다,125개
55,김성락,4:16 밤형 얼굴보고 괜히 폰만 문질문질했네 ;;;,4개
56,김우영,8:52 밤바형 케이스가 다른거같은데.. 혹시 케이스 살돈없어서 그거 쓰는거 아니지??,1개
57,IanJung,이승우 선수 화이팅!! 우리 가족이 너무 좋아해요 ~,2개
58,소닉,"근데 축구보면서 느끼는게 축구선수 목소리를 모르겠다...



조현우 제외",1개
59,김태건,"얔ㅋㅋㅋㅋ 제 2의 손담비다 6분40초 핸드폰케이스 안맞앜ㅋㅋㅋㅋㅋㅋ
""대충 살자""ㅋㅋㅋㅋㅋㅋ",1개
60,최하영,5:35 케이스밖에 안보임 ㅋㅋㅋㅋㅋㅋㅋㅋㅋㅋㅋㅋㅋㅋㅋㅋㅋㅠ,1개
61,긋긋긋,5:08 폰케이스 불--편,1개
62,KimJs,이거 뭐지ㅋㅋㅋ10초 앞으로 안눌르고 본건 간만인듯ㅋㅋㅋ다음편 언제나와ㅠ,1개
63,전보라borahjeon,6:24 너무 귀여운거 아니에요 ㅋㅋㅋㅋㅋ,17개
64,지누,동네형이 이승우 ㄷㄷ 개부럽다,65개
65,장은혁,2:50 아 깜짝아,14개
66,ArtisticMJ,한대 맞을듯ㅋㅋㅋㅋㅋㅋㅋ,2개
67,서동진,9:37 뒤에 흥민이형 왤캐 무섭냐 ㅋㅋㅋㅋㅋ,1개
68,호호호,승우야 너 욕하고 무시한 사람들 코를 눌러주자!!! 화이팅,10개
69,슈뢰딩거,ㅋㅋㅋㅋㅋㅋㅋㅋㅋㅋㅋㅋㅋㅋㅋㅋㅋㅋㅋㅋㅋ진짜 승우 미워할 수가 없음,2개
70,스무디,4:21 바밤바형 내가 케이스를 사줘...?? 왜 이상하게 낀거야ㅠㅠㅠㅠㅠ,1개
71,구찌찬,우리집 앞에서 이승우가 조깅을 한다고?.. 충격이다 아침에는 공원을 안가서....,5개
72,우동정,"오랜만에 모습 보고 좋아오
이승우 선수 화이팅입니다.",1개
73,윤건,"9:37 세레머니가 항상 막혀왔데 ㅋㅋ

9:51 뒤에 세리머니 막으러 오는 손흥민 너무 웃기다",25개
74,조민수,바밤바 아이폰x에 아이폰8케이슼ㅋㅋㅋㅋㅋ,1개
75,NAMJULEE,이번편 잔잔하게 터지네 ㅋㅋㅋㅋㅋㅋㅋㅋㅋㅋ,1개
76,김호준,밤바형 케이스 개불편하넼ㅋㅋㅋㅋㅋ,1개
77,GyeoLLEE,아니 셋 다 개웃기네 ㅋㅋㅋㅋㅋㅋㅋㅋㅋ,2개
78,최광한화,근데 이승우 선수 잘생겼구나 그래서 안티가 많은거였나 보네,1개
79,카이리어빙,3:52 아자르는 얼마나 내는겨,89개
80,다꼬라박아범퍼카,9:49 해맑게 세레머니 못하게 잡으로 가는 흥민이 나만 웃김 큐큐큐,1개
81,지극히평범한,아니 세리머니 막는거 다̆̈ 손흥민이여 ㅋㅋㅋㅋㅋㅋ,1개
82,김민석,"""죽어도 선덜랜드""",37개
83,박주연,바밤바 핸드폰 케이스 이상한뎈ㅋㅋㅋ나만 그러갘ㅋㅋ,1개
84,정민욱,바밤바님 폰케이스 이상한거 왜 아무도 언급 안해 ㅋㅋㅋㅋ 무슨 손담비도 아니구 ㅠㅠㅠ,4개
85,강태욱,세레머니 계속 막히는거 다시 봐도 웃기넼ㅋㅋㅋ,1개
86,이효준,썸낼 업계포상,2개
87,상큼이,"9:38 세레머니 뺏고
9:41 또 세레머니 뺏고
9:48 결승골 마저 뺏어버리려고 달려오는거 개웃기네 ㅋㅋㅋㅋㅋㅋㅋㅋㅋ",1개
88,진라면,우리동네임 ㅋㅋ바로 옆에 우리집 ㅋㅋ,2개
89,지환이콧구멍,“직캠이즈🔥백”,10개
90,Benefit,갓 고딩 졸업한 동네 동생 같음 ㅋㅋㅋ,1개
91,호날두유노우메시,세레머니 하는데 손흥민이 다 막아 ㅋㅋㅋ,27개
92,돋을볕,이거해조원히형 나오겠네 ㅋㅋㅋ,1개
93,전보라borahjeon,아ㅋㅋㅋㅋㅋ 와 역시 슛포러브,2개
94,린lynn,나는 이금민 선수 옆집 동생 할래,1개
95,김성훈,ㅋㅋㅋㅋㅋ 이승우 선수 항상 파이팅! 응원합니다,1개
96,TheWeeknd,9:50 뒤에 쏘니 따라오고있는거 개무섭네 ㄷㄷ,1개
97,유동준,'그' 불백이 없네 ㅋㅋ,1개
98,JOINW30K45RS,에펨에 떳다 ㅋㅋㅋ,2개
99,희재띠psypomp,9:38  여기서부터 뿜음 ㅋㅋㅋㅋ,6개
100,이윤선,직햄 이라....얼마 만이냐ㅠㅠ,1개
101,윤여경,나는 그냥 존나 응원함 욕 절대 안함.,1개
102,DubeyJackson,원록이 졸귀네 ㅋㅋ,1개
103,나는야퉁퉁이,승우햄 응원합니다! 아 글고 넘 잘생기셨어요~~!!,1개
104,stephanfrank,7:19 승우선수 그 사이트에서 본인 이름 검색하시면 노후가 따땃하실듯,0개
105,저주공구게임채널,9:43 흥민이형한테 목이 잡힌 승우형.....,0개
106,D,9:45 흥민이형 ㅈㄴ 사악해보인다 ㅋㅋㅋㅋㅋㅋㅋㅋㅋ 승우형 표정도 개웃기네 ㅋㅋㅋㅋ,0개
107,Dewking,아니 근데 밤바형 왜 폰 케이스 왜저래...?,1개
108,유환,"아니 바밤바 케이스ㅋㅋㅋ
사주고 싶네ㅋㅋㅋ",1개
109,오킹의물마시기,"4:22 저거 아이폰 8+,7+ 케이스아닌가....?ㅋㅋㅋㅋㅋㅋㅋ",1개
110,권영민,6:48 왜 폰케이스 맞는거 안쓰셨어욬ㅋㅋㅋㅋㅋㅋㅋㅋㅋㅋ,0개
111,SHINYUKANG,이승우 선수 집이랑 같은 아파트인데 왜 못볼까요... 저 호수공원도 학원 갈 때 항상 옆으로 지나치는데....,1개
112,이건희,4:34 케이스 왜 저러냨ㅋㅋㅋㅋ,1개
113,조현준,우와 저 저 공원 일주일에 한번씩 가는 공원인데 동탄호수공원,1개
114,조승빈,사람들이 못알아볼만 하다ㅋㅋㅋㅋ중학생같아 귀여워ㅠ,3개
115,군밤,와 슛포러브 퀄리티 ㄷㄷ,1개
116,Sungjong,이번엔 이승우 인가..😂,1개
117,나애유,"아니ㅋㅋㅌㅋㅋ 9:38부터 웃음 빌드업하다가 9:50에서 개터졌네 
선수들 건강하게 필드에서 뛰는모습 기다릴게요;)",0개
118,김시완,9:48 ㅋㅋㅋㅋㅋ 손흥민이 뭔가 승우야 이리와 이번에도 형이랑 세레머니 해야지~~ 이런느낌임ㅋㅋㅋㅋㅋㅋㅋㅋ,0개
119,김정태,싸커러리 지금 보고 있나,1개
120,곰세마리,9:49 이거 손흥민이 세레머니 막으려고 달려오는거 같아서 웃김 ㅋㅋㅋㅋㅋㅋㅋㅋㅋㅋㅋㅋㅋㅋㅋㅋㅋㅋㅋㅋㅋㅋㅋ,6개
121,뷁뷁,(매우)축구 잘하는 동네형,1개
122,블랙용,4:47 승우야 널 언제나 응원하는 사람이지만 이건..................................하...........괜찮지않냐고 물어보는게 더 충격이다 ㅎㅎㅎㅎㅎㅎㅎ,0개
123,몰라,5:55 감독님 입ㅋㅋ편집으로 살렸네ㅋㅋㅋㅋ,0개
124,AlanWalker,4:53 탈룰라,2개
125,김성겸,9:49 손흥민 뒤에서 무섭게 달려오느거 보소ㄷㄷ,0개
126,MOUTHVER,수능 짤이 진짜 개웃기다 ㅋㅋㅋㅋㅋ,0개
127,역th를가장역th답게,"바밤바님 너무 귀여우심ㅋㅋㅋㅋㅋㅋㅋㅋ
아니근데 바밤바님 핸드폰케이스 기종이랑 안  맞지 않아요...??",0개
128,아기잉직,당신은 왜 아이폰 xs 맥스에 아이폰 8플러스 케이스를 끼나요?,1개
129,AlanWalker,10:11 화면 왼쪽 검정반점 계속 지우고 있었네;;;;,1개
130,켄토tv,이승우 진짜 착한거같다,1개
131,커피프롬나드,"겁내 유쾌하네...
ㅋㅋㅋㅋ
밝아서 좋다",0개
132,킴비스윌,승우야 힘내자!! 오랜만에 이승우선수 영상보는데 좋네요 심성이 착한듯,1개
133,olive37,"ㅋㅋㅋㅋ 재밌네요! 다음컷 빨리올려주세요!!! 🙏
승우선수 차분하게 변한것같고, 소탈하게 웃는 소리가 정겹네요! 지단도 만났었구나..승우선수꺼 사실 잘안봤는데 요영상보니 응원해주고 싶은 마음이 올라오네요!! 경기도 많이 뛰게되고 잘되서 옛날 조명찾고 더활짝활짝 하이텐션 올리도록 응원합니다!!⚽️ 화이팅!!",1개
134,사이버건달,동생 해축갤 ㄷㄷㄷㄷㄷㄷㄷ 후전드부터 별의별 글들 다봤겠네,0개
135,장대희,9:49 아 뒤에 졸라웃기네 ㅋㅋㅋㅋㅋㅋㅋㅋㅋㅋㅋㅋ세레머니 막으러오네 우리흥,0개
136,태정태세문단속,혹시 몇시에 호수공원 가시나요~~ㅎㅎ,1개
137,LLb동네음치라봄,아이 쓉ㅋㅋㅋ 바담비래 ㅋㅋㄱㅋㅋㅋㅋㄱㅋㅋ,0개
138,나루마,이번꺼 완전 웃기네 ㅋㅋ 6:22에서 자생 한방 그거 잘못 말해서 잘생겼어요!?? ㅋㅋ 이승우 선수 짱 잘생기셨지!!! 새우꼬리 ㅋㅋ,0개
139,화이팅,"ㅋㅋㅋㅋㅋ썸네일 보고 들어왔는데
알고보니 유튜브각 ㅋㅋㅋㅋㅋㅋㅋ",0개
140,타키쿤,아니 근데 나만 에어드롭 저거 누르나?ㅋㅋ,1개
141,너무싫어오이,9:49ㅋㅋㅋㅋ이러니깐 손흥민이 너무 나빠보이는데 ㅋㅋㅋ,3개
142,속초빌런의1분리뷰,이거 손흥민스페셜인가여ㅋㅋㅋㅋ,0개
143,쨔스,뒤에서 흥민이형 뛰어오는 거 좀 섬뜩하네ㅋㅋㅋㅋ,0개
144,김지섭,"9:49 
흥민이형:하하ㅏ핳하ㅏ하하핳
승우:도망쳐!",0개
145,흥우리,9:38 자막 브금은 개진지한데 내용이 개웃기네 ㅋㅋㅋ,0개
146,김상현,이와중에 이승우선수 런닝화가 궁금하네요 ㅎㅎ,1개
147,JongyeolLee,"ㅋㅋㅋㅋㅋㅋㅋㅋㅋㅋ펨코 알정도면
동수칸 죽어도 선더랜드도 알고있겠는데?ㅋㅋㅋ
합방꿀잼각ㅋㅋㅋㅋㅋㅋ",0개
148,SeungwooLee,2:11 양쪽에 깨알같은 갈까말까 승우ㅋㅋㅋ,0개
149,후쿠룩스,아니ㅋㅋㅋㅋㅋㅋㅋㄱㄱㅋ 바밤바님 왜 폰케이스가 핸드폰이랑 왜 안맞아요ㅋㅋㅋㅋㅋㅋㅋㄲㄱㅋㅋㄲ,0개
150,김소방,용언니 실화냐ㅋㅋㅋㅋㅋㅋㅋㅋㅋ,1개
151,윤상철,승우야 힘 내 ! 응원할게 !,1개
152,hoC,9:49 뒤에서 플레쳐의 향기가...,0개
153,이우석,"편집 진짜 잘하신다..ㄷㄷ
편집 컨셉이 미침..",0개
154,BABYDOG,9:51 흥민이형 준내 무섭네 ㄷㄷ,0개
155,2221송도영,승우야..... 나 무서워....,1개
156,김지환,ㅋㅋㅋㅋㅋㅋㅋㅋㅋㅋㅋ스토리 개웃기네ㅋㅋ,0개
157,도라에몽,9:48 ㅋㅋ ㅋㅋㅋ 섬뜩하냐 ㅋㅋㅋ,0개
158,라인mygame121,이승우는 얼빠있어도 ㅇㅈ이다 ㅈㄴ게 대가리작고 뒤지게잘생겼네,2개
159,BlackSRP,아닠ㅋㅋ 바밤바 폰 케이스가 왜 달랔ㅋㅋㅋㅋ,0개
