﻿,youtube_id,comment,like_num
0,조효진HYOJIN,"💜insta : https://www.instagram.com/hyojinc_/ 
     (조효진의 더 많고 빠른 소식듣기!)

💜조효진 쇼핑몰 : http://hyolic.com/

💜business&문의 : chohyojin@1994company.com
     ‼️전속회사 없습니다. 여기로 문의주세요‼️



조효진X범호 회원가입 시 뷰티코드를 입력하면
커리쉴 제품을 평생 20% 할인 받을수 있다고 합니다❤️❤️

+
커리쉴이 5월 가정의 달을 맞이 하여
자사몰 단독 프로모션도 진행한다고 합니다.

영상 속 제품이 궁금하시다면 아래 링크를 클릭!

[커리쉴 헤어앰플팩 바로가기]
http://m.curlyshyll.com/goods/goods_view.php?goodsNo=1000000053

[커리쉴x조효진 이벤트 페이지 바로가기]
http://m.curlyshyll.com/board/view.php?period=current&bdId=event02&sno=8

커리쉴 실키오일 세럼
#1분에1개씩 #베스트세럼 #실키한머릿결
27,000원
http://curlyshyll.com/goods/goods_view.php?goodsNo=1000000008


-----------------------------------------------

커리쉴 공식몰에서 20% 무조건 할인받는 코드 
C11010346
6월 30일까지만 오픈된대요!",38개
1,Vlog,"복실이가
옷입는걸 싫어하나봐요...",245개
2,오돌쇠TV웃고싶으면제채널오삼,무심코 지나가다 이 댓글을 보셨으면 모든사람들이 행복이 전해지기를 바랍니다 오늘 하루도 수고하셨습니다,135개
3,MoonPie,복실이는 어째서 복실이인거죠?ㅋㅋㅋㅋ그레이하운드 복실잌ㅋㅋㅋ,80개
4,쮸리,"이런 우리 언니의 현실적인 브이로그 너무좋아,,",82개
5,PinkAmy핑크에이미,0:10 나도 깜짝놀랐어 언니,96개
6,민서minseo,"이쯤되면 믿고보눈 조있그브............방학내내 1일 1조있그브보면서 지내고있다리,,😶",77개
7,부영BuYoung,6:01 ㅋㅋㅋㅋㅋㅋㅋㅋ아 ㅋㅋㅋㅋ 효과 너무웃곀ㅋㅋㅋㅋㅋㅋㅋㅋ,20개
8,정,Ssg에서 쇼핑하실때 카메라가 너무 흔들려서 다음촬영땐 들흔들렸으면 좋겠숩니당 🙏🏻,29개
9,anch,"언니 제발 조있그브 많이 올려줘요ㅠㅠㅠㅠㅠ
삶의 낙이에요!!!!",49개
10,김윤정,언니 .. 저거 롯데 초코파이 딸기맛 진짜 맛 없고 ㅜㅜ 오리온 초코파이 딸기맛이 우주 존맛탱인데 ㅜㅜ 오리온 드셨다가 롯데 드시는 거 보고 가슴이 철컹했어요 !!!!!!! !! !!!!! ㅜㅜ 오리온 초코파이 딸기맛 제발 꼭ㄱ꼭 드셔주세요오 ..🥰🥰,15개
11,오하늘,알록달록 좋아하시는데 옷은 그림자룩인 그녀..,11개
12,AnnaB,ㅋㅋㅋㅋㅋ아아ㅏ아ㅏㅏ 진짜 존잼ㅋㅋㅋㅋㅋㅋㅋㅋㅋㅋㅋㅋ이형제 조자매 언니 유머ㅋㅋㅋㅋㅋㅋㅋㅋ제 스타일ㅋㅋㅋㅋㅋㅋㅋㅋㅋㅋㅋㅋㅋㅋㅋㅋㅋㅋㅋㅋㅋ,25개
13,수딴SUDDAN,20:07 언니 무슨 몇 개는 만들 수 있는 향료 양을 한 번에 때려.. 부으시네요.. 역시..💕,2개
14,,캔들 한번쯤 만들어 보고싶었는데 굉장히 골져스하고...투자해야하는 작업이었군요...ㅋㅋㅋㅋㅋㅋ잘 보고갑니당,32개
15,YouRin,2:51 언니가 우리 복실이 하는데 시리 켜졌어욬ㅋㅋㅋㄴㅋㅋㅋㅋㅋㅋㅋㅋㅋㅋㅋㅋㅋㅋㅋㅋ,30개
16,sozero,6:06 김혜수다!ㅋㅋㅋㅋㅋ!,12개
17,킴쪼이,2:37 복실아 잠이 계속와? ㅋㅋㅋ귀엽☺️서울사람들은 졸려?? 한데요 ㅋㅋㅋ,16개
18,쮸리,조있브그만 기다렸는데 올리셨으니 열심히 보고갑니다당,29개
19,무갸,4:00 나도 언니처럼 당당하게 말할수있는 사람이 되고싶어욬ㅋㅋㅋㅋㅋㅋㅋ,19개
20,BN,요즘 효진씌 보는 낙으로 지내요~ 효진씌 알게 된지는 얼마 안됐지만 영상들 하나씩 보면서 알아가고 있답니다~ 코로나땜에 일도 없어지고 집에 있는 시간이 많아서 한동안 힘들었는데 나으 최애 채널♡ 효진씌도 늘 행복하고 건강하면 좋겠어요~ 효진효진화이팅♡,3개
21,유다현,"15:39 이부분 왜이리 귀엽죠 ,,,❤",6개
22,Filmfromsilv,우와 정실장님 금손이세요 ㅠㅠ 정성을 들여서 음식도 만들고 집도 꾸미시고 캔들도 만들고 심지어 립밤까지 저렇게 고급질수가... 0-0,16개
23,GaheeLee,효진님 븨로그만큼 잼난거 엄슴,8개
24,안녕,조효진님도 좋고 편집자님 편집 스타일도 존잼쓰,3개
25,하이안녕,2:54 복실이 약간 옷이..기린같아요..ㅋㅋㅋㅋㅋㅋㅋㅋㅋㅋㅋ 새끼 기린 아니예요..?ㅋㅋㅋㅋㅋㅋㅋ,17개
26,J,언니ㅠㅠ 강아지한테 튤립 안 좋아요ㅠㅠ 혹시 몰라서 댓 남겨봅니다ㅠㅠ,31개
27,영삶younglife,12:12 아브라카다브라 포즈 같아요 ㅠㅋㅋㅋ,5개
28,송민주,"효진씌,,,깡 2탄은,,, 언제,, 볼수있죠....?",3개
29,이보게정신이드는가,아닠ㅋㅋㅋㅋㅋ돈낭비 너무 웃겨욬ㅋㅋㅋㅋ,3개
30,Meltingpoint,러그랑 꽃병 그림 포스터들 어디껀가요ㅠㅠㅠㅠㅠㅠㅠㅠ전부 너무 예뻐요ㅠㅠㅠㅠㅠ,8개
31,SooYummy수야미,와 .. 집진짜이뻐요 ㅠㅠ 모든곳이 포토존 아니냐며 ㅠㅠ 효진님과 유경언니 신난거 복실이만큼 귀욥 💕💕💕,11개
32,영님,앜ㅋㅋㅋㅋㅋㅋㅋ정실장님네 간거 너무욱겨요ㅋㅋㅋㅋㅋ효진님 청담동 갔을때 매신 가방 어디꺼예요?? 넘나 예뻐요ㅠㅠ,4개
33,Minaticdays미나틱데이즈,‘11:22’ 에 입은 탑 정보 좀 알려주세요 느므 내 스타일이자나요 😍😍,9개
34,세상의모든취미세모취,"06:33 오 진짜 외국 마켓같아용!!!
영국은... 안가봤지만.... 영국감성 같네용 :)",16개
35,박정은,"언니 영상 너무 잘 봤어요!! ㅠㅠ 조있그브 최고,,,
브이로그 특성상 어쩔 수 없는거 같기도 한데 화면이 너무 흔들릴 땐 같이 멀미가 나기도 해요ㅠㅠ....!
저만 그런진 모루겟지만,,,",13개
36,연어,저 커리쉴쓰는데 에센스 향기 진짜 뒤집어지는것 넘나조아요,2개
37,heeRit희릿,썸넬보고 효진님인거 못알아봄 ㅋㅋㅋㅋㅋㅋㅋ,1개
38,SeoAh서아,이쯤되면 진짜 효진님 지인되고 싶어라 ㅜㅜㅜㅜ 진짜 저랑 아는동생 해주세염 ㅠㅜㅜ 소중하게 모실게염😍😍😍,0개
39,돌봄,헉 서울 오셨었다니...언제 다시 오시나요?  혹시 마주치면 하이파이브 오지게 날린 다음 길거리에서 깡 춤 춰드릴수 있음,2개
40,라이트,23분 순삭ㅠㅠ 너무 재밌어요ㅠㅠㅠㅠㅠㅠㅠ❤️,3개
41,일이영귀여워,18:44 언니 개그 취저 ㅋㅋㅋㅋㅋㅋㅋㅋㅋ,0개
42,프린스송,유경님 멀리보지말래ㅋㅋㅋㅋㅋㅋㅋ 어필하는거 너무 웃겨요,0개
43,JayPak,"Your dog is so cute! <3 
What breed is it?",0개
44,김은정,언냐 수중촬영도 한번 해주세요!!!언니의 예쁜미모 남겨놔야 된다면서,2개
45,,언니 애기동자같애요ㅠㅠ❤️,2개
46,이지희,12:37에 나오는 운동화는 뭔가요ㅠㅠ이뻐서요😍😍,4개
47,퍼지는젤리,"ㅠㅠㅠ 효진니이이임  왜이렇게 너무 잘 꾸며두신거에요.. 나도 저런데에서 살고싶드아아,,, 그런데 강아지한테 튤립이 안좋을 수 있는데 혹시 모르실까봐서 말씀드려요..!  튤립을 포함한 백합과 식물이 좋지 않은걸로 알고있어용 ㅠㅜ",0개
48,ssubin,ㅋㅋㅋㅋ와 실장님(?)집뭐양...ㄷㄷ고급지당ㅋㅋ 효진언니 브이로그맛집이라면서~맛이난다~!,15개
49,SuyeonKim,다 좋은데 카메라 무빙 이번 편 조금 어지러워유ㅠㅠ,0개
50,오늘하루LAVlog,"오모 종이로 된 꽃병 너무 쎈스 👍🏻
아는 강남언니 추천 ㅎㅎㅎ 우오 실장님 그릇 투어 함 해야겠는데요?!!
국 그릇 너무 예뻐용",6개
51,CynthiaOh,메이크업 영상보다 일상 영상만 맨날 봐여ㅠㅠ 우울할 때 보면 넘 행복해져여ㅠㅠ 효진씨 사랑해여... 하뚜,0개
52,쭝이쭝,11:29 이때 입고있는 상의 정보 아시는분 ㅠㅠ,8개
53,이수진,진짜ㅠㅜㅋㅋㅋㅋ브이로그 너무 좋아요 언니ㅠㅜ누 머리 흔드는거 너무 웃김...빵 먹다가 웃겨서 멈춤🤣🤣,0개
54,멋쟁이토마토,07:08 고급적 거리두기 ㅋㅋㅋㅋㅋㅋㅋㅋㅋㅋㅋㅋㅋㅋ,7개
55,김해피,선댓글 후감상갑니다 일단 감상전에 언니를 고화질로 보기위해서 핵 더러운 폰을 안경닦이로 깨끗이 닦고 깨끗한 화면으로 영접합니다,4개
56,지원,효진님 브이로그 넘 재밌어용ㅋㅋㅋ 항상 좋은 영상 감사해요,0개
57,경경GYUNG,언니 알록달록 키높이 신발 정보좀요ㅠㅠㅠ,0개
58,비누꽃,희귀종 ㅋㅋㅋ,0개
59,킴쪼이,진짜 운동하면 꿀잠자요 ㅋㅋ,0개
60,누나뽀삐,집 존나 좋다....ㅜㅜ,0개
61,love,호피....?기린아닌가영?ㅜㅜ,0개
62,김장미,우앙! 언니 저도 실키오일세럼쓰는데 저거 진짜 좋죠!!,0개
63,정태언,사랑해여..😆❤️,0개
64,한수영,아니 편집 완전 재밌어요ㅋㅋㅋㅋㅋㅋㅋㅋㅋㅋㅋㅋㅋ,0개
65,VANTABLACK,저 책 이름이 무엇일까요ㅋㅋㅋㅋ 넘 해보고싶어요ㅋㄱㅋㅋㅋ,0개
66,박띨빡,아진짜 편집 자막 욀케 웃겨여,0개
67,잘먹지요잘먹어,꺄아앙아아 기다렸어요언니 진짜 제삶에낙....💟 감사해영,0개
68,윤주,언니 유산균 어디꺼에용????,1개
69,이채연,기다렸어요 ㅠㅠㅠㅠㅠㅠㅠㅠㅠㅠㅠ,0개
70,그라vlog,너무 재밌어요!! 항상 잘보고 있습니당~~😍😍,0개
71,김성은,효진님 가방 어디꺼에요?ㅠㅠㅠㅠㅠㅠㅠㅠ,1개
72,만복이manboki,앗싸 일등 ~~!,0개
73,불꽃놀이,흐엉 숙제해야되는데 언니보러 왔숴요💙 진짜 영양제 먹는거 귀찮쥬 귀찮쥬😅😅,0개
74,쥬jiews,ㅎㅎ오늘도👏🏻👍🏻,0개
75,슈키suki,유명 연예인들이나 유튜버분들 그림 잘그리는거 보면 너무 신기함ㅋㅋㅋㅋㅋㅋㅋ,0개
76,Emma,넘이뻐용~~~~~,0개
77,경경GYUNG,언니 러그 정보 좀 주세요 ㅠㅠㅠㅠㅠㅠ,0개
78,백세현,맨첨 부분 효진쓰 중심으루 1시방향 나만 먼진 줄 알앗냐...,0개
79,이윤주,카메라 닦아 주고 싶은 사람 저 뿐인가요 ..??!!!🤷🏻‍♀️🤷🏻‍♀️,0개
80,리나쓰,언니 룸 너무 알록달록 예뿌다 지쨔...✨✨✨💖🤗,0개
81,김민서,영상초반에 자주나오는 가방 정보아시는붕,3개
82,김예지,조효진 내힐링❤️!!,0개
83,jiiha,11:36쯤 나오는 위에 남색 가디건 어디껀가영 ㅠㅠ너무이뻐요-!!,0개
84,LL,카메라 너무 어지러워요 😢,8개
85,통호니,악>______<보고싶었어염💖💖💖,0개
86,햄토리,조있그브 ㅈㄴ 재밌어 사랑해 핡핡,0개
87,나들이,싸랑해요🥰❤,0개
88,moonsunkang,딸기 초코파이 맛있어여!!!!!!,0개
89,오지우,효진언니 사랑해요💜,0개
90,밀크티,유튜버중 효진님 브이로그가 젤 맛집입니다 ㅎㅎㅎㅎ,0개
91,Kjihyeon,"캔들×. 초o. 양초o
우리말이 더 예뻐요!!",0개
92,uniyoon,우와 1등으로 댓글써요!!!!!! 조효진이 미래다!!!,0개
93,SophiaHwang,무조건 좋아요 부터 누르고 보는 효딘쓰 븨로그🥰♥️,0개
94,Haileydahye,언니 2깡음 대체 언제 나오냐구요~~~~~!,0개
95,임연정,복실이를 부를때마다 복’시리’로 들리는지....시리가 대답합니다....,0개
96,윤망고,복실이 기린같아요...!,0개
97,kec,언니도 오늘의 집...?,0개
98,심바팬,"45초만에 들어온 건 처음,,,",0개
99,원원해,요즘도 셀카어플 360만 쓰나요 알려주세요 언니 ㅜ ㅜ,0개
100,RAWRrr,언니 나 가져,0개
101,JinJung,언니는 저한테 제일 핫한 연예인이에여 💜,0개
102,이소정,커리쉴 크리닉 가서 받으면 얼마예용?,9개
103,SolK,11:30에 나오는 탑은!!! 어디건가요 쇼핑몰에 없숴 😭,0개
104,hanlee,복실스.. 옷 입는 거 싫어하는구낭..,0개
105,Kylie,우왕 나랑 커플 잠옷,0개
106,현쟁,효진님~~ 11:27 여기에 입고나오신 금장단추달린 상의 정보 여쭤봐두 되나욤 ㅠㅠ❤️,2개
107,지콩,언니 유산균은 저녁식후에 먹는게 좋대요...!!!!!!!!!ㅠㅜ,0개
108,진꾸까,갱남이라서 그런지 마켓 price덜이 두i zi Bㅓ지게 비싸네요 보는걸로 맨족쿠하고 가겠습니다,5개
109,희야,알록달록한 키높이 운동화 정보 좀  알수잇을까요~~~????,0개
110,동현,"당신, 내가 많이 기다려쒀",0개
111,꾸구꾸구,"내방은 알록달록안해도 정신없어보이는데,, 효진님 집은 왜 이뻐보일까요..ㅎ",0개
112,윤하,언니 .. 러그 정보 알 수 있을까요?!,0개
113,최준성,오늘도 뒤집어 놓으셧다,0개
114,이유생,유경씨가 언니분이신 거죠?!,1개
115,망고엄마,머리는 피스로 붙이신 걸까용?,0개
116,mejazz,그 분이라 말하는 거 버면 헉시 남친?,0개
117,혜린,언니 목걸이모에용..?,0개
118,djfidp62,24:00,0개
119,홍정은,해운대 번개만남 해주세요 ... ❤️❤️,0개
120,샌프란시스코Jeetube,"ㅋㅋㅋㅋ성격 너무 좋으세요,,💛 털털한성격ㅠㅠ넘 좋아여~",1개
121,파젼,새신발 정보....혹쉬..아시나요?,0개
122,조아해,언니 호피 아니고 기린무늬 아니에여 ㅇㅅㅇ ?..??,0개
123,박예진,♥,1개
124,KIM세상,저거 책 이름이 뭔가요 효진님....!!!!,0개
125,조용한순희씨,복실이 호피가 아니라 길쭉해서 기린이 된거같아여,0개
126,김윤정,스킵하나도 안하고 너무 재밌쟈냐..💕 아 근데 신발이쀼다 어디거예요? 현기증나요..,0개
127,채연,복실이도 그럴거에욧 여기저기서 많이 봤는데 개들이 옷 입는걸 그렇게 싫어한대요... 저도 나중에 강아지 키우면 안 입힐려구요ㅠㅠㅠ 😭개들이 싫은걸 시키는건 인간의 이기심과 과한 욕심 아닐까요ㅠㅠ 어떻게 보면 학대.. (언니가 학대를 한다는건 전혀 아닙니다.) 저는 진짜 복실이가 행복하게 뛰어놀 수 있기를 바라는 마음에서 적어봅니당!! 아무튼 20만 때부터 본 효지니언니 너무 좋아용💗💗💗 조있그브 개꿀잼😆😆🎀💗🍓,0개
128,박꺄앙,미용실갈때 가방 모에용 끈예뻐요 궁금해유!!!!!!!!,1개
129,태은,모야모야 완전 나,0개
130,융뚜,유경씨가 효진언니 친언니에요??,0개
131,홍이지hongisy,아니 머리무슨일이라믄서.......,0개
132,양정아,신발 뭐에요???,0개
133,나의모습,복실이가 가발이랑 똑같이 생겼네요..,0개
134,waterwaterwater,아 빨리 과제 끝내고 격하게 보고싶다,0개
135,초이벨choibellvlog,한시간짜리로 만들어주세용ㅎㅎ❤️,4개
136,HYEINLEE,편집 진짜 너무 재밌어요 ㅋㅋㅋㅋㅋㅋ,1개
137,후아유아유,향초 만드는곳  홍보인가요???,0개
138,김해피,"혹시 정실장님은 무슨 실장님이신가요,,? 자주나오시는데 궁금해서요ㅎㅎㅎ",1개
139,슬박예,오늘따라 김혜수 닮은거같다,0개
140,이혜승,오늘 편집이 뭔가 새로운 느낌인듯 아닌듯..어쨋간 너무 좋아요 오늘도 새로워 ..💓💓,1개
141,우지원,03:18 가방정보 아시는분 ㅠ 넘모예쁜것🤍,0개
142,단비누나,언니 복실이 보면 캐시 생각 안나요? ㅜㅜ 문득 캐시 보고싶을 때 있을 것 같애,1개
143,아자아자,효진님 초반에 맨 가방 정보 아시는 분 있나요?,0개
144,걸렸다감기,브이로그 너무 재밋어요...진심 집에서 하루종일 누워있는데 이거보니깐 저도 집에서라도 부지런히 있어야할듯 ㅜㅜ브이로그 자주 올려주세요❤️❤️언니 그리고 우울해하지마용😻,1개
145,야놀자,미쳤어 중맬루 과제 끝내고 신나게 폰질 하구 있었는데~ 딱 맞췄지 모얌ㅋㅋ❤️❤️❤️❤️❤️,0개
146,보통,처음에 나오는 집 누구네 집인지 알려주실 분 계신가여ㅠㅠㅠㅠㅠ,0개
147,야차,방만 둘러봐도 정말 감각있다는 게 느껴져요,0개
