﻿,youtube_id,comment,like_num
0,요호요호,점포아니고 전포인뎅ㅋㅋㅋㅋㅋ편집자분 부산분 아니신가봐용ㅋㅋㅋ 오늘도 재미나게보겠습니당❤,549개
1,77ml,"서울사람 입니다.
쨔미쓰님들과 같은 우리 동년배들 그 모자 많이 씁니다. 모자 아주 예쁩니댜.💛",353개
2,z은지,서울사람이지만 캡모자를 훨씬더 쓰는 느낌적인 느낌ㅋㅋㅋㅋ,34개
3,KIARA키아라,아니 왜 아무도 0:24 여기 나오는 벨소리 언급을 안해요? 어이없게 웃기잖앜ㅋㅋㅋㅋㅋㅋㅋㅋㅋ아닠ㅋㅋㅋ,218개
4,서울,저 모자..쌩얼 모자... 화장안하고 머리 안감았을 때 마스크랑 저모자쓰면 면상을 완벽하게 가릴수있음 저만그런가요?ㅋㅋ,7개
5,blueming,"0:23 휴대폰 벨소리 제가 제대로 들은건가욬ㅋㅋㅋㅋ 뭔가 느낌있는 팝송일것 같았는데 구수하시네옄ㅋㅋㅋㅋㅋㅋ언니 최고
1:17 앜ㅋㅋㅋㅋㅋ쿠ㅜㅜㅜ 저두...없어영...ㅋㅋㅋㅋㅋ
2:16 😈😈point1😈😈
2:56 ???자른 미역으로 생일 미역국을 해먹나욤?? 제가 알기론 장수하라고 미역 일부러 안자르고 넣는다던뎅...길게길게 먹는데요..!! 그래도 뭐 마음이 중요한거죵 전 미역국 간도 못맞추는걸여 하핳 엄마 최고
3:08 ㅋㅋㅋㅋㅋ그런이유였군옄ㅋㅋㅋㅋㅋㅋㅋㅋㅋ미역국이 한 솥 가득인 이유 ㅋㅋㅋㅋ
5:35 아 이 언니들 너무 죠아 의식의 흐름ㅋㅋㅋㅋㅋ
6:37 😈😈point2😈😈
10:06 아잌ㅋㅋㅋㅋ 자세봨ㅋㅋㅋㅋㅋ 이런 친근한 유튜버 같으니라구 ㅋㅋㅋㅋㅋ
12:09 세상에 이게 무슨 소리야
12:16 마늘!! 마늘 안넣었자나여!!
15:31 와우 깜짝이야
15:40 이르케 보니까 언니들 진짜 안늙는다 그대로다 너무 이뿨
17:12 😈😈point3😈😈
17:48 ???!!!언니!!!!ㅋㅋㅋㅋㅋㅋㅋ
18:16 나만 누워서 허우적거리는게 아니었군 100만 유튜버도 하는 행동이었어((위안",8개
6,양양,ㅋㅋㅋㅋㅋㅋㅋㅋ정말 찐친  셋이서  저렇게  좋을 수가 생일축하했어요🎂🎂,11개
7,퓨퓨,역시 여자들 우정 너무 최고당 쨔미쓰 오래오래 봐용,101개
8,가리의일상Garisdaily,역시 믿고 보는 쨔미쓰ㅋㅋㅋㅋㅋ 오디오가 빌틈이 없쒀ㅋㅋㅋㅋㅋㅋㅋㅋㅋㅋㅋㅋㅋㅋㅋㅋㅋㅋㅋㅋㅋㅋㅋㅋㅋㅋㅋㅋㅋㅋㅋㅋㅋㅋㅋㅋㅋ,127개
9,snjsbsndnsns,쨔미쓰 너무 기다렸어요.......❤️❤️,12개
10,지수,01:37 은정님 모자 너무 잘어울려요!!🧡🧡창 넓은 거 많이 쓰는데 왜그러시나요ㅠㅠ자주 쓰고 나와주셔요 ...🤎이상 저는 경상도 구독자였읍니다 하핫 ㅎㅎ,73개
11,쁄,ㅋㅋㅋ서울에서...저 모자..쓴사람...많이...못..못봣는데.. 하하하핳 이쁘시네용 그래듀!!,50개
12,rikim,쨔미쓰언니 저런모자 하루에 몇번 봅니다유❣ 안심해유😊,5개
13,RiverPhoenix,아 첨부터 끝까지 개웃겨 진짴ㅋㅋㅋㅋㅋㅋㅋㅋㅋㅋㅋㅋㅋㅋㅋㅋㅋㅋㅋ케,6개
14,포말내다,"서울사람 캡모자 씁니다,,,,,ㅋㅋㅋㅋㅋㅋㅋㅋㅋㅋㅋㅋ 귀여웡",4개
15,낯선자,ㅋㅋㅋㅋㅋ진짜 쨔미스가 노래부를때가 제일 좋앜ㅋㅋㅋㅋㅋㅋㅋㅋㅋㅋ,3개
16,미니킴,서울사람들도 캡모자 많이 써요 ㅋㅋㅋ,37개
17,김효원,저 모자 많이 써요!!!(서울러),50개
18,서연,역시 화장 뿐만아니라 다 재밌고 신선해여♥,6개
19,조해인,너무 귀여우어어어어어어 ㅠㅠㅠㅠㅠㅠㅠㅠ쨔미스 영원하세욬ㅋㅋㅋㅋ,4개
20,민서minseo,"믿고보는 쨔미쓰케미,, 안봤는데 벌써부터 재밋어.. ㅋㅋㅋㅋ🤭",50개
21,유니유니,꺆 쨔미쓰 오랜만이에요❤️ 역시 믿고보는 쨔미쓰ㅠㅠ 효진 언니 늦었지만 생일축하해요!💛,4개
22,성은,18:38 그래도 저번보단 실력이 늘은거 같아요 .............◡̈,50개
23,Ugarit유가릿,아 전화소리 ㅋㅋㅋㅋㅋㅋㅋㅋㅋㅋㅋㅋㅋ,4개
24,RiverPhoenix,15:30 저렇게 소울가득한 러브하우스노래 첨들어봤어요,20개
25,jj,쨔미쓰 진짜 보고싶었어요ㅠㅠㅠㅠㅠㅠㅜ언제 올라오나 기다렸는데 이렇게!!!!!! 잘보겠습니당💝,3개
26,우효주,언니 생일 축하해요~!~! 진짜 쨔미스 뽀레버❤,3개
27,사과,서울사람: 모자예쁩니다아!!! 저도 저런 버킷햇만 쓰는데ㅋㅋㅋㅋㅋ,1개
28,선이다요,쨔미쓰케미 너무 좋아요❤❤❤제가 이맛에 살아요😍😍,3개
29,SooYummy수야미,짜미스 최고다 감동의 미역국 ˃̣̣̣̣̣̣︿˂̣̣̣̣̣̣ 서울 사람인데 저는 캡 안쓰구 저런 모자만 써용 ㅋㅋㅋㅋㅋ,0개
30,짐밍밍,쨔미스! 쨔미스! 화이팅!♥,19개
31,김재희,슬기님 삐약삐약 넘 기엽ㅋㅋㅋㅋㅋㅋ🐣🐣,1개
32,오잉,악 편집자님 죄송하지만 부산인으로써 점포아니고 전포!!!!🙏🙏🙏,1개
33,김정은,저 집에 은정님이 쓴 모자 있어요 ㅋㅋㅋㅋㅋ 서울에서 쓰면 인싸~! 늦었지만 효진쓰 생일 햅벌뜨데이 ❤️,1개
34,adorable어도러블희,앜ㅋㄱㅋㄱㅋㅋㅋ이번 부이로그도 꿀잼❤️❤️,1개
35,SeSang,전 오늘도 캡모자 쓰고 나갓오욤....ㅋㅋㅋㅋㅋ,24개
36,김수한무거북이와두루미삼천갑자동방삭,쨔미쓰 조합 진짜 최고된다 ㅠㅠㅠㅠㅠㅠㅠㅠ 얼마나 웃었는지 ㅋㅋㅋㅋ 저도 친구들이랑 저렇게 살아보고 싶고 쨔미쓰 분들 우정 오래가세용 ㅎㅎ 그리고 효진언니 생일 축하드려요!!!!,18개
37,서예원,생일날에 친구들이랑 방 잡고 저렇게 놀면 엄청 재미있을 것 같아요!🥰 쨔미쓰 너무 좋아 ㅠㅠ❣ 효진언니 늦었지만 생일 축하드려요🎉,0개
38,이현진,11:29 간장은 원래 차갑지 않나요?ㅋㅋㅋ,1개
39,v현지,0:23 새가날아든다~~~~~~벨소리모에옄ㅋㅋㅋㅋㅋㅋㅋㅋㅋㅋㅋㅋㅋㅋ,0개
40,신연희,ㅋㅋㅋㅋㅋㅋㅋㅋㅋㅋㅋㅋㅋㅋㅋㅋㅋ 넓은 챙모자 저도 어제 맨얼굴로 쓰고 나갔다왔어요 ㅋㅋㅋㅋㅋㅋㅋㅋㅋㅋㅋㅋㅋ 쨔미쓰 졸귀 ㅠ,0개
41,김재희,서울사람입니다 캡모자써요ㅋㅋㅋㅋㅋㅋㅋㅋ,1개
42,minsung,아니 작년생일영상 정주행하고있었는데 벌써 효진쓰 생일이돌아왔어...? 세월 넘빨라ㅠㅠ🤦‍♀️🤦‍♀️🤦‍♀️근데 개좋아,20개
43,Sdng52,저도 어제 친구들이랑 한달 같이 살아보고싶다ㅜㅜ 이랬더니 싸워싸워 이랬는데 친구들은 다 똑같군요 ㅋㅋㅋ 같이 딱 한달만 살아보고 싶어요 쨔미스는 진짜 재밌게 살것같아요 ㅋㅋㅋㅋ,0개
44,김경이,모자 너무 예쁜데요 ㅠㅠㅠㅠ 💓,12개
45,모올,찍먹ㅋㅋㅋㅋㅋㅋ갸웃긴다요,2개
46,hristinac,와ㅠㅠㅠㅠㅠㅠㅠ 존보 성공!!!!,1개
47,욘,ㄱㅋㄱㅋㅋㅋㅋㄱ역시 찐친궄ㅋㅋㅋㅋㄱ 하 너무 재미쩌여 조있그브 기다리구있옸다구용~!~!~!~!,0개
48,,근뎈ㅋㅋㅋㅋㅋㅋㅋㅋㅋ세 분 잠옷 맞춰입으니까 복제인간 세 명이 분업하고 노는 느낌이랄깤ㅋㅋㅋㅋㅋㅋㅋㅌㅋㅋㅋㅋㅋㅋㅋㅋ,0개
49,다니,효진슨생님 생일 축하해요🌷코로나로 일하기도 쉽지않고 참 일상이 일상같지 않은 나날들인데 우리 쨔미쓰 슨생님덜 에너지 받고 갑니다💕 있는 그대로의 모습들 너무 좋아연💜,0개
50,이동동,효진언니 말고 나머지 두분 너무 닮으셨어요!,2개
51,EonsimCho,혹시 짜미스 파자마 정보도 알수 있을까요?!?!,2개
52,김하림,셋이 올망졸망 누워잇는거 왤케 귀엽냐구여어!!!!!ㅋㅋㅋㅋㅋㅋ,0개
53,유혜빈,항상 영상 잘 보고있어용~ 댓글 처음 남겨봐요~~ >_<,1개
54,체리,ㅋㅋㅋㅋㅋㅋㅋㅋㅋ앚ㄴㅋㅋㅋ진짴ㅋㅋ노래부를때 현웃ㅋㅋㅋㅋㅋ,0개
55,신짱구shinjjanggu,15:30 너무 조하 진ㅆb~,4개
56,silva,화음 지린다...,1개
57,jj,효진님 인스타에 올리신 사진에서 하고있는 집게핀 정보 궁금해요..! 횰릭에 업뎃되나요?,0개
58,사랑해좋아하다못해,"꺄아ㅏ아악 1분전에 올라왔다니❣️❣️❣️❣️❣️❣️ 볼 거 없어서 기웃대다가 효진쓰 브이로그가 뜬 것이야,,🥰",0개
59,사랑해좋아하다못해,"꺄아ㅏ아악 1분전에 올라왔다니❣️❣️❣️❣️❣️❣️ 볼 거 없어서 기웃대다가 효진쓰 브이로그가 뜬 것이야,,🥰",0개
60,HJ1226,드디어 쨔미쓰ㅠㅠ,1개
61,LuluLala,진짜 짜미쓰 컨텐츠가 최고다 ㅋㅋㅋ,0개
62,연수,헐루ㅜ 생일브이로그 기다리고 있었는데 🖤🖤,1개
63,백세현,손깨끗이~!! 아시겠져~~!!!!요란ㅋㅋㅋㅋㅋㅋㅋㅋㅋㅋㅋㅋㅋㅋㅋㅋㅋㅋㅋㅋㅋㅋㅋㅋㅋㅋ,0개
64,고기라,효진님 에어비앤비 파티장소 저도 가본곳인뎈ㅋㅋㅋㅋㅋㅋㅋㅋㅋ저기 넘 좋죠 ㅠ,0개
65,TYTY최띠용때용,서면으로 이사오고 난 후 쨔미쓰 볼때마다 익숙한 곳이 보여서 괜히 기웃기웃^^,0개
66,우니UNI,진짜 짜미쓰님들 너무 재미써여!!!!!,0개
67,김재희,아 역시 짜미쓰 힐링된다며~~~팩붙이고 봤다가 계속 웃는거 참다가 결국 뗐다며~~,0개
68,eskADD,쨔미쓰 분들 보면서 저도 돈 많이 벌어서 친구들이랑 저렇게 놀고싶네용ㅎㅎ,0개
69,뛰뛰꽝꽝,편집자님 바뀌신건가요? 중간중간 오타가 많이 보이네유ㅠㅠ 오늘도 재밌게 잘 봤습니다 효진님!!,0개
70,날다람쥐,서울에 사는 대학생입니다!! 벼농사 하러 갈 때 제 필수템이죠!,0개
71,류규미,사투리 뿜뿜ㅌㅋㅋㅋㅋㅋ 귀엽당ㅋㅋ,0개
72,곽채원,와 저 조합 음식 진짜 맛있겠다ㅏㅏㅏ 진짜 내일 꼭 먹을거에요,0개
73,nyangJu,ㅋㅋㅋㅋㅋㅋ아 침대영상ㅋㅋㅋㅋ유돈햅투크라잌ㅋㅋㅋㅋ,0개
74,MinjiKim,효진님 ㅠ.ㅠ 은정님 장볼때 작은 하얀 크로스백 정보 궁금해욥...!!! 넘 예뿜 💜,0개
75,뾰뾰뾰,효진님 같이 방탈출할 3두 중 하나가 되겠습니다!!!!!,1개
76,esther에스더,언니 사랑해요 쨔미쓰 사룽해요 모두 건강하세요ㅜㅜ ♥️,1개
77,최서윤,"쨔미스분들과 브이로그라니,,❤️ 효진님 브이로그는 여러번봐도 꿀잼인것✨✨",0개
78,낯선자,ㅋㅋㅋㅋㅋㅋ저 모자 쓰신분 봤어요!! 아직 한번밖에 못봤지만....ㅎㅎㅎㅎㅎ 효리네민박 아이유모자...껄껄~,0개
79,구름그린,저 모자많이 보긴했는데 막상 저는 없어욬ㅋㅋㅋㅋ캡모자러버,0개
80,HYORIMYE,언니 처음에 점포동이 아니라 전포동인데!!! 편집자 분이 실수하셨나봐여 😭,10개
81,쓰남,서울 사는 구독자: 모자너무예뻐요~~ 구우우웃!!!,0개
82,혜나비TV,ㅋㅋㅋㅋㅋㅋㅋㅋ편집 너무 웃김ㄴㅋㅋㅋㅋㅋㅋㅋ,0개
83,2ene이네,"저 지금 서울 지하철 타고있는데
앞에 2분 캡모자 쓰고 계셔용ㅋㅋㅋㅋㅋㅋㅋㅋㅋㅋㅋㅋㅋ
근데 벙거지모자(?) 도 예뻐요><",0개
84,쮸,ㅋㅋㅋ벨소리 무엇ㅋㅋㅋㅋㅋㅋ,0개
85,mm,짜미쓰 언니들 넘 좋아요ㅠㅠㅠ 저 요즘 너무 힘든데... 언니 영상보고 힘 많이 얻어요 감사해요!!!,0개
86,어니언옥희,쨔미쓰 넘 좋아 ㅠㅠㅜ 영상 잘볼게요♥️,0개
87,김재희,탈룰라 프리존 너무웃겨욬ㅋㅋㅋㅋㅋ 편집자님 센스💕,0개
88,비비빅흑임자,전포동 인데 ㅠㅠ...,0개
89,냠냠,"악 ㅠㅠㅠ 진짜 너모너모 기다렸어요,,,,,,,,",0개
90,루다,점포동 무엇 ㅋㅋㅋㅋㅋㅋㅋㅋ,0개
91,칸진리,"난 쨔미쓰 볼 때마다 느끼지만 몬가 외적으로 어울리는 이름이 슬기가 은정같고 은정이 슬기같은 너낌,.,",0개
92,이,아 너무 힐링ㅋㅋ ㅠㅠ,0개
93,문주희,훌렁 훌렁 옷 벗고 맛있는거 먹고 수다떠는거 너무 제친구들같아서 우ㅜㅅ겨요 ㅋㅋㅅㅋㅋㅋㅋㅋ꿀잼,0개
94,뇽뇽도롱뇽,진짜 쨔미쓰 같은 칭구들 갖고싶다 나도 저기 끼고 싶당 ㅠㅠㅠㅠ,0개
95,SeoAh서아,맛있겠다 금지라케놓고 ㅋㅋㅋㅋ 바로 맛있다라고 ㅋㅋㅋㅋㅋㅋㅋㅋ,0개
96,eS,캡모자도 계속 많이 쓰지만 버킷햇 몇년전부터 많이 써요 ㅎㅎㅎ 잘어울려요🤗,0개
97,파젼,버킷햇을 쓰긴하는데..음.. 은정님 모자는..귀엽네유😆,0개
98,김하늘,일등이라니ㅜㅜㅜ 오늘도 넘 재밋게 볼께요💕,0개
99,김대추,와 진짜 쨔미쓰... 이 조합 넘 재미써요... 노래부르는 장면에서 빵터져부럿삼다.....,0개
100,냉이,쨔미쓰 조합 너무 좋아욯ㅎㅎㅎㅎ언니 생일 축하해요🎉❤,0개
101,웨닝,싯둘시작ㅋㅋㅋ,0개
102,하하,"나도 쨔미쓰 일원에 속하고싶당.......언니들 저랑도 같이 노라주세여,,,,,",0개
103,정영주,아니 저만 은정님 보면 nct 재현님 생각나요?뭔가 묘하게 닮으심 넘 이뻐용언닝❣️,0개
104,뭉순이엄마,쨔미스♥,0개
105,이지민,쨔미쓰들-♡효진언니(님) 다들 오늘 텐션 뭐에요ㅋㅋ849회 쨔미쓰들 만남 축하하고 재밌게 보내셨길 바래용!!한 구독자로써 오늘도 잘 보고 가욤♡♡,0개
106,이경은,쨔미스 꿀잼ㅠㅠ 마이럽럽 증말,0개
107,만정MANJUNG,언니 시험기간인데 공부할려했는데~ 언니 영상올라와서 바로~ 달려왔조~ 🥰,0개
108,이콩이,은정님 모자 어디서 구매 하신거에용 ?? ㅠㅠㅠ,0개
109,보람,삼두 중 첫째는 나할게여 두명 선착~~💜,0개
110,지먼,언니들 오늘도이뻐여❤️❤️,0개
111,이채연,언니 저 방탈출에 쳐돌았습니다혹시 삼두중에 한자리 남는다면 절불러주시죠🤗,0개
112,파만람쥐,제친구란 3:3해서 같이 방탈출 뿌숩시다!!,0개
113,홍이둥이,거북목이 거묵복으로 되어있네요 ㅜㅜ 쨔미쓰 최고,0개
114,JooJoy,"쨔미쓰는
사랑입니다❤️💛❤️",0개
115,HouseYOYO,온닝 생일축하해용ㅎ 영상 항상 잘보고있습니당💓,0개
116,응비웅비잉비,오케이쨔미쓰 가즈아아아!!!!,0개
117,나나,언니 ㅠ 서면에 크라임씬 개재밌어요 꼭 해보쉬길•••,0개
118,SeonjooBing,쨔미스 넘 기다렸슴미다ㅏ🥰,0개
119,신혜지,그디어 쨔미스님 브이로그라니...! 오조오백년 기다려쎼여 언뉭💕,0개
120,김기현,생일 미역국 미역은 칼이나 가위로 자르면 안된다는 미신이 있다는 것 알고 계셨나요? 이유는 저도 몰라요,0개
121,공룡,쨔미쓰라니이ㅣ이이이이이이....!!!!!!,0개
122,LoloLo,언니 이 날 바른 립 .. 모에여..,0개
123,슈키suki,효진님 카메라 바꾸셨나요? 오늘따라 세분모두 더 예쁘신듯❤️,0개
124,돌봄,"은정님은 속고 계십니다. 그 모자말인데요, 속고 계신다구요!",0개
125,원소희,짜미쓰 영원하라♡♡♡,0개
126,김수영,ㅎㅎ 모자는아쉬운데.. 사람이살렸습니다~,0개
127,쏠이,....음..밑에 수술처럼생긴거는 요즘잘..ㅎㅎㅎ못봤...그래두 은정님이라 예쁨쓰🧏🏻‍♀️,0개
128,명수찡,일진에게찍혔을때에 나오는 류설닮았어여,0개
129,yjank,쨔미스 언니들 국자가 바로 옆에있어요...!!ㅎㅎ,0개
130,피그렛,다시보니까 썸넬에 대문짝만한 삼다수가 눈에 보이네요 ㅋㅋㅋㅋㅋㅋㅋㅋㅋㅋㅋㅋ,0개
131,강연경,ㅎㅎ  찐우정 보기좋아요~^^♥,0개
132,JiyeonKim,다들 엄청 착하시다.,0개
133,0MinK,은정님 저 모자 정보 알 수 있나용?! 넘 예뽀요!,0개
134,youngO,쨔미쓰 컨텐츠 너무 재밌다구요!!!!!!! 자주해주라 #주라주라,0개
135,hujiank,슬기님 살빠지신 것 같은데.. 연애하시나 더 예뻐지셨어요!,0개
136,진리,❤️,1개
137,nabinyuri,한국에서 에어비앤비 내국인 안된다고 알고있는데 이제 되는건가요???,0개
138,end둥꼬,예~~~!~!,0개
139,희망꿈,미역국장인으로써 자연스럽게 엄마미소가 ㅎㅎ,0개
140,,이것만 보구... 과제해야지.. 히히,0개
141,김유진,"작년에 효진언니 생일선물 받은 영상 본게 엊그제같은데.,.. 😂😂",0개
142,hyeinkim,벌써 일년이 지낫군 ㅋㅋㅋㅋㅋ 작년생파영상이 엊그제가튼데!!!!!!,0개
143,눈사람,💕,1개
144,송뜽,어머 언닝 잠옷 어디꺼에용,0개
145,RUIZHI,제가 그 삼두중 하나하겠습니다!!!!!!!!!!!!!!불러만주세요!!!!!!!♥️💙,0개
146,독일은나도처음이라,맞아욤 요즘 버킷햇 많이 써요 !,0개
147,mariamsedki,Irst,1개
148,꾸르미,믿고보는 쨔미쓰편,0개
149,JooYp,삼두에 저도 껴주세요 방을 깨드리갰어여!!!!!!!!!!!!!!!!!!!!!!(흥분),0개
150,늘푸른생선,캡모자가 짱인거 아닌가요?,0개
151,하름Harem,와휴 일등 언니 저 오늘 브이로그 올렸는데...❤️,4개
152,제이맘TV,즐거운 시간 보내셨나요? 저도 집좀 탈출하고 시퍼요? 월요일에 약속은 잡혀있긴한데 ㅋ,0개
153,마들렌,쨔미쓰 우정 영원하라!!😁,3개
154,뭘봐,택시 안에서 마스크 써주셨으면 좋겠어용 ㅠㅠ,1개
155,SufiahNadhirah,I dont understand anything but thats okayyyy,0개
156,민아,진짜 쨔미스 케미는 믿고본다,1개
157,녕안,세 분 우정 응원하게돼.. 진짜 변치말고 평생우정해용♥️,0개
158,쁄,우와!! 올라오자마자 바로 클릭!!!!!!!!!!!!!!!!!!!! 효진님짱 재밌게 봐용 항상!!,0개
159,본죽,오 마이갓,0개
160,구지윤,"안뇽하세요 효진님 오늘 처음 댓글 남겨요!!! 사실 엄청나게 속상한 일이 있어서 땅바닥에서 꺼이꺼이하고 울었는데 언니 영상 보니까 기분이 한결 나아졌어요 저에게 효진님은 활력소,, 비타민,,? 늘 감사해요 쨔미쓰 영상 특히나 너무 조아요,, 늘 건강하시구 행복하세요 항상 댓글을 남기진 못해두 빠짐없이 다 보며 응원합니다🤍💙,,",3개
161,waterwaterwater,즈 죄송한데 은정언냐 샌들 어디껀지 알 수 있을까여?.? 샌들에 관심이 많아져가지고 사람들 발밖에 안보이네여👀 은정언냐 댓 한번 주시면 사랑할게요,1개
