﻿,youtube_id,comment,like_num
0,흑자헬스SurplusHealth,어떤 사람들은 제 여자 같은 손 발목과 종아리를 보고 운동 좀 하라고 지적하지만 어떤 사람들은 그걸 보고 제가 얼마나 체격을 키우기 어려운 뼈대인지 아실 겁니다. 오늘부터 빡운동 들어가겠습니다 ^^,11개
1,JayKim,"""어차피 타고나야 하는 거구나""하는 회의감을 심어드리려는 게 아닙니다.  타고나지 않았기 때문에 더 열심히 하자는 겁니다. 
-흑자헬스",992개
2,알렌,이런 교육적인 영상도 여자 고양이 자세 썸네일 하나의 조회수보다 못하지,241개
3,제갈춘식,2:17 이몸 진짜 이쁜데 아니 머리랑 잘어울림,23개
4,이용,20살 177cm 46kg 시작 타고난게 너무없어서 10년을 헬스해서 겨우 70kg가 되었고 남들이 보기엔 일반인몸과 다를게없지만 나 스스로는 노력의 크기를 알고있다 이제는 운동이 생활이고 밥먹는일과 같으며 인생을 아름답게 채우는 일부가 되었음을 느끼고있다,114개
5,WooUltangE,본인이 타고났는지 아닌지 보려면 본인 피지컬의 일정수준 이상 도달해봐야 되는데 대부분의 사람들은 도달하기도 전에 포기한다는 게 함정. 남과 비교하지 말고 나의 한계에 도전하자.,219개
6,설기관,"마이프로틴 영상 이제 봤습니다!
진심으로 함께하길 바랬습니다. 
그리고 응원해주셔서 감사합니다 😊",241개
7,박지호,2:20 형...이건 몸이 문제가 아닌거같아.....,144개
8,째즈아빠,"나처럼 된다구 한적 없다구욧. 이 운동으로 효과적으로 어제 당신의 골반보다 내일 당신이 골반이 커진듯한 착시효과를 만들어줄 수 있다구욧.   

실드 예상답안.",171개
9,조빡이,"왜 여자 만나고 싶은게 못된생각이에욬ㅋㅋㅋㅋ
그래도 아내분 잘만나셔서 잘지내고 있으시잖아욬ㅋㅋㅋ
영상 잘보고 갑니다👍👍",9개
10,고향방문,"""역시 얼굴은 몸에 붙어있죠""ㅋㅋㅋㅋㅋㅋㅋㅋㅋㅋㅋㅋㅋㅋㅋㅋㅋㅋㅋㅋㅋㅋㅋㅋㅋㅋㅋㅋㅋㅋㅋㅋㅋㅋㅋㅋㅋㅋㅋㅋㅋㅋㅋㅋㅋㅋㅋㅋㅋㅋㅋㅋㅋㅋㅋㅋㅋㅋㅋㅋㅋㅋㅌㅋㅋㅋㅋㅌㅋㅋㅋㅋㅋㅋㅋㅋㅋ",257개
11,SSRRRRSS,2:20 이 사람은 진짜다!....,10개
12,이재현,댓글에 ㅈㅇㅈㅇ래서 마술했던 그분인줄알고 뭔소린가 했는데 한분 더있었군,13개
13,jhc,0:44 에서 현웃 터짐ㅋㅋㅋㅋㅋㅋㅋㅋㅋㅋ 너무나도 담담한 표정과 말투가 킬포ㅋㅋㅋㅋㅋㅋㅋㅋㅋㅋㅋㅋㅋㅋㅋㅋㅋㅋㅋㅋ,7개
14,철수,0:38 부곽x 부각o,4개
15,문은정,"타고난 언어적감각을 가지셨어요.
몸이상의 가치가 있다고 생각합니다.
근데 몸도 나쁘지않으니 난사람은
분명합니다.솔직함도 매력이십니다",286개
16,토착짱깨개자식들,제이제이?,16개
17,CheonIlPark,2:16 흑자동생 사진 중 가장 멋있음,19개
18,예쁘면언니잘생기면오빠,"형님 와꾸를 까는 사람들은 그렇다 치는데
몸을 까는 사람들도 있군요... 진짜 너무하네요",4개
19,디스씬,"박보검 정우성....   ㅇㅈ...
아마 주위 이성들이 그냥 잘해줬을겁니다...",2개
20,웅비이,노력을 해서 되는사람과 노력을 해도 안되는사람이 어떤 분야든 분명히 존재한다. 노력을 부정하는게 아니라 타고나지 못한자의 노력을 타고난사람이 비웃지 말아달라는것..,459개
21,RageRaptor,골반을 운동으로 넓힐수 있다는 소리는 발바닥 운동 열심히 하면 키가 커질수 있다는 소리와 비슷함,15개
22,육식본능,6:12 이 형 채널 보면서 가장 멋있는 말이었다,58개
23,L드래곤,"어떤 분야던 사이비가 존재하죠.
사이비 헬스트레이너에 대한 평가 리스트가 필요해 보임..
구체적인 방법으로 IT를 접목한 방법이 있는데요. 전국의 휘트니스 센터를 검색에 노출시키고 각 휘트니스 센터의 PT지도자 가격 노출과 고객들의 모바일 비대면(비공개)평가가 가능한 IT시스템 구축.  또한 교육이수증의 수준을 높일 필요성이 있음.",36개
24,이성빈,1:43 참을수없는 유혹이라해서 또 호식이두마리치킨 말하는줄 암....,7개
25,머리심는의사,"저도 고중량안경을 써서 얼굴이 벌크업 된게 아닙니다
그냥 두개골이 큽니다...",174개
26,봉산딸춤,강아지가 주인이랑 똑같이 생김ㅋㅋㅋ 아니다 주인이 강아지랑 똑같이 생긴건가 ?,56개
27,WonjinKim,"흑자님께서 알면서도 차마 말을 아끼셨겠지만
단순히 타고난 골반을 가지고 사기를 친다는 사람들은
그 뛰어난 골반마저도 보형물 수술인게 대부분 입니다 ㅎㅎ",39개
28,JihoKim,"1:36 건담에서 나오는 악당체형

3:36 저는 남잔데 골반 넓은건 뭐죠..? 엉짱인가

5:49 뼈때리는 악당",2개
29,ladybug,내가 이래서 형을 좋아해 싫은 부분도 없는건 아니지만솔직하고 겸손이 깔려있거든,5개
30,,서양 누님들 운동하는거보면 답나옴 쇠질은 평등하다,352개
31,실시간,1:46 ㅋㅋㅋㅋㅋㅋㅋㅋㅋㅋㅋㅋㅋㅋㅋㅋㅋㅋㅋㅋㅋㅋㅋㅋ,5개
32,손혁주,2:18 그렇게 여성들과 대화조차 할 수 없는 얼굴을 만들었지만,3개
33,SangEunLee,"몸 예쁘게 만들려고 했던 노력들을 다 듣고 있으니, 마음고생 많이 했겠다 싶어서 좀 마음 아팠다.",2개
34,가산x지털x지,2:20 대화조차 할수 없는 몸이아니라 얼굴같은데요..,15개
35,오류브로스,"무조건 어깨좋아진다라고하면 말이안되지만
흑자님 어깨운동 이두운동 허벅지운동 이런 개인적인운동들이나 루틴은 알면 도움이될듯요

물론똑같이열심히한다고해서 성장이 다 다르겠지만 왠지 흑자님껀도윰이될듯",10개
36,EastphilNa,1:50 ㅠㅠ 못된 생각...,1개
37,김태현,형님 헬스 유튜버였습니까?? 시사&풍자&개그 유튜버였는줄... 헬스가 hell's 아니엇습니까??,11개
38,록리,"그래도 결혼했으니 승자네요,,,,,ㅠㅠ👍😭👍",3개
39,이준혁,"흑자님이 일으킨 작은 파도가 

헬린이 여성분들이 달콤한 거짓말만 해 주는

일부 여성 유투버들에게서 벗어나

올바른 시각을 갖고 성장하는 계기가 되었으면 합니다.",477개
40,욕전,"거짓으로 상품화를 만드는 사짜ㅅㄲ들에게 추천합니다. 개인적으로 요 근래 본 영상중에 ""으뜸""입니다.",7개
41,seulbeomlee,흑구 ㅋㅋㅋㅋㅋㅋㅋ 아 너무 귀여워 ㅋㅋㅋㅋ,1개
42,Black,와... 예전사진들 비교해서 보니 골격 자체가 다른사람 같아요 정말 신기하다,2개
43,,ㅇㅈ 제친구 서구형 체형인데 운동 한번도안해도 여자트레이너보다 엉덩이 더나오고 골반더넓음 타고남에차이는잇음 근육은 만들면되지만 ㅋㅋ,33개
44,어썸블리스AwesomeBLISS,"결국 얼굴은 몸에 붙어있죠 ㅋㅋㅋㅋ

오늘 영상 뼈때리는 영상이네요 ㅠㅜ",199개
45,쌈꾼,어쩜 이렇게 마음에 쏙들게 표현과 말을 잘할까♥,2개
46,전이강,0:39 이거 깜빵에서 찍은 사진인가요?,1개
47,NO17395방개,그 여자유투버 생각나네 ㅈ으로 시작하는ㅋㅋ 팩폭 굳,14개
48,Hazel,미국 뚱땡이 언니들은 운동 안해도 엉덩이가 하늘로 치솟아 있던데.. 타고나야지 그럼..,2개
49,경,"3:05 이거 진짜 맞는 말 아님? '커질수있는, 성장가능성이 있는 사람'이 과거에 작은 것도, 결국 타고나는 것임. 근데 자기가 과거에 작은 적이 있었다는 이유만으로 자기는 모든걸 노오력으로만 한거고, 타고난게 있단 소리 누가하면 자기 후려치는 거라고 하고...  좀 솔직해지면 어디가 덧나나...",200개
50,,1:31 오른쪽 사진 몸 좋은 브베?,1개
51,YG,대크운접이론을 깨고 모든 대두에 귀감이 되신분 위인임 ㄹㅇ,3개
52,Yakup,1:36 벌크업한 브베,17개
53,하루운동,"이미 세뇌 당할만큼 당해서 알려줘도 무의미하긴 해 ㅋㅋ
몸을 만들 지식을 찾는 게 아니라 합리화할 지식을 찾음",28개
54,김도현,알았으니까 그만해ㅠㅠ,2개
55,이상혁,진짜 헬스 유튜버 내 맘속 3픽 김계란 헬창 흑자헬스,27개
56,흠흠,2:18 개웃기넼ㅋㅋㅋㅋㅋㅋ,0개
57,이윤구,마지막에 흑구 ㅋㅋㅋㅋㅋㅋㅋㅋ 간식 반응보소,1개
58,GoSooIk고수익,이형님 맞는말 만 하는데 너무 웃긴다,1개
59,배기홍,ㅋㅋㅋㅋㅋㅋ 욕심부리고 있었는데 형덕분에 접었어.. 그냥 운둔하게 운동해야지,1개
60,tomorrow51374,"01:52 아니 형 팬보정 아니고 딘심으로 머리 다시 펌하면 안대여?..너무 꼬불한거 말고 저거 다음사진처럼
그 몸에 머리까지 이쁘게 세팅하면 섹시할 것 같은디...",2개
61,김씨,영상 끝나고 정우성 광고가 나온다 ㅋㅋㅋ,1개
62,Cutnia,00:35 부각!,0개
63,폭군만세,존나 열심히 운동하게 만드네ㅋㅋㅋ,1개
64,RoutineNyang,이 영상 안봤으면 또 속아서 온라인 피티로 ㅈㅇㅈㅇ 기부천사할뻔했네요 ㅠ,5개
65,원할머니보찜,0:35 와 진짜 사람 잘죽이게 생겼내,30개
66,리얼커피,2:20 진심 깜짝놀랬네.....,239개
67,로무새,흑자형도 얼굴가리닌깐 볼만하네,2개
68,멍멍개,결국 얼굴은 몸에 붙어있죠 ㅋㅋㅋ,1개
69,9miho,2:17 존나 멋있는데 ;;;,0개
70,오감자먹자,ㅋㅋㅋㅋㅋㅋㅋ진짜 형..가슴이 쳐졌엌ㅋㅋㅋ 완전 웃기넼ㅋㅋㅋㅋ깜놀햐짜너...,0개
71,DA,2:20 어떤운동을 하면 이런 무서운 안면근육을 가질수 있나요...?,105개
72,JACKTHEGIANTKILLER,어깨는 타고나는 거 호날두만 보면 알 수 있지..,1개
73,YSheryl,"저번에 댓글 단 내용에 대해 다뤄주셨네요! 속 시원합니다 ""나는 얇은 허리와 골반을 타고났고 이걸 운동을 통해 더 드라마틱하게 만든 것""이라고 설명하면 좋을 것을 ""운동으로 만든 몸매이고 힙딥을 채워 골반을 커보이게 할 수 있다""고 하니 아무리 운동을 해도 그렇게 안되니까 운동을 잘못하는것인가 회의감이 들더라구요 운동을 할수록 타고나지 않은 부분에 집착하게 돼서 힘들었는데 흑자님 변화 사진들 보고 더욱 동기부여 받고 갑니다!!!많은 여성분들이 이 영상을 봤으면 좋겠네요",55개
74,육헬리니,와이프가 특가 떴다고 언더아머 티셔츠를 주문했어요 ㅠㅠ 하... 삼대 500 쳐야겠네 이제,7개
75,꼬마비,ㅋㅋㅋㅋㅋㅋㅋㅋㅋㅋㅋㅋ아 개웃곀ㅋㅋㅋㅋㅋㅋㅋㅋㅋㅋㅋㅋㅋㅋㅋㅋㅋㅋㅋㅋㅋㅋㅋㅋㅋㅋㅋㅋㅋㅋㅋㅋㅋㅋㅋㅋㅋ얼굴과 몸은 붙어있대,0개
76,Blackwhite,"대한민국 헬스계의 임꺽정, 홍길동 같은 사람..",164개
77,태양inNYC,펌했을때 약간 박지성 선수 닮음ㅋㅋㅋ,0개
78,AntiEntropy,6:36 흑구 귀 뒤집어진거 귀여워~ 흑구 영상이나 좀 더 내놓으십쇼!,3개
79,jonghwanseo,"6:30 와 진짜 소름돋아서 오늘 밤새야겠습니다 
근손실나겠네요 책임지세요",0개
80,이석민,와 진짜 팩트폭행이십니다 시원하네요 ㅋㅋㅋ 인스타의 수많은 운동팔이들..,0개
81,HHHJJJ,0:29 ㅋㅋㅋㅋㅋㅋㅋㅋ브베아니냐 ㅋㅋㅋㅋㅋㅋㅋㅋㅋㅋ ㄹㅇ 운동한브벤데,0개
82,있는자없는자세상엔두가지부류가있지,2:42 드미트리 클로코프 선수네요 러시아 역도 105kg급 선수였죠 중량체급치고 몸이 아주 멋진 선수였습니다. 물론 역도자체도 너무나 잘한 선수였구요 꿈의 몸매죠,1개
83,원인수,6:07 멋져봤자 얼마나 멋지겠냐고 봤는데 클로징 멘트 역대급이네 진짜 멋지다 (멘트가),0개
84,유혀녹,흐윽그우~~~~~~ㅋㅋㅋㅋㅋㅋㅋㅋㅋㅋㅋㅋ,0개
85,박수혁,형 진짜 존나멋있어 ㅠㅠㅠㅠㅠㅠㅠㅠㅠㅠㅠㅠㅠㅠㅠㅠ,0개
86,공대빌더승타이거,진짜 이형은 팩트만 찝어주네 ㅋㅋㅋ 반박칠게없다...,0개
87,자리,아 마지막 너무 웃기네ㅋㅋㅋㅋ기,0개
88,정훈,와 디씨에서 보고 감탄햇던 1:04 이게 이분이었다니.. 와,1개
89,고양,형솔직히 팔이랑 다리 뺄수 있지? 다 알어,42개
90,갱식이,흑자형도 잘생겼어ㅠㅠ 꽤..,1개
91,이태희,형 뭔가 오늘 영상은 잘생겨보여,1개
92,tatchisch,2:05 형... 여자도 ‘만드는’ 거였어??? 🥺,0개
93,간단요리,형 다시 파마 가즈아....!!!!! 👍👍👍 흑자형 파마시키기 따봉 가즈아!!,1개
94,오태빈,"엄청나게 공감이 간다..
혹여나 이걸 보고 나는 운동해도 몸이 안커지려나 걱정하는 헬린이분들은 없길 바래요..
운동 안하는 것보다 하는 것이 분명히 조금이라도 넓어질거고 운동 안하는 몸보다 하는 몸이 훨씬 예쁠꺼니까 타고난 것은 어쩔수 없지만 운동 안하는 것보단 훨씬 좋을거에요",129개
95,fd,난 타고난자 박짜를 타고 등좡해,1개
96,독서와운동,4:53 ㅗㅜㅑ,0개
97,요비,ㅋㅋㅋㅋㅋ흑구 똑똑허네~~,0개
98,GyuuullY,그렇죠.. 비포 에프터 없는 유명하신 분 있잖아요 대한민국에서 엉덩이로 제일 유명한 그분,4개
99,Poong,운동으로 골반 커질수 있다고 말하는 사람들 비포 사진 보면 이미 허리 들어가있고 골반은 넓은 체형임ㅎㅎㅎ,89개
100,trash001,1:36 잘생겼었네,0개
101,수아의비디오,흑구 개졸귀 ㅠㅠㅠㅠㅠㅠㅠㅠㅠㅠㅠㅠㅠㅠ,0개
102,pionarlesmordo,U U 가슴 클라스 부럽 ㅋㅋㅋ,1개
103,철강팬티,"엇 그러고보니.. 헬스장 여성 트레이너분들도 다 엉짱은 아니던데. 밥먹고 운동만 하시는 여성분들인데, 인스타에 빵댕이 사진 올리는  여자들처럼 골반이 옆으로 빵빵하지 않은 경우가 있는것 같아요.",3개
104,EstherJ,흑구 귀여워..ㅜㅜ,0개
105,이철,흑구 기지개 ㄹㅇ사람같눜ㅋㅋㅋㅋㅋㅋㅋㅋㅋㅋㅋㅋㅋㅋㅋ,0개
106,BLUEKING,흑구 ㄱ귀여웧ㅎㅎㅎㅎ,0개
107,JPush,1:46 그래서 내가 연애 안함 ;; 못된 생각 집어치워,0개
108,SangYo,6:21 흑구다 흑구... 흑구가 낙타났다...!!,0개
109,JBMAX,흑두 귀엽누 ㅋㅋㅋㅋㅋㅋ,1개
110,davidcho,형약간 잘생기고 인생에대한 확신뚜렷한 브베닮은것같음..,1개
111,순욱,5:40 ㅋㅋㅋㅋ웃프네요.,0개
112,보리,ㅋㅋㅋㅋㅋㅋ패근ㅋㅋㅋㅋㅋㅋ포기 너무웃겨요,0개
113,정윤환,1:59 ㅠㅠㅠㅠㅋㅋㅋㅋㅋ 같이 운동 열심히 해요 ㅠㅠㅠㅎㅎㅎㅎ ㅠㅠ,0개
114,꿀,5:48 시팔 담배나 한 대 피워야겠다,0개
115,카일의새벽5시맨몸운동성장기,형..미안한데 몸만은 아닌거 같아...,1개
116,흑인,"2:45 
모든 남자들의 꿈 
은메달리스트가 금메달 보다 유명한 선수",11개
117,UhAk,"형, 이마 깐게 더 멋있다.",1개
118,한상현,에라잌ㅋㅋㅋㅋㅋㅋ,0개
119,이승환,"다 필요없고 인스타에 ooo 트레이너 플랜 이러고 어그로 끄는 인스타트레이너들 제발 좀 믿지마세요 여자 인스타 들도 좀..제발 외모에 낚이지 말라고 ㅠ
대표적으로 우 ㄷ, 여자 트레이너 은ㄱ 특히 두 명보고 혹해서 몇기 몇기해서 좀 낚이지 말라고!!!@",2개
120,멍청맨nuttymonkeyMONKeyINGDOM,크리스폴 엉덩이는 타고난거였군요ㅋㅋㅋ,0개
121,신영재,"흑자는 자기 객관화가 과하다 싶을정도로 돼있는 유튜버라서 좋아
그렇다고 자기 비관이 심하지도 않고.
근데 형, 형 충분히 멋있는거 알지?
.
.
.
구라야",54개
122,klaymuddy,"형 고마워 ㅜ,ㅜ 흑구 오래보여줘서 흑구 털 진짜 윤기난다 재밌는 콘텐츠 만들어줘서 고마웡",0개
123,관짝엉덩이짝짝,흑자님 볼때마다 표정이 불쌍해보여ㅋㅋㅋㅋ,0개
124,아빠홈트,형 그래도 몸과 얼굴 매칭 잘 되 자신감을 가져,1개
125,임수정,"논리 진짜ㅋㅋㅋㅋㅋㅋ 배우고싶다 ,,,",0개
126,사이결튜브SIGYOLTUBE,"형이 말해줬으니까 당당히 말할게...! 여러분 저는 체지방이 타고나서 맨몸 운동만으로 엉짱이 가능한 겁니다. 타고난 마른? 엉덩이는 살크업부터 해야 운동해야 애플힙도 되는것 같음... 많이 많이 먹고 옛날의 저처럼 돼지가 되어 엉덩이 지방 먼저 찌워보세요 먹을땐 행복했는데....
+저거랑 별개지만 타고난게 없이 골좁이어도 엉덩이 업운동&허리 쉐입 잡아서 타고난 몸 극복 해서 환골탈태하는 사람 여럿봄... 노력으로 안되는 것은 없나봅니다.
+ 댓글 근데 제가봐도 재수없는데 어그로끌라고 쓴거임 ㅎ 흑자형!!! 나즘 봐줘라!!!!!!이 초라한 헬린이를 기억해조!!! 이래야 형이 봐줄것같았어..",44개
127,LevelUp,참 말 잘하셔 ㅋㅋㅋㅋ,0개
128,연피리,0:30 강형욱 아저씨?...,0개
129,박정규,ㅋㅋㅋㅋ 간식에 화들짝,0개
130,beardollblack,2:05 저도 깨달았습니다...,0개
131,JeonSeongYoon,2:17 형이 잘생겨보이는데요... 큰일났다,12개
132,Hohoo,중둔근운동 백날해도 골반 안넓어지더랔ㅋㅋ,2개
133,이동규,형!!너무 멋있는 것 같아서 구독 누르고 갑니다!! 사랑합니다~~💙💙💙,0개
134,칠성,하ㅋㅋㅋㅋㅋ헬스하라는거야 말리는거야ㅋㅋㅋㅋ,0개
135,홍홍홍홍홍홍시사랑,흑구 간식먹을까~? 에 반응하는거 넘 귀여워여 ㅠㅠ 힝,0개
136,통닭노랑,2:40 꿈꿔 온 몸이 근육만을 말하는게 아닐수도 있단 생각을 함,0개
137,THR,형 헬스유튜버 아니잖아....ㅠ ㅠㅠㅠㅠㅠㅠ,0개
138,김인태,2:20 존나깜짝놀랐네,0개
139,RC,5:11 맞는말,0개
140,강도올,5:40 시이발^,88개
141,김근영,흑구 ㄹㅈㄷ ㅋㅋㅋㅋㅋㅋ,0개
142,문재앙간첩,"타고남을 탓할 시간에 그냥 쿨하게 인정하고 운동합시다!!!!!!!!!
light weight baby!!!!!!!!!!!!",2개
143,강지원,"요세 기운이 많이 빠지신거 같아요ㅠㅠ
다시 박력 있는 하이톤 들려주세요ㅠㅠ",0개
144,이충민,2:25 와,0개
145,아이언,딱 봐도 제이제이 저격이네,35개
146,지니,흑구 ㅜ 너무귀여워.. 이름은 간식먹을까 별명은 흑구,0개
147,a딸바조아,흑구 귀여워♡,0개
148,HJLee,와 형 오늘 진짜 ㄹㅇ 개 멋있다,0개
149,코코볼기본세그릇,2:19 대신 30만 남성들과 대화를 할수 있게 됐지,0개
150,김재원,몸이 얼굴에 붙어있죠 넘 슬퍼요ㅠㅠㅠㅠㅠㅠㅠㅠㅠ 무슨 말씀을 그리...,0개
151,하민수,4:51 누구임..?,0개
152,행복의나라로,0:38 왼쪽 건강한 브베..?,0개
153,동구김,아 속이 시원하다 이맛에 흑자영상 본다ㅋㅋ,0개
154,yyyy,흑구 타고난거 같은데 ㅋㅋㅋㅋㅋㅋ 근육 보소,30개
155,김희영,진짜맞는말만해주셔서 속이시원해요~~~~,0개
156,SteveLee,형 근데 옛날에도 체지방관리하겠다고 했는데 ? ㅋㅋㅋㅋㅋㅋㅋㅋㅋㅋㅋ,0개
157,HanJang,타고나지 않았으면 타고난 사람 만큼은 안되도 비슷하게라도 가기위해 더 노력하자는 말씀이시죠? 저도 동의는 하고 있었는데 전문가한테 이렇게 들으니 뭔가 슬프기도 하네요ㅠㅠ,8개
158,우,아.씨.귀엽다...흑자라는 이름부터 귀여움이~넘쳐~흘러~!~!~,0개
159,운동하는고등학생헬린이성장일기,2:57 형 농담이 아니라 진짜 잘생겨보이는데요??,67개
