﻿,youtube_id,comment,like_num
0,흑자헬스SurplusHealth,"아메리칸 헤리티지를 담은 흑자헬스를 위한 일상복!
https://staygolden.co.kr/",424개
1,헬창TV,헐ㅋㅋㅋㅋㅋ형님 감사합니다 ㅋㅋㅋㅋㅋㅋㅋ 그런 이유로 드린건 아닙니다 ....ㅋㅋㅋㅋㅋㅋㅋㅋ 근데... 참.....감사합니다 형님...,184개
2,HaryP,흑자헬스님 조명 좀.....멋지긴 하지만 진짜 무서워요 ㅠㅠㅠ 근데 확실히 몸통이 크니까 옷이 좋아보이네요 근데 그래도 무서워,337개
3,minminminmin,1:13 하.. ㅅㅂ 한대때려주고싶은데 덩치가 너무커서 걍 내눈을 때린다,197개
4,CAPRISUN,아진짜 뭐짘ㅋㅋㅋㅋㅋㅋㅋ 옷도 예쁘고 몸도 좋은데 뭐가 문제지ㅋㅋㅋㅋㅋㅋㅋㅋㅋ,44개
5,금수강산ANIMALWORLD,1:10 치명적인 여성유튜버 나오니까 다들 꼭 보세요,57개
6,물수제비,뭔가 형이 섬네일 같은 표정으로 패션쇼라고 하니까 사람 가죽 벗겨서 입을 것 같아,419개
7,박춘봉,"1:10 개웃긴게 반대편에 동생이 지켜보고있음에도 저런 상황극을 한다는 거ㅋㅋㅋㅋ 
흑자헬스는 진짜 유튜버다 ㅋㅋㅋ",204개
8,이브,"남자가 봐도 개무섭다..
스릴러와 코미디를 합친 흑자헬스..
독보적이다ㅋㅋㅋㅋㅋㅋㅋ",27개
9,DdAa,흑자헬스를 보면서 나도 모르게 눈을 까는 자신을 발견하게 된다,6개
10,2301CHUNGETHAN,2:03 왼손에 디아블로 ㅅㅂㅋㅋㅋㅋㅋㅋㅋㅋ 악마 소환사냐고 ㅋㅋㅋㅋㅋㅋㅋㅋㅋㅋㅋ,77개
11,JunSungKim,"1년후 헬창형님의 인터뷰 :"" 내가 그때 흑자에 옷을 보냈던게... 옷 사업의 마지막이 될줄은 몰랐지 후후.. """,37개
12,무의미,3:47의 영화는 미안하다사랑한다가 아니라 오직그대만 이군요.. 소지섭 한효주주연의.. 군대에서 재밌게봤던 기억이납니다,3개
13,ok,2:59 뭐지 옷이작은건가 이런느낌이 아니였는데..,93개
14,방랑자,"기분이 좋은 톤인가...?




첫 번째 핏 보고 구독 한 번 더 누를 뻔했다",63개
15,준영,1:11 거울에 스팸인간 표정관리 실패 ㅋㅋㅋㅋ,61개
16,이경택,아씨...마지막에 긴장을 풀었다가......ㅋㅋㅋㅋㅋㅋㅋㅋㅋㅋㅋㅋㅋㅋㅋㅋㅋㅋㅋㅋㅋ,18개
17,번개오소리,3:20 이 장면은 내가 해당장면을 구라안치고 10번봤음에도 알아차리지 못하였고 해당장면을 본 후에도 결코 이해하지 못하였다,10개
18,YuyuKim,1:08 뒤에 남자 귀신인 줄,3개
19,김성은,1:00 형 진짜 무슨 만렙전사 고인물 캐릭터가 뉴비 코스프레하는 것 같아,312개
20,서트릿,"우와 근데 몸이 진짜 크시긴 하네요ㅋㅋㅋ
10XLㅋㅋㅋ 그리고 옷 설명 비유가 너무 적절하시네요 ㅋㅋㅋ",51개
21,Freakiest,0:53 시이발 이건 멕이는 거지ㅋㅋㅋ 밥먹다가 깜짝놀랐네,3개
22,마이네임이즈,0:01 기분 좋은거 맞아?? ㄷㄷㄷ,17개
23,조준호,0:52 ㅈㄴ 웃기네 진짜 ㅋㅋㅋㅋㅋㅋㅋㅋㅋㅋㅋㅋㅋ,38개
24,UniversalVoice,"한동안 연쇄살인마에서 노상강도 수준으로 인상이 좋아졌다고 생각했는데... 철회해야겠다
이번 썸넬은 10명 정도 산 채로 묻고도 안 잡혀서 경찰한테 도발까지 하는 세기의 연쇄살인마 같아요...ㄷㄷ",164개
25,EeEe,0:58 마 진짜ㅋㅋㅋㅋㅋㅋㅋㅋ 진짜 네모로봇같미샘겼네ㅋㅋㅋㅋㅋ맠ㅋㅋㅋㅋㅋ,4개
26,MyeungjinPark,"3:18
오늘도 너무 귀여운 간식머그까의 모습",10개
27,김병수,형 도대체 원하는게 뭐야 ㅋㅋㅋㅋ 선물받은거 자랑 하는것 같은데 ㅋㅋㅋ 창피함은 우리의 몫으로 주는 ㅈ...,15개
28,에고,0:47 미친거냐고ㅋㅋㅋㅋㅋㅋㅋㅋㅋㅋㅋㅋㅋㅋㅋㅋㅋㅋㅋㅋ,3개
29,dongjuyou,은혜를 원수로 갚는 흑자헬스,64개
30,추너,00:52 아니 형 제발 깜빡이좀.....,26개
31,싹다덤벨가져와,3:03 등ㅈㄴ넓다... 하고잇었는데 존나 웃었다,4개
32,조재훈10년전,1:53 형 코난에 나오는 범인룩 같아!,6개
33,뿜뿜,기분이 한번만 더 좋았다간....ㅋㅋㅋㅋ,3개
34,김재환,운동은 안하지만 회비드릴게요ㅜㅜㅜㅜ,8개
35,wannaberichMe,"1:13 미친 ㅋㅋㅋㅋㅋㅋㅋㅋㅋㅋㅋㅋ
형 영상 중에 가장 무서운 장면이였어",5개
36,FesefTrd4,1:09 와 여성분 ㅗㅜㅑ;,12개
37,fe2o,"ㅋㅋㄱㄱㄱㄱ아니분명 헬창님이 입을땐예뻣는데.....,,..,,.",5개
38,DJ하와와,"[흑자 형 이번 패션 컨셉 요약]
 

1:08 탈출하는 용도로 바지를 사용한 탈옥범
1:22 교도소 출소 후 스스로 절로 들어간 폭력 전과자
1:48 특수 재질의 옷으로 구속했지만 그것을 풀고 결국 탈출한 연쇄살인범

2:54 민간인 살해로 특수부대 불명예 전역 후, 피냄새를 잊지 못해 스스로 전장에 뛰어드는 위험한 용병
4:14 테러 단체 수장의 범죄 예고 영상",193개
39,SamiRoh,"근데 흑자형 가만보니까....





흑자형 개그맨 문천식씨 닮은듯ㅋㅋㅋㅋㅋㅋㅋㅋㅋㅋㅋㅋㅋㅋㅋㅋㅋㅋㅋ ㅇㅈ?ㅋㅋㅋㅋ",12개
40,세민tv,1:21 케틀벨들고 하면 더 웃겼을 듯ㅋㅋㅋ,1개
41,비왕,2:06 머슬브베 중대노,2개
42,이도헌,4:21 형님 홍보 두번했다가는 인중에 마사지건쏠거 같습니다;;,1개
43,강성민,0:54 보고 있는데 어머니가 갑자기 들어오셔서 후다닥 야동 틀었습니다. 식겁했네요 휴;,47개
44,mctop001,진짜 흑자친구 개 팬인데 와꾸는 진짜 살인마 최적화다,3개
45,사람,디아블로 캐릭터 선택할때 바바리안 고르면 이 형 나올것같아ㅋㅋㅋ,20개
46,이종현,근데 이형 얼굴 잘 보면 잘생겼는데.. 약간 무섭게생긴 잘생긴상이라해야하나? 무튼 잘생겨보임.,11개
47,강덕우,0:53 1시 방향 표정 보솤ㅋㅋㅋ,1개
48,흔한이름,불교 옷은 진짜 레전드다 패션 잡지에 나오는 분들은 괜히 모델이 아니었어,103개
49,고양이바우와아기들,"1:14
생명의 위협을 받았습니다.",1개
50,작은빌더정권Tinybuilder,ㅋㅋㅋㅋㅋㅋㅋㅋㅋㅋㅋ대신 회비떼어드립니다ㅋㅋㅋㅋㅋ,5개
51,양먹새,2:12 와 순간 지갑 찾고 있었네 아 ㅋㅋ,1개
52,헬린TV헬린이의예체능,ㅋㅋㅋㅋ대박ㅋㅋㅋㅋ역대급이다🤣🤣,2개
53,이건혁,형 썸넬이 너무 섬뜩해서 등에 소름이 쫙 돋았어. 그러는김에 오늘은 등운동을 할게^^,102개
54,나무,아나 오직그대만 내가 개좋아하는영환디ㅜㅋㅋㅋㅋㅋㅋㅋㅋㅋㅋㅋㅋㅋㅋㅋㅋㅋㅋㅋㅋㅋㅋㅋ개터졋네,1개
55,안진우,10xlㅋㅋㅋㅋㅋㅋㅋㅋ아 드러❤️,3개
56,내머리위엔콰빈끼,ㅋㄱㄱㄱㅋㅋㅋㅋㄱㄲㅋㅋㅋㅋㅋ뭔가 근엄한데 개웃겨ㅋㅋㅋㅋㅋ,1개
57,마이야매취미생활,0:52 으악 이 미친형아얔ㅋㅋㅋㅋㅋㅋㅋㅋㅋㅋㅋㅋㅋㅋㅋㅋㅋㅋㅋㅋㅋㅋㅋㅋㅋㅋㅋㅋㅋㅋㅋㅋㅋㅋㅋㅋㅋㅋㅋㅋㅋㅋㅋㅋㅋㅋㅋㅋㅋㅋㅋㅋㅋㅋㅋㅋㅋㅋㅋㅋㅋㅋㅋㅋ 찐텐으로 터졌ㅁ넼ㅋㅋㅋㅋㅋㅋㅋㅋㅋㅋㅋㅋㅋ,0개
58,KP,형 진짜 왜 점점 잘생겨지냐고!!! 초심 잃지마 ㅡㅡ,2개
59,JeongminKIM,와..오래 된 드립이 떠오른다 안본 눈 삽니다!!,1개
60,나랑친구할사람찾습니다,01:00 여친룩 아웃 !!!!!!!!!!!!!!!!!!!!!!!!!,1개
61,김예지,3:17 여기 나만 안내견 앞에서 쓰러지는 연기하는 기자 생각나나ㅋㅋㅋㅋㅋㅋㅋㅋㅋㅋㅋㅋ,0개
62,Lapiz연필,하룻밤 묵은 여친룩... ㅋㅋㅋㅋㅋㅋㅋㅋㅋㅋㅋㅋ 대박이에요. ㅜㅜㅜㅜㅜㅜ 역시 흑자님을 공채 개그맨으로 방송국으로 보내야할듯한.... !,65개
63,Itisdestiny,"1:14
진짜 ㅅㅂ 힘만 안쎘으면 죽빵 한대 꽂고 싶은데 차마 덤빌 엄두가 안난다",0개
64,SkyWalker,3:20 흑구 엉덩이 보소 ㅋㅋㅋ 귀여워 죽것네 아주,0개
65,KMSGHOST,0:52 중간에 위에 스팸인간 얼굴비친거 ㅋㅋㅋㅋㅋ 살찐 모아이석상같네,0개
66,묵묵,1:10 진짜 평소 흑자님 닮았다는 소리 많이 들었는데 이 장면 보고 자기혐오에 빠졌습니다,0개
67,ssong5,형~ 한글 전혀 모르는 외국인이 보면 자해공갈단 강의 영상인줄 알겠어ㅜ,158개
68,Rizelin,04:00 형.. 막 뒷목잡고 치료비 청구하는 거 아니지? ㄷ,1개
69,옆집요리사,아 ㅋㅋㅋㅋ 역대급으로 웃긴 영상 이네욬ㅋㅋㅋㅋㅋㅋㅋ,1개
70,요약해줌,1:12아 진짜싫엌ㅋㅋㅋㅋㅋㅋㅋㅋㅋㅋㅋㅋㅋㅋㅋㅋㅋㅋ,0개
71,김정윤,0:00 기분 좋은거 맞죠?,1개
72,가난했던흙수저가20억만든썰검마TV,2:03 이건 연기가 아니다 ㅋㅋ,134개
73,이상범,ㅋㅋㅋㅋㅋㅋㅋㅋㅋㅋㅋㅋㅋㅋㅋㅋㅋㅋ𐌅 진짜 개웃기다 ㅋㅋㅋ,0개
74,노영민,"4:30 덩치큰 김희재 같다
ㅋㅋㅋㅋㅋㅋㅋㅋㅋㅋ",0개
75,SEPark,잘못했어요 ㅠㅠ,2개
76,예써,아진짜ㅋㅋ댓글안달라그했는데ㅋㅋㅋ너무웃겨서 달구감ㅋㅋ흑자님 개죠아ㅋㅋ흑구도,0개
77,EspressoGold,1:09 육성으로 '미친놈' 절로 튀어나왔다 ㅋㅋㅋ,86개
78,이아,1:07 오른쪽 상단에 귀신인줄 알고 지릴 뻔 했다가 형님 보고 지려버렸습니다,0개
79,Flexim,아 ㅋㅋㅋㅋ 1분 15초까지 보고 껏어 너무 짜증나 ㅠㅠ,1개
80,YeonJason,01:30 케틀벨을 들고 쳤으면 더 좋았을 것 같아 형,0개
81,김덕경,1:10 아유 X발 개 놀랫잖앜ㅋㅋㅋㅋㅋㅋㅋ,0개
82,채슈퍼매직슈,ㅋㅋㅋㅋㅋㅋㅋ하의실종 많이 야해 보이지만 몸이 좋으니 잘 어울리네요 ㅋㅋㅋㅋ,0개
83,뿔보,오늘 영상ㅋㅋㅋㅋㅋㅋㅆ 먹어야 될 약을 못드신 거 같애ㅋㅋㅋㅋㅋㅋㅋㅋㅋㅋ텐션 미쳤네,1개
84,아무게김,1:08 진짜 와씨..,0개
85,사탄들의학교에루시퍼의등장이라,0:54 ''able'',0개
86,ddinee,아 너무 웃겨욬ㅋㅋㅋㅋㅋㅋㅋㅋㅋ,1개
87,kun0192,4:27 아니 창 밖에 차 지나가는 겈ㅋㅋㅋㅋㅋㅋㅋ,0개
88,SoojinLee,1:24 태고의 달인 ㅋㅋㅋ🥁,0개
89,,1:41 흑요석 말파이트,1개
90,이윤직,옷은 예쁜데 흑자는 언더아머 협찬을 꿈꾼다?! 하의 아니 예의 실종 ㅋㅋㅋ,116개
91,까마귀,흑자 진짜 ㅈㄴ웃기네ㅋㅋㅋㅋㅋㅋㅋㅋㄱㄲㅋㅋㅋㅋㅋㅋㄱㅋㄱㅋ,0개
92,구성원,2:06 디아블로2 ㅋㅋㅋㅋㅋㅋ,0개
93,주니어로니콜먼,"""Cute""",26개
94,남선,1:17 이여~~ 삼장법사 두둘겨 팰꺼같은 싸움짱법사같네~,0개
95,이사람,1:18 러시아 군밤장수 같습니다 형님,0개
96,김진서,위에 스팸인간 존나웃기네ㅋㅋㅋㅋㅋㅋㅋㅋㅋㅋ,1개
97,냠냠밥,3:20 헐 멍멍이 많이 컸다!!!,0개
98,TalePoison,아 ㅋㅋㅋㅋㅋㅋㅋㅋㅋㅋㅋㅋ첨부터 존나놀랬내 ㅋㅋㅋㅋㅋㅋㅋㅋㅋㅋㅋㅋㅋㅋㅋㅋㅋ,0개
99,SunO,0:07 기분 좋은 표정 ㅅㅂ ㅋㅋㅋ,56개
100,짐구경GymGooGyeong,1:13 뭐가 안된다는거야 ㅋㅋㅋㅋㅋㅋㅋㅋㅋ,0개
101,부산상여자,0:57 앜ㅋㅋㅋㅋㅋ 내눈.. 남자만보세여,0개
102,전국카마인,"0:55 거울에 ,,, ㄷㄷ,,",0개
103,SAEBOMJEONG,1:13 충격적이야...,0개
104,suj,진짜 오늘 줫나 웃기네 ㅋㅋㅋㅋ,0개
105,찐,1:02 상단  오른쪽  누구야 개깜놀햇네 ㅋㅋㅋㅋ,0개
106,뽕따,앜ㅋㅋㅋㅋㅋ 형 사랑해♥,0개
107,언리미티드,0:44 중앙 상단의 거울을 잘보면 과거의 흑자헬스를 닮은 누군가가 있다.,0개
108,유혹,진짜 존나 귀엽다 레고인간 ㅋㅋㅋ,0개
109,헬작,적디금 눙이란보려서 감으로 트자치로 잇른데 오타없겠ㅈㅎ?,1개
110,장준호,1:10 진짜 짜증난다;;,13개
111,하이엘보,"ㅋㅋㅋㅋㅋㅋ아진짜 형 너무 웃겨요 ㅠㅜ
와나 ㅋㅋㅋ이영상 레전드다 ㅋㅋㅋㅋ
형 최고야^^",0개
112,김종률,스팸인간 하의실종 패션 무표정으로 찍고있는거 킬포,33개
113,이병진,ㅋㅋㅋㅋㅋ 진짜ㅋㅋㅋㅋ,0개
114,빳빳맨,"02:53
월드오브워크레프트 인간남케  같다",0개
115,마구로,아니 진짜 어디가 문제인지 모르겠다ㅋㅋㅋㅋㅋㅋ 옷이 문제인지 옷걸이가 문제인지ㅋㅋㅋㅋㅋㅋㅋ...,0개
116,디스씬,리얼깡패다...  경찰아저씨 여기에요~,1개
117,뽀족머리삼돌이,(대충 저번에 얼평때 죽고 싶지않아서 보낸 뇌물),94개
118,YCJ,1:33 코어 안하면 니 가죽벗겨서 북(?)하나 더 만들겟다는 표정인데요.,0개
119,JasonKwon,0:52 으악~~!,0개
120,삐랄,썸네일 진짜 싸발적이네 ㅋㅋㅋㅋㅋㅋㅋㅋㅋ,0개
121,전범석,형님 하체 보여주실때 깜짝 놀랐습니다 ㅋㅋㅋㅋㅋㅋ,0개
122,원태,형 시작할때 너무 놀랐어 무서워ㅠㅠㅠ,21개
123,마노,0:52 아으,0개
124,MathematicsGeometry,오ㅅㅂ ㅋㅋㅋㅋㅋㅋㅋㅋㅋㅋㅋㅋㅋㅋ시작부터 형 너무 가까워 ㅋㅋㅋㅋㅈㄴ 무서워,0개
125,류호형,거울에 사람 서있는거 너무 웃겨 ㅋㅋㅋㅋㅋㅋㅋㅋㅋㅋㅋㅋㅋㅋㅋㅋㅋㅋㅋㅋㅋㅋㅋㅋㅋㅋㅋㅋ,0개
126,뭉이몽,ㅋㅋㅋㅋㅋㅋ형도 드디어 남챙이 됐구나!,0개
127,precioso,플랭크하면서 보다가........웃겨서 디스크 터질뻔함ㅋㅋㅋㅋㅋㅋㅋㅋㅋㅋㅋ,0개
128,김형우,0:53 어지간하면 욕안하는데 나도모르게 입술이 씰룩,0개
129,부산큰고래,홍보 맞나욬ㅋㅋㄱㅋㅋㅋㅋㅋ,0개
130,작명,개골때리넼ㅋㅋㅋㅋㅋㅋㅌㅋㅋㅋㅋ,0개
131,망고,00:58 위에 스팸형님 등판ㅋㅋㅋㅋㅋㅋ,0개
132,콩이먹방Tv,ㅋㅋㅋㅋㅋㅋ너무웃경ㅋㅋ,0개
133,JoffA,이형 너무 무섭다 ㅋㅋㅋㅋㅋㅋㅋㅋㅋㅋㅋㅋㅋㅋㅋㅋㅋㅋㅋㅋㅋㅋㅋㅋㅋㅋㅋㅋㅋㅋㅋㅋㅋㅋㅋㅋㅋㅋㅋㅋㅋㅋㅋ,0개
134,로도,3:04 자크,0개
135,TrailBlood,"누가 레깅스 좀 보내줘라




앵모새 보고 싶다",48개
136,OffWhite,1:11 킬포,0개
137,KRHornmaru,4:13 사망선고,0개
138,쏭쏭,아니 종아리는 또 왜케 이뻨ㅋㅋㅋㅋㅋㅋㅋㅋㅋㅋㅋㅋㅋㅋㅋㅋㅋㅋㅋㅋㅋㅋㅋㅋ,0개
139,OH르막길,ㅋㅋㅋㅋㅋㅋ마지막개웃기넼ㅋㅋㅋ,0개
140,꿀단지,"2:05 ㅋㅋㅋㅋㅋㅋㅋㅋㅋㅋㅋ
4:11 이건 좀;  (절레) (절레)",0개
141,손정우,0:01 형 고맙다매... 왜 화가 나있어 ㅜㅜ,0개
142,SuBinAn,나진짜 ㅋㅋㅋㅋㅋㅋㅋㅋㅋ  아ㅋㅋㅋㅋㅋㅋㅋ ㅅㅂㅋㅋㅋㅋㅋㅋ,0개
143,마시따냠냠,아니 이 분 개그욕심이 너무 많으셔ㅋㅋㅋㅋㅋㅋㅋ,0개
144,01rnqkf,예전에 헬창 TV에서 외국인미녀 나와서 헬스 유튜버 외모 평가 할때 흑자님이 가장 잘생긴 유튜브 편에 마지막 언급이 아닌 안나오면 죽인다고 협박해서 봐달라고 보낸게 아닐까요 ㅋㅋ,60개
145,정민영,3:38 계속 보니까 닮긴 했어,0개
146,SaeByeol별핏티비,ㅋㅋㅋ영상 너무 웃긴데 이와중에 다 잘 어울리시는건 뭐죠?,0개
147,쏭쏭,아 미치겟닼ㅋㅋㅋㅋㅋㅋㅋㅋㅋㅋㅋㅋㅋㅋㅋㅋㅋㅋㅋㅋㅋㅋㅋㅋㅋㅋㅋㅋㅋㅋㅋㅋㅋㅋㅋㅋㅋㅋㅋㅋㅋㅋㅋㅋㅋㅋㅋㅋ,0개
148,정원,1:21 여기서 케틀벨로 했어야지... 상당히 실망스럽습니다,0개
149,이셩,와... 한 씬 한 씬 넘어갈 때 마다 X발이... 나올 수가 있지....  진짜 실제로 봤음 눈도 못 보고 그냥 땅만 보고 다녔겠다..,14개
150,지옥불카레빵,ㅋㅋㅋㅋㅋㅋㅋㅋ아시발ㅋㅋㅋㅋㅋㅋㅋㅋㅋㅋ,0개
151,해병,형 이번영상이 제일 클릭하기싫었어 ㅠㅠ 형 입는옷이 궁금할리 없잖아 데헷,1개
152,설동만,ㅋㅋㅋㅋㅋㅋㅋㅋㅋㅋㅋㅋㅋㅋㅋㅋㅋ 아 개 빵터지넹 ㅋㅋㅋ,0개
153,소중한,4:13 아ㅡㅡ,0개
154,OAOOVO,앜ㅋㅋㅋㅋㅋ태고의 달인 북으로 스님을ㅋㅋㅋㅋㅋ,0개
155,초록딱지,1:12 가능,0개
156,이잉,1:52 어케아노,0개
157,HyeonseokJo,0:50 12시 방향에 유령인가 했는데 스팸인간이었어 ㅋㅋㅋㅋㅋㅋㅋㅋㅋㅋㅋㅋㅋㅋㅋㅋㅋㅋㅋ,0개
158,최원석,헬창티비 지능적 안티인가요?,36개
159,지현,개웃기네ㅋㅋㅋㅋㅋㅋㅋㅋㅋㅋㅋㅋ,0개
