﻿,youtube_id,comment,like_num
0,흑자헬스SurplusHealth,"[아이언맥스 보충제] http://www.ironmaxx.co.kr/ 
할인코드 'Black'
 
[미트리 닭가슴살]  https://metree.co.kr/index/index.php?sponsor=100103454
추천 코드:100103454 
 
운동 전 부스터 음료 [고릴라밤]  movemore.co.kr
할인코드 : surplus",90개
1,바키격투맨,"솔직히 국위선양도 없음. 리우올림픽 금메달 개수 기억하는 사람? 메달리스트 당장 떠오름? 
국위선양이라면  다른나라 메달리스트 중 아는사람 몇명이나 있음? 
솔까 국뽕도 그냥 국내용 국뽕임",19개
2,김동훈,국뽕팔이가 지금도 통하는 한국. 건강한 비판조차 용납을 할 수 없는 게 안타깝네요. 흑자형 일침 졸잼 이런거 좋아,527개
3,JinwooKim,"재밌는 영상도 좋지만, 이런 영상이 정말 진국이다.
어릴때부터 운동을 좋아해서 체고 체대, 혹은 체육계열 학과를 추천받은 적이 종종 있었는데, 나는 가지 못했다.
너무 무서웠기 때문. 
초딩때 처음 출전한 태권도 대회에서, 어떤 코치가 12~13살 남짓 되어보이는 어린선수에게 싸대기 풀스윙으로 때리는 걸 봤다.
그 어린애가 맞은 이유는 경기에서 져서... 
당시에는 지면 맞고, 성과가 부진하면 맞고 아무튼 비인간적인 대접이 당연했다.
내가 대학에 입학했을때도 그러한 분위기는 쉽게 바뀌질 않더라. 
내가 다니던 지방대의 체육학과는 1학년 학기초 자퇴율이 높았다.
자퇴율이 높으면 그걸 학과내에서 부끄러워해야하는데, 오히려 자퇴한 학생들을 멘탈이 약하다며 비난하더라.
도저히 정상이 아니라는 생각이 들었다. 동시에 내가 체육계열을 선택하지 않았음에 안도했다.
모든 운동이 소수의 엘리트 위주로 돌아간다. 
엘리트 체육은 소수만이 누릴 수 있는 특권이자, 인자강이 아니면 도태될 수 밖에 없는 잔인한 시스템이다.
올림픽에서 많은 금메달을 획득한들, 그것이 수많은 운동인들의 절망과 고통으로 이루어진 것이라면 
마냥 좋게만 볼 수는 없을 것 같다.
성과위주의 엘리트 스포츠에서 결과만 잘나오면 용서받는다는 분위기는 스포츠 시장을 망친다.
문제를 일으킨 야구선수가 '야구로 보답하겠다'는 말을 한 적이 있다.
문제를 일으킨 가수가 '좋은 노래로 보답하겠다' 는 말을 했는데, 그것과 겹쳐보이더라.
야구건, 노래건 자신의 일이기에 당연히 해야하는 부분인데, 성과만 내면 잘못이 묻히니까 저런 말을 하는거겠지.
내 자식이 인성이 어찌되건, 성적만 잘나오면 되고, 명문대만 가면되고, 대기업만 가면 된다는 잘못된 부모의 시각으로
예체능인들을 바라보고 있었던 건 아닌가 싶다.
소수만이 인정받고 다수는 당연히 패배자의 길을 걷게 만드는 시스템이 과연 옳은 길인가? 하는 문제를
흑자님이 잘 지적해줬다고 생각한다.


예전에 허영만 작가님의 '꼴'에서 냉철한 인간의 상? 아무튼 그런 관상을 설명하는 에피소드가 생각난다.
활 잘 쏘는 캐릭터가 나왔는데, 실력은 좋으나 관상학적으로 정이 많고 냉정함이 부족해 사람을 못죽이는 그런 관상이었다.
그래서 전쟁에서 공을 세울수 없어 좌절하는 모습으로 그려졌다.
활을 잘 쏘더라도 냉혹함이 부족한 자는 전쟁에서 사람을 죽일 수 없다. 
이런 자는 아무리 활을 잘 쏴도 실력을 발휘하기 힘들다~ 뭐 이런식의 설명이 있었다.
'그래 뭐 당연하지~전쟁에 써먹지 못하는 활솜씨가 무슨 소용이 있겠어.' 생각하며 스크롤을 내렸는데
댓글창에 신박한 글이 있었다.
 '굳이 전쟁에서 공을 세워야하나? 저 활솜씨를 잘 살려서 일반 사병들의 활쏘기 교관이 되면 되지않나?'
활쏘기 교관이 되어 수십만 대군의 활솜씨가 향상되면, 저사람이 혼자 적군을 처지하는 것보다
몇배는 더 공을 세우는게 아닐까?' 
이 댓글을 읽은 많은 이들이 현명한 답에 감탄했다.
한사람 한사람의 특별함이 경시되고, 한가지 길에 맞추지 못하는 사람이 전부 패배자가 된다면
우리는 너무 잔인한 사회를 살아가고 있는게 아닐까.",351개
4,DataBase,흠 심도 높은 주제네요 사실 제가 미국 유학하면서 가장 부러웠고 실제로 많이 이득을 보았던 점이 미국은 초등학교부터 대학교까지 학교스포츠팀과 설비가 잘 구비되어있고 운동활동을 하는 것을 굉장히 너무너무 장려한다는점이죠.,409개
5,마자신있나,쇠막대기 3개나 박아서 철봉이나 좀 많이 만들어주지 뭔이상한 스트래칭기계나 ㅈㄴ많고 빡친다,105개
6,시계랑신발,일본만해도 공립 초등학교에도 수영장이 있습니다. 어릴 때 부터 수영 연습을 시킵니다. 테니스 코트도 있구요. 말씀대로 태릉에서 운동해서 금메달 따서 국위 선양 하는 시대는 지났다고 생각합니다.,337개
7,파토난코치,이 형 맞는말 참 잘해,209개
8,Siri,"진짜 동감합니다. 생활체육 좀 보편화시키고 엘리트 체육 좀 안 했으면 좋겠어요. 진짜 살 만큼 살게 됐는데, 국민 복지차원에서도 생활체육 활성화는 필수지 않나 싶습니다.",235개
9,뭐지,"맨날 하던 생각들임 진짜...
메달리스트들의 노력은 정말 존경스럽지만 엘리트체육의 관점에서 실패한 선수들은 과연 더 많은 노력을 한 사람은 없었을까?
재능이 있고 노력을 했음에도 폭언과 폭행을 견디지 못해 그만두거나 과도한 운동으로 부상 당해 포기할수 밖에 없던 선수들의 인생은 누가 책임 져줄까?",28개
10,tTt,윤성빈 선수만큼 지원 많이 받은 스켈레톤 선수가 세상에 있을까..,103개
11,johan,나는 손연재선수가 호프집간걸로 사람들이 욕하는 모습이 정말 안타깝더라. 20대 여자가 술한잔 할 수 도 있지. 제발 남의인생 간섭안하고 본인인생에 집중했으면 좋겠는데. 왜 본인의 몸이 썩어문드러지도록 술담배하면서 잘살고있는 남한테 잣대놓는  수듄.,77개
12,85312k,문체부 비리만 걷어도 ㄹㅇ 도시곳곳에 지원가능하겠다 썪은 국회위원들과 그 관계자들. 가족의 사촌까지 곳곳에 이름 올리고 운영하는 문체부,97개
13,hyunlee,대한민국은 너무 해외 선진국들의 칭찬에 목말라있어 왜그러는거야...올림픽에서 메달따면 뭐가 좋아지는게 있는줄 암... 실체도 없는 경제적 가치 어쩌구 저쩌구,145개
14,thomaslee,"어렸을 때는 국가대표가 메달을 따면 국위선양하는 줄 알았으나 실상 국위선양은 삼성,엘지, 현대 같은 기업과 K팝, 한류드라마가 하고 있습니다. 올림픽 국가대표가 메달따면 연금 받는데 그 연금은 다 국민들의 세금으로 고혈을 빼먹는 것이고 군대까지 면제해주는 것은 그 선수들이 사실상 이 나라를 위해 헌신하지 않겠다와 같은 말이죠. 그들이 그만큼 운동할 수 있었던 이유도 다 국민들의 세금으로 월급 받으면서 했는데 말이죠. 그리고 우리나라 성인들의 체력 수준이 OECD 꼴찌라는 데 생활스포츠를 저변에 깔지 않고 그저 세금으로 엘리트 체육만 육성하려고 하니 국민들이 직접하는 스포츠가 아니라 선수들만 하는 보는 스포츠가 돼었으니 참 문제가 많다고 봅니다. 올림픽 체육이 아마추어 정신에 입각해 각자 투잡하면서 취미로 운동하는 사람들이 정정당당하게 붙는 날이 왔으면 합니다.",87개
15,레슬링코치,"안녕하세요 레슬링코치입니다 
엘리트의 현 시점의 문제를 지적하고,  유튜브를 운영하며 현재 생활체육 레슬링의 저변화를 위해 노력하고 있습니다. 
특히 레슬링은 비인기 종목이고 레슬링의 홍보 자체도 ""지옥훈련"" ""태릉선수촌의 강도높은 훈련""등의 홍보아닌 홍보로 일반인들 사이에서 레슬링의 이미지는
힘든운동, 하면 다치는 운동으로 비춰지고 있는게 현실입니다... 그래도 요즘 mma로 인해서 레슬링이 부각되고 많은 관심 가져주셔서 너무나 감사할 따름입니다.
엘리트 체육인들은 물론이고 생활체육하시는 분들의 즐겁고 재미있는 스포츠활동을 응원하고, 저희도 저변화를 위해 노력하겠습니다.",241개
16,백우승,와... 나만 하던 생각이 아니구나.. 올림픽 시즌때 이런 얘기 주변 사람한테 얘기하면 한국 사람 맞냐고 개욕하던데..,130개
17,느와르,좋은 내용이다.,21개
18,조현수,"사실 이런 내막을 잘 모르고 금메달 따면 제일 좋아하는 게 국민들입니다
어떻게 보면 기업이 스폰서십으로 소비자들에게 잘 보이려고 하듯이 국민들에게 잘 보이려고 국가가 스폰서로 나선 것도 있죠
이제 국민들도 이런 실태를 알고 국위선양이라는 목표를 위해 국민들과 선수들이 수단으로 이용되는 현 상황을 바꿔야 합니다",76개
19,50대몸짱TV,4:41 하나 추가: 가끔 성추행도 하고,33개
20,hyeonjin6c,"초등학교에서 부터 대학초까지 10년간 엘리트농구의길을 밟았었던 선출입니다
뒷돈 폭행은 뭐 일상이고 선수들 다치기전에
몸관리부터 제대로시켜주든말든 해야하는데... 우리나라 엘리트는 아직 갈길이 멀어도 한참 멀었다고 생각합니다..ㅎ 할말하않ㅜ",16개
21,JohnLee,너무너무너무너무 공감가서 눈물이 좀 났어요 체육계 뿐만 아니라 예체능 전반이 그래요 상을 타지 않으면 그놈의 '증명'을 받지 않으면 아무것도 아닌걸로 치부하는게 너무 싫어요,7개
22,flair86,좆도 태릉선수촌 빨리 철거해야 함. 솔까 올림픽이 재밌나? 걍 보는듯 마는듯 지나가는 세계운동회 아닌가? 목숨거는 건 더 이해가 안 되고.,3개
23,에헤라디야,이번 영상 레전드다 진심.. 엘리트체육보다 생활체육 저변 확대가 더 가치있는 일이다.. 정말 맞는 말인 것 같습니다. 깨어있는 시각이 이래서 필요한거군요,16개
24,yihari,이런데도 강정호 솜방망이 처벌한 개비오도 엘리트 성과주의 악중의 악이 아닐까,6개
25,권현구,네모형 점점 스포츠칼럼리스트 되는듯...ㄷㄷ,68개
26,정대만,"좋은 말씀입니다.
우리나라 체육계보면 협회들 정말 비리투성이라 합니다.
이제 엘리트 체육은 더더욱 축소해야합니다.",7개
27,쌉싸마다스,생활체육으로 유도를 하는데 가격이 부담이 되는 가격이긴 함ㅋㅋ 레슬링은 찾기도 힘들고 헬스장은 3달에 10만원도 안되는데 유도는 한달에 십만원이 넘어가니.. 헬스장 다니면서 닭찌찌먹고 보충제 타먹고 헬스장 다니는게 더 값싸서 취미생활론 웨이트가 가장 좋지 않나 싶음,23개
28,반달가슴곰,형 이거 너무 좋다. 어려서 내가 뭐라도 되면 생활체육 기반을 키우고 싶다는 생각을 많이 했는데... 나는 그런 힘을 갖지 못했어. 내가 가진건 그런 대한민국 만든다면 뽑아줄 한 표 밖에 없다.....,76개
29,jaehunSeok,진짜 멋있다.. 말로도 사람이 이렇게 멋있을수가있나 리스펙,46개
30,김주영,운동부 잠깐 들어간적 있었습니다. 군대보다 더한 부조리와  코치는 술냄새가 자주났었고 말도안되는 폭언과 폭행과 갈굼을 당하다가 어느날 과호흡으로 쓰러졌고 나중에 진상을 알게 된 엄마가 너무 놀라서 바로 운동부 하지말라고 빼내왔습니다. 이게 엘리트 운동 현실입니다.,40개
31,유태종,"형 이렇게 단시간에 댓글이 폭주해서 나도 하나 써요! 요즘 학교에서는 엘리트체육보단 생활체육에 더 투자를 하고있기는 한데, 이게 문제가 아직까진 성과주의 시스템이라 괄목할만한 성적 하나를 보여주는게 중요해서 이러는거 같애. 어디서부터 고쳐야할진 고민해보지 않아서 모르겠어. 그건 형이 해줘 ㅋㅋㅋㅋ",80개
32,jungminhyun,"우리나라 육상선수 한번 금메달 키워보겠다고 고용했던 외국코치가 했던 얘기가 있죠....한국 육상인들은 천국속에 살고있다고 ㅋㅋㅋㅋ 프로도 아니면서 스폰서도 없이 '국가'에서 전국체전 순위에 따라 대기업만큼 연봉 주면서 운동시켜주는 나라...그런데도 불구하고 선수들은 가망없는 세계대회는 최대한 힘 빼고 자신의 연봉과 직행되는 전국체전에만 우물안 개구리처럼 머물다보니 오히려 역행하거나 정체되고 있는 아이러니한 상황. 
그 어떤 선진국보다도 빵빵한 지원을 세금으로 받으며 아마추어 체육을 하고 있는게 우리나라 엘리트 선수들. 그나마 그 세금이 아깝지 않게 국위선양이라도 하면 모르겠는데 대부분 선수들은 그 돈이 오롯이 당연한 자기몫인걸로 착각하며 적당히 전국체전 순위에만 힘쓰는 관행이 이미 너무 깊게 뿌리박혀있죠. 우리나라 비인기 종목 선수들 헝그리정신 뭐 어쩌고 하는데.....헝그리 정신이고 뭐고 그런 종목들마저 국가에서 세금때가며 지원해주는 나라가 몇이나 될까요???기업들이 주체가 된 인기프로 선수단마저도 관중 외면하면 욕 더럽게 얻어먹는 판국에 왜 올림픽 종목 엘리트 선수들은 헝그리 정신이라고 지원해줘야한다는 인식이 박혀 있는지 다시한번 고민해봐야 합니다. 관중 무시하는 프로선수들에게 삿대질하며 '니들이 누구때문에 돈 버는데?' 이런말은 당연하게 여겨지면서, 왜 국가세금으로 운영되는 비인기종목 엘리트 선수들은 관중도 없는데 지원해줘야하고 당연히 박수쳐줘야 한다는 인식이 박혀있는건지...",34개
33,NUMB,ㄹㅇ우리나라는 보험도 나라에서 해주고 초중까지 무료로 해주는데 체육시설 은 왜 지원안해주냐               ㄹㅇ,86개
34,생일케이크,"노예로 사는 시간이 길어지면 노예끼리 누구의 족쇄가 더 빛나는지 자랑한다는 말이 있는데 정말 쓰레기 같은 엘리트체육과정을 거친 사람들은 오히려 그때의 일을 자랑처럼 떠들고 웃고 다니더군요. 정말 아이러니한 상황입니다. 못하면 맞아야 잘 된다던지, 길은 이것밖에 없다고 하는 어처구니없는 말들을 여기저기 떠들고 다녀요.
지금의 엘리트체육은 노예를 만들 뿐 입니다.",27개
35,김영훈,20대 초반의 태권도 선수 3명이 집단폭행으로 20대  남성을 사망하게 한 사건이 대표적인  예가 될수있겟내요. 사실  거슬러  올라가면 서진룸사롱 살인사건도 잇구요,11개
36,DausonHwang,"성인이 되기전까지 내가 운동을 좋아하는줄 몰랐지....
학교에서 하는 체육이 다인줄 알았는데 인생 70% 손해봤잖아",31개
37,용현식,"꼭 이런 영상 올리면 자격지심 있냐고 부러워서 그런 것 아니냐고 하는 댓글 달리는 거 보면 너무 속상하네요.
굉장히 합리적인 말씀이신 것 같고 우리나라도 선진국 반열에 오른 만큼 고민해야 할 문제 같습니다.",41개
38,김구라,어느순간부터 올림픽도 잘 안 보게 되고 한국이 메달을 따도 별 감흥이 없더라,24개
39,김김김기김,"좋은 각도의 지적이네요
더 이상 국위선양이 뭔지 아리송합니다
메달리스트도 있지만 bts나 다른분들은?",76개
40,덩이엉,한국체육계와의 전쟁을 선포한 흑자 ㅋㅋ    황철순vs 흑자보다 더 치열할것을 예상해봅니다,38개
41,THISISJOHNNY,와 너무 똑똑합니다 흑자형의 통찰!,6개
42,자수성가,한숨을넘어 좆같음만보이는 우리나라현실이네용,47개
43,록리,체육이 낳은 악!!!,6개
44,SJChung,"긴 댓글 썼는데 다 날아갔네요 ㅜㅠㅠ
생활 체육은 정말로 공감 많이 합니다. 엘리트 체육에 대해선 진지하게 생각해 본적이 없었는데 영상을 보면서 수긍하게 되었네요. 어린아이일때부터 평생 가져갈 수 있는 나만의 운동을 하나씩 경제적 부담없이 익히는게 정말 필요하다는 걸 많이 느끼거든요..",56개
45,김연우,성과 주의는.. 운동 계열 만이 아니고 우리나라 전반적으로 만연하게 퍼져있죠. 돈만 잘벌면 되고 운동만 잘하면 되고 공부만 잘하면 되고 .. 인성은 다들 뒷구멍에 팔아먹었는지..,46개
46,ks,"형 일본 얘기 하면 ""그들""이 몰려온다구 ㅠㅠ",34개
47,과니의생각,"흑자형님, 설기관 형님처럼 실력도 있는데 열려있는 사람들이 별로 없어서
일반인들이 더 다가가기 어렵기도 함..

뭐만 배우러 가면 꼭 ‘잘해야한다’ ‘최고가 되야한다’ 이런 식으로 운동을 알려주니,
게다가 그 사람들은 실력도 없고 프라이드만 강하고 성격도 더러우니 문제,,",16개
48,게임특파원,간만에 보는 유익한 유튜버다.,3개
49,도전100일헬창키우기,흑자형 존잘이다..... 헤헤님보다 배로 잘생긴거 같다 운동유튜브세계관 최고 외모다,46개
50,곤봉다리쇄브,와 핵공감 ㅋㅋ 국내 엘리트체육 자기배채우기지. 생활체육이 살아야 나라가 삽니다.,9개
51,검은색,"유도로 전국대회에서 1등을해본만큼(선출) 영상을보고 말씀하신게 맞다고 생각합니다. 
연습도중 헤비급 둘이 제 위로 떨어져 발가락이 탈골됐을때도 엄살부리지 마라며 이야기 들은게 아직도 충격적이며
야구빠따보다 큰 나무막대기로 맞는거는 뭐 일상적이라 ㅋㅋㅋ 이게 엣날도 아닙니다.
2010년도를 넘었을때 이야기니 흑자님이 말씀하신게 정말 어떻게 알았나 할만큼 남들은 관심없는 이야기입니다.
엘리트 체육은 정말 자기가 노력하고 관심있어야 성공하는건데 재능있는 친구들 갈아 넣어 만드는 우리나라에 슬픔을 느낍니다.",34개
52,srsensr,"NFL 선수 출신이 MIT 수학 박사과정 간거 보고 놀란적 있었는데 ㅎ

https://brunch.co.kr/@youngki/51",28개
53,개나리,일본 학생들이 부활동 하는걸 볼때마다 부러웠습니다ㅎㅎ,5개
54,이채윤,생활체육으로 무게추 넘어가야 한다는 이야기 나온지 한참된 것 같은데 변화의 조짐이 안보이네요,8개
55,이오댕,아이구 흑자님 맞는말했는데 토착왜구 되시것네 ㅠㅠ,31개
56,,이번영상진짜좋네..,6개
57,먹고들고먹고들고,일본이 앨리트체육을 갑자기 재시도하는 이유는 당장의 경제력보단 도쿄올림픽때문...,3개
58,맥문동,통찰무엇....,22개
59,DJ하와와,"형 진짜 말 잘한다..
나도 모르게 수업 듣는 것처럼 요약하면서 들었음.",3개
60,happyskyVictor,"국뽕은 죄악이다. 우리나라는 그렇게 대단한 나라가 아니라는거다.
눈가리고 아옹하지마라.",6개
61,레플미우,우리나라까면 대깨문 올텐데,4개
62,아껴야한다구썅,ㅋㅋㅋㅋㅋㅋㅋㅋㅋㅋㅋㅋㅋㅋㅋㅋㅋㅇㄱㄹㅇ진짜 속시원하다.,3개
63,나무들후,'맞을 짓'이라는게 애초에 존재하면 안되는거 같은데ㅋㅋㅋ 때리면 쉽게 적용가능하니까 그리된건지...,25개
64,다니,넘 유익해서 끝까지보게되었습니다. 웃긴분이라고 생각해서 구독했는데 유익하기까지 하네요!,3개
65,홍준표,"와진짜, 항상 제가 하고싶었던 말인데... 딱 해주시내요.. 누구누구니 누구누구가 멱천억 몆백억을 벌었냐느니

어쩌느니 그러고 양궁이 최강이니 어쩌니하는데


주말에 외출에서 그중 하나라도 가볍게 볼수있는 스포츠가있을까요?

그 선두주자 소위 시체더미위에있는 엘리트들은 엘리트 스포츠를 더 장려하고 누구를 지목해서 키우니 어쩌니하고있고...

답답합니다,.",31개
66,PeachK,"우리나라는 사람을 한가지만 보게 시킴. 
운동선수는 공부고 뭐고 필요없으니 운동만 하게 만들고, 그것도 체계적으로 몸관리시키는게 아닌 무조건 많은 훈련과 연습만이 답이라는 무식한 관리로 선수들의 정신건강은 물론 선수생활 수명과 역량도 무너짐. 게다가 다른걸 전혀 못하게 하다보니 은퇴하고 나서 그종목 가르치는것 말고는 별다른 직업을 가지기가 힘들게됨. 메달이라도 딴다면 연금이라도 받겠고 외모나 입담이 뛰어나면 방송으로라도 돈벌겠지만 그게 아닌 대부분의 운동선수 출신은 정말 근근이 살아갈수밖에 없음. 운동이 아니라 어떤 특기생도 모두 그런 시스템임.
나머지 학생들은 시험과목 공부만 하게 시키고 정작 인생에 중요한 교육들은 모두 무시하는 교육과정이고 학교 졸업후엔 미친경쟁만, 취업하고나면 일만 생각할수밖에 없게끔 돼있음. 
그렇게 하나만 보고 살게끔 만들어야 사람들이 다른것에 눈돌리고 생각이 트여서 반발하게될 여지가 적어짐.
그래서 어느 정부도 이 시스템을 바꿀 생각이 없으며 바꾸라고 반발해도 잠시 회유책으로 알았어 바꿀게 하다가 흐지부지 될것임. 
모두가 심각하게 반기들고 일어나야 조금씩이라도 실제로 바뀔 가능성이 있는데
이런걸 화제로 꺼내주셔서 감사를 표함.",51개
67,아우히히히,"너 잘되라고 때리는거야 
선생들이 잘쓰는 레파토리죠",4개
68,HoHa,"ㅇㄱㄹㅇ진짜 내가 평소에 하는 말인데 
파급력있는 형님이 말해주시니 속이 뻥 뚤리군요 감사합니다.",21개
69,RUNNEVI,이미 선진국인 우리나라에 필요 없는 시스템이죠 적극 공감함,2개
70,감자국불주먹,와... 이번영상 쩐다... 문체부에서 봐야한다 진짜로..,2개
71,TigerLee,내가 늘 강조하던 부분인데 너무 시원하게 영상 잘 만드셨네 ㅎㅎ 1등한명과 10등 아홉명이 있는 것 보다 3~4등 수준 열명이 있는게 훨씬 더 미래가 밝겠죠.,16개
72,이성준,흑자형님 영상본뒤로 덤벨정리 잘 하고있어요,4개
73,냥냥펀치,ㅇㅈ 글고 체육관에서도 강압적으로 화내고 때리면서 가르치지좀 않았으면.. 내 돈 내고 가는건데 왜 내가 못한다고 욕처먹어야 하냐 피해 준것도 아닌데...,12개
74,운동,"저희 동네 헬스장 트레이너분도 엘리트 체육 출신이세요. 고등학생이 저와 나이차이 거의 없는데도 중고딩 시절에 체육 엘리트반에서 신체 체벌은 일상이었다고 합니다. 다리는 푸른 멍으로 도배 됐다고도 하셔요.
대학교에서의 말씀은 듣지 못했지만 중고딩때부터 맞으며 훈련 해왔다는 사실부터가 무섭네여",46개
75,,와 지렸다 이번 영상은 진짜..,2개
76,엘벧,엘리트 위주가 아닌 민중에 포커스~,23개
77,,이제 흑자형 영문도 모르게 토착왜구 ㅇㅂ충으로 저격델듯 ㅋㅋ,3개
78,YongWhanJo,"내눈이 잘못된건가 흑자형이
잘생겨 보일라고 하는 옳지 않은 이 느낌은 뭐지...?",3개
79,victorJo,금메달 100개보다 수영장 회비 천원깎이는게 낫다,10개
80,진수민,"일본은 좋든 안좋든 학교마다 테니스코트, 수영장등등 기본으로 다 있다던데.. 동아리도 어마어마하게 많고 수업 끝나고 동아리활동하는 재미로 학교다니고..",2개
81,한지호,엘리트체육 예산 생활체육으로 옮기자...,2개
82,seoulcalifonia,취미로 양궁하고 쇼트트랙 타는게 좋지 올림픽 가서 남이 메달 따오는거 나랑 아무 관련 없음,3개
83,국멍,다른 나라 사례는 잘 모르는데 우리나라 학교 체육이 존나 깔짝깔짝이라고 느껴지긴 함,2개
84,Anna,사이다.. 진심 너무 사이다,2개
85,appletree,생활체육 확대 걸림돌이 엘리트체육 육성때문일까. 난 교육제도 문제가 더 크다고 보는데.,2개
86,멋진승냥이,체육인들이 보면좋겠다 다들 무슨생각일지 반응보고싶어잉,12개
87,UNLIB,형 거대 유튜버가 4분으로  이상한 영상 올려서 뱃살타파 이러고 있어,2개
88,문종합니다,사격장 한 번 가려면 큰 마음 먹고 많은 시간 들여서 겨우 한 번 다녀와야 하고...,1개
89,JMY,왜 강남 강남 서울 하는지 생활체육 시설만 놀고 봐도 빈익빈 부익빈 현상이 심하다.,2개
90,껀바디tv,피부가 좋아지신듯..! 뽀얗네요 ㅎㅎ,2개
91,BlossomFull,난 형이 지능케릭인지 진작에 알고 있었어.,7개
92,그림영상,"와... 매번 느끼지만... 흑자형이 말빨이 진짜 좋은 거 같아....
다른 영상을 보다보면 좀 뛰어 넘어서 보는 데..
흑자형은 한마디 한마디가 몰입이 확 됨.",5개
93,권경오,이천수도 메달따면서 더 싸가지 없어졋죠,2개
94,김무성,라파엘 바란 이라는 레알마드리드의 축구선수는 지단이 스카웃 하려고 전화를 걸었을때 시험공부때메 다음주에 다시 걸어달라고 했음 여자친구는 법대생이고 바란 본인도 인문계 학교 초엘리트 모범생 중 한명이었음,5개
95,권경오,흑자님 말씀에 공감합니다,2개
96,김야타,"라떼는 말이야!!! 정글짐에서 유격훈련했어 어!!
요즘 어린것들이 말이야 휴대폰만하고 공부만 하고 아이고야!!",15개
97,히동히동턱걸이하는여자,오늘따라 잘생겨 보이네요..,2개
98,류경일,"헬스유툽과 상관이 없어보이는 내용이지만, 상관이 있을수도 있을거 같네요
구독안하고 즐겨 보는데 개꿀잼 입니다^^",6개
99,김구라,깨어있는 사람들은 어느 분야든 티가 나는구나,2개
100,운수좋은날,시사와 헬스를 접목시킨 새로운 장르를 개척한 선구자,9개
101,최용섭,"ㅋㅋ 올림픽 개최하는게 국격상승 시키니 경제효과가있다느니 하는말도 다 옛말~
선진국들은 올림픽 개최도 기피함",2개
102,윰윰,관계자들 발가벗겨진 기분이겠다 ㅋㅋㅋ 적나라하게 일침해버리네,1개
103,문정민,두산 김태형 감독은 못하면 그냥 뺨 후려갈기던데 ㅋㅋ 그래도 우승시켜주니 계속 찬양받지,2개
104,chS,"영상 보면서 기춘이 생각났는데, 마지막에 바로 언급하시네요ㄷㄷㄷㄷ",1개
105,힛헤헿,"우리나라 건강보험제도의 맹점이 그거임ㅋㅋㅋ 병을 안 걸리게 예방하고 건강을 증진시키는 체육에는 아무 관심이 없고 병 걸린 후 치료에만 몰두함
오히려 건강을 증진시키는 예방에 투자하면 그 비용도 훨씬 줄어드는 거임",4개
106,북악에멧돼지출몰,우리나라 체육기금의 대부분을 사용하는 국민체육진흥공단이 제일 문제가 심각합니다. 공단 자체를 쪼개야 합니다.,0개
107,이지수현,형 운동하는 모습 보고싶어,2개
108,Danielkim,"옳은 말씀이지만, 일본은 운동을 잘 하면 기업에서 채용을 해서 가벼운 사무직을 하고 본업인 운동을 하도록 지원 해주고 있습니다",31개
109,김튜브,흑자헬스님 경마 경륜 마사회 선수회 비리도 한번 영상담아주세요 언론에서도 쉬쉬하네요..,7개
110,양궁맨,"안녕하세요. 양궁맨의 양궁맨입니다. 양궁도 매우 보수적입니다. 정말 할말이 많지만 여기까지 하지 못하는게 지금도 속상합니다. 양궁맨의 채널이 커지고 케파가 더 커져서, 양궁도 생활체육스포츠로써 큰 자리를 잡을 수 있도록 노력 할 것 입니다.",2개
111,케빈마스크,맞을 짓을 해서 때릴만하다? 누가 그 맞을 짓을 규정하지? 그렇다고 때릴 자격이 있는가? 이 나라는 유교와 전체주의가 괴상하게 합쳐진 나라임,0개
112,AiwoshQqqq,지금 올림픽 성적도 일본한테 발림 ㅠㅠ,1개
113,김미선,멋지네요 역시 !!!!,2개
114,박형준,"아직 학교 운동장에 잔디가 아니라 흙인 곳도 대다수이지 않음?
고딩 때 인조 잔디 까는 것도 ㄹㅇ 쇼크였는데",1개
115,비밀이다,정부도 정부지만 각 지자체의 근린체육시설이 좀 더 많아지고 규모가 확대되야 될것도 같은... 지자체에서 아직도 쓸데 없는 돈 세는대도 많을테고...,0개
116,조동녘,ㄹㅇ 중학교때 축구부였는데 다른 체육부랑 운동장 반반 나눠서 쓰라는 말 듣고 바로 때려쳤음 명문도 아니고 체육특기도 아니지만 나름 우승 경력있고 열심히 하던 애들인데 그 말 듣자마자 힘 쭉빠져서 대충대충 한듯 학교체육 환경 너무 열악함 ㄹㅇ,1개
117,투스타,현직 운동부감독을 맡고 있는 체육교사입니다. 너무 공감되고 이영상을 대한체육회와 문체부 직원들이 꼭 봤으면 합니다.,4개
118,꿈꾸는달,음... 예전에 어떤 수영선수가 공부를 포기하고 싶지 않아서 선수촌에 있을때 시험만 보게 해달라는 요청에 거부당하자 태능을 나왔다는 기사를 본 기억이 있다(자세한 내용은 검색해 보면 나올듯). 분명히 공부와 병행할 수 있음에도 운동만 강요하는 엘리트 체육 시스템은 장기적으로 봤을때 특히 10대의 많은 선수들에게 득보다는 실이 많다는 것을 행정가들이 알았으면 좋겠는데 알고도 모르는 척 하는건지 정말 모르는 건지는 나도 모르겠네ㅜㅜ 오늘 영상은 불량 구독자에게 댓글을 달게 만든 아주 중요한 이슈였습니다. 계속 응원합니다!,2개
119,minoChoi,6:19 1분 핵심 멘트,0개
120,정보영,진짜 너무 공감...,0개
121,김재원,엘리트 체육... 마치 엘리트 교육의 병폐와도 비슷한 것 같아요. 게다가 해당 사회 특유의 부조리함이 닫힌 사회이자 작은 사회가 됨으로써 더더욱 심해질테고,1개
122,신재욱,역시 시사 고발 느낌의 흑자형이 좋아. 웃음 욕심을 버려줘요 흑자형,1개
123,JerryKong,이 영상은 전국민이 봐야한다고 생각합니다.,1개
124,BibimbapNamul,일본처럼 동네마다 수영장도 열고 테니스장 야구장 많이열면 커플들도 늘고 좋잖어~음,1개
125,KMLIM,이게 흑자다..!!,1개
126,굿루저,와..이번 주제는 진짜 잘 다루시고 용기 있게 얘기하신 것 같아요..비유도 정말 좋은 것 같습니다.흑자헬스 화이팅!,0개
127,한승윤,왕기춘은 원래 유명했음 날 때부터 잘해서 선배한테는 실력주의로 무시하고 후배한테는 선배주의 무시하는 걸로 유명했어요. 유도했던 사람들은 알만한사람들은 다알아요.,0개
128,삐삐,와.. 너무 공감된다 진짜,4개
129,드림보트Dreamboat,거기다 군면제 혜택은 진짜 또 뭘까. 누구의 인생은 소중하고 누구의 인생은 소중하지 않은가,0개
130,이진호,아앗 흑자님 이런 민감한 문제를 다뤄 주실 줄이야.. 업계인들의 테러가 엄청날텐데 ;; 대단하시네요.,1개
131,코코볼기본세그릇,아프리카 육상선수들이 괜히 한국으로 귀화하는 것이 아니지...,1개
132,우게쓰,크으 옳으신 말만 하시네여!!,1개
133,사이결튜브SIGYOLTUBE,"고이고 썩은 물에서 건진 금메달,,,,, 드립칠려고 했는데 멋있어서 오늘은 짜져있을게..",30개
134,SecondToNone,흑자형 왤캐 멋지냐.... 한대 얻어맞고 싶다 ㅎㅎ,1개
135,JayKim,이 형 ㅈㄹ 멌있네 진짜ㅋㅋㅋㅋㅋㅋ,0개
136,nono,왕기춘 이야기 나올줄 알았닼ㅋㅋㅋㅋㅋㅋ,0개
137,조그만키보드,"흑자님은 진짜 맞는 소리, 올바른 소리만 하시는 거 같애요!! 속이 시원합니다!!",1개
138,빛릴카,"3대500 단속나왔습니다
아...앗 모아이는 단속대상이 아닙니다",10개
139,AclRight,4:29 생활체육에 쓰이는건 사실상 10%도 안될거같네요,0개
