﻿,youtube_id,comment,like_num
0,설기관,"아..... 정말이지 아쉽습니다....
함께 하게되길 바랬습니다...진심으로...
.
.
.
.
.
쇼파 스폰이라도 받게되길 응원합니다.",310개
1,킹킹킹,"https://m.smartstore.naver.com/hatoo/products/4885316381?NaPm=ct%3Dka68ij8g%7Cci%3D07d759681b193afaf2940f19ed8ef612f221c62b%7Ctr%3Dslsl%7Csn%3D1087977%7Chk%3D58f25466f0b45bb3846065c6698035d79c9ed32c
형 그래도 형이 모델이된
에어팟케이스나왔잖아......",12개
2,RoCcoSt,썸네일 보고 신고 눌렀는데 적당한 해당사유가 없어서 좋아요 누르고 봅니다.,405개
3,wkH,"짱구 보면 원장선생님이 웃으면
애들이 무서워하는게 잘 이해되지 않았는데
썸내일 보고 이제 이해했네",204개
4,돈만이,썸네일.. 여름도아닌데 등골이 서늘해졌다,15개
5,JeddoriM,형 얼굴 문제는 아니고...회사 입장에서도 갈등/분란 일으킬 소지가 높은 사람한테 광고 맡기는 게 큰 부담일듯 해.,191개
6,도전100일헬창키우기,형은 무섭게 생겨서 그래...,364개
7,김병수,썸네일이 너무 무자비하게 강력해서 일상생활이 불가능할것 같습니다,19개
8,싸이보틀Psybottle,ㅋㅋㅋㅋㅋㅋㅋㅋㅋㅋㅋㅋㅋㅋㅋㅋㅋㅋㅋㅋㅋㅋㅋㅋㅋㅋㅋㅋㅋㅋㅋㅋㅋㅋㅋㅋㅋㅋㅋㅋㅋㅋㅋㅋㅋㅋㅋㅋㅋㅋㅋㅋㅋㅋㅋㅋㅋㅋㅋㅋㅋㅋㅋㅋㅋㅋㅋㅋㅋㅋㅋㅋㅋㅋㅋㅋㅋㅋㅋㅋㅋㅋㅋㅋㅋㅋㅋㅋㅋㅋㅋㅋㅋㅋㅋㅋㅋㅋㅋㅋㅋㅋㅋㅋㅋㅋㅋㅋㅋㅋㅋㅋㅋㅋㅋㅋㅋㅋㅋㅋㅋㅋㅋㅋㅋㅋㅋㅋㅋㅋㅋㅋㅋㅋㅋㅋㅋㅋㅋㅋㅋㅋㅋㅋㅋㅋㅋㅋㅋㅋㅋㅋㅋㅋㅋㅋㅋㅋㅋㅋㅋㅋㅋㅋㅋㅋㅋㅋㅋㅋㅋㅋㅋㅋㅋㅋㅋㅋㅋㅋㅋㅋㅋㅋㅋㅋㅋㅋㅋㅋㅋㅋㅋㅋㅋㅋㅋㅋㅋㅋㅋㅋㅋㅋㅋㅋㅋㅋㅋㅋㅋㅋㅋㅋㅋㅋㅋㅋㅋㅋㅋㅋㅋㅋㅋㅋㅋㅋㅋㅋㅋㅋㅋㅋㅋㅋㅋㅋㅋㅋㅋㅋㅋㅋㅋㅋㅋㅋㅋㅋㅋㅋㅋㅋㅋㅋㅋㅋㅋㅋㅋㅋㅋㅋㅋㅋㅋㅋㅋㅋㅋㅋㅋㅋㅋㅋㅋㅋㅋㅋㅋㅋㅋㅋㅋㅋㅋㅋㅋㅋㅋㅋㅋㅋㅋㅋㅋㅋㅋㅋㅋㅋㅋㅋㅋㅋㅋㅋㅋㅋㅋㅋㅋㅋㅋㅋㅋㅋㅋㅋㅋㅋㅋㅋㅋㅋㅋㅋㅋㅋㅋㅋㅋㅋㅋㅋㅋㅋㅋㅋㅋㅋㅋㅋㅋㅋㅋㅋㅋㅋㅋㅋㅋㅋㅋㅋㅋㅋㅋㅋㅋㅋㅋㅋㅋㅋㅋㅋㅋㅋㅋㅋㅋㅋㅋㅋㅋㅋㅋㅋㅋㅋㅋㅋㅋㅋㅋㅋㅋㅋㅋㅋㅋㅋㅋㅋㅋㅋㅋㅋㅋㅋㅋㅋㅋㅋㅋㅋㅋㅋㅋㅋㅋㅋㅋㅋㅋㅋㅋㅋㅋㅋㅋㅋㅋㅋㅋㅋㅋㅋㅋㅋㅋㅋㅋㅋㅋㅋㅋㅋㅋㅋㅋㅋㅋㅋㅋㅋㅋㅋㅋㅋㅋㅋㅋㅋㅋㅋㅋㅋㅋㅋㅋㅋㅋㅋㅋㅋㅋㅋㅋㅋㅋㅋㅋㅋㅋㅋㅋㅋㅋㅋㅋㅋㅋㅋㅋㅋㅋㅋㅋㅋㅋㅋㅋㅋㅋㅋㅋㅋㅋㅋㅋㅋㅋㅋㅋㅋㅋㅋㅋㅋㅋㅋㅋㅋㅋㅋㅋㅋㅋㅋㅋㅋㅋㅋㅋㅋㅋㅋㅋㅋㅋㅋㅋㅋㅋㅋㅋㅋㅋㅋㅋㅋㅋㅋㅋㅋㅋㅋㅋㅋㅋㅋㅋㅋㅋㅋㅋㅋㅋㅋㅋㅋㅋㅋㅋㅋㅋㅋㅋㅋㅋㅋㅋㅋㅋㅋㅋㅋㅋㅋㅋㅋㅋㅋㅋㅋㅋㅋㅋㅋㅋㅋㅋㅋㅋㅋㅋㅋㅋㅋㅋㅋㅋㅋㅋㅋㅋㅋㅋㅋㅋㅋㅋㅋㅋㅋㅋㅋㅋㅋㅋㅋㅋㅋㅋㅋㅋㅋㅋㅋㅋㅋㅋㅋㅋㅋㅋㅋㅋㅋㅋㅋㅋㅋㅋㅋㅋㅋㅋㅋㅋㅋㅋㅋㅋㅋㅋㅋㅋㅋㅋㅋㅋㅋㅋㅋㅋㅋㅋㅋㅋㅋㅋㅋㅋㅋㅋㅋㅋㅋㅋㅋㅋㅋㅋㅋㅋㅋㅋㅋㅋㅋㅋㅋㅋㅋㅋㅋㅋㅋㅋㅋㅋㅋㅋㅋㅋㅋㅋㅋㅋㅋㅋㅋㅋㅋㅋㅋㅋㅋㅋㅋㅋㅋㅋㅋㅋㅋㅋㅋㅋㅋㅋㅋㅋㅋㅋㅋㅋㅋㅋㅋㅋㅋㅋㅋㅋㅋㅋㅋㅋㅋㅋㅋㅋㅋㅋㅋㅋㅋㅋㅋㅋㅋㅋㅋㅋㅋㅋㅋㅋㅋㅋㅋㅋㅋㅋㅋㅋㅋㅋㅋㅋㅋㅋㅋㅋㅋㅋㅋㅋㅋㅋㅋㅋㅋㅋㅋㅋㅋㅋㅋㅋㅋㅋㅋㅋㅋㅋㅋㅋㅋㅋㅋㅋㅋㅋㅋㅋㅋㅋㅋㅋㅋㅋㅋㅋㅋㅋㅋㅋㅋㅋㅋㅋㅋㅋㅋㅋㅋㅋㅋㅋㅋㅋㅋㅋㅋㅋㅋㅋㅋㅋㅋㅋㅋㅋㅋㅋㅋㅋㅋㅋㅋㅋㅋㅋㅋㅋㅋㅋㅋㅋㅋㅋㅋㅋㅋㅋㅋㅋㅋㅋㅋㅋㅋㅋㅋㅋㅋㅋㅋㅋㅋㅋㅋㅋㅋㅋㅋㅋㅋㅋㅋㅋㅋㅋㅋㅋㅋㅋㅋㅋㅋㅋㅋ,74개
9,차지호,ㅋㅋㅋㅋㅋㅋㅋㅋㅋㅋㅋㅋㅋㅋ 마프 물건너 가자마자 기다렸다는 듯이 바로 약물러 저격 예고하네,10개
10,예버디,흑자형 스쾃보고 쩐다고 느낀건 나뿐인가. 아킬레스 다치고 몸도 불균형와서 운동하기 진짜 힘들었을텐데 190까지 드는거 보고 진짜 이형은 헬창이구나 라고 생각했는데 ㅎㅎ 지금처럼 저격하다가 가끔식 운동영상 올려줬으면 함,42개
11,kiba,형 썸네일 존나 잘찍은거같아 ㅋㅋㅋㅋㅋㅋㅋㅋ 개웃기네 진짴ㅋ,20개
12,김수형,"얼레??? 그 댓글 제가 파워게르만님 동영상에 달은 댓글인뎅.. 

홀오브 쉐임 우리나라 사람들 찾아보다가 이영서씨 라는분 찾아보니 ㅋ icn이라고 내츄럴대회 한국회장인가 실무부회장인 가 뭔가하는임원인가는 올라온 글들마다 달라서 잘 모르겠는데  여튼 연관은 있으신거같더라구용.
네이x에 이영서 icn 치면 바로나와용 ㅎㅎ
나만 충격받을순 없따!! ㅋ",55개
13,SC,ㅋㅋㅋㅋㅋㅋㅋㅋㅋㅋ마프가 이런 거 노리고 안 한다 한 거 아니냐 한 맺혀서 독기 품은 얼굴로 계속 언급하니까 홍보 안 같은데 사실은 보통 홍보 영상보다 홍보 더 잘 됨,1개
14,Heddie헤디,0:47 ㅋㅋㅋㅋㅋㅋㅋ 연기 전환 개웃기네,98개
15,밀덕이될꼬얌,형 썸네일 스위트홈에 나오는 근육괴물 닮았엉..,6개
16,SehyunLee,와.. 진심으로 썸네일 보고 순간 깜짝놀라서 경직된 체로 화면빠르게 내렸음.... 무서운건줄..,2개
17,나비,체지방 관리도 안되는 트레이너 한테 스폰을 주는 회사가 있다??,78개
18,홍길동,2:07 마지막 웃을때 개소름 돋았다 ㅅㅂㅋㅋㅋㅋㅋㅋㅋㅋㅋㅋ,11개
19,날아감,썸네일 ㄷㄷ 마이프로틴 직원이 위험해!,2개
20,난백,썸네일 살인미소가 아니라 미소살인인듯,4개
21,임준영,소파로 돌아와서 욕한댘ㅋㅋㅋㅋㅋㅋㅋㅋㅋㅋㅋ,4개
22,coadna,진짜 썸넬 꿈에 나올까봐 무섭다...,622개
23,STKIM,원래 그런거보다 그냥 제대로 된 음식으로 섭취하는게 더 나은거 아닌가요? 그런거 따위 취급 안합니다.,18개
24,YUSSVI유쓰비,썸네일 표정보고 클릭을 안할수가 없었다ㅋㅋㅋㅋㅋㅋㅋㅋㅋㅋㅋㅋㅋㅋㅋㅋㅋㅋㅋㅋㅋㅋㅋㅋ,19개
25,김조한,썸넬 표정 ㅋㅋㅋㅋㅋㅋㅋㅋㅋ 개무섭넹 ㅎㅎ,3개
26,WJ,형 썸넬 ㅋㅋㅋㅋㅋㅋㅋㅋ 너무 악랄한데 많은싸움을 해왔구나... 아 잠만 된줄,1개
27,,"흑자=헤헤=한주먹.
마프 얼굴보는거 확실해졌네ㅋㅋㅋㅋ",354개
28,하늘님,썸네일 표정 진짜ㅋㅋㅋㅋㅋㅋㅋㅋㅋㅋㅋㅋㅋㅋㅋㅋㅋㅋㅋㅋㅋㅋㅋㅋㅋㅋㅋㅋㅋㅋㅋㅋㅋㅋㅋ,1개
29,VOICEAR,형 썸네일이 욕망의 항아리같이 생겼어,4개
30,유연,형 썸넬 미안한데 스위트홈 ㅍ...ㅡ...ㄹ...ㅗ...ㅌ...ㅣ...ㄴ 같이 생겼어,2개
31,김성호,이 썸네일을 보고 어케 안누르냐고!! ㅋㅋㅋㅋㅋㅋㅋ,1개
32,JunHoWon,"마프 무냐고ㅋㅋ흑자형 코드로 이제 마프사려고 대기 딱 하고 있었는데

 있어야할 코드는 없고 
대충 독오른 독사 한명만 있...",372개
33,슈바르츠,썸네일 보고 현웃 터졌습니다 ㅋㅋㅋㅋㅋㅋ,1개
34,한번만해요우리,ㄹㅇ썸넬ㅋㅋㅋㅋㅋㅋㅋㅋㅋㅋㅋㅋㅋ,1개
35,콘콘,썸넬만 보고 빵터져서 들어왔네 진짜 ㅋㅋㅋㅋ,1개
36,똥손요정,조심스레  소파 광고응원합니다 ...ㅜㅜ,3개
37,머섹,"형님 썸넬이 너무 깜찍합니다 >< 




오늘 잠은 엄마랑 자야지 ;;",1개
38,마이비,운동영상도 없는데 마프한테 연락 바란것도 웃기긴함 ㅋㅋ,2개
39,베베앙물티슈,귀여웤ㅋㅋㅋㅋㅋ,1개
40,짱중에짱,ㅋㅋㅋㅋ 귀엽노 썸넬,1개
41,찹쌀형제,0:46 아 대비 못하고 있다가 숨넘어갈뻔ㅋㅋㅋㅋㅋㅋㅋㅋㅋㅋㅋㅋㅋㅋㅋㅋㅋㅋ연기 예고좀 부탁드립니다 ㅋㅋㅋㅋㅋㅋㅋㅋㅋㅋㅋㅋㅋㅋㅋㅋㅋㅋ,0개
42,김도희,"초창기에 비하면 인상 진짜 순해졌다..
헤어도 한몫 하는것 같고 눈썹문신은 신의 한 수 
초창기에 흑자형 영상댓글에는 노상강도 얘기만 있던것 같은데 ㅋㅋㅋㅋㅋㅋ",2개
43,박주영,ㅋㅋㅋㅋㅋㅋㅋㅋ너무 웃기당 여즘 내가 젷 좋아하는 유튜버 ❤️,1개
44,비그디크,0:35 급 시무룩 존웃 ㅋㅋㅋㅋㅋㅋㅋㅋㅋㅋㅋㅋㅋㅋㅋㅋㅋ,0개
45,RelaxTubeASMRNCS,ㅋㅋㅋㅋㅋㅋㅋ 아니 이걸 안해서 더웃기네 ㅋㅋㅋㅋㅋㅋㅋㅋㅋㅋㅋㅋㅋ,1개
46,손정우,형 왜캐 기여워ㅠㅠㅠㅠ,1개
47,CHUP츄프Youtube,와 이 썸네일 보고 어케 안봄...?!,1개
48,김포스,ㅋㅋㅋ 말 시원시원하게 잘하네 ㅋㅋ,1개
49,사이결튜브SIGYOLTUBE,형 내가 죽을 때 까지 마이프로틴은 입에도 안댈게,260개
50,말감,스쾃영상 올리신게 큰그림이셨다니 ㅋㅋㅋㅋㅋㅋ,1개
51,강거루TV헬린이모티베이션,형 썸네일 미쳤냐곸ㅋㅋㅋ,1개
52,안상환,진짜 죨라웃기네 ㅋㅋㅋㅋㅋㅋㅋㅋㅋㅋㅋㅋㅋㅋㅋㅋㅋㅋㅋㅋㅋㅋㅋㅋㅋㅋㅋㅋㅋㅋㅋㅋㅋㅋㅋㅋㅋㅋㅋㅋㅋㅋㅋㅋㅋㅋㅋㅋㅋㅋㅋㅋㅋㅋㅋㅋㅋㅋㅋㅋㅋㅋㅋㅋㅋㅋㅋㅋ,0개
53,윤성혜,진짜 골때린닼ㅋㅋㅋㅌㅋㅋㅌㅋㅋ,0개
54,강LIFTER,ㅋㅋㅋㅋㅋㅋㅋ 썸네일 시발ㅋㅋㅋㅋㅋ,0개
55,김수정,흑자님 썸네일 너무 무서워요ㅜㅡㅜㅜㅜ끼아아ㅏㅏ,0개
56,LIT,썸넬 진짜 됻같네 ㅋㅋㅋㅋ,0개
57,김수진,밐ㅋㅋㅋ친ㅋㅋㅋㅋ썸네일이닼ㅋㅋㅋㅋㅋ,0개
58,김성은,"https://naturalbodybuilding.com/hall-of-shame/
1:43 구독자들 시간 아끼라고 ㅎㅎ",167개
59,허태규,앜ㅋㅋㅋㅋㅋㅋㅋㅋㅋㅋㅋ 썸넬ㅋㅋㅋㅋㅋㅋㅋㅋㅋㅋㅋㅋ,0개
60,휴먼,썸네일 진짜 존나무섭네 ㅋㅋㅋㅋㅋㅋ,0개
61,Deadfool,"어우 썸넬 ㅋㅋㅋㅋㅋ
천진난만하게 웃는거 봨ㅋㅋㅋㅌㅌㅌ",0개
62,HTLIM,아 장경철 개 터졋닼ㅋㅋㅋㅋㅋㅋㅋㅋㅋㅋㅋㅋㅋㅋㅋㅋㅋㅋㅋㅋㅋㅋㅋㅋㅋㅋㅋㅋㅋㅋㅋㅋ,0개
63,허언증말기,형 썸네일 입꼬리 올라간거 처음봤어,197개
64,임준혁,형 표정 너무 귀여워 ㅎ,1개
65,anarchistjoker,썸넬 만희짱인줄 ㅎㄷㄷ....,1개
66,onabura,ㅋㅋㅋㅋㅋㅋㅋㅋㅋㅋㅋㅋㅋㅋㅋ다시 쇼파로와서 욕할거구요 ㅋㅋㅋㅋㅋㅋㅋㅋㅋㅋ 역시 형님 최고십니다!!!!!!,0개
67,뱁새,0:48 ㅋㅋㅋㅋㅋㅋㅋㅋㅋ,0개
68,nameno,썸넬 졸커 ㅋㅋㅋㅋㅋㅋ,0개
69,KBiology,썸네일 ㅋㅋㅋㅋㅋㅋㅋㅋㅋㅋㅋㅋㅋㅋㅋㅋㅋㅋㅋㅋㅋㅋㅋㅋㅋ 찐으로 좋아하네,0개
70,김성수,썸넬 진짜 존잘..............,0개
71,고찬우,"형 썸네일보고 바로 들어왔엌ㅋㅋㅋ
나까지 흐믓해지네",0개
72,,그래서 형수님은 저 살인미소를 매일 본다는거지...??,141개
73,그림영상,0:48 아씨.. 지릴뻔.... 미안해요 흑자횽... 깜짝 놀래서 순간 막말이....,0개
74,이수민,"오빠 썸네일,,,하",1개
75,꽃찌혜,ㅋㅋㅋㅋㅋ썸네일 진짜 홀려서들어왔어요 ㅋㅋㅋㅋㅋ,0개
76,구영모,와 썸네일 스위트홈 ㅍㅡㄹㅗㅌㅣㄴ..,0개
77,나리땽,썸네일 지나칠 수가 없다 ㅋㅋㅋㅋ,81개
78,최영진,진짜 ㅈㄴ웃기넼ㅋㅋㅋ,0개
79,눈맹,썸네일 ㅋㅋㅋㅋㅋㅋㅋ,0개
80,c랑연,ㅋㅋㅋㅋㅋㅋ아 썸네일 ㅅㅂㅋㅋㅋㅋㅋㅋㅋㅋㅋㅋㅋㅋ,0개
81,SoazFr,"ㅋㅋㅋㅋㅋㅋㅋㅋㅋㅋ 설기관 선수한테 가서 할인코드 받으세요 ㅋㅋㅋㅋㅋㅋ
받으러갑니다 ^0^",0개
82,유지어터,썸네일 미쳣ㅋㅋㅋㅋㅋ,0개
83,현경,ㅋㅋㅋ형 어짜피 마이프로틴 쓰래기임ㅋㅋㅋㅋ버려여ㅋㅋㅋㅋㅋ,0개
84,정인,썸넬 보고 터짐 ㅋㅋㅋㅋㅋㅋ,0개
85,,시ㅏㄹ발ㅋㅋㅋㅋㅋㅋ개웃기네,0개
86,지커피는역시는역시,ㅋㅋㅋ진짜 다음 영상 주인공은 전생에 뭔 잘못을 했길래 흑자 마프 까이고 난 다음일까 ㅋㅋㅋㅋㅋㅋ,97개
87,빡쭈야,근데 그래도 난 흑자님 운동영상을 가끔씩이라도 기다리겠음 ㅋㅋㅋㅋㅋㅋ,1개
88,최현정,아 근데 썸네일진짜 무서워요..ㅠㅜㅜㅜ,0개
89,김상경,썸네일ㅋㅋㅋㅋㅋㅋㅋㅋㅋㅋㅋㅋㅋㅋㅋㅋㅋㅋㅋㅋㅋㅋㅋ아니 안들어올수있냐곸ㅋㅋㅋㅋㅋㅋㅋ,0개
90,,와.. 썸넬보고 솔직히 개 소름돋았다 ㅋㅋㅋㅋㅋㅋㅋㅋㅋㅋㅋ,0개
91,yeskyul,ㅋㅋㅋㅋㅋㅋㅋㅋㅋ개웃기네,0개
92,박준현,썸넬보고 안들어올수가 없었다ㅋㅋㅋㅋ,0개
93,제로콜라,삐졌네ㅋㅋㅋㅋ,0개
94,junW,"너무좋아요 흑자헬스ㅋㅋㅋㅋㅋ
앞으로도 즐겁게 시청하겠습니다!!",0개
95,중장거리타자,형님 썸네일 테러좀 ㅠㅠㅠㅠ,0개
96,김명우,아ㅋㅋ썸네일부터 빵터졌네,0개
97,나착해,ㅋㅋㅋㅋ앞으로 운동 영상을 더 찍으라구!,0개
98,정연우,썸넬 진짜 너무 행복해서 미쳐버린사람같아,0개
99,삥꾸어부AnglerBBing,썸넬 ㅗㅜㅑ..,1개
100,석가,ㅋㅋㅋ 귀여워,0개
101,뺩삡,썸네일 미쳐ㅋㅇㅋ,0개
102,SamKim,1:30 초 ㄹㅇ 킬링벌스급,0개
103,정현영,0:40 ㅋㅋㅋㅋㅋ 0:48,0개
104,넌나의여신님a,ㅋㅋㅋㅋㅋㅋㅋㅋㅋㅋㅋ 흑자형 헬스영상 더 올려바..ㅋㅋㅋㅋㅋ,0개
105,김민지,ㅋㅋㅋㅋㅋ 아 ㅈㄴ웃기네,0개
106,빡쭈야,흑자님 똥꼬쇼 덕분에 운동초보인데 정보득탬해서 난 고마움 ㅎㅎ 마프~ 땡큐우~~ㅋㅋㅋ,1개
107,길정우,0:50 빠른 태세 전환 아주 좋습니다,0개
108,tyrone,마프에게 까였엌ㅋㅋㅋ,0개
109,mctop001,썸넬 와꾸 정말 큐티하다 ㅋㅋㅋ,0개
110,룩노,"죄송해요.
썸네일 개때리고 싶네 진짜ㅋㅋㅋㅋㅋㅋㅋ",0개
111,최강혁,흑자형 운동영상 너무 좋았어 앞으로도 올려줘,8개
112,jaewonchoi,사실상 마프 공짜로 흑자 홍보 2번이나 했네 ㄹㅇㅋㅋ,0개
113,가나다라,표정 씹ㅋㅋㅋㅋㅋ,0개
114,건강한맹자,헬창중에 제일 매력있어 ㅋㅋㅋㅋㅋㅋ❤️,0개
115,김도향,ㅋㅋ썸네일이 조회수 한 몫했다ㅋㅋ,0개
116,흑인,"흑자는 초심 안 잃누 ㅋㅋ 
역시 유튜브 대표 존못탱구리~",73개
117,AaronA,ㅋㅋㅋㅋㅌㅋㅌㅋㅋㅋ 까였다니 ㅋㅋㅋㅋ 그래도 응원할게,0개
118,2마광춘,ㅋㅋㅋㅋㅋㅋㅋ 마프가 와꾸 본다는 소문이 사실인가벼...,0개
119,김렉빽,"원래 사람이 웃으면 착해보이는데
이형은 웃어도 무표정 보다 무섭네
사람이 잔인해보여",1개
120,deoklee,와꾸ㅠㅠㅠㅠㅠ,0개
121,간장게장,행님! 축하ㅋㅋ,0개
122,운동하는고등학생헬린이성장일기,형님 썸네일보고 하회탈 협찬 들어온줄 알았습니다,30개
123,JK,썸넬보고 당장 들어왓습니다ㅋㅋ,0개
124,낼름낼름내루미,ㅋㅋㅋㅋㅋㅋ재밌네,0개
125,GryunardAvell,썸넬보고 된줄알았더니 ㅋㅋㅋㅋㅋㅋ,0개
126,요들레이히,ㅋㅋㅋㅋㅋㅋㅋㅋㅋㅋㅋ 표정ㅋㅋㅋㅋㅋㅋㅋㅋㅋ,0개
127,이건우,왜 불똥이 다른데 튀엌ㅋㅋㅋㅋ,26개
128,김기열,썸네일 미친 ㅋㅋㅋㅋ,0개
129,zxcv,0:36 KAWAIIIIIIIIIIII!!!!!!!!!!!!!!!!!!!,0개
130,최경순,"썸네일 조커 그 자체야 형
진짜 행복,공포보단
'광기'....",0개
131,이믿음,왜 썸네일에서 브베가 보이지...?,1개
132,오이장군,"썸네일 보고 렉에 서있다가 그대로 지렸습니다..
어떡하실거에요",96개
133,JacobPark,으아 형표정ㅋㅋㅋ,0개
134,KH,썸네일 근육브베 ㅋㅋㅋ,0개
135,83uu,형 썸네일 그렇게 찍으면 당연히 연락이 오지ㅋㅋㅋㅋㅋ,0개
136,이소영,썸넬 미쳤냐곸ㅋㅋㅋㅋㅋ자낳괴자넠ㅋㅋㅋㅋㅋㅋ,48개
137,팩트,ㅅㅂ 썸네일보고ㅜ안들어올수있냨ㅋㅋ케,0개
138,SuminSong,썸넬 웃는거보고 '이 형도 웃을 수 있구나!!' 했는데...ㅠ,0개
139,지영일,이번 계기로 마프에 스타일을 알았음 ㅋㅋㅋ,0개
140,이소현우림,얘들어 마프불매각이다 ㅂㄷㅂㄷ 감히,0개
141,코루쇼,"해맑다....
큰그림 굿!!",1개
142,시나르마타,아 이거 왜케 웃기냐 ㅋㅋㅋㅋㅋ,0개
143,원숭이동물원복귀완료,썸네일 진짜 브벤데,0개
144,문지환,ㅋㅋㅋㅋㅋㅋㅋㅋㅋㅌㅌㅌㅌㅌㅋㅋㅋㅋㅋㅋㅋㅋㅋㅋㅋㅋㅋㅋㅋㅋㅋㅋㅋㅋㅋㅋㅋㅋㅋ,0개
145,이동찬,마프:싪다는데 질척대지마,23개
146,바론바디,"썸네일 
벌크업한 브베형인줄
형 미안해 견찰써는 가고싶지않아 ㅠㅠ",1개
147,gunlee,ㅋㅋㅋㅋㅋㅋㅋㅋㅋㅋㅋㅋㅋㅋㅋㅋㅋㅋㅋ 이미 많은 홍보가 되어서...,0개
148,으아귀찮아,썸네일 너무 귀엽자나 형,0개
149,GayeongKim,아 귀여워 ㅎㅎㅎ,0개
150,별아멍멍해봐,썸네일 보고 무서워서 영상 다봤습니다.,0개
151,qwerty,"마프에 비네추럴 끄나풀있다에
킹리적 갓심이...ㅋㅋㅋㅋ",0개
152,김보라,ㅋㅋㅋㅋㅋㅋㅋㅋㅋㅋㅋㅋㅋㅋㅋㅋㅋ 흑자보고 마프 샀어요~,0개
153,이희봉,ㅋㅋㅋㅋㅋㅋㅋㅋㅋㅋㄱ,0개
154,이상철,ㅋㅋㅋㅋㅋㅋ까였어 ㅋㅋㅋㅋㅋㅋㅋㅋㅋㅋㅋㅋㅋㅋㅋㅋㅋㅋㅋㅋㅋㅋ 어짜면 좋눜ㅋㅋㅋㅋㅋ,12개
155,tootoo,ㅋㅋㅋㅋㅋㅋㅋㅋㅋㅋㅋㅋ개웃기네요,0개
156,Kyrie,썸네일보고 예상했다 ㅋㅋㅋㅋ,0개
157,손민혁,ㅋㅋㅋㅋ 똥꼬쇼 성공,0개
158,임진석,ㅋㅋㅋㅋ 형 힘내,0개
159,서경덕,0:48 진짜 거짓말 안치고 오줌쌀뻔했습니다..;;,50개
