﻿,youtube_id,comment,like_num
0,흑자헬스SurplusHealth,지금당장 http://www.ironmaxx.co.kr/ 에서 할인코드 'Black'을 입력하고 보충제 사세요,699개
1,문석호,살면서 댓글 처음써보네 ㅋㅋㅋㅋㅋㅋㅋㅋㅋㅋㅋㅋㅋㅋㅋㅋㅋㅋㅋㅋㅋㅋㅋㅋㅋㅋㅋㅋㅋㅋㅋㅋㅋㅋ 진짜 도라인가 ㅋㅋㅋㅋㅋㅋㅋㅋㅋㅋㅋㅋㅋㅋㅋㅋㅋㅋㅋ,822개
2,병수,0:43 이거 진짜 무서웠음. 보고나서 아무것도 손에 안잡힘,244개
3,왕성호,이번 영상은 이때까지 본거중에 제일 레전드다 ㅋㅋㅋㅋㅋㅋㅋㅋㅋㅋㅋㅋㅋㅋㅋㅋ,237개
4,JungHyunKim,1:01  이때 살짝 위기였음 ㅋㅋ,189개
5,도전100일헬창키우기,"흑자형이 얼마나 기쁜 거냐면 
관짝 BGM 쓰면 영상 수익창출안됨 내가 넣어봐서암
영상찍으면 기본 20만원 이상 버는형이
얼마나 기쁘면 이럴까 아이언맥스 사주자 ㅋㅋ",783개
6,개복치,생각해보면 엄청 대단한걸 해내신분인게.. 보통은 광고주를 생각해서 효과좋다는 잘팔리게끔 말하는데 이형은 just dance,101개
7,손철민,여태구독만하고 댓글한번 안달았는데 ㅋㅋㅋㅋ손발이 미친듯이  하염없이 오그라들어요 ㅋㅋㅋㅋ,5개
8,정원영,"웬만하면 댓글안다는데ㅋㅋㅋㅋㅋㅋㅋㅋㅋㅋㅋㅋㅋ 
진짜 ㅈㄴ웃기네ㅋㅋㅋㅋㅋㅋㅋㅋㅋㅋㅋㅋㅋㅋㅋㅋㅋㅋㅋㅋㅋㅋㅋㅋㅋㅋㅋㅋㅋㅋㅋㅋㅋㅋㅋㅋㅋㅋㅋㅋㅋㅋㅋㅋㅋㅋㅋㅋㅋㅋㅋㅋㅋㅋㅋㅋㅋㅋㅋㅋㅋㅋㅋㅋㅋㅋㅋㅋㅋㅋㅋㅋㅋㅋㅋ",139개
9,폐렴진핑시발놈,"1:12 아 시발 공포영화 보는거 같아 ㅋㅋㅋㅋㅋㅋㅋㅋㅋㅋㅋㅋㅋㅋㅋㅋㅋㅋㅋㅋㅋㅋㅋㅋㅋㅋㅋㅋㅋㅋㅋㅋㅋㅋㅋㅋㅋㅋㅋㅋㅋㅋㅋㅋㅋㅋㅋㅋㅋㅋㅋㅋㅋㅋㅋㅋㅋㅋㅋㅋㅋㅋㅋㅋㅋㅋㅋㅋㅋㅋㅋㅋㅋㅋㅋㅋㅋㅋㅋㅋㅋㅋㅋ 저리가!~~~~~~~~~~~~~~~~~~~~~~~~~~~~~~~~~~~~~~~~~~~~~~~~~~~~~~~


형 사랑해~~~~~~~~~~~~~~~~~ 아일러브유!!",103개
10,눈떠보니고삼이더라,오메 시밬ㄱㅋㄱㅋㄱㅋㄱㅋㄱㅋㄱㅋㅋㄱㅋㄱㅋㄱㅋㄱㅋㄱㅋㄱㅋㄱㅋㄱㅋㅋㄲㅋㄱㅋㅋㄱㅋㄱㅋㄱㅋㄱㅋㄱㅋㄱㅋㄱㅋㄱㅋㄱㅋㄱㅋㄱㅋㅋㄱ 형이건 진성으로 웃겼어요 ㅋㅋㄱㅋㄱㅋㄱㅋㄱㅋㄱㅋㄱㅋㄱㅋㄱㅋㄱㅋㅋㄱㅋㄱㅋㄱㅋㄱㅋㄱㅋㄱㅋㄱㅋㄱㅋㄱㅋㅋㄱㅋㄱㅋㄱㅋㄱㅋㄱㅋㄱㅋㄱㅋㄱㅋㄱㅋㄱㅋㄱㅋㄱㅋㄱㅋㄱㅋㄱㅋㄱㅋㄱㅋㅋㄱㅋㄱㅋㄱㅋㄱㅋㄱㅋㄱㅋㄱㅋㄱㅋㄱㅋㄱㅋㄱㅋㄱㅋㄱㅋㄱㅋㄱㅋㄱㅋㄱㅋㄱ,247개
11,우쌍TV,이 형 진짜 존나웃기넼ㅋㅋㅋㅋㅋㅋㅋㅋㅋㅋㅋㅋㅋㅋㅋㅋㅋㅋㅋㅋㅋㅋㅋㅋㅋㅋㅋㅋㅋㅋㅋㅋㅋㅋㅋㅋㅋㅋㅋㅋㅋㅋㅋㅋㅋ,10개
12,HosimpMerson,"""Dannyjoe Fitness대니조 피트니스 시청자가 이 채널을 시청합니다."" 보고 들어왔다",29개
13,듣는일기,관짝밈 영상을 패러디해도 전혀 위화감이 없는 그는 도덕책..,20개
14,Osis,저 헬스 의자랑 보충제를 웃으면서 고정시켰을 흑자님을 생각하니 ㅋㅋㅋㅋㅋㅋㅋㅋㅋㅋ 귀엽다,48개
15,파워게르만POGER,로니콜먼 형님도 아이언맥스 블루베리치즈 케이크맛에 관심이 있으시더라고요. 아이언맥스 존맛탱입니다 ^_^,127개
16,,1:13 엄마 나랑 놀자아~~,26개
17,donghoonchun,몸좋은브베,50개
18,movemove,제발 사줍시다 진짜 이건 사야함,5개
19,금손이되어보자그림교실,형 네이버웹툰 '갓핑크'에서 세계관내 인간 1~2위를 다투는 민가은과 진짜 한.치.의. 오.차.도. 없.이. 똑.같.이. 생.겼.어.,38개
20,김억두,공혁준 당신이 이사람을 이렇게 망가트렸어. 책임져야해,120개
21,이창성,요약 : 광고 안주면 장례식 하러 찾아간다,3개
22,준루미,0:42 노딱각인데 ㄷㄷㄷ,3개
23,까꿍,0:22 스텝 너무 가벼운거 아니냐구옄ㅋㅋㅋㅋㅋㅋ,6개
24,이지금,진짜.. 진짜 무서워요...살인마같음,5개
25,로나코,브베닮았어 어떡해ㅠㅠㅠㅠㅠㅠㅠㅠㅠㅠㅠㅠㅠ,4개
26,CDeer,흑자형 영혼까지 갈아넣은영상 잘봤습니닼ㅋㅋㅋㅋㅋㅋㅋㅋㅋㅋㅋㅋㅋㅋㅋㅋㅋㅋㅋㅋㅋㅋㅋㅋㅋㅋㅋㅋㅋㅋㅋ,25개
27,영진,0:50 자연스레 파토 까버리기~ㅋㅋㅋㅋㅋㅋㅋㅋㅋㅋㅋ,20개
28,김준우,진짜 형 나 죽을것 같아 ㅋㅋㅋㅋㅋ 왜캐 귀여운거야,2개
29,헤헤는치질탈모,진짜 개확실하게 광고해주네 ㅋㅋㅋㅋㅋㅋ 아이언맥스 자다가도 꿈에나올듯,109개
30,,"ㅋㅋㅋㅋㅋㅋㅋㅋㅋㅋㅋㅋㅋㅋㅋㅋㅋㅋㅋ아 진짜 이거 보라고 추천해준 친오빠야 고맙다 ㅋㅋㅋㅋㅋㅋㅋㅋㅋㅋㅋㅋ
개웃겨 ㅋㅋㅋㅋㅋㅋㅋㅋ",2개
31,ZE,"흑자님 축하드리는데여...








하아....폰 배터리가 나가서 아이패드로 보고있는데 얼굴이 빨개지는건 기분탓이겠지.....",12개
32,jcl,개웃기네ㅋㅋㅋㅋㅋ,2개
33,쇠질인생운동하는직장인,"ㅋㅋㅋ
아이언맥스 담당자 누구냐ㅋㅋㅋ",3개
34,도전100일헬창키우기,"영혼 까지 파네 ㅋㅋㅋㅋㅋㅋ
이거 보고 아이언 맥스 구입하러 갑니다

이렇게 하면 되는거지 형?",184개
35,AbbyCheddar,아 진짜 미쳤나ㅋㅋㅋㅋㅋㅋㅋㅋㅋㅋㅋㅋㅋㅋㅋㅋㅋㅋㅋㅋㅋㅋㅋㅋㅋㅋㅋㅋㅋㅋㅋㅋㅋㅋㅋㅋㅋㅋㅋㅋㅋㅋㅋㅋㅋ,1개
36,나미TV만화애니리뷰채널,ㅋㅋㅋㅋㅋ아 브베님하고 너무 비슷해서 놀랐다,1개
37,김봉주,진짜 벤치하면서 계속 생각나서 뒤질뻔했네ㅋㅋㅋㅋㅋㅋㅋㅋㅋㅋㅋㅋㅋㅋ,1개
38,voiceLovers,흑자님....그 밝은 웃음을 지으시면 너무 무서워요,7개
39,될MAN,영상 진짜 도랐 ㅋㅋㅋ,2개
40,베레베레,아..자꾸보니 귀여워!!!!!!,2개
41,체대엉아들,흑자형 사랑합니다...저 트레이넌데 이거 추천 많이해여..재밌다고 ㅋㅋㅋㅋㅋㅋㅋㅋㅋㅋ,1개
42,꿀잼워크뜌튜브I,흑짝춤 미쳤다 ㅋㅋㅋㅋㅋㅋㅋㅋㅋ,1개
43,SjB,오버헤드스쾃 하지말라곸ㅋㅋㅋㅋㅋㅋㅋㅋㅋㅋㅋㅋㅋㅋㅋㅋㅋㅋㅋㅋㅋㅋㅋㅋㅋㅋㅋㅋㅋㅋㅋㅋㅋㅋㅋㅋㅋㅋㅋㅋㅋㅋ,1개
44,,1:15 진짜 개무섭네 표정ㅋㅋㅋㅋ,1개
45,roganH,0:42 깜짝 놀랬어 난~,1개
46,김노예,형...^^발 내가 미투리랑 거릴라밤은 안샀는데 아연맥스는 형 똥꼬쑈 한거 봐서라도 꼭 살께,6개
47,소검,거봐 내가 마프버리고 아이언맥스 노리라고 했잖아 ㅋㅋㅋㅋㅋ,41개
48,staayy,ㅋㅋㅋㅋㅋㅋㅋㅋㅋㅋ시벌 미워할수가 없다 이형은,1개
49,DJ하와와,1:14 ㅗㅜㅑ..공포영화 한 편 다 봤네ㄷㄷ,1개
50,정우진,형님... 와꾸가 다른 의미로 존나 살벌합니다.. 살려주십쇼.,1개
51,차우진,0:10 모아이석상,1개
52,SJ,"보충제 광고가 아니라, 곧 신경안정제 광고가 들어오겠는데....",30개
53,신동규,0:44에 드라군 뭐야ㅋㅋㅋㅋ,1개
54,포비파파,0:44 아 씨!! 형 나 지하철에서 보다가 순간 폰 화면 꺼버렸자나!;;,0개
55,FuckingMaoZedong,안그래도 보충제 떨어졌는데 흑자형이 광고해서 20만원 어치 주문함.,2개
56,마음sustainable,0:53 이걸 한손으로 들고 일어난다고?!ㅋㅋㅋㅋㅋㅋㅋㅋㅋㅋㅋㅋㅋ,0개
57,이유빈,0:13 아이언 젖꼭찌 ㅎㄷㄷ...,0개
58,세상을담다,뭐야 이형 꽤 운동 잘하구나 ㅋㅋㅋㅋㅋㅋㅋㅋ,1개
59,이기태,이형은 천재다ㅋㅋㅋㅋㅋㅋㅋㅋㅋㅋㅋㅋㅋㅋㅋㅋㅋㅋㅋㅋㅋㅋㅋㅋㅋㅋㄴㅋㅋㅋㅋㅋㅋㅋㅋㅋㅋㅋ,0개
60,강산,진짜 미친놈이구나 ㅋㅋㅋㅋ,1개
61,헬창TV,"형도 아이언맥스....? 하.,.. 나돈데....🙈😍",44개
62,너부키TV,1:07 존나무섭다,1개
63,네모선장,"1:12

같이 죽자",0개
64,DennisLee,0:17 여기서부터 왜 이렇게 브베 같냐ㅋㅋㅋㅋㅋㅋㅋㅋ,0개
65,죠니Johnny,1:12 엑소시스트인가..........,0개
66,0610seal,독일이 이겼다. 영국아,93개
67,정석현,1:16 갑분싸,1개
68,김지환,0:43 이형 네츄럴아니지? 도핑테스트 심각하다 ㅋㅋㅋㅋㅋㅋㅋㅋㅋㅋㅋㅋㅋㅋㅋㅋㅋㅋㅋㅋㅋㅋㅋㅋㅋㅋㅋㅋㅋㅋㅋㅋㅋㅋㅋㅋㅋㅋㅋㅋㅋㅋㅋㅋㅋ,0개
69,장멸치,"오ㅋㅋㅋㅋㅋ 아이앤맥스에서 보충제살까 고민중이였는데
타이밍보소 바로사겠음니다",1개
70,권현구,0:47 오바헤드스쿼트 ㅋㅋㅋㅋㅋㅋㅋ 이제 파토 고인은 보내주자 ㅠㅠㅠㅌㅋㅋ,0개
71,토트놈,역시 이형은 유행을 잘따라가ㅋㅋ 관짝밈이라니ㅋㅋ,111개
72,JuyeolKwon,0:33스팸인간이 찍어주고 있음ㅋㅋㅋㅋㅋㅋㅋㅋㅋㅋㅋㅋㅋㅋㅋㅋㅋㅋ,0개
73,곰잠바,앜ㅋㅋㅋㅋㅋ 형 사랑해ㅋㅋㅋ 마프 먹던거 다 먹고 아맥으로 갈아타야지,0개
74,숙주,개웃기네 ㅋㅋㅋㅋㅋㅋㅋㅋ협찬할만 나겠다 진짜,0개
75,YSheryl,0:33 스팸인간 거울에 비침ㅋㅋㅋ,0개
76,Poong,아니ㅋㅋㅋㅋㅋㅋ진짜 웃긴데 무서운건 처음이닼ㅋㅋㅋㅋㅋㅋㅋㅋㅋㅋㅋ,0개
77,보름달베기,1:12 어어.....오......오지마!!!,0개
78,김지호,아 진짜 형 너무 좋아ㅋㅋㅋㅋㅋㅋㅋㅋㅋㅋㅋㅋㅋㅋㅋㅋ,0개
79,고양이,1:13 칼치기..ㅗㅜㅑ,1개
80,KimJeongHyeon,"0:44 
ㅆ잇팔 오지마ㅋㅋㅋㅋ",98개
81,육몬근,아형ㅋㅋㅋㅋㅋㅋㅋㅋ아놬ㅋㅋㅋㅋㅋㅋ진짜 가웃곀ㅋㅋㅋㅋㅋ,0개
82,양산헬린이,이리 기분 좋아도이는거 처음본다ㅋㅋㅋㅋㅋ,0개
83,어둠의다크,아 진짜 내취향이야ㅠㅠㅠ,0개
84,임의성,1:12 화장실에서 보다가 변비가 낳았읍니다,0개
85,적분상수같은녀석,미친ㅋㅋㅋㅋㅋ 진짜 역겨워 형 사랑해❤️❤️,52개
86,상순이,1:04 지도하면서 웃긴지 참고있는거같은데ㅋㅋㅋㅋㅋㅋㅋㅋㅋㅋㄱㄲㅋㅋㅋㄱ겁나웃기네,0개
87,h유튜브다크나이트,아 ㅋㅋㅋㅋㅋㅋㅋㅋ이게 머야 진짜 ㅋㅋㅋㅋㅋㅋㅋㅋㅋㅋ,0개
88,김아르점,0:17 아니 형님 여기서 이러시면 불균형 옵니다.....,0개
89,송지원,1:10 진짜 개무섭다 표정 저리 하고 다가오니까,0개
90,사이결튜브SIGYOLTUBE,00:43 나 아직 회사 퇴근 안했는데 이부분 뒤에 과장님이 본것같아 어떡해,79개
91,김성배,ㅋㅋㅋㅋㅋㅋㅋㅋㅋㅋㅋㅋㅋㅋㅋㅋㅋㅋㅋㅋㅋㅋ진짜 레알 이건ㅋㅋㅋㅋㅋㅋㅋㅋㅋㅋ,0개
92,정스케즈맨몸운동,0:43 압쏠리조랄 쌉사라디스~,0개
93,뭉태,와ㅋㅋㅋㅋㅋ식겁했네ㅋㅋㅈㄴ무섭다,1개
94,김동영,이 형님 너무 좋다ㅋㅋㅋㅋㅋ,0개
95,임혜정,ㅇㅌㅋㅋㅌㅋㅋㅋㅋㅋㅋㅋㅋㅋㅋㅋㅋㅋㅋㅋㅋㅋㅋㅋ진짜 안그랬던분이 이러시니까 ㅋㅋㅋㅋㅋ,0개
96,최민철,0:33 표정 무엇ㅋㅋㅋㅋㅋㅋㅋㅋ,0개
97,김전환,0:33 햄하~,0개
98,Snare,아니 설명란은 또 뭐냐곸ㅋㅋㅋㅋ 흑자가 인정한 아이언 맥스가 아니라 아이언 맥스에서 인정한 흑자ㅋㅋㅋㅋㅋㅋㅋㅋㅋ,1개
99,검수기,"아놔 진짜.. 타이밍 ㅠㅠ 
엄마랑 단백질 보충제 찾았는데
찾다찾다 힘들어서 신타6사서 딱 먹는 순간
이영상을 보네 ㄷㄷ",0개
100,김도윤,아ㅋㅋㅋㅋㅋ 너무 귀엽다,0개
101,소울플라이트SOULFLIGHT,존경합니닼ㅋㅋㅋㄲㅋㄲㄲㄲㄲㅋㅋㅋㅋㅋㅋㅋ,0개
102,Ellenyoon,ㅋㅋㅋㅋㅋ 아 진짜 ㅋㅋㅋㅋ 너무좋아 ㅋㅋㅋㅋㅋ,0개
103,만덕,형.. 축하해... 행복해보인다 형이 행복하면 나도 행복해,97개
104,금천구대스타,브베 요녀석 벌크업하고 나타나면 모를줄알았냐?,1개
105,이윤,살짝 무서운뎈ㅋㅋㅋㅋㅋㅋㅋㅋㅋㅋㅋㅋㅋㅋㅋㅋㅋㅋㅋ 각인은 잘되네욬ㅋㅋㅋㅋㅋㅋㅋㅋㅋㅋㅋㅋㅋㅋㅋ,0개
106,와팬Wapen,ㅋㅋㅋㅋㅋㅋㅋㅋㅋㅋㅋㅋㅋㅋㅋㅋㅋㅋㅋㅋㅋㅋㅋㅋㅋㅋㅋㅋㅋㅋㅋㅋㅋㅋㅋㅋㅋㅋㅋㅋㅋㅋㅋㅋㅋㅋㅋㅋㅋㅋㅋㅋㅋㅋㅋㅋㅋㅋㅋㅋㅋㅋㅋㅋㅋㅋㅋㅋㅋㅋㅋㅋㅋㅋㅋㅋㅋㅋㅋㅋㅋㅋㅋㅋㅋㅋㅋㅋㅋㅋㅋㅋㅋㅋㅋㅋㅋㅋㅋㅋ,1개
107,도르르,진짜 육성으로 욕했넼ㅋㅋㅋㅋ쉬벜ㅋㅋㅋㅋㅋㅋㅋㅋㅋㅋㅋㅋ,0개
108,띠불츄TV병맛명작,"죄송한데 와꾸만 보여요
남캠아니신가요?",36개
109,YoonsooHa,ㅋㅋㅋㅋㅋㅋㅋㅋㅋㅋㅋㅋㅋㅋㅋㅋㅋㅋㅋ 존나웃기네 진짜,0개
110,DaewonChun,경축ㅋㅋㅋㅋㅋㅋㄴㄴㄴㅋㅋㅋㅋㅋㅋㅋㅋㅋㅋㅋㅋㅋㅋㅋㅋㅋㅋㅋㅋㅋㅋㅋㅋ,0개
111,이상현,아이 ㅋㅋㅋ드라군 포즈는 넘 심하자나욬ㅋㅋㅋ,0개
112,안다다씨,ㅋㅋㅋㅋㅋㅋㅋㅋㅋㅋㅋㅋㅋㅋㅋㅋㅋㅋ형ㅋㅋㅋ댓글첨단다 유튜브하면서ㅋㅋㅋㅋㅋㅋㅋㅋㅋ진짜ㅋㅋㅋㅋㅋㅋㅋㅋㅋ미치겠다,0개
113,재영양,0:08 왼쪽밑에 헐진짜못생겼다 뭐얔ㅋㅋㅋㅋ,169개
114,돌고양이,영상 두개만 보고 구독박은거 처음임ㅋㅋㅋㅋㅋㅋㅋ 헬스 해본적도 없는데 개웃겨요 진짜 ㅋㅋㅋㅋ,0개
115,didolu,형ㅋㅋㅋㅋㅋㅋㅋㅋㅋㅋㅋㅋㅋㅋㅋㅋㅋㅋ진짜 도라익ㄴ카ㅋㅋㅋㅋㅋㅋㅋㅋㅋㅋㅋㅋㅋㅋㅋ개웃기네 하나살게,0개
116,박성주,관짝 스매씽. 가즈아~~,1개
117,신요한,0:33 스팸인간 안경썼다 ㅋ 재밌게 생겼어,0개
118,ken,"ㅋㅋㅋㅋㅋㅋㅋㅋㅋㅋㅋㅋㅋㅋㅋㅋㅋㅋ
형님 너무웃깁니닼ㅋㅋㅋㅋㅋㅋ",1개
119,순돌이,몸진짜 안멋있긴함ㅋㅋㅋ 개그유투버,0개
120,liaLee,ㅋㅋㅋㅋㅋㅋㅋㅋㅋㅋㅋㅋㅋ 헬창도 헬린이도 아니지만 흑자헬스 채널은 그냥 본다,0개
121,토레타,처음 댓글 달아욬ㅋㅋㅋㅋㅋㅋㅋㅋㅋㅋㅋㅋㅋㅋㅋㅋㅋㅋㅋㅋㅋㅋㅋㅋㅋㅋㅋㅋㅋㅋㅋㅋㅋㅋㅋㅋㅋㅋㅋㅋㅋㅋㅋㅋㅋㅋㅋㅋㅋㅋㅋㅋㅋㅋㅋㅋㅋㅋㅋㅋㅋㅋㅋㅋㅋㅋㅋㅋㅋㅋㅋㅋㅋㅋㅋㅋㅋㅋㅋㅋㅋㅋㅋㅋㅋㅋㅋㅋㅋㅋㅋㅋㅋㅋㅋㅋㅋㅋㅋㅋㅋㅋㅋㅋㅋㅋㅋㅋㅋㅋㅋㅋㅋ  흑자님 도르신? ㅋㅋㅋㅋㅋㅋㅋ,0개
122,보통남고생TV,"이상하다 난 헬스 채널을 구독한 적이 없을 텐데...


아 아니구나",57개
123,유아인,ㅋㄱㅋㄱㅋㄱㅋㄱㅋㄱㅋㄱ 씨밬ㅋㅋ 관짝 ㅋㄱㅋㄱㅋㄱㅋㄱㅋ,0개
124,Sunrise,0:47 ㅍㅌ코치 욕먹이지 마라..,0개
125,chuljoongkang,진성 도라인가요ㅋㅋㅋ 5분을 웃었네,0개
126,이하연,ㅋㅋㅋㅋㅋ아 진짜 오랜만에 육성으로 터짐ㅋㅋㅋㅋ,0개
127,개미,1:13 진짜 존나무섭다,39개
128,박이슬,아 진짜 꼴베기실탘ㅋㅋㅋㅋㅋㅋ♡,0개
129,ingyoun,진짜 브베 판박이다 ㅋㅋㅋㅋㅋㅋㅋㅋㅋㅋ,0개
130,황병서,"ㅋㅋㅋㅋㅋ축하 합니다ㅋㅋㅋㅋ
안좋아 할수가 없고만ㅋㅋㅋㅋㅋ",0개
131,김핑꾸,ㅋㅋㅋㅋㅋㅋ 귀여웤ㅋㅋㅋ,0개
132,CharAznable,엌ㅋㅋㅋ 존나 웃곀ㅋㅋㅋㅋㅋㅋㅋ,0개
133,SpaceLion,흑자형 진짜 행복해보인다 ㅋㅋㅋ,0개
134,귝뀨규규귝규,와 진짜 골때린닼ㅋㅋㅋ 이형 요즘 제대로 하넼ㅋㅋㅋ,0개
135,대머리망토,00:43 하지마! 이 XX야!,0개
136,오덕순수100,미친 ㅋㅋㅋ 이형 눈이 진심 이야,0개
137,NalawaS,아 너무 웃겨여 ㅋㅋㅋㅋㅋㅋㅋㅋㅋㅋㅋㅋㅋㅋㅋㅋㅋㅋㅋㅋㅋㅋㅋㅋㅋㅋㅋㅋㅋㅋㅋㅋㅋㅋㅋㅋㅋㅋㅋㅋㅋㅋㅋㅋㅋㅋㅋㅋㅋㅋㅋㅋㅋㅋㅋㅋㅋㅋㅋㅋㅋㅋㅋㅋㅋㅋㅋㅋㅋㅋㅋㅋㅋㅋㅋㅋ,0개
138,겸,운동 유튜버 아닌거 같다 진짜..,0개
139,hyunillu,아니 이형 처음엔 멋있는 형이다가ㅋㅋㅋ네모네모해지고 예능까지 추가됬넼ㅋㅋ,0개
140,게새끼,00:42ㅓㅜㅑ... 훅 들어오네..,110개
141,호옹이,이게 뭐옄ㅋㅋㅋㅋㅋㅋㅋㅋㅋㅋㅋㅋㅋㅋㅋㅋㅋㅋㅋㅋㅋㅋㅋㅋㅋㅋㅋㅋㅋㅋㅋㅋㅋㅋㅋㅋㅋㅋㅋㅋㅋㅋㅋㅋㅋ,0개
142,권기원,ㅋㅋㅋㅋㅋㅋ이거 몇번째보고있지.. 브금과 댄스ㅋㅋㅋㅋㅋㅋ,0개
143,유승환,ㅋㅋㅋㅋㅋㅋㅋㅋㅋㅋㅋㅋㅋㅋㅋㅋㅋㅋㅋㅋㅋㅋㅋㅋㅋㅋㅋㅋ간만에 빵 터졌다.,1개
144,이상민,진짜 오던 보충제도 다 도망가겠다 ㅋㅋㅋㅋㅋ,0개
145,멀끔한친구,아이고 하나 따내가 신난게 얼굴에 선하다 ㅋㅋㅋ,70개
146,민준홍,1:03 브베형님이 몸뚱아리 키워서 나타난줄 알았습니다 형님.......,0개
147,DongHyunKim,"올해 본 영상 중, 가장 웃겼다 시foot ㅋㅋㅋㅋㅋㅋㅋㅋ",0개
148,이재혁,ㅋㅋㅋㅋㅋ쫄싹거리는거 개웃기네ㅋㄱㅋㅋ,0개
149,신미희,거울에 촬영해주는 안경쓴 스팸늼 귀엽ㅋㅋ,0개
150,박영성,아이언맥스 : 아....이게 아닌데..,20개
151,정지환,와 진짜 개엽겹다ㅋㅋㅋㅋㅋㅋㅋ,0개
152,Keepadiary,어잌훜ㅋㅋㅋㅋㅋㅋㅋㅋㅋㅋㅋㅋㅋㅋ,0개
153,귀여니,0:42 악.. 안돼,0개
154,갓킹,이게뭐럌ㅋㅋㅋㅋㅋㅎㅋㅎㅋㅎㅎㅋㅎㅋㅎㅋㅎㅋㅋㅋㅋㅋㅋㅋㅋㅋㅋ,0개
155,LouidS,이형은 진짜 흐름을 탈줄아는 천재임 ㅋㅋㅋㅋ,56개
156,뚱롸끼,ㅋㅋㅋㅋㅋㅋㅋㅋㅋㅋㅋㅋㅋㅋ 관짝밈중 최고다 ㅋㅋㅋㅋㅋㅋㅋㅋㅋ,0개
157,1901151736,이것도 진짜 천부적인 재능이다ㅋㅋㅋ,0개
158,뉴누슴,0:27 ㅇ..0ㅗ오지ㅁ마!!!!!!!!!!!!!!!!!'!!!!!'!'''!!!'''!!!!,0개
159,배봉,이형진짴ㅋㅋㅋㅋㅋㅋㅋ,0개
