﻿,youtube_id,comment,like_num
0,흑자헬스SurplusHealth,"헬갤 레전드 '오바트레이닝'의 유튜브 채널
https://www.youtube.com/channel/UCVUlmLBiWC0uJ1I0FakkGkg

'헬스의 신' 갓경원 선생님 채널
https://www.youtube.com/channel/UCuwyPNJScQ5luAV7b8juFfg
운동 초급자분들이 어떤 헬스 교육 채널을 봐야 하냐고 물으시는데 일단 '강경원' 선수의 'ㅇㅇㅇ 기초' 시리즈를 모두 보세요",590개
1,심우혁,형 진짜 염병을 하는구나 정말❤️,16개
2,설기관,"때마침 설기관 리미티드 에디션 레깅스를
판매중인데..... 이러시면 곤란해집니다...ㅠ

다행인지 여러분의 앵무새를 보호할수 있는
‘오버핏’ 티셔츠도 함께 진행중이니
많은 이용 부탁드립니다 🙇🏻‍♂️",580개
3,RoCcoSt,강경원 선수님과 무슨일이 있었는지 모르겠지만 원만히 해결되길 빕니다.,407개
4,JHLIM,"강경원 선수님 기분 :

김희애가 자길 따라하는 김영철을 볼때의 그것",67개
5,페이오스,이형이 레전드를 건드리네 ㅋㅋㅋㅋㅋㅋㅋㅋ,215개
6,DA,강경원선수가 고소해도 못말림 이건.....,665개
7,JohnWane,"""흑자헬스 최초로 선 넘다""",170개
8,tangbaek,흑자형 자꾸 눈 찌푸리고 있어서 영상끝날때 생각해보니까 영상보는 내내 나도 눈 찌푸리고 있었음 ㅋㅋㅋㅋㅋ,191개
9,설기관,혀..형님...?,133개
10,멍멍개,이건 진짜 강경원님 영상 20번 이상 보지 않고는 나올 수 없는 디테일이다,21개
11,HSChoi,헬스 유튜버가 이렇게 웃기니 개콘이 망하지 ㅋㅋㅋㅋㅋㅋㅋㅋㅋㅋㅋㅋㅋㅋㅋㅋ,465개
12,Avocado148아보카도148,저는 운동은 잘못하는 사람이지만 흑자헬스님을 보면서 많은 한국어 공부를 하고있습니다 너무웃겨요😆😆😆,105개
13,잼젬잼jamjamjam,11:06 왼눈 밑에 쥐나네 ㅋㅋㅋㅋㅋㅋㅋ눈물겹다 ㅋㅋㅋㅋㅋ갓경원님도 봐주실듯 ㅋㅋㅋㅋ,43개
14,RonnieColeman,이 형 웃는게 무서워... 처음 웃어본 사람같아...,24개
15,JamesYoon,정말 포인트를 거지 같이 잘 살렸넼ㅋㅋㅋㅋㅋㅋㅋㅋㅋㅋㅋㅋㅋㅋ,34개
16,흐흐,4:58 요때 '어후.. 저거 몇장을 끼운거야..?' 한번 해주셨어야죠,105개
17,감건우,미친놈ㅋㅋㅋㅋ위험한거 아냐?ㅋㅋ,48개
18,박영찬,포켓몬트레이너 돌았맨ㅋㅋㅋㅋㅋㅋㅋㅋㅋ,7개
19,돈만이,12:29 아니 왜 박ㄹ혜가 보이는데..?,36개
20,HyeonseokJo,"웃던 사람이 정색하면 무섭다는데
정색하던 사람이 웃으니까 더 무섭네ㅋㅋㅋㅋㅋㅋㅋㅋㅋㅋㅋㅋㅋㅋㅋㅋ",449개
21,김병수,형 차라리 영상 패러디 찍고나서 소송걸리지 말고 강경원님께 운동 피드백 받아서 혼꾸녕 나는게 더 나을것 같아,36개
22,정은호,이런 미친짓을 계속 보려면 우리가 강경원 선수의 고소를 막아야 합니다. 사과하러 갑시다!!,39개
23,앵토,얼굴 구기는거 진짜 개웃기네 ㅋㅋㅋㅋㅋㅋㅋ,40개
24,jhy,2:00~3:00 아나시발 이부분 진짜 존나웃기넼ㅋㅋㅋㅋㅋㅋㅋㅋ,14개
25,괴생명체신촌지앵,"남이 보면 눈주름이라고 생각하는 
눈 근육까지 잘 구현하셨네요",434개
26,허치,뭔가 표정이 헬스계 김구라같음ㅋㅋㅋㅋㅋ,84개
27,주류처음처럼,아아아아악 ㅋㅋㅋㅋㅋㅋㅋ 아 뭔가 느낌이 보톡스 꽂은 강경원님ㅋㅋㅋ 아좋아 ㅋㅋㅋㅋ,43개
28,소스소스,3:19 형 웃을때 찌글 소리나네❤,5개
29,또지니,ㅋㅋㅋㅋㅋㅋㅋㅋ누군지 바로 알았다ㅋㅋㅋㅋ,4개
30,장주성,"다음영상 썸네일


강경원 선수님 죄송합니다.
.
? 강형욱 트레이너님이 나와버리네",310개
31,HyukJang,3:02 지명수배 시발 ㅋㅋㅋㅋㅋㅋㅋㅋㅋㅋㅋㅋㅋㅋㅋㅋㅋㅋㅋㅋ 개빵터졌네,13개
32,최문석,야 박새로이 그냥 집에나 있어라 잘생겼다고 운동 잘하는척 하는데 박새로이 너는 얼굴빨이야,34개
33,김준현,"""이제"" 횟수 : 96회",2개
34,MinKyuKang,썸네일에 왠 연쇄살인마 같은 표정으로 웃고있나 했더니 강경원 선생님 따라하는거 였구나..,26개
35,3대1톤치고싶다,강경원 선생님 얼굴이 왜이렇게 망가졌나 싶었는데 흑자님이였네요,403개
36,엔,이거 설마 강경원선수 오마주임???ㅋㄱㅋㅋㅋㅋㅋㅋㅋㅋㅋㅋㅋㅋㅋㅋㅋㅋ,5개
37,김곰,"뭐야 강경원 선생님 저격이냐? ㅋㅋㅋㅋㅋ
ㅋㅋㅋㅋㅋㅋ 개웃ㄱ넼ㅋㅋㅋ",2개
38,JohnVarva,설마 했는데 강경원 따라하네 ㅋㅋㅋㅋ 진짜 ㅋㅋㅋㅋㅋㅋㅋㅋㅋㅋㅋㅋㅋㅋ 앜ㅋㅋㅋ,2개
39,Andante이안,"어떡하지 보다보니 진짜 너무 귀엽다,, 젠장",1개
40,띠그리,리뷰하는거 브베같네 ㅋㅋㅋㅋㅋ,334개
41,파란하늘,"아 대박 ㅋㅋㅋㅋㅋ 느낌 아니까 강경원선수 
연출 오졌다 ㅋㅋㅋ 졸라 웃겨 내 배꼽에 웃다가 근육 생겼내 고마워요 흑자님 ㅋㅋㅋㅋㅋㅋ",8개
42,강다훈,와 근데 갓경원님 디테일 잘 살렸다ㅋㅋㅋㅋ,14개
43,갱식이,썸네일보고 바로 따봉누름ㅋㅋㅋㅋㅋ 이형 겁없네 진짜,17개
44,윤동근,얼마나 보고 연구한거야ㅋㅋㅋㅋㅋ,1개
45,강성민,와 진짜 이정도 퀄리티로 따라하기까지 강경원님 영상을 얼마나 많이 보고 연습했을까.. 형님 오늘만큼음 좋아요 누르고 가겠습니다.,334개
46,승호,4:20 미세한 표정관리 개소름 ㄷㄷ,1개
47,프러시안블루,ㅋㅋㅋㅋㅋㅋㅋㅋ 아 놔 진짜 개 웃기네,1개
48,프로불참,잭스의유혹ㅋㅋㅋㅋㅋㅋㅋㅋㅋㅋㅋ,1개
49,화과산,열린 자연 천연체육관!ㅋㅋㅋㅋㅋ0:37,1개
50,kcs2233,ㅋㅋㅋㅋ거실 불이 너무 밝아서 그런 듯,1개
51,소방알람밸브,눈가 주름부터 ㅈㄴ 웃기넼ㅋㅋㅋㅋㅋㅋㅋ,1개
52,HTN,ㅋㅋㅋ또 사과 영상 올라온다 이겈ㅋ,2개
53,최,1:12 살인미수,1개
54,YH,형 눈만 찌뿌리는게 아니라.. 약간 옆으로 사선으로도 봐주고... 턱들고도 봐주고 해야지... 디테일이 모자란당 ....,332개
55,인생사기꾼룸헌터tv,썸네일 세상에서 제일 무섭습니다 형님ㄷㄷ,1개
56,윤영훈,2:07 진짜 ㅋㅋㅋㅋㅋㅋㅋㅋㅋㅋ,0개
57,NUMB,3:51부터 너무 똑같아ㅌㅋㅋㅋㅋㅋ,0개
58,케케무샤,아 미친 너무 재밌어 ㅋㅋㅋㅋㅋㅋㅋㅋㅋ,1개
59,극강신체남자SDK,"강경원 쌤 
이거 보시면 꿀잼일듯 ㅋㅋ",382개
60,김태안,5:19 으으으음~~~~~ ㅋㅋㅋㅋ,0개
61,스몰포워드,형 그렇게웃지않으셨으면좋겠어요 사랑합니다♥,1개
62,권민혁,8:57 추사랑 같기도 하고... 메이플 신전에서 본거같기도 하고,0개
63,NDND,"ㅋㅋㅋㅋㅋㅋㅋ아니 초반 부터 뭐하나 했네 진짜ㅋㅋㅋㅋㅋㅋ
에프킬라 잔뜩 뿌리고 모기 찾는 표정이었다
흑짜형 리스펙 ❤",0개
64,윤지영,강경원님이 댓글 하나만 달아주시면 좋겠네요 ㅋㅋㅋㅋㅋㅋㅋ,1개
65,onionbro,"ㅋㅋㅋㅋㅋㅋㅋㄱㅋㅋ흑자형 개웃기다 진짜
왠만하면 대충보는데 혼자 깔깔 대면서 끝까지 봤네",2개
66,JacobPark,흑자형 처음으로 귀엽다 느껴짐ㅋㅋㅋ,0개
67,겨울바람,3:03 오바형 ㅁㅊㅋㅋㅋㅋㅋㅋㅋㅋㅋㅋㅋㅋㅋ 10년 전 망령 소환ㅋㅋㅌㅋㄷㅋㅋㅋㅋㅋ,0개
68,맨파워,난 흑자형이 운동 하는걸 보고 싶엉 쪽쪽 쪼옥 근데 표정은 뽀뽀 해주기 싫엉,205개
69,송범준,아니ㅋㅋㅋㅋㅋㅋㅋㅋㅋㅋㅋㅋ보자마자 빵터졌네 진심ㅋㅋㅋㅋㅋㅋㅋㅋ,0개
70,문혁,와 진짜 개빠겠다ㅋㅋㅋㅋㅋㅋㅋㅋ버스에서 미친놈처럼보지않았을까??ㅋㅋㅋ,0개
71,이준성,6:22 이 장면을 보고서 집에 있는 십자가가 거꾸로 돌아갔습니다.,0개
72,BNL,ㅋㅋㅋㅋㅋㅋㅋㄱ표정ㅋㅋㅋㄱㅋㅋㅋ도랏ㅋㅋㅋㄱ선생님 민경언니 피드백도 해주세요,0개
73,구름비,형 형이 안웃을땐 무섭게 생긴줄 알았는데 상냥히 웃는걸 보니까 너무 무서워,173개
74,기호,아니 웃을때 조커야? ㅋㅋㅋㅋㅋㅋㅋㅋㅋㅋㅋㅋㅋㅋㅋㅋㅋㅋㅋㅋㅋㅋㅋㅋㅋㅋㅋㅋㅋㅋㅋㅋㅋㅋㅋㅋㅋㅋㅋㅋ,1개
75,한경규,하회탈 개웃기네ㅋㅋㅋ 어깬 왜자꾸 움츠려 형ㅋㅋㅋㅋㅋ,0개
76,잘노는슈니,"2:07 그걸 지금 왜 얘기하는 거야
2:10 없어 
ㅋㅋㅋㅋㅋㅋㅋ개웃기네 그걸 왜얘기하는거녜 ㅋㅋㅋ 아 너무 똑같앸ㅋㅋ",27개
77,박재현,아 미친ㅋㅋㅋㅋㅋ얼굴 찡그리는거 개웃기네 진짜,0개
78,이주영,아닠ㅋㅋㅋㅋㅋㅋㅋㅋㅋㅋ왜 다음 영상으로 강경원님 운동 리액션이 나오는뎈ㅋㅋㅋㅋ,0개
79,달룡TV,진짜 존나 웃기넼ㅋㅋㅋㅋㅋㅋ,0개
80,기훕,ㅋㅋㅋ아 존나윳기네 진짜 ㅋㅋㅋㅋㅋㅋ흑자갓,0개
81,김린하,ㅋㅋㅋㅋㅋㅋㅋㅋㅋㅋㅋㅋㅋ존너귀여워,0개
82,도훈,아 ㅋㅋ 벌써부터 흑자형님이 구독자 분들 지적할거 상상하니 희열가즘 느낀다,27개
83,장준영,ㅋㅋㅋㅋㅋㅋㅋ개웃기넼ㅋㅋㅋㅋㅋㅋ형 사랑해,0개
84,dkfagd,흑자형은 '이제' 를 몇 번 할까,23개
85,MinPark,ㅋㅋㅋㅋㅋㅋ강경원선수 영상 많이본사람들은 터지는 구간많음!ㅋㅋㅋ,4개
86,구광명,"8:57 
돌아버리겠네 ㅋㅋㅋㅋㅋㅋㅋㅋㅋ",0개
87,lifeHappy,ㅋㅋㅋㅋㅋ 강경원 선수님 표정따라하기 ㅋㅋㅋㅋㅋ,1개
88,IsaoNoh,와씨발ㅋㅋㅋㅋㅋㅋㅋㅋㅋㅋㅋㅋㅋㅋㅋㅋㅋㅋㅋㅋㅋㅋㅋㅋㅋㅋ천잰가,0개
89,윤준수,아 이형진짜 개웃기네 ㅋㅋㅋㅋㅋㅋㅋ,0개
90,DAMNSPAM,근데 진짜 개똑같네ㅋㅋㅋㄱㅋㅋㅋㅋㅋㅋㅋㅋㅋㅋ,0개
91,김민호,이거 위험한데,37개
92,탁탁탁찍,ㅋㅋㄱㅋㄱㅋㄱㄱ오바형ㅋㅋㄱㄱ 대크운접ㅋㅋㅋ,0개
93,우도균,진짜 대단하네 ㅋㅋㅋㅋ 싱크 ㅋㅋㅋ,0개
94,쏠룰데헷,앜ㅋㅋㅋㅋㅋㅋㅋㅋㅋㅋㅋㅋ미쳨ㅋㅋㅋㅋㅋㅋㅋㅋㅋㅋㅋㅋㅋㅋㅋ강경원 선수님ㅋㅋㅋㅋㅋㅋㅋㅋㅋ특유 표정도 따라하고있엌ㅋㅋㅋ도랏ㅋㅋㅋㅋㅋㅋㅋㅋ,0개
95,김주희,ㅇㄴㅋㅋㅋㅋㅋㅋㅋㅋㅋㅋㅋㅋㅋㅋㅋㅋ표정ㅋㅋㅋㅋㅋㅋㅋㅋ,0개
96,주렁이,전국에 있는 하회탈장인분들 이영상 참고하면 좋을듯,136개
97,백현성,ㅋㅋㅋㅋㅋㅋㅋㅋㅋㅋㅋ너무 재밌게 잘 봤습니당ㅋㅋㅋㅋ,0개
98,서정현,1:30 코커...,0개
99,MinSeokJin,아 미치겟네 개웃기네 진짴ㅋㅋㅋㅋㅋㅋㅋㅋㅋㅋㅋㅋㅋㅋㅋ,0개
100,,좈ㅋㅋㅋㅋㅋ낰ㅋㅋㅋㅋㅋㅋㅋㅋ어색햌ㅋㅋㅋㅋㅋㅋㅋㅋㅋㅋ,0개
101,손고쿠,10:21 빡빡이아저씨 저격 ㅋㅋㅋㅋ,0개
102,결이월드,와 진짜 너무잘따라하넼ㅋㅋㅋㅋㅋ,0개
103,이경훈,아 눈가 주름 돌겠네ㅋㅋㅋㅋㅋㅋㅋㅋㅋㅋㅋㅋ 개웃기네,0개
104,수윤지우,졸잼~~~ㅋㅋㅋ흑자님 짱~~얼굴 미안~~,0개
105,waterself,ㄹㅇ 산스장ㅋㅋㅋㅋ,0개
106,지리산털곰,레젼드ㅋㅋ강경원님ㅋㅋㅋ똑같아ㅋㅋㅋㅋㅋㅋㅋㅋㅋㅋ,0개
107,김승수,ㅋㅋㅋㅋㅋ강경원ㅋㅋㅋㅋㅋㅋㅋㅋㅋㅋㅋㅋㅋㅋㅋㅋㅋㅋㅋㅋㅋ,0개
108,반동무,ㅋㅋㅋㅋㅋㅋㅋ...,1개
109,김종률,뭐야 흑경원인가?,14개
110,,개우ㅛ기네 ㅋㅋㅋㅋㅋㅋㅋㅋㅋ,0개
111,김유미,ㅋㅋㅋㅋㅋㅋㅋㅋㅋㄱㅋㅋㄱㅋㅋㅋㅋㅋㅋㅋㅋ,0개
112,신재훈,ㅋㄹㅋㅎㅋㅋㅋㅎ강경원 선수랑 비슷하십니다ㅋㅋㅋ,0개
113,proglo,ㅋㅋㅋㅋㅋ아 개웃겨,0개
114,원할머니보찜,"약쟁이들 존나 까더니 내가 볼 땐, 이 양반 약물검사 해야돼.",144개
115,최정민,흑자 웃는 거 왤케 귀엽냐 ㅋㅋㅋㅋㅋㅋㅋㅋㅋㅋㅋㅋㅋㅋㅋㅋ,0개
116,박진웅,형 왤케 귀엽게생겨짐ㅋㅋ,0개
117,닭다르시,퇴근하고 보는데 진짜 개웃기네 ㅋㅋㅋㅋㅋㅋㅋㅋㅋㅋ 형 사랑해,0개
118,올댓헬창드로잉AllThatHelchangDrawing,1:35 쌀자형 흑거같애...,0개
119,김푸름,존나웃기네 진짴ㅋㅋㅋㅋ,0개
120,RhinoTattoo,"형, 이번영상 덩치크고 몸좋은 브베같아",1개
121,익명,볼수록 브베닮아서 개웃기네 ㅋㅋㅋ,0개
122,정지호,약간 이건 헬린이들을 위한 갓경원 채널 홍보같다ㅋㅋㅋㅋ,0개
123,도라에묭,아 그래서 후드 입고계시군요ㅋㅋㅋ,0개
124,겐마오,아이형 왜케 웃겨 ㅋㅋㅋㅋㅋㅋㅋㅋㅋㅋ,0개
125,버엄스,06:22 형 사랑해~,0개
126,DJj,미친ㄱㅋㅋㄱㅋㅋㅋㅋ 이구역에 도라이가떳드아!,0개
127,하는이유TV20대자취생생존기,형 눈을 왜 그렇게 떠?ㅋㅋㅋ,69개
128,가디안,오늘여기까지하잨ㅋㅋㅋㅋㅋㅋㅋㅋ,0개
129,까마귀,브베 패러디임?? ㅋㅋㅋㅋㄱㅋㅋ,0개
130,1111,웃으니깐 진짜 브베랑 똑같다 ㅋㅋㅋㅋㅋ,0개
131,RyanKim,ㅋㅋㅋㅋ  가지가지한다 진짜  덕분에 웃고갑니다,0개
132,마초보이MachoBoy,"갓경원 선수를.....
그지만 포켓폰에서 개 뿜었어욬 ㅋㅋㅋㅋ",7개
133,SJJ,아 배아퍼 ㅋㅋㅋㅋㅋㅋ,0개
134,조동혁,이 형 표정 무슨 컨셉이야ㅋㅋㅋㅋㅋㅋㅋ,0개
135,사람,1:12 인간 하회탈,0개
136,흑곳,썸네일 팔 존나 긴 줄 알았네 ㅋㅋㅋㅋㅋㅋㅋㅋㅋㅋㅋ,0개
137,강병주,"크 역시 갓경원 
흑자인지뭔지하는 유튜버보다 훨씬 나은듯",44개
138,5특,ㅋㅋㅋㅋㅋㅋㅋ강경원,0개
139,bk민준,킹경원ㅋㅋㅋㅋㅋㅋㅋㅋ,0개
140,러시아물개사냥꾼,나 별명 박찬호였는데 61호써서ㅋㅋㅋㅋ,0개
141,김동현,ㅋㅋㅋㅋㅋㅋㅋㅋㅋㅋㅋㅋ 아 진짜 뭐지? 음청 유머스러우시네요,0개
142,신한슬,gym cllosed 에서 터짐 ㅋㅋㅋㅋㅋㅋㅋㅋㅋㅋ,0개
143,JaeminJung,ㅋㅋㅋㅋㅋ 강경원님 고소각 ㅋㅋㅋㅋ,0개
144,자네내설명이필요한가,와 나무스퀏 지린다ㅋㅋㅋ,0개
145,꽈찌쭈,아니 얼굴만 봐도 웃기네ㅋㅋㅋㅋㅋㅋㅋㅋ,0개
146,도전100일헬창키우기,"형 머리는 왜그러고 표정은 왜그래 마치  
앞에 누군가가 협박하고 있는거 같은 표정이잖앙....
전 2편에 나오나요?",116개
147,해볼텐가,이건뭐지???ㅋㅋㅋ 산에서....와...진짜 헬창님이십니다....와 감탄합니다,0개
148,차알,아 개웃겨 ㅋㅋㅋㅋㅋㅋㅋㅋㅋㅋ 인상뭔댘ㅋㅋㅋ,0개
149,김민훈,이야기 플로우까지 같네ㅋㅋㄱㅋㅋㅋㅋㄱㅋㅋㄱ,0개
150,종이깎이,귀엽다,1개
151,박서현,개웃기다 이러니 사람들이 개콘을 안보지 ㅋㅋㅋㅋㅋㅋ,71개
152,suj,면상봐라 진짜 ㅋㅋㅋ,0개
153,박현우,11:56 무서워..,0개
154,ParkBryan,앜ㅋㅋㅋㅋㅋㅋㅋ,0개
155,대갈남,브베형님 벌크업 많이 되셨네,1개
156,포비파파,3:21 형 눈 주변 근육이 장난아니네!! 소리까지 나고!! 근섬유 찢어지는 소리는 아니지??,4개
157,이은서,머리부터 발끝 끼지 벌크업 된 브베 같에 ㅋㅋㅋㅋㅋㅋㅋ,0개
158,PoaO,ㅋㅋㅋㅋㅋㅋㅋㅋㅋㅋㅋㅋㅋ광대새기 ㅈㄴ 웃기네,0개
159,ClaireRyu,표정ㄲㅋㅋㅋㅋㅋㅋㅋㅋㅋㅋ,0개
