﻿,youtube_id,comment,like_num
0,nanoni,우와 영상 처음에 나오는 코트 진짜 예뻐요!! 어디서 사신건지 알려주실 수 있나요...?🥰,45개
1,kellynew,"언니 진짜 뻥이 아니라,, 언니가 저 제품 설명하시니까 너무 믿음직스럽고 써보고 싶어져욬ㅋㅋㅋㅋㅋㅋ언니가 좋다고 하시는 거는 다 사용해보고 싶은 충동이,,!!",17개
2,RiyaRose,"Please do a ""How to smell fresh and good all day"" routine. I've watched almost all your videos and you're such an angel✨❤",7개
3,meiziinn,피부 많이 좋아졌었다가 마스크끼면서 마스크 부분에 오돌돌돌 좁쌀이 폭발햇어요 ㅠ  너무많아서 피부를 다 짜내야할 정듀.....하아.. 각질제거도 하고 별짓 다해봤는데도 안되서 피부과만 답인가.. 하고 마음이 답답하네요 ㅠㅠ  기초케어 영상 기다리고 있을게오 유나님!,27개
4,gracen,"Thank you for this l hve been struggling with sensitive skin, most of your previous tips hve helped a lot ☺️",7개
5,vvani,"You're beautiful inside and out ♡ I learn a lot from you, thank you~",7개
6,김혁기,"클렌징폼으로 거품을 많이많이 내서클렌징하기
토너 앰플 수분크림 크림 건조하면 슬리핑팩 까지 발라줍니다!                                                🤩(저는 진정 성분을 꼭보는 편이에요 예를 들면 쑥추출물, 캐모마일꽃추출물) (슬리핑팩은 달맞이꽃 추출물이 들어간거! 수분 증발 방지!!)
일주일에 수부지인 저는 2-3번 꼭 워시오프팩 사용 합니당! 
ldkh9364@naver.com",3개
7,BLAIRIOUSDAYS,"오늘은 미세먼지 세안법 올려주셨네요 😄❤️
1. 메이크업 리무버 3. 클렌징 워터
이 각 단계 차이점을 알 수 있을까요..?! 1단계에서 클렌징 워터를 쓰는 사람은 3번 단계는 어떻게 해야할까요 🙄😭",8개
8,김고은,"말씀하신  필름처럼 떨어지는 아이라인, 마스카라 추천 부탁해요~",8개
9,기겨WEI,요즘 마스크 때문에 미치겠어요ㅠㅠㅠㅠ 머리가 어지러울 지경😨😨😂 유나님의 나이트 시크릿 케어 모르시는 분들..꼭 보세여 짱임...개인적으로 아이스쿨러 쪼꼬만한거 마스크팩할 때 롤링하면 좋아요 단 조금만 ㅎㅎ 전 화장을 안해서 다른 분들에게 양보하고 싶어요 클렌징 잘하시구 손도 잘 씻어주세요!! 모두...화이팅! 유나님 영상 고마워요~~,5개
10,FleureDeLyne,"Thank you for this beautiful video! It’s very interesting, I love it! 🙏🏼😊💖💐👍🏼",2개
11,AnushaAndry,I washed my face morning and night(before the sleep) it was the best method i follow nowdays to clean my face and always keep my face moisture,1개
12,박선영,언니 코트 이뻐요...,2개
13,celine,"Love you, thank you so much for your advises 🥰",0개
14,GrkHt1,"I don’t even speak your language and here I am 😂 I am obsessed with you. And imagine if I ever had a second life, I’d love to be as stylish and clean and trendy as you 😂",1개
15,eunjeechoi,완전완전환영!!!! 재활용 관련 공부하신다고 해서 전율~~너무 감사하고 좋은일이예요 유나님과같은 영향력있는분이 플라스틱 활용을 줄이고 재활용에 힘쓰는 생활을 더욱 전파해주시면 좋겠어요😍😍😍😍😍,1개
16,이달의소녀이브,"제 말 들어요 때문에 너무 고맙고! Flag 바꿔서 진짜 고마워요 ^^ 유나씨 최고 
Thank you a lot for listening to me and changing the flags!! It's really appreciated thank you and keep up the good work :)",1개
17,ssi바,유나님ㅠ 다크써클과 눈 위에 눈살 어떻게 안돼나요?ㅜ 이거 때문에 눈이 쾡해보여서 고민이에요 어떻게 없앨 수 있나오ㅠ,1개
18,LiaYesung,"Unaa, are you Lee Donghae's sister^^(Super Junior)? You two look so much alike, I am speechless everytime xD
Love your channel, keep up the good work <3",0개
19,칼리스타TV열정주부,피부가 정말 좋으셔서 늘 집중해서 보게돼요^^ 저두 대부분 미지근한 물에 하고 마지막엔 찬물로 마무리하곤해요. 도움되는 영상 감사합니다💖💕,3개
20,Bini,"하루 종일 화장 안하기! 세수 직후에 수분 많은 스킨팩 해주기!

항상 많이 배워요 유나언니 :)
bini_leee@naver.com",0개
21,이은주,"요즘 마스크 때문에 한층 더 민감해지는것 같아요ㅜㅜ저는 스킨팩 하거나 진정 성분이 있는 마스크팩 종류로 하는데 그것조차도 안될때는 시카,마데카 성분이 들어가 있는 연고제형 가볍게 발라줍니다^^영상 늘 기다리고 볼때마다 꿀팁들 덕분에 도움이 많이 됩니다!!쭉쭉 계속 함께 해주시고 건강 조심하세요❤
dmswn9646@naver.com",0개
22,EunJiKim,꺅 저 이벤트.당첨 되었어욤 !!!!! ♡ 감사합니다! 진짜 폼클 치약 쥐어짜듯 쓰면서도 기대하며 기다렸는데 메일 받고 넘 기뻤어요^^**** 잘 쓰겠습니다♡,0개
23,쵸코링겔,유나님 언제나 너무 이쁘셔요~ 혹시 퍼밍 리프팅 하는 셀프케어법 있으면 좀 부탁드려도 될까요? 얼굴에 칼대기는 무섭고 혼자 관리하고 싶어서요~ 볼이 막 쳐지고 있어요 ㅠㅠ,0개
24,maryong,"오일과 크림을 섞어섞어 쉐킷해줍니다아~~~
akfyds2@naver.com  응모해요",0개
25,MomShare,"Skin care routine is very important for us, having a proper skin care routine could maintain our youthful look.",0개
26,유지연,"저는 마스크팩을 주로해요!! 진정성분있는 마스크팩이요ㅎㅎ
cherry1006@naver.com",0개
27,수수수씨,유나님 궁금한 게 있어요! 선크림만 바르는 사람도 닦토가 필수인가요?!🤔🤔,0개
28,TATYANAM,Omg thank you for eng subtitles!!!,0개
29,꾸이리,"저는 보습기능만 있는 로션이나 크림만 듬뿍바르고 자요!
ac5256@hanmail.net",0개
30,장유나,"저는 요새 마스크 쓰고 민감해져서 기초후 선크림까지만 화장하고 세안은 솜에 스킨을 묻혀 한번 닦고 그 후 로션으로 두세번 클렌징 후 크림부터바르고 스킨을 솜에 묻혀 닦아주면 자극없이 크림이 적당량 닦이면서 좋더라구요 

i911220@naver.com",0개
31,yjmiho,"유용한 내용 감사해요~
요즘 세안법에 대해 고민 많이하고 있었거든요~
피지가 마구 올라와서요~ㅜ.ㅜ
50대면 이제 피지가 사그라들 때도 된 것 같은데...
유나씨의 여러 세안법으로 연구 중이예요~
나에게 맞는 방법을 찾는게 젤 어려운거 같아요~
요즘 전 실험 삼아 집에 있던 포도씨유에 에센셜 오일 몇 방을 넣어  클렌징 오일로 쓰고 있어요~
이게 맞는 방법인지는 잘 모르겠지만요~ㅋ
앞으로도 좋은 팁 많이 주세요~
아~유나씨가 살아가려는 방식들 칭찬하고 응원합니다~ 멋있어요~👍",2개
32,SarahLee,라엘 생리대는 쓰고 있었는데 기초제품이 있는 줄은 몰랐네요! 생각보다 브랜드 가치관이 좋은 곳이네요. 소개 감사해요^^ 아 저도 세수하고 눈점막을 닦아주는데 괜찮은 방법인지는 모르겠으나 온천수 미스트를 묻혀서 닦습니다. 아침에도 누렇게 꼭 뭔가 닦이더라구요.,1개
33,김민지,"세안할 때 손으로 거품을 많이 내서 합니다!
rlaalswl1216@gmail.com",0개
34,눈의goat,"유나님 좋은 팁 공유해주셔서 감사합니다!! 안구세안도 해야겠어요.
저는 민감할때에는 화장, 특히 베이스는 하지않아요. 클렌징은 오랜시간동안 문지르지 않고 세정력좋은 제품 하나만 사용해요. 스킨케어할때 기능성 제품은 사용하지 않고 약산성 수분진정 위주로 바르고 모델링팩을 해주고 잡니다.  
핸드폰도 많이보지않고요.
thswldn2005jw@gmail.com",0개
35,양밍,"저는 클렌징 1차를 제가 쓰는 크림으로 해요! 꾸덕한 크림말고 수분기 많은 크림을 듬뿍바르고 롤링해줍니다! 이렇게 환절기때 피부 많이 예민할때는 좋더라구요~

yang2387@naver.com",0개
36,SeminC,"요새 아침에 가벼운 세안을 위해서 클렌징워터를 버블펌프용기에 넣어서 사용하고있어요! 클렌징 마무리 단계에 써도 무난하고, 피부에 자극도 없어서 애용중이에요!
star7770@naver.com",0개
37,카멜러버Luv,"마스크 쓰니 볼쪽 피부가 더 빨리 건조해지는거 같아서 토너를 여러번 나눠서 덧 발라줘요! 

jungcooldog@naver.com",0개
38,vuuula,"스킨 여러번 덧발라주고 알로에젤로 진정시키고 수분크림 듬뿍!!

cjsdpfla93@naver.com",1개
39,유하은,"요즘 마스크때문에 피부가 열감이 올라와서 홍조가 더 심해지고 작은 여드름이 몇개 올라오는데 훨씬 나아지는 방법을 찾았어요!


⛄스킨케어 외
1.마스크 착용하기 전 바람이 들어오는곳에 30분 정도 놨다가 착용하기
2.깨끗한 거즈를 마스크 안쪽에 넣어 착용하기
3. 1시간 간격으로 안전한곳에서 마스크를 잠시 벗어 피부열감 낮춰주기
4.집에 있을 경우 얼음을 봉지에 넣고 수건으로 감싼뒤 목뒤에 올려두기 피부 열감을 빠르게 내려줘요!

👶스킨케어
1. 토리든 다이브인 저분자 히알루론산 세럼
 요즘 피부가 너무 열감이 올라오고 건조해서 쓰는 제품인데 저가 엄청난 민감성인데 얼굴이 뒤집어지지도않고 수분을 채워줘서 요즘 잘쓰고있어요🖐
2.제로이드 로션
요즘 건조하고 민감한데 그럴때일수록 얇고 간단하게 스킨케어 하는게 좋다고하더라고요 그래서 피지오겔을 사용하다가 조금더 고보습의 제로이드를 사용합니다 ! 스킨케어를 간단히 해도 건조하지않ㅎ아서 요즘 이 둘 조합으로 자주합니당!
♥️youhaen1029@gmail.com",14개
40,유린하,"요즘 코로나고 미세먼지고 난리도 아니네요ㅠㅠ 마스크로 피부도 되게 예민해져서 유나언니 말대로 클렌징이 되게 중요하더라구요!

저는 민감한 피부일 때, 손부터 당연히 씻어주고!!! 되도록 피부에 손 안가게 하는게 중요한 거 같아요ㅠㅠ 짜는 거 절대금지..

스킨케어팁은 저같은 경우는 도도독 하고 올라오는 게 많아서 진정하도록 스킨팩 하고 있구요!! 스킨팩 냉장고에 조금 뒀다가ㅎㅎ
그리고 또.. 냉장고에 넣어뒀던 수분크림 바르고 잡니다!! 그럼 좀 다음날 가라있더라구요~~

ftisland91@naver.com",0개
41,e차안,"와...... 정말 좋은 정보들 너무 좋아용👍🏻👍🏻
가장 기본이지만 요즘은 더더욱 지키고 있는게 외출 후 바로 세안을 합니다ㅋㅋ 이게 차이가 있을까 싶지만 저에게는 정말 차이가 컸어요ㅎㅎ 그리고 녹차물적신 화장솜팩도 하면 진짜 진정ㅠㅠ lcm0405@naver.com",1개
42,헤흐,요즘 마스크를 쓰고 좁쌀이 볼 주위에 많이 올라와요... 그래서 저녁 기초 마지막단계에서 수분크림에 티트리오일 한방울 섞어서 발라주고 있어욤,0개
43,SongSong,저는 마스크땜에 열이 너무 올라서 저녁마다 쿨링바로 마사지 해주고 자요~~ 몇일 하고 나니까 그나마 진정되더라고요,0개
44,lattekim,"저는 요새 마스크때문에 열감이 올라와서 오일(마녀공장) 약산성. 클렌징폼(닥터지) 닥토(유리아쥬)후에 열감에 진정되는 팩을해요
박하가루를 인터넷에서 구매해서 물에 개어놓고 10분 정도 후에 다시 세안을 합니당 박하가루가 찬성질이라서 얼굴도 진정되고 좋아욤
실제 한방에서도 몸 열을 내릴때 쓰는 재료랍니다
17070256@daum.net",0개
45,이향주,"늘 챙겨보고있습니다 댓글은 생전(?) 첨다네요^^

전 미세먼지&마스크땜에 요즘 자극받은 얼굴에
어성초 팩으로 각질정돈해주구요 티트리팩으로 마무리해줘요~ 안그래도 끝없이 올라오는 좁쌀과 늘 전쟁이랍니다ㅠ

언니 영상 보면서 건강한 마인드로~ 잘 관리하고있어요 늘 좋은 말씀 감사해요!!",0개
46,MJS,"역시 유나님 이번에도 꿀팁 알려주셔서 너무 감사해요!
저는 요즘에 알로에젤에 호호바오일을 섞어서 얼굴에 발라주고 있어요! 알로에젤은 좋다고 유명한 아로마티카 제품을 냉장고에 넣어두면서 사용하고 있어요. 홍조가 워낙에 심했는데 이렇게 유기농 두가지 제품을 사용하니까 효과가 꽤 느껴지더라고요! 
alswn4980@naver.com",0개
47,태연,언니ㅠㅠ기달렸어용,1개
48,ssm,"잘 보고 있습니다~~~
재활용 팁 기대되어요
- 요즘 마스크 재사용하면서 거의 선크림까지만 바르게 되었고, 그러니 클렌징젤+폼으로도 충분해요
- 기초케어를 진정 위주로, 비타민a.c 화장품 사용
- 자극 줄이기
(화장솜은 최소한으로, 쿠션 사용 줄이기)
sr7exit@naver.com",0개
49,ribyeo,저는 병풀추출물을 스킨솜에 한가득 적셔서 피부위에 전체적으로 30분정도 덮어두면 진정에 도움이 되더라구요!!   byeori0925@naver.com,0개
50,딸딸아들세아이맘,"그날만 되면 이유 없이 트러블이 올라오면 보습감이 좋은 제품으로 최소한으로만 스킨케어하고 있어요
dada8484@naver.com",0개
51,TheresiaMursalim,"My morning routine is just cleansing with water, while my night routine is only using a face wash. 😂",0개
52,YEONIYA,"민감해지면 가진 화장품 중 가장 순한 걸로 기초를 하고 화장은 절대 안합니다! 약산성 클렌징폼으로 세안을 하고 물을 엄청 많이 마셔줍니당😊
k_suyeon1926@naver.com",0개
53,정행복,"유나님 항상좋은정보 올려주셔서 감사해용💖
세안하고 토너닦는순서로 기초케어가시작되는것이 대부분일거에요.
저는 봄철이라 토너를 씻어주는토너로 사용하는데요. 물기있는상태에서 바르는워싱토너가따로있어요. 깨끗이세안후 마지막에 워싱토너바르고
바로 물로 두번정도 헹궈주면되는데 자극없이 정말촉촉해져요.^^
toomoung02@naver.com",0개
54,여니,"마스크때문에 피부 열감도 심해져서 항상 알로에겔로 피부 마사지해주고있어요
kk0862@naver.com",0개
55,AAYYMM,"샤워 맨 마지막에 세안을 하죠~ 최대한 모공을 열어서 세안🤔??ㅎㅎ    

beindisorder@naver.com",0개
56,SooKim,쌩얼이 더 이뻐요~ 👍 트렌치 코트 어디꺼예요?,0개
57,katyalischiniagrhaphens,"helloooo, hi from Perú!!!!  thanks for the subs in english, at least i understand something♡♡♡♡♡♡♡♡♡",0개
58,linerew,"피부 엄청 좋으신데 당연 피부과, 관리실 이런데서 기본 관리 받아 화장품 발라도 일반인과 다르게 좋겠죠? 시술이나 관리받는거 알려주세요~~",0개
59,위트니,"오옹! 오늘도 유용한 영상이 올라왔네요ㅎㅎ      
저의 스킨케어 방법은 화장솜에다가 토너를 묻히고, 닦아줍니다. 그런 다음 앰플을 바르고, 아이크림을 바릅니다. 그리고 로션을 바르고, 수분크림을 바르면 끝!  
아, 일주일에 두번은 수분팩을 합니다ㅎㅎ  
ldh4280@naver.com",0개
60,jamongson,와 태어나서 처음 당첨돼봤어요💚 감사합니다,0개
61,박성혜,"마스크로 민감해진 피부에 세안 후
화장솜에 알로에추출물을 적셔서 팩을해줘요
알로에의 효능으로 민감해진피부가 좀진정되더라구요^^
busisish@naver.com",0개
62,Jenie지니,전 클렌징 크림+알로에갤 썩어서 클렌징 하고 있어요 더 부드럽고 부드럽게 닦이는 느낌이 들어서요 examvv@hanmail.net,0개
63,토콩,역시나 늘 좋은피부의 언니를 보며 또 한수배우고 갑니다~~~ 고마워용❤️ 9735phs@naver.com,0개
64,리제시카,"요즘에 피부가 건조해져서 아래 3가지 열심히 하고 있어요 :)
1. 매일매일 마스크팩 해주기
2. 일주일에 2번 오일 마사지 하기
3. 수분크림에 바세린 섞어 바르기
세안은 유나님 방법 따라해봐야겠어요 -!",0개
65,미니멀재테크,"안녕하세요 유나님! 유익한 영상 잘 보고  있어요 항상 감사해요! 

유나님 따라 이너뷰티에 눈이 띄여 식습관이랑 스킨케어에 집중하니 피부가 많이 좋아졌는데 요즘 마스크 땜에 입주변에 뾰루지가 많이 올라와서 속상해요ㅠ 유나님 영상 보며 다시 힘을 냅니다!!

1년 365일 민감한 복합성 피부인 저만의 효과적인 루틴을 공유합니다.

대부분 유나님한테서 참고하되 제 상황에 맞게 변경해봤어요~ 한번에 확좋아지는건 없으니 매일 꾸준히 하는게 핵심이구요!

[식습관]
1. 따뜻한 물 마시기 
2. 기름기 있는 음식 줄이기 
3. 채소 섭취 늘이기 
4. 정해진 시간에 7시간 이상 푹 자기
5. 미백주스 먹기

[스킨 케어]
0. 피부 저자극 위해 단계별 1분 이내 미온수로 세안하기
1. 화장솜에 클렌징워터 묻혀 닦아내기 (BB랑 아이브로우만 화장 기준)
2. 호호바오일로 잔여물 및 피지 녹이기 (화장 후 오일 미사용시 잔여물이 남는거같아 천연오일 써봤는데 효과 굿!)
3. 전동클리너로 약산성 폼클렌저 거품 세안 (코 블랙헤드에 효과적임)
4. 샤워 열기로 코 피지가 불었길 기대하며 호호바오일로 피지 녹이기 (턱 화이트헤드에 효과적임)
5. 소량의 약산성 폼클렌저로 다시 세안 (유나님은 클렌징 워터 쓰던데 전 워터써도 미끌거리는 느낌이 별로라 폼클렌저 사용)
6. 주 2~3회 피지 많은 부분은 딥포어클린저로 케어
7. 주 1~2회 화산송이 머드팩 케어
8. 기초로 닦토 → 물토 → (뾰루지 났을때 크레오신을 면봉에 묻혀서 스팟에만 찍어바름 → 색소침착 방지용 더마틱스 바르며 초장에 뾰루지를 박멸) → 에센스/앰플 + 비타민C/동백꽃 오일 섞은거 → 수분크림 순으로 바르기
9. 바디로션 바르기 (기한이 지나 얼굴에 바르긴 애매한 샘플들 및 저렴한 알로에 수분크림 등으로 피부진정)

피부가 뒤집어져도 흔들리지 않고 관리하면 좋아질 확률이 높아지니 계속 유나님 따라쟁이하면서 더 노력해보려구요~

우연히 어제 클렌징워터랑 약산성 폼클렌징을 다 썼는데 이벤트에 꼭 붙어서 리얼라엘 제품 써봤음 좋겠어요 >.<!

서노님 및 스태프분들까지 모두 항상 건강 조심하세요!!

참고로 저는 낼부터 유나님 따라 한달간 설탕 안먹기에 도전합니다^^

lula07@naver.com",0개
66,끌로야,"오일 좋아하는 저에게 오일투폼제품은 탐이 나네요~!
크림까지 쓰고 스킨팩해주고 나서 다시 크림 얇게 도포해주면 크림이 흡수가 싹되고 건조함이 덜해져서 요즘 자주 쓰는 방법입니다!! ㅎㅎ
.
.
ju1104107@naver.com",0개
67,기묜지,비타민e와 알로에 젤을 섞어 발라 줍니당 마스크팩을 한후 남은 에센스를 섞은 고무팩을 해주기도 한답니다!,0개
68,둥이는못말려,"안녕하세요 오늘 유나님 영상 처음봤는뎅 홀리듯이 구독눌렀어욧>_<!!!!!!!!!! 영상 보구 제 클렌징워터에 미셀입자가 들어있나 확인해봤는데 없더군요,,,ㅜㅜ 마침 다 써가는데 유나님 클렌징 나눔에 당첨되면 너무 좋을것 같아용ㅎㅎㅎ
저는 특별한 꿀팁은 없지만 세안하고 물기를 수건으로 닦지 않아요 먼지가 붙는 느낌이 들어서요 ㅠㅠ 바로 닦토 한답니당^.~
피부를 손으로 만지는걸 안하려고 노력하구요!!! 특별한 관리법도 없구 모르는것도 많지만 유나님 영상보면서 그리구 댓글보면서 꿀팁들 마니마니 얻어서 꿀피부 도전합니당!!
ij232390@gmail.com",1개
69,홍하늘,요즘 피부가 많이 좋아져서 피부과 약도 끊고 있었는데마스크를 쓰고 다니면서 피부장벽 자체가 무너져서 뭘 발라도 각질이 올라오면서 원래 쓰던 세안제도 따가워요 그래서 다시 피부과가 답인가 하는생각이 들고 있습니다ㅠㅠ,0개
70,김수연,"진정 에센스(소량) 바르고 크림으로 마무리 해요. 피부를 보호막이 무너져 있기 때문에 에센스를 많이 바르지 않아요.

jkj9286@naver.com",0개
71,쏭마미,"저는 알로에젤 사용을 많이하는 편이에요!! 
제 피부에는 유독 알로에젤이 잘 맞더라구요
세안 할 때 폼클렌징에 살짝 섞어 쓰기도하고 피부가 예민할 때 발라주면 진정이 잘 되기도하구요.

seon_00@naver.com",0개
72,Nam재이,저는 피부가 좋아졌다 안 좋아졌다를 반복하고 있어요ㅠㅡㅠ 피부가 안 좋아졌을 때 저자극 필링젤을 이용해서 각질제거를 살짝 해주고 진정효과가 있는 토너를 화장솜에 듬뿍 묻혀 5~10분 정도 토너팩을 해주면 진정이 된 게 느껴지고 피부온도도 내려가고 좋더라고요ㅋㅎ 수분앰플을 발라주고 마무리로 세라마이드나 시카성분이 들어간 크림을 얇게 여러번 흡수시켜주면 어느정도는 케어가 되어서 이렇게 한답니다~^-^ 언니가 이번에 소개해주신 이 멀티폼클렌징 꼭 한 번 써보고 싶어요!! 언니가 추천해주신 건 믿고 써요ㅎㅎ yunji2009@naver.com,0개
73,suhyeonJang,"우와아!!!! 저 클렌저 사야했는데 뭘 사야할지 모르고있었던 중에😍😍😍 감사해요오🥰
저는 피부가 민감해진것 같다 싶으면 먼저 먹는것부터 신경써줘요!
확실히 먹는것만 잘 먹어줘도 피부가 다른것같아요!(유나뷰스터 강츄.....!!!! 히히)
그리구 저번에 유나님 영상보고나서부터 저도 외출 후 꼭 인공눈물로 안구세척 하는데, 신기하게 세안 다 하고나서 했는데도 불순물나올때가 종종 있어요ㅠㅜ
수분공급 잘해주고, 생활습관 바르게하기!

starsv7@naver.com",0개
74,RosieLee,요즘 미세먼지 클렌징 정보가 필요했는데 때마침 필요했던 꿀정보 너무 감사해영~^^,0개
75,지민,"유나언니 영상으로 항상 많은 도움 받고있어요!!
마스크만 쓰면 안그래도 민감성 얼굴이라 붉어지고 트러블이 나요ㅠㅠㅠ 그럴땐 며칠동안 클렌징 후 미네랄공급과 진정효과 있는 클레이 워시오프팩을 한 후에 스킨바른 후 진정, 재생에 좋은 블루오일!!(진정이 필요한 피부라 유나언니보고 큰맘먹구 따라 구매했는데 너무 잘 사용하고 있어요 완전 추천!)바른 다음 수분감만 있는 크림정도만 사용해요:)
기초케어 영상 기다릴게요!!! 오늘도 정말 좋은 제품 정보 알고가요ㅎㅎㅎ

kyz0623@naver.com",0개
76,으뇽,"안녕하세요 유나님 🙌🏻
저는 피부가 민감할 때마다 세안 후 진정 팩을 해줘요 시카크림을 듬뿍 발라주고 그 위에 호호바 오일로 얇게 코팅해준답니다 오늘도 좋은 정보 감사드려요!
letsgo3019@naver.com",0개
77,melissalai,"Hi, love all the skin care video. You are such a wonderful person for teaching us each steps. Would like to get some help if you have video for combination skin esp for very large pore and saggy skin video. From cleansing to caring. Also, is the sponsor product suitable for me?",0개
78,깡지,"오늘 영상도 정말 감사합니다❤❤클렌징 평소처럼 하고 있었는데 큰일날 뻔 했네요..요즘 정말 코로나 때문에 마스크끼느라 답답하고 피부도 안 좋아지고 힘드네요ㅠ거기다가 미세먼지까지 심해서 하 걱정입니다😭다른 구르미님들은 어떻게 하시는지 궁금하네용저는 평소처럼 많은 화장품들을 이것저것 관리할려고 바르지 않고 최소한으로 줄여서 스킨케어를 하고있어요!예를들어 4가지에서 3가지로 줄이거나 최대한 기본적인 꼭 필요한 것들만 바르구요.민감해진 피부를 진정시키기 위해서 진정이 되는 성분들로 팩을 해주기도 한답니다.그리고 메이크업을 풀메이크업을 하기 보다는 최대한 하지 않도록 하고 있어요 마스크를 계속 써야해서 얼굴에 피부 트러블이 더 올라오더라구요ㅠㅠ그래서 얼굴로 공기가 통해서 환기가 되도록 혼자 있거나 한적한 공간에서 마스크를 벗어 환기합니다.여기까지가 제가 알고 하고있는 요즘 민감한 피부에 하는 방법이에요 다른 구르미님들도 많은 정보 알려주셨으면 좋겠네요♡

kjw8243@naver.com",0개
79,삐카츄우우우,"와 언니... 제가 요즘 바빠서 언니 영상 못 보다가 어제부터 오늘까지 거의 6개정도 정주행해서 봤는데요..
진짜.. 귀에서 피날거 같아요..ㅋㅋㅋㅋㅋㅋㅋㅋㅋㅋㅋㅋㅋㅋㅋㅋㅋㅋㅋㅋㅋㅋㅋㅋㅋㅋㅋㅋㅋㅋㅋㅋㅋㅋㅋㅋㅋㅋㅋㅋ
무설탕을 시작으로 클렌징까지 ㅋㅋㅋㅋㅋㅋㅋㅋㅋㅋ 진짜 언니처럼 잔소리 해주는 사람 없는 거 같아요 ㅋㅋㅋㅋㅋ
약간 듣다 듣다 하 내가 이걸 계속 듣느니 무설탕 해봐?? 할 정도로 ㅋㅋㅋㅋ 너무 객관적이고 이성적으로 따다다다 잔소리 해줘서 할 말이 없네요.. ㅋㅋㅋㅋㅋㅋㅋㅋㅋㅋㅋ 언니 고마워요 ㅋㅋㅋ 설탕 마니아인 제가 난생 처음으로 무설탕 도전을 생각해 보게 됐어여 ㅋㅋㅋㅋㅋㅋ",0개
80,Hajarelf4ever,"Well once i had a really bad breakout and i wasn't sure if it was a reaction for the products that i ve been using or because of food or stress so i stopped using all the products and made rose water at home and changed my skin care routine to : cleanser / toner (rose water) /moisturizer (aloe gel) / sunscreen 
Also i used the rose water  mixed with aloe gel and pure water as a  mist that i spray aalllooot especially when my face feels hot
Another tip: use egg white as a mask leave it to dry and clean it with warm water 
These two tips did wonders for my sensitive skin i made sure i wasn't exposed to many products and chemicals so it would be easy on my skin",1개
81,박미연,"블랙헤드도 각질도 많이 생기는것 같아서 각질제거도 자주하고 딥클렌지 워시오프팩, 건조해지지  않도록 마스크팩도 자주합니다. 마스크 끼는데 화장하니 더  안좋은  것 같아서 화장도 생략중입니다!
mytj120@naver.com",0개
82,uie,"제가 요즘 모낭염에 민감피부로 바껴서,, 엄청 고생하는데 해초팩으로 진정시키고 수분감이 많은 제품으로 앰플3겹바르기, 판테놀이 함유된제품 바르기 하고 있어요! 이번 세안제도 너무 관심있던 제품인데 써보고 싶습니당😍
믿쓰유~~~~💕


deardbsk@naver.com",0개
83,이윤정,"저는 호호버오일에 티트리오일 조금 섞어 각질제거를 합니다...

삼 세번을 지나 열번 정도 찍는 심정으로 한 번더 ㅋㅋ

lyj112735@naver.com",0개
84,서하나,자기 전 스킨팩을 꼭 해주는 편이에요. 열감 내리는 데에 좋은 것 같아용 shn3554@naver.com,0개
85,kellykim,피부가 더 예민해졌다 싶을때는 스킨케어를 건너뛰거나!(스킨케어제품 다이어트도 은근 도움되는 것 같아요) 각질제거+수분크림 루트를 꼭 타준답니다~ kee1510@naver.com,0개
86,장소영,"언니는 쌩얼두 너무 깔끔하구 아름다워요🥰 저도 요즘 직업특성상 화장을 해야하는 상황인데,,  미세먼지에 마스크까지ㅠㅠㅠ정말 턱이 난리가 났어요😨 눙물..뚀르륵..T^T 그래서 저는 항상 집에 들어오면 2가지 케어를 해줘요!

1. 첫째, 킵쿨수드대나무토너 스킨팩✨
클렌징하고 평소에 저한테 잘맞는 토너를 솜에 촉촉히 듬-뿍 묻혀서 5분이라도 스킨팩을 하고 스킨케어를 해여ㅠㅠㅠㅠ엄청 귀찮고 그렇지만 민감건성인 저는 어쩔수가 없나봐용 흑.. 이렇게 해주면 그래도 잔잔한 좁쌀들이 조금은 들어가요!! 

2. 둘째, 시카크림 챙겨바르기!✨
저는 시카크림이 피부에 잘맞아서 자기전에 건조하고 예민한 부위에 시카크림을 듬뿍 발라주고 자요 :) 그러면 피부진정에 많은 도움을 준답니다ㅎㅎㅎㅎ피부 트러블 스팟제품은 덤으로!

이렇게 저는 두가지를 꼭 해주고 있어요!
이번 기회에 언니가 추천해주시는 제품이라면 무조건 믿고 사용할 수 있으니 꼭 한번 사용해보고 싶어요♥️  오늘도 좋은 영상 감사합니댜✨

jsy0320kr@naver.com",0개
87,cometrue드림,"영상 정말 잘 봤어요!! 저도 트러블이 계속 머물고 있는 상태라서 신경쓰고 있는데요
저는 클렌징할 때 거품용기에 담아 거품으로 롤링해준 후 녹차팩으로 진정해주고 알로에걸로 덧발라주고 있어요 최대한 화장품 다이어트로 보습감만 줘서  피부의 무게감을 덜어주고 있어요! 마지막으로 아침에도 10분 덜 자고 일어나 스킨팩해주고 있답니다! seeclos2@naver.com",0개
88,temichan96,thank you always for your honesty! your videos are the best 😁,0개
89,허유나,"저는 요즘 이유없이 피부가 칙칙한 느낌이 많이 들어요ㅜㅜ 마스크로 인한 뾰루지 등은 비교적 없는 편인데 코 주변 각질 ,피지가 걱정이에요 ㅜ그래서 클렌징에 더 신경 쓰는편이에요 2중세안 하던 것에서 3중세안으로 바꿧는데 언닌 4중5중케어를 하고 계셨네요!! 오늘 올려주신 클렌징 넘 써보고싶어요!!!저랑 이름도 같으시더라고요 ^^늘 올려주시는 영상 잘보고 있습니다~~~이런 댓글 처음 달아봐요 ㅋㅋㅋ",0개
90,jiyoonkang,"유익한 영상 감사합니다:) 
유나님 영상은 몰입하게 하는 뭔가가 있는 것 같아요. 영상 시간에 상관 없이 그냥 쭉 보게 되어요. 그러면 어느 순간 끝나 있고.....
저 역시도 미지근한 물로 얼굴을 적시는데, 그 전에! 클렌징 오일을 사용하여 화장을 모두 녹여줍니다. 마사지까지 살짝 하면 피지도 녹는 (녹을 거라는 기대로) 효과가 있는 것 같아서 더 좋은 것 같아요.
그리고 미지근한 물을 살짝 적셔서 마사지를 한 번 더 가볍게 해주면서 화장을 녹여요. 
그리고 약산성 클렌징 제품을 사용해서 화장기를 모두 제거한 뒤 모공수렴 및 진정, 미세먼지 흡착? 기능을 가진 토너패드로 닦아주고 톡톡 두드려주면 끝! 
아침에는 세안 후 바로 미스트를 담뿍 뿌려주는데, 저녁에는 꼭 토너패드로 닦아준답니당~
kmusic112@naver.com",0개
91,빛나래두,"저는 기초를 항상 꼼꼼히 해요 너무 건조한 피부인 날에는  마스크팩의 도움을 받고요~보통은 스킨 에센스 아이크림 로션 그다음에 수분크림을 바르고 영양크림까지 바르고 자요~
spb00287@naver.com",0개
92,신박사,과정이 예쁘시니 결과도 예쁘십니다.,0개
93,MIJEONGJANG,"항상 영상 잘보며 배우고 실천하려 노력중입니다👍😍😘
저는 임산부이고, 또 마스크를 직장에서도 착용하고 일하는 직업이라 화장도 줄이게 되었어요. 그러다보니 블랙해드와 화이트해드 그리고 임산부의 기복을 얼굴 열감으로 보여주네요😞
그래서 지금은 진정을 위해 1. 헤이미쉬 클렌징 밤으로 롤링 후, 2. 클렌징 스틱으로 거품을 충분히 내어 물세안을 여러번 반복하고 있습니다. 그 후에는 3. 닦토 사용. 4. 녹차팩이나 유나님이 알려주신 오이팩을 하며 올라온 열기를 식혀준답니다.(임산부는 열기가 얼굴로 화라락! 올라오는데 제품보다는 천연 재료로 사용중입지요.) 5.마지막으로 수분크림만 얇게 두세번을 바르면 피부가 어느 정도 진정되고 생기를 찾는답니다.👍💕

오늘 본 영상처럼 눈 점막도 닦아주고 미셀토너도 찾아봐야겠네요~ 
그럼, 다음 기초케어 영상도 기다리고 있을게요🎈
jangmj86@naver.com",0개
94,김지니,"저는 오전 오후 세안제를 다르게 사용해요 !
그리그 3세럼법으로 피부를 진정&보습 하고있어요
완전 여드름 피부였는데 이 방법으로 
오히려 마스크 쓰고 미세먼지 있는 요즘 피부가 안정이 되고있답니다:)",0개
95,JhK,"저도 홍조가 너무 심해서 세안 할때 최대한 손에 힘을 안주려고 해요ㅠㅠ 벅벅 문지르면 더 홍조가 올라오는 것 같더라구요 그리고 세안하고 나왔을 때 피부가 너무 예민해보이면 오히려 스킨케어 단계를 줄이고 있어요! 양도 많이 안바르고 저녁에 일찍 잠드려고 노력하고 있습니당 😭

elgo0326@naver.com",0개
96,김효진,"자려고 누워서 유튜브켰는데.................
영상보고 얼굴씻으러 갑니다...................",0개
97,damdaeharabb,"민감해진 피부가 되었을땐 화장안하기, 마스크 낄 일이 없도록 외출하지않기, 잠!많이자기😝

gkdud403@naver.com",0개
98,TaoCatherine,"요즘 환절기 피부 민감할땐데
유나님 잘 없는 협찬 추천제품 한번써보고 싶어요~
🙂🙃 lsm5918@naver.com",0개
99,안녕내사랑,"요즘 같이 건조한 시기엔 수분크림을 잘때 듬뿍 바르고자요 ^^ 그리고 따듯한 물도 자주 마시구요^^
모두 코로나 조심하세요^^
youshooyoung@naver.com",0개
100,,요즘 마스크를 끼니까 노파데에 선크림만 바르고 다녀요! 선크림만 바르니까 세안은 비오텀클렌징밀크로 가볍게 하고 피부 건조해지기 전에 미스트 뿌리기!! 그러고 충분한 숙면만 해도 민감해진게 진정돼요ㅎㅎ,0개
101,설이,"저는 마스크때문에 예민해져서 알로에로 제품 바꿨어요 엄마가 피부병으로 고생하고 계사는데 다 알로에화장품으오 바꾸니까 한결 나아지더라구요 근데 유나님이 좋다고 하는건 바로 써보고싶어요 ㅋ 안그래도 알로에 폼클랜징 다 썼는데 마침 타이밍좋은 제품 소개 감사합니닷
purefelix@네이버닷컴",0개
102,꿀단지,생얼도 예쁘시네요!오늘도 꿀팁 알고 갑니다!,1개
103,이영구,"마스크8시간이상 사용하니까 피지 분비량도 많아서 자주세안을 하니까 피부가 너무 건조해지네요.
친구가 녹차세안법을 알려주어서 녹차를 차게해서 저녁에 세안을 하니까 피부가 좋아진거 같네요.
구독 좋아요 알림완료.
항상 응원할께요.
(nmb178 골뱅이 네이버 쩜 컴)",0개
104,한화림,폼클렌징에 들기름 몇방울떨어트려서 세안하고 있어요~ 폼클렌징이 뽀득거리게 씻겨서 건성인 저는 너무 당겼지만 버리기 아까워서 들기름에 섞어서 쓰니 피부도 촉촉하고 윤기납니당 ~~❤️❤️,0개
105,Jenniep,"저는 미세랄 클렌징워터를  솜으로 닦지 않고 거품용기에 담아 거품세안하고 있어요 ! 자극이 정말 덜 하더라구요 💕
wldmsab92@naver.com",0개
106,한경란,저도 조금씩 좁쌀이 올라오는데 저번에 유나언니께서 추천해주신 뉴트로지나로 세안은 계속 하고 있구요 ~ 좁쌀이나 민감해진 피부는 마스크팩과 마사지크림으로 디바이스로 관리하고 있어요 ~ 더 좋은방법이 있으시면 말씀 부탁드립니다  rabyo@naver.com,0개
107,DANA,"클렌징이 무엇보다 중요한 요즘! 좋은정보 감사합니다ㅎㅎ
저는 피부가 민감한 날 예민해지기 쉽상인데요. 1. 스킨케어 단계 줄이기
스킨팩으로만 가볍게 정리하고 취침 또는 데일리로 유나님이 예~전 영상에서 추천해 주신 셀퓨전씨 썬스크린 바르고 땡 합니다.
2. 마스크팩+LED마스크
유효성분 전달을 위해 호일이나 랩핑으로 마스크팩을 하곤 하자나요.
저는 대신 LED마스크를 써요. 이때 마스크는 고영양보단 기본에 충실한 듀이트리 어성초100% 마스크나 데이맬로우 마스크 같이 순한 제품을 주로 이용한답니다. 이렇게 써도 되는지..잘은 모르겠지만 전 효과가 있는거 같아요!ㅎㅎ유나님 생각은 어떠신지 궁금합니다.
좋은 취지로 이벤트 만드셔서ㅎㅎ이메일 주소 하나 남깁니다♥
jdn3228@gmail.com 응원합니다!",0개
108,경민이,클렌징 팁은.아니지만..마스크떄문에 건조해져서..씻고 바로 마스크팩을 십분정도 올라고 기초케어를 합니다.....넘 덜 건조한거 겉어요..일일일 팩 을 선호하진 않는데...이노무 마스크때문에...안되겠더라구요.....이 클렌징 폼은..써보고싶네요........^^,0개
109,김수정,마스크 착용시 왠만하면 화장 안 하고 구달에센스 쓰고 주 2회 마스크팩 수면시 이불안닿게가 중요한거같아요 mn01105@naver.com,0개
110,목소리늘보VLOG,저는 어성초 성분이 들어있는 팩이 긴급진정?이 잘되더라구요. 세일할때 많이 쟁여두고 피부컨디션이 안좋을때 해주고 있어요 immyr9712@naver.com,0개
111,강채린,저는 민감해졌다 싶은 날은 무조건 세안 후 알로에겔을 듬뿍 올렸다가 스킨으로 닦아내요! 예전에 유나님 아침 루틴이었나? 거기서 보고 시작했어용!! rkdcofls91@naver.com 입니당,0개
112,망고링고,"언니와 같은 악건성 타입의 피부를 가지고 있답니다ㅠㅠ그래서 언니 영상 정말 많이 자주 보고 있어요!
요즘과 같이 마스크 필수 착용에 건주주의보까지 더해진 날이면 녹차분말을 물에 풀어 화장솜에 적신다음 지퍼백에 살짝 얼려 팩을 해준답니다!(사실 언니가 가르쳐주신 방법이라 제 팁이라고 하긴 뭐하지만^^;) 
얼굴색이 슈렉이 되어서 놀라긴하지만 효과를 톡톡히 보고있어요!! 
agahyun94@naver.com",0개
113,말괄량이삐삐,"저는 피부가 민감해졌을 때 오히려 사용하는 스킨케어 제품을 줄이는 편입니다.
기초만 하고, 대신 팩을 해주는데
특히 네이처리퍼블릭 알로에수딩젤이 좋더라구요. 냉장고에 넣어 놨다가 차갑게 해서 사용합니다.

유나언니 세안팁 알려주셔서 감사해요~ 기초케어 영상도 기대할게요옹^0^

ycbee@naver.com",0개
114,이나현,"마스크쓸때 파데까지 화장하면 뾰루지가 생겨서 요샌 톤업크림에 틴트정도로만 간단히 바르고 다녀요( ´•̥ω•̥` ) 원래도 눈화장하면 눈이 따가워서 안하지만 미세먼지 심하면 따끔따끄해서 걱정이네요 .
클렌징은 오일이랑 클렌지폼으로 하고 기초도 최대한 간소하게 하려고 합니다(｡>ㅿ<｡). 유나님 클렌징 영상은 항상 세번씩은 꼭꼭 다시보고 있어요. 항상 꿀팁 감사합니다!
ella_0213@naver.com",0개
115,sungmiyoo,클린징폼을 스폰지로 거품을 내서 대략1분정도 롤링하고 메이크업 잔여물이 녹을수있게 대략 30초 텀을두고 씻어내요^^~~~~✌️,0개
116,EunJiKim,"^^ 저 지금 폼클 다 써가서 유나님 추천 제품 보러 들어왔는데 딱 ! 영상을 올려놓으셨네효 ㅎㅎ .응모해봅니다!
민감해졌을 때 기초 루틴입니다.
평소에는 클렌징패드나 워터를ㄹ 화장솜에 묻효서 닦아내는데 미친듯이 예민할 때는 이것도 자극되더라고요. 이럴 땐 클렌징 워터를 거품용기? 에 넣어서 그 거품으로 얼굴에 롤링해서 1차 세안하고요, 2차 필요한거 같으면 한번더 하고 헹구고요. 워터는 바이오더마꺼 써요. 토너도 화장솜으로 안 닦아내고 손에 덜어서 살살 두드려 3번 정도 흡수시켜 주는데 여기에 글리세린을 세네방울 섞어서 하면 훨씬 촉촉하더라고요. 그리고 수분크림 바르는데 펴바르는 것도 자극될 때 있어요... 그럴 때는 수분젤에 글리세린 조금 섞어서 살살 도포해줍니다^^ 보통 젤만 하면 금새 마르는 느낌인데 글리세린 섞으면 촉촉하더라고요^^ 저는 몸도 민감해지고 가렵고 하면 바디로션에 글리세린 섞어서 발라주는데 작년겨울부터 찾은 방법인데 대만족이에요^^ 하얀 각질도 안일어나고 촉촉하고요. 추천합니다 ^^* 
aspovv@gmail.com 
당첨을 간절히 바래봅니닷 ^^",0개
117,박레,"언니 
언니 영상 보고 실큰 페이스타이트를 싰는데 
지속적으로 하면 얼굴살이 빠진다는 이야기를 들었어요. 저는 빠지기 싫거든요 ㅜㅜ  어떤식으로 쓰시는지 궁금하고 정말 얼굴살이 빠지나요??",0개
118,다영Ron,"저는 호호바오일로 일주일에 세번 마사지를 해줘요! 민감해진 피부에 보습을 주고 장벽을 튼튼하게 해주는 방법이라고 들어서 해주는데 좋다라구요! 하지만 무엇보다 클렌징이 제일 중요하니 “리얼라엘 데릴리 투 폼 클렌져”꼭 써보고 싶습니다.  
gyaeeni@naver.com",0개
119,유진아,"세안할때 거품있는 클렌저로 하고 두번 펌핑후 살살하고 시간은 길지 않게 해요
세라마이드 들어있는 크림도 바르고요 요즘 물마시는 거 늘리고 있어요 물을 너무 안마셔서요 
fbwlsdk214@naver.com",0개
120,KaylaShin,조이드블라스트네오와 셀리,0개
121,SunYoungMo,"립앤아이리무버를 사용하면서 매번 눈이 아팠는데 오늘 영상을 보면서 아래 내용을 배워서 눈아프지 않고 사용할 수 있을 것 같아요.
1. 되도록 워터프루프가 아닌 제품 사용
2. 인공눈물 사용

저는 많이 건조한 편이라 주 3회 정도 아래 단계로 세안을 하고 있어요.
1. 립앤아이리무버 사용
2. 클렌징워터로 닦아내기
3. 얼굴 각질제거
4. 닦토
5. 꾸덕꾸덕한 수분크림

각질제거를 안한날에는 팩으로 대체를 하면서 수분보충을 하고 있습니다.
여러 영상을 보고 저에게 맞는 방법을 찾은 건데 오늘 댓글보면서 또 다른 방법도 배워 갈게요*^^*
-email : ssakigirl@gmail.com",0개
122,jungminLee,"색조 안하고 선크림만 지우는거면 이거 하나만 써도 되나요??클렌징이 어려운듯 
닥토 폼클렌징 리무버 ...",0개
123,GreenStar,김옥빈 닮았다....ㅎㅎ,0개
124,벼리,"저는 팔로우미 프로그램에서 시칼파트크림 소개된 쳔애서 스킨케어단계 다 생략하고 시칼파트크림만 바르시는 분이 있길래 따라해봤는데 좋더라구요 따로 앰플같은건 바르지 않아도 그렇게해도 자극없아 좋아요!!
여러분 다같이 꿀피부됩시당😀😀
aa27002700@icloud.com",0개
125,ddiaveld,"전  미세먼지와 블랙헤드 관리로 오일클렌징을 해주는데 유화과정을  굉장히 신경써서 해요ㅎ 따뜻한 물을 ""조금씩"" ""여러번"" 뭍혀 부드럽게 러빙하면서 클렌징하면 확실히 깨끗하게 닦이는 느낌입니다",0개
126,김미선,"전 요새 마스크때문에 코에 잔뜩 뾰루지가 올라왔는데요 ㅠㅠ 진정해도 마스크쓰면 또 올라와서 소용이 없더라고요 흐흐흑  그래서 평상시엔 화장을 안하고 중요한 날에는 밤제형의 띡한 모습크림을  동글동글 굴리면서 발라서 각질 정리와 보습을 해주고 화장해요 그러면 화장했을 때 뽀루지가 있어도 안들뜨고 잘 먹더라고요 ! 
nana2715@naver.com",0개
127,김하영,"gkdud1367@naver.com 
많이 심한 건성에 화장만 해도 자극이 되는 예민한 피부인 저의 스킨케어루틴입니다 ! (화장을 한 경우에는 1차 세안을 해준 후) 약산성 폼클렌징으로만 세안을 해요 ! (참고로 사용하는 제품은 메이크프렘 클렌징 폼 입니다!) 최대한 피부에 자극이 가지 않게 거품을 최대로 내서 거품으로 가볍게 세안을 해 준 후 토너로 수분을 채워 줍니다 ! (토너는 더랩바이블랑두 제품 사용해요!) (원래는 닦토를 해야겠지만 민감할 때는 화장솜도 많이 자극이 되더라고요ㅠㅠ) 그 다음 알로에젤을 얼굴 전체에 펴 발라줍니다 ! (알로에젤은 아로마티카 제품 사용해요!) 그다음 알로에젤을 약간 걷어내는 정도로만 토너로 닦아줍니다 ! (이 과정에서는 어쩔 수 없이 화장솜을 사용해야 해서 최대한 자극이 안 가게 가볍게 해줘야해요! / 알로에젤을 아용하는 방법은 저도 유나님의 영상을 보고 한 거여서 자세한 방법은 유나님의 모공 축소팁 영상을 참고해주세요 ㅎㅎ) 그 다음 크림으로 마무리하면 끝입니다 ! (크림은 에스트라 제품 사용해요!)
저도 피부에 대해서 많이 아는 게 아니여서 사실 맞는 루틴인지는 모르겠지만 지금까지의 방법 중에서는 이게 최선이었어요 ! 혹시 제 스킨케어루틴이 안 맞을 수 있는 분들이 계실 수 있으니 참고해주세요 :) 유나님 오늘도 좋은 정보 감사합니다 !!",0개
128,JaS,"건조하고 홍조피부인데 마스크 때문에 민감해지고 좁쌀도 올라와서 고민이 많아요...그래서 스킨케어에 관심이 많아지는 요즘입니다ㅠㅠ
마스크를 써야해서 피부화장은 안하구 눈썹만 그리고 있어서 유나님이 추천해주신 뉴트로지나폼클렌져로 세안 후 어성초토너로 닦토->앰플->에스트라수분크림 듬뿍 바르고 있어요!! 
피부가 워낙 건조해서 폼클렌저 사용 후 피부 당김이 느껴지는데 오일 클렌저도 한번 도전해보려구요!!ㅎㅎㅎ
매번 좋은 영상 감사해요 유나님♥️



wndks7979@naver.com",0개
129,로또보이,멋진영상 감사합니다. 좋아요 누르고 가요.🤩🤩👍👍,1개
130,,"어니, 요즘엔 꼭 각별히 주의해서 외출을 삼가고 손을 자주 씻으세요.",0개
131,jamongson,"결국엔 메이크업 줄이기가 가장 답인거 같아요!! 민감해진 요즘 저는 화장솜 줄이기를 실천 중인데 클렌징워터를 거품기에 넣고 얼굴에 바로 도포해주고 있답니당 리얼라엘 폼클렌저 써보고 싶네요
 youjeong0417@naver.com",0개
132,유영미,"저는 처음 접하는 브랜드예요.
친환경이라는거 진짜 맘에 들어요. 코로나 때문에 재활용 쓰레기가 급증했다고 하더라고요. 근데 박스도 테이프 운송장 스티커 떼어줘야 재활용이 잘 된다고 해서 요즘 박스에 붙은 테이프 운송장 배출하는 플라스틱 용기비닐 잼 병에 붙어있던 스티커 박박 떼고 오염된거 씻어버리느라 손톱 다 깨지고 손도 까슬까슬해요.
그래도 작은 노력이라도 해야겠죵?
^^",0개
133,YunjiJeong,민감해질땐 토너팩만한 게 없는 것 같아요. 엄청 예민할 땐 모델링팩도 좋더라구요! 면봉은 진짜 꿀팁이네요..! yoonji32133@gmail.com,0개
134,이혁,1.폼클렌징 세안 2.기초 스킨 로션 3.자외선 차단 4. 각질 제거 cwyh7440@hanmail.net,0개
135,정연주,미세먼지 심해도 베이스를 되게 촉촉하게 하시는 거 같네요? 저는 파우더 열심히 바르는데..,0개
136,박선영,"전 요즘 메이크업을 최대한 가볍게 해서 클렌징 단계를 줄이고 기초도 잘 맞고 보습력 좋은 걸로 골라서 단계를 너무 과하게 하지 않도록 해요. 유나님이 인스타로 추천해주신 닥터자르트 슬리페어 수면팩 너무 잘 쓰고있어요!! 
psunny92@naver.com",0개
137,SIY,"면봉에 세균이 많다는 얘기가 있더라고요
눈점막 청소 면봉도 추천해 주면 좋을거 같아요",1개
138,아쇼유,"요즘 코로나랑 미세먼지때문에 밖을 잘 안나가는데 그래도 밖을 나가는 날에는 집에오자마자 손을 깨끗이 닦고 세안을 하는편입니당 그리고 씻고나서는 물을 꾸준히 마시려고 노력하고 로션을 바를때  한번만 바르니까 너무 건조해서 두번씩 발라주고있어요!
gksmfwltn0330@naver.com",0개
139,김보람,세수한뒤 스킨 듬뿍 뿌리고 머리 말린다음에 수분크림 바르면 피부 좋아졌었는데 ㅠ ㅠ  마스크랑 먼지로 피부가  뭘해도  나아지질않아요...ㅠ,0개
