﻿,youtube_id,comment,like_num
0,lylove,언니 나중에는 쉬시면 쉰다고 공지라도 남겨주셨으면 좋겠어요ㅠㅠㅠㅠㅠㅠ... 아무말도 안하시고 1개월동안 활동을 안하시니까 뭔일났나 했네용....0_0,591개
1,집수니이윤정,뭔가 성숙해진느낌..???진짜예뻐요ㅠㅠㅠㅠ근데 영상 옛날에 비해선 요새 너무 뜸한것같아요 자주보고싶은 맴..ㅠㅠㅠㅠㅠㅠ💗💗,755개
2,가현,언니 (여자)아이들 수진 메이크업 해주세요 !! 언니랑 완전 찰떡일 것 같아요♡♡♡♡,639개
3,임영하,자신을 정리하고 쉬고 싶은 맘은 누구나 똑같으니깐 또 겨울이고 연말이니깐 충분히 이해해요 오랫만에 돌아온 써니가 많이 반갑고요 잘 지냈다니 참 다행입니다 전 구독자수가 숫자가 계속 줄어들길래 많이 걱정했거든요 나름 혼자서 줄어들고 구취하시는 분들 보고는 안타까울때도 있었고요 아무튼 다행이고요 다음부터는 잠깐의 휴식기에는 간단히 잠깐 쉰다는 얘기를 해주시면 우리모두 아마도 이해할꺼예요 그게 진정한 말만의 소통이 아니라 진짜 믿음이 쌓일듯 합니다다들 고등학교때부터 써니와의 의리로 기다리는 심정이었네요 오늘 영상도 이쁘고 고마워요💖,306개
4,박제니,살이 엄청 빠진 것 같은 이 느낌적인 느낌은 뭐죠?!...,197개
5,는나나,아토피 정말공감 ㅜ 빨개져서 나중에 색소침착처럼 검해지는거 너무 시렁 ㅜ,9개
6,solatiffany,아니.. 써니님은 갸름한 얼굴형이 매력인데.. 영상초반부터 얼굴형에 감탄하고 있었는데... 자신감을 가지세요 !!,114개
7,박지영,"팬으로써 써니를 자주 보고 싶긴 하지만 저는 써니가 편할 때, 내가 영상을 찍고싶다! 라는 생각이 들 때 행복한 마음으로 영상을 찍어주시면 좋겠어요 이 영상이 행복해 보이지 않다는 말이 아니에요 (오해 ❌) 행복한 지 안 한지는 저도 잘 모르죵ㅎㅎ 그냥 댓글에 ‘자주 보고 싶다’ ‘영상 좀 자주 찍어달라’ ‘영상이 좀 뜸하다’ 라는 얘기가 많아서 그거에 대한 개인적인 의견을 말해 본 거에요! 써니 하고 싶은대로 하면 좋겠어요 써니가 행복하면 저도 행복하니까요 ☺️☺️",69개
8,명치치,"써니님!!! 진짜루 그냥 하는 말이 아니라, 저는 항상 써니님 얼굴형 너무 예쁘고 부럽다고 항상항상 영상 볼때마다 생각했어요오 진짜루용!!",76개
9,JoanKim,WELCOME BACK!!,112개
10,yreal,써니님 얼굴형이 고민이셨다니.....진짜 얼굴형 너무너무 부러운데😂😂 얼굴형 자체가 동안형 얼굴형인데 아예 각이 없지도 않아서 어쩔땐 엄청 성숙해보이고 진심으로 부러워요...😭,16개
11,아영,저만 그런건진 모르겠지만 화질이 720p 까지만 떠요 ㅠㅠ,45개
12,이수밍,언니 혹시 쉴때 말씀을 해주셨으면 해요! 꾸준히 올라오다가 아무말도 없이 안올라오고 공지도 없고 지금도 ㅂ달정도 안올리시고...ㅠ 무슨일있나 해서 인스타보면 잘지내시는 것 같아서 인스타를 안보시는분들이나 가끔들어가시는 분들을 위해서라도 커뮤니티라도 올려주셨으면 좋겠어요!!!,9개
13,SS,영상 올리시는 건 써니님인데 괜히 구독자들의 독촉으로 미안한 마음 가지시는 거 너무 가슴 아파요ㅠㅠ 써니님은 유튜브가 직업도 아니시고 대학교도 다니시는데 괜히 유튜브에 발목 잡히는 건 아닐까싶어요... 그래도 공백 기간이 오래 걸린만큼 퀄리티 있는 영상 감사합니다 :),47개
14,박수현,근데 써니님 막 고구마 영상에나 평소에 스트레스 많이 받는다 요즘 약간 힘들다 이런식으로 얘기 많이 하셨었잖아요 구독자라면 모를리가 없을텐데 왜 다들 이렇게 재촉들 하시는지 모르겠네요..ㅋㅋㅋㅋ 물론 새로운 영상들 보고싶은것도 이해하지만 쉬고싶을때가 있잖아요 다른 사람들보다 가까이 있다는 구독자들이 이렇게 등돌리면 어쩌자는지 잘 모르겠네요,58개
15,이채원,저만 화질720이끝인가여?,29개
16,,내 개인적인 생각인데 이분 뭔가 아이즈원에 안유진님 느낌이 남,9개
17,strAycArrots,"I have eczema on my eyelids and one time a guy asked another guy to ask me whether i had makeup on cuz my eyelids were bright pink...i never thought someone could think that, usually it's oh is she a burn victim? Whats wrong with her face?...u have to be so careful...i have it all over my face(especially eyes(my nickname is red panda), underneath nose, cheekbones), my arms, fingers, armpit part of my leg, feet, shoulders, collarbones, neck, ears and back oh also on my private part and butt. They can be calm(not noticable) or raging. i sleep with a 1litre tub of moisturiser next to my head lol. When ppl ask what i couldnt live without i would say cream. I think it will get better when i become an adult...the scars wont leave but eh. I actually thought all my eczema scars were birthmarks until recently",8개
18,heyitsfeiii,We finally get that skincare routine 👏❤️,49개
19,Jane,마음의 정리가 필요하다는 말 정말 이해가요:) 더군다나 써니님은 이미 많은 사람들에게 알려진 유튜버이니 항상 좋은 멘탈을 유지하기는 더 힘들거구요ㅠㅠ 그래도 저를 포함해 응원하는 구독자가 많다는걸 아셨으면 좋겠어요! 오랜만이라 더 반갑고 전보다 더더 성숙해지고 예뻐지셨어용!! 아이메이크업도 너무 취저라 따라해보고싶구요❤️,17개
20,박제니,얼마만에 영상인지ㅠㅠㅠㅠㅠㅠㅠㅠㅠㅠ자주자주 올려주세요ㅠㅠㅠ,20개
21,jh,써니님 저도 진짜 공감이 너무 많이 되요ㅠㅠㅠ저도 집온도가 너무 뜨거워도 안되고 차가워도 안되거든요 더우면 아토피 난 부분이 더 가렵고 여름이면 더워서 얼굴 엄청 빨개지고 겨울에도 찬바람때문에 또 빨개지거든요ㅠㅠ 진짜 너무 써니님 말씀에 공감되가지고 놀랐어요😱,29개
22,휘트니whitneybae,언니 사랑해요! 💖💕💘💜💞💗💝,9개
23,예원,"이번 메이크업도 잘하시네요ㅠㅠ 오랜만이라 넘 반가웠어요 최근에 컴백하신 청하님 벌써 열두시 커버메이크업해주실 수 있나요 써니님의 표현 보고싶어요,,,",5개
24,안예진,Hey! I've been stressing over extremely dry skin on my face for the last two years. It just suddenly appeared lol. I live in Korea but Im currently studying here in the US. I'll check out the apieu ample when I go back to Korea but im the meanwhile I cant find it here:( can you tell me where you can buy it or if theres any other ample you are willing to recommend? Thanks always! :),2개
25,김수진,"진짜 이번 영상 썸네일 보고 완전 반가웠어요 ㅜㅜㅜ 아토피라는 글자만 보고 바로 영상 보러 왔답니다!! 이번 영상 볼 때마다 계속 공감하면서 봤어요ㅠㅠㅠ 써니님 입술 위랑 목에 아토피 약간 있는 모습도 진짜 저같았어요,,,ㅜㅜㅜㅜ 저도 무릎 뒤는 성인되면서 점점 나아졌는데 팔이랑 목이랑 얼굴은 아직 남아있어요,,, 손가락에도 아토피 있구요,,, 저도 피부과도 가보고 한약도 먹어보고 디톡스도 해봤는데 결국엔 나중에 올라오더라구요,, 제가 구독한 유튜버들 중에 아토피를 주요 컨텐츠?로 한 영상은 없어서 진짜 반가웠어요!! 그래서 써니님을 더 신뢰,,?할 수 있게 됐어요 ! 저는 21살인데 아직까지 아토피로 고생하고 있어서 진짜 고민이었는데 이런 영상만으로도 위로받는답니다,,,!! 꾸준한 자기관리가 중요하다고 하셨는데 이번 영상에 나온 것 외에도 추천할 만한 것이 있으면 언제든지 알려주세요~~!! 혹여나 제겐 맞지 않는 방법일지라도 그런 영상이 올라온 것만으로도 반가우니까요!! 진짜 이런 영상 올려주셔서 감사합니다ㅜㅜㅜㅜㅠㅠ 어쩌다보니 글을 너무 길게 적었는데 부담스러우셨다면 죄송하고 저는 진짜 제 진실된,,? 감정을 적은거니까 부담안가지셨으면 좋겠어요! 앞으로도 좋은 영상 많이 올려주세요! 감사합니다🥰",11개
26,꿀다,하... 진짜 아토피 피부 너무 공감이에요ㅠㅜㅠㅜㅜㅠㅜㅠㅜㅠㅜㅠ 스킨케어하고 오일 바르고 자도 갈라지고 빨개지고 따갑고ㅠㅜㅠㅜㅠㅜㅜㅠ  화장 다 뜨고 진짜 각질이 눈처럼 떨어지는ㅜㅠㅜㅠㅜㅠㅜㅠㅜㅠㅜㅜㅠ 하.... 조금만 안맞는 제품써도 따갑고 가렵고 뜨겁고...  우리 아토피 피부끼리 힘내요...,1개
27,로헬,치아관리 루틴같은게 있다면 알려주실 수 있나요..?,5개
28,윤주영,"언니 진짜 여자아이들 서수진 님 메이크업 찰떡일 거 같아요 ㅠ ㅠ 썸네일 보고 커버 메이크업인 줄 알아써오,,,",8개
29,annamosh,"저는 얼굴에 아토피가 있어요, 메이컵 아레르기 때문에. 그래서 메이컵 절대 쓰면 안돼요 ㅠㅠ. 꿀팁 고마워용😙 그 어퓨 앰플 써보고 싶어요. Also sorry if i got anything wrong, im still learning korean ㅎㅎ and im kinda amazed that i understand the video without subtitles 😂",3개
30,nastudio,김태리 커버 메이크업 해주세요ㅠㅜㅜ 잘어울리실 거 같아요ㅠㅜ♡♡,2개
31,리퍼,장원영 커버 메이크업 한 번만 해주세용 🙏❤️,9개
32,자몽티,으앙 써니님ㅠㅠㅠㅠㅠㅠㅠ진짜ㅠㅠㅠㅠㅠㅠㅠㅠㅠ알람울려서 공부고뭐고 때려치고 바로 유튜브 보러 왔어요ㅠㅠㅠㅠㅠㅠㅠㅠㅠㅠ진짜 울 써니님 너무 보고싶었어요ㅠㅠㅠㅠㅠㅠㅠㅠㅠㅠ 뭔일 있었던 거 아니죠? 울 써니 아토피 있든 말든 사랑받을만한 사람이니까 자존감 열권 뚫을만큼 회복하셨으면 좋겠고 많이많이 우울한 상태는 아니였으면 좋겠어요 항상 제 삶에 위로가 되어주는 써니!!!! 너무너무너무너무 사랑해요🖤🖤🖤🖤🖤🖤🖤🖤🖤🖤,2개
33,하지마라,날짜를 정해놓은 것도 아니고 언제 올리든 써니님 맘인 것 같은데.. 사정이 생길 수도 있고 사정이 없어도 그럴수도 있죠! 로봇이 아닌 써니님은 인간이니까 충분히 기복있는 날짜로 업뎃 할수도 있다고 생각합니다 부담을 점점 주면 더 올리기 싫어하실 것 같아요 편하게 하셨으면 좋겠는 바람입니다 저는..!,6개
34,어니야부기해,언니 너무 이뻐요ㅍㅍㅍ퓨ㅠㅠㅠㅠ진짜 제가 제일 좋아하는 얼굴형ㅁㅁ!!!,1개
35,이설혈,갑분 와썹맨ㅋㅋㅋㅋㅋㅋㅋㅋㅋㅋㅋㅋㅋ잘 보다가 빵 터졌어욬ㅋㅋㅋㅋㅋㅋㅋ트위치 방송도 다시하시나요?,0개
36,잔디용,헉 이 메이크업 너무 찰떡이자나여ㅠㅠㅠㅠ,4개
37,HANABTSHINEXOW17,I WANA ASK U .MY SKIN IS REALLY DRY ESPECIALLY THESE DAYS IS THERE ANY GOOD PRODUCT I CAN USE?? THANKS,1개
38,이지윤,써니님 영상 잘보고있어요ㅠㅠㅠ아이들 수진 메이크업 해주시면 진짜 앓아누울거같애요...😭😭😭,2개
39,감동을주는큐브,악..ㅠㅠㅠㅠㅠ 언니 썸네일 진짜 수진이 커버 메이크업인줄 알았어유ㅠㅠ 언니 제발 아이들 수진 커버 메이크업 한번만 해주세유ㅠㅠㅠㅠㅠㅠㅠㅠㅠ 😘,0개
40,첫눈사람,저도 아토피성 피부인데 앰플이랑 로션이랑 똑같은 거 써요!! 신기하네용♡,7개
41,jinow01,언니 왜 이렇게 늦게 왔어요ㅜㅠㅠㅠㅜㅠ 이번 화장 진짜 잘 어울려요❤흑발 체고시다❤,0개
42,도요넴,진짜 오랜만이잖아요ㅠㅠㅠㅠㅠ 영상 알람 뜨자마자 바로 왔어요ㅠㅠㅠ,4개
43,김유진,끄아구ㅜㅠㅠㅠㅠㅠㅠㅠ 언니 너무 감사해요ㅠㅠㅠㅠㅠ 지금도 아토피때문에 얼굴이 너무 건조하고 쩍쩍 갈라져서 화장도 못하고 있는데ㅠㅠㅠㅠ 진짜 감사해요ㅠㅠㅠ 이런 꿀팁ㅠㅠ,6개
44,RJK,언니! (여자)아이들[(G)I-DIE] 수진 커버 메이크업 보여주세용!! 두 분 다 너무 예쁘시고!! 분위기도 닮으신 것 같아서 요청해봅니다!!😊😆,1개
45,Mong,옷을 거꾸로 입었댘ㅋㅋㅋㅋㅋㅋㅋㅋㅋ,1개
46,문수연,와 진짜 너무 예뻐서 따라해봤는데 분위기 짱이에요!! 요즘 계속 누드브라운 하고 다녔는데 이거도 완전 다른 느낌으로 예뻐서 데일리 될 것 같아요,1개
47,밍밍,화질 너무 안좋ㅇ아요 진짜ㅠㅠㅠㅠㅠ,0개
48,OliviaYang,"ㅠㅠㅠㅠㅠㅠㅠ끄아아아앙
너무 오랜만❤️ 써니양 영상 떴다는 알람 보자마자 달려온 1인🙋‍♀️✨
영상 롱타임이라서 넘나 좋구요! (먼저 선댓 남김...이제 영상 감상하러~~)",0개
49,민경장,아 진짜 써니님 너무 기다렸어요ㅠㅜㅜㅜㅠㅠㅜㅜㅜㅜㅜㅜㅜㅜㅜㅜㅜㅜㅜㅡㅡㅡㅡㅡㅜㅜㅜㅜㅜㅜㅜㅠㅠㅠㅠㅠㅠㅠ❤️❤️❣️😭😭,0개
50,이지우,으아ㅜㅜㅜㅜ드디어ㅠㅠ❣️❣️❣️,0개
51,MK,너무 이뻐ㅠㅜ,3개
52,nn,겨울에 보일러 빵빵 틀면 넘 건조 ㅠㅠㅠ 빨개지구.. 진짜 아토피 어릴때 콤플렉스엿는데..ㅎ 아토팜 로션이랑 리얼배리어 크림 추천합니당>>,0개
53,MmmKkk,진짜 예쁘다... 살 빠진 것 같아요 볼이 완전 홀쭉ㅠㅠ,0개
54,조은아침,써니님 예전부터 궁금했는데ㅠ 아토피있으신데 화장품 많이쓰시는데 피부 괜찮으신가요?? 화장품이 많이 자극적인데 화장도 너무 잘하시고 저도 아토피라 궁금합니다!ㅠㅠ,1개
55,JRE,써니...최고....너무귀여워.....최고...사랑해애애애애ㅠㅠㅠㅜㅜㅜ흐아아앙 ㅠㅠㅠㅠ,0개
56,atolimiswu,"Oml.. I love this look 😍😍 
anyways I always wanted to know your age",1개
57,May,와 피빨강 립 연출하실 때 분명 칠리를 발랐겠지 생각했는데 칠리보다 더 예뻐요 레드립 성애자 울고 갑니다 내일 슈에무라 가야겠어요❤️❤️,1개
58,김우진,완전 오랜만이에여 ㅠㅠㅠ❤️❤️❤️,1개
59,과일좋아,"언니ㅠㅠㅠ 유튭 업로드좀 자주해줘용ㅠ💜 
보고싶었어요ㅠㅜ❤️❤️",0개
60,며미뮨,하ㅠㅠㅠ 진짜 오랜만이에요ㅠㅠ,0개
61,OOP,화질이 너무 안젛아여ㅠㅠㅠ,0개
62,Lucy루시,"잉 ㅠㅠ 너무 보고싶었어요💖 써니언니 화장은 꼭 그림을 그리는 듯 색감이 너무 예뻐요 색상의 조합이나, 메이크업에 따라 다른 디테일이 너무 좋아요 ㅠㅠ 미술입시생이라 그른가.. 그런 포인트가 늘 좋다고 느꼈어요 참고로 저 정말 써니언니의 오랜 팬이랍니당❤️ 첫 영상 (혜리메이크업!) 때부터 쭉 봐오고 있어요 그땐 중1이었는데 어느덧 고3이 됐네요 ㅎㅎ.. 그만큼 항상 응원하고 있어요 사랑해요 써니언니 ☀️💖
+) 마지막엨ㅋㅋㄱㅋㅋ 와썹맨 즐겨보시나봐요 ㅋㅋㅋㅋㅋ",1개
63,Xiaoling효령,써니님 영상 넘 오랜만인거 아니냐구요ㅠㅠ 자주 와줘요ㅠㅠ,0개
64,Asalwys,오랜만이에요ㅠㅠㅠㅠㅠ 아토피와 관련된 팁 이야기를 잘 해주셔서 도움이 되는 분들이 많을 것 같네요 ㅎㅎ,0개
65,뎡연,와 진짜예뻐오ㅠㅠㅠㅠ😭💛💛,0개
66,화린,"아토피 피부라 화장만 하면 3~4시간..? 뒤에 바로 떠요ㅠㅠ 그래서 피부화장은 안하는데,, 저한테 도움이 됐으면 좋겠네용 좋은 영상 감사해요!",0개
67,스누피스냅핑,써니님 근데 화질이 720이 최대네요ㅜㅜㅠ 제 폰만 그런건가요?,0개
68,가묨미,예전에는 귀엽고 예뻤는데 성숙함까지 추가된거봐ㅠㅠㅠㅠㅠㅠ,0개
69,김예원,ㅋㅋㅋㅋㅋㅋㅋ마지막에 주겨버려 ㅋㅋㅋ 귀여웡,0개
70,김아형,왜 영상 화질이 안좋죠ㅠㅠ 저만그런가욥,0개
71,콘오알바,"헐 뭔가 확 성숙해지신느낌
넘 예뻐요 역대급... 좋아하는 화장 스타일이라 보는데 재밌었어요ㅎㅎ",1개
72,김지은,와 미쳤다 너무예쁘다,2개
73,JaqueLessa,"Finalmente um vídeo seu, eu senti sua falta, adoro seus vídeos! 
E você ficou divina com essa maquiagem! Arrasou!♥️🇧🇷",0개
74,고공고공주,왤케 예뻐 진짜ㅠㅠ넘 오랜만이에용,0개
75,다다,써니님ㅠㅠㅠㅠㅠㅠㅠㅠㅠㅠ저 요즘 얼굴에 아토피 올라와서 너무 걱정중인ㄷ 흑흑끄 마침 영상 올라와서 너무 반가웠어요... 눙물눙물... 정말 감사합니당TT,0개
76,mmo,언니 머리 묶고 메이크업 하는거 넘 깔끔하고 보기 좋아요!!!,1개
77,서현,화질이 너무 안좋아요..,9개
78,권현경,sunny!!!! 오랜만에 봐도 넘 좋다... 써니 덕에 오늘 기분좋게 잠들 것 같아 고마워,1개
79,밍밍,언니 오랜만이에요 ㅠㅠㅠ! 원래 예뻤는데 더 예뻐지셨넹..,0개
80,김채영,화질이 왜이러지 ㅠㅠㅠㅠ,0개
81,인생존버,약간 아이즈원의 안유진 닮으신거 같아용 안유진 커버 메이크업두 부탁해용 !! ☁️💓,1개
82,유징,아 개존예잖아요ㅠㅠㅠㅠㅠ 무슨 현존하는 모든 컬러가 다 잘 어울릴 수가 있어요 진심 이건 사기야ㅠㅠㅠㅠㅠㅠㅠㅠㅠㅠㅠ❤️❤️❤️❤️,0개
83,송수연,언니 너무 오랜만이에요 보고 싶었다구요ㅠㅠㅠㅠ,0개
84,Rosymark,you look like (G)I-dle's soojin in that makeup look,0개
85,channyKim,써니님 살아계신 맞았군요ㅠㅠ보고싶었어여ㅠㅠ,0개
86,strawberrymilk,아 녕 하 서 오? I dont understand what your saying. But i still watching your video. And can you do GFRIEND EUNHA MAKEUP? thankyou! I hope u notice this comment.,0개
87,릴리,써니님.. 얼마만의 영상이에요..!!! 기다렸어요ㅠㅠㅠㅠㅠㅠㅠㅠㅠㅠㅠㅠㅠㅠ,0개
88,박예니,8:34~11:58 영상 윗부분에 오타가 있네용!이런거 잘 못 넘어가는 진지충ㅜㅜ을 너그러이 이해해주시고 기분이 나쁘셨다면 죄송합니다..!,0개
89,전민아,ㅠㅠ왜유툽알림안뜨죠 써니님 인스타보고 달려왔어욥💕,0개
90,대굴빡깨져도사랑해변백현,"랩하는것도 넘모 귀엽구 ,,,,,,, 언니 얼굴형 완벽하니까 ㅠㅠㅠㅠㅠ 자신감을 가져요!!!!!!!!!",0개
91,반혜,드디어!! 올만이에요ㅠㅠ,0개
92,총잡이,써니님 완전 초기때부터 팬이였는데 요새 영상 잘안올리셔서 걱정도되고 뭐지싶었는데 쉼표같이 쉬시면서 재정비 했다하니 이렇게 쉴때도 가지는게 좋은생각인 것 같네요! 2019년엔 더 자주 볼 수 있다니 넘넘 좋아요!💜💜💜,0개
93,한국인,써니님 진짜 보고싶었습니다 일상 영상도 많이 올려주세요😍,0개
94,tmddus,일빠 오랜만이에요ㅠㅠㅠㅠ존예..,0개
95,김유진,언니 보고싶었어요ㅜㅜㅜㅡㅜㅜㅜㅜㅜ♥️🥰,0개
96,zionx,써니님 메이크업만 ㄷ기다렸어요 ㅠㅠ 항상 새롭고 따라하고 싶은 메이크업😍😍,0개
97,민선,너무 이뻐요😍저는사실 써니님 얼굴형 진짜 사랑하고 부러운데...ㅠㅠ 어쨌거나 예쁘세요❣,0개
98,써니,연예인 박신혜 메이크업해주세요 ㅎㅎ디게잘어울리실거가타욤,1개
99,호오빵,ㅠㅠㅠㅠ저 아토피 요즘 자꾸 얼굴에 올라와서 고민 많았는데ㅠㅠㅠ,0개
100,,오랜만이네요!! 학교가 많이 바쁜가봐용 ㅠㅠ 현생이 먼저니까 너무 부담감 갖지마세요!! 중학생인가 고등학생인가 여튼 첫시작때부터 봐서그런가 대학생이신게 아직두 많이 신기하네용ㅋㅋㅋ크시기도 많이컸고...왤케 동생같은 기분이 드는지ㅠㅠㅋㅋㅋ 오늘도 잘 봤어요~,0개
101,,와 써니님 영상보고싶어했는데 이렇게 올라오다니..부담되지 않는 선에서 자주 올려주세요❤,0개
102,루나,아니 언니 얼굴형 진심 엄청 이쁘다 하면서 막 감탄하면서 보고있었는데 본인 얼굴형 좋아하는 편이 아니라는 말에 맴찢....ㅠㅜ 진짜 지이이이이이이이이이인짜 이쁘니까 더 더 자신감 가져도 돼요!!!!,1개
103,이수민,메이크업 진짜 잘 하시네요💕,0개
104,임또영,"써니님 ㅠㅠㅠㅠㅠㅠ 너무 오랜만이에용 ㅠㅠㅠㅠ
역시나 넘넘 예뻐요❤️🥰❤️🥰❤️🥰",0개
105,우주,드디어ㅠㅠ 너무보고싶었어용ㅠ,0개
106,yoon1601,기다렸어요ㅜㅜㅜㅜㅜㅡㅜㅜ,0개
107,김채연,언니ㅠㅠㅠㅠ 또 써니박스 구성은 안 해주시나요 써니박스 원해요..🥺,0개
108,오랑이,언니의 이뿐 외모에 치이고 영어발음에 치인다..ㅠㅠ😍,0개
109,와타시쫄보란보,언니 보고 싶었어요 ㅠㅠㅠ,0개
110,aK,待ってました！！！,0개
111,불쾌한비둘기,"알람 뜨자마자 바로 왔어요! 천재만재유튜버 갓써니,, 오늘 메이크업 역시 역대급이었습니다ㅠ0ㅠ",0개
112,hihello,화질이...ㅠㅠㅠㅠ,0개
113,연꽃Factory,Tsubaki factory의 오노다 사오리의 메이크업 동영상이 보고 싶어요.,1개
114,MariaJohn,Please make Jimin's (bts) or Jeongyeon's  (Twice) ♡,0개
115,marikosatoya,조이 닮았어요!항상 귀욥고 이쁘고 매력이 많은 써니님!!올해는 더 많은 영상을 보고싶어요^^,0개
116,StephanieTort,Is sunny pop going to be available in the us and if so when? I just want to buy it for you 👍🏼💙,0개
117,Hyeri혜리vlog,아토피 관련 영상이라뇨ㅜㅜ 이런 영상 더 올려주세요,0개
118,cup,"처음에 한글 자막 키고 들으면 인트로 노래가 ""으 으 아 예"" 이렇게 자막이 뜨네요ㅋㅋㅋㅋㅋ 오랜만이에요 써니님ㅠㅠ",0개
119,예우진,헉 오랜만이에요ㅜㅜㅜㅜ 보고싶었어요ㅜㅜㅜㅜ,0개
120,앵림,정보전달해주시려고 만드신 영상인데 정작 아토피 피부 관리 방법에 대해선 너무 정리가 안되어있는 느낌이에오.....😢😢 세럼 정보나 연고에 대한 정보 감사합니다아,7개
121,임다빈,언니 보고싶었어요 ㅠㅠㅠ,0개
122,Loa로아,"화질이랑 bgm 이 넘 아쉬워용,,
써니님은 목소리가 너무 좋은데 
목소리만 듣고싶은데 
비지엠도 크고 목소리도 커서 귀가 피곤한느낌,, 헝",0개
123,뿌숑,오랜만이에요ㅠㅠㅠ,0개
124,신채원,써니ㅢㄴㄴㅁ ㅠㅠㅠㅠㅠㅠㅠㅠㅠㅠㅠㅠ 보고싶었어요,0개
125,사인법칙,헐 써니님 오랜만이에요 ㅠㅠㅠ!!,0개
126,꾸룩꾸룩꾸룩꾸룩,으흐그그극 언니 너무 오랜만이에야ㅠㅠㅠㅠㅠ 앞으로 많이많이 자주 올려줘요ㅠㅜㅜㅠ,3개
127,김민주,야옹이 등장시키는 브이로그도 올려주세요 💕🥰,3개
128,jimingchu,"써니님!!! 돌아오시길 기다리고 있었어요😍 매번 써니님이 겟레디처럼 말하는 영상보면 이런저런 이야기해서 참 재밋는 것같아요 :) 보다보면 시간이 훅훅가버려서 다음영상도 기다리게 되요ㅎㅎ 
저도 아토피때문에 정말 고생이 많은데, 피부가 수분이부족한 지성타입이라 밤같은 타입으로 각질을 덮으면 트러블도 나고 피부가 망가지면 아무리 좋은 관리를 해도 잘 안돌아오더라구요 ㅠㅠ(아무래도 뜨거운 물로 세수하는것도 한몫하는 것같아요) 그래서 그런지 오늘 영상 정말로 공감가요!!
오늘 쓰신 파운데이션 정말 얇게 밀착되는 걱 처럼보여서 요즘같은 날씨에 기초만 쌓아도 두껍게 표현되는 피부에 좋은 것 같아요!! 제가 파데 유목민이라 아직 임시로 정착한 파데가 에스쁘아인데 오늘 영상보고 반했어요!! 혹시 랑콤 뗑이돌과 비슷한가요?? 그리고 써니님 영상 보면 항상 느끼는 건데요 색상 조합도 정말 잘하시고, 무슨색이던 잘 소화해내시는 것 같아요 (제 마음속 구아바메이크업♡) 오늘 영상 보고 또 반해갑니당!! 다음영상에서 또 봐요!!",0개
129,빛나,?????너무예쁜거아니냐묘ㅠㅠㅠ,0개
130,Wwo09,"써니님 인조속눈썹 제품이름 정확히 알고싶어용ㅠㅠ
코지 뉴코애리윙 이라고 쳐봤는데 안뜨네염...
내 눈에도 붙이고 십따...",0개
131,,PLEASE MAKE ENG SUBS!!!!!💞💞💞💞,5개
132,dd20113,언니 “엘라글로스” 커버 메이크업 해주세뇨 🙏🏻🙏🏻💙🙏🏻🙏🏻🙏🏻💙💙💙💙💙,0개
133,MK,완전 오랜만이네요ㅠ 너무 보고싶었어요❤❤,3개
134,문서영,오랜만이에요~ 언니 썸네일보고 와미쳤다!!!!하고들엉핬어요😍,0개
135,WooDong,전 장이 안 좋아지니 그렇더라고요 ㅠㅠ,0개
136,김재은,언니 넘 오랜마닝에요!!!!♥️♥️기다렸습니당 😍😍,0개
137,김보정,"써니님 !! 영상 잘 봤어여🤗
써니짱🧡💜",1개
138,PsyGdg,ㅠㅠ언니 써니박스 또 안하시나욧 ㅠㅠ흑흑,0개
139,monvely몬블리,써니님 존예잖아요ㅜㅜㅜ그와중에 볼살 귀엽고ㅜㅜㅜ오 근데 앞머리 다시 내린거에요?,0개
140,나리나리개나리,언니 학생메이크업 해주세요 ! 이제 새학기 시즌이기도 하잖아요 !! 💗,0개
141,RainyPark,예전부터 느껴왔지만 써니님 뭔가 엔시티 마크 느낌 나요 말투나 분위기? 그리고 얼굴도 좀 닮은 것 같기도...,0개
142,youooo,100만 유투번데 올리는 기간보면..;;,0개
143,로와,써니님 예전부터 구독했는데 오랜만에 들어왔어요! 구독자 100만명 넘으셨네요 우와.. 이제 슈스시네요 ☺☺☺ 늘 좋은영상 감사해요,0개
144,유댕YUDENG,"써니님 하이라이터 엄청 잘어울리시고 좋아하는데, 추천해주세용!!!! 로드샵, 백화점 상관없이 써니님이 좋아하는거 알고싶어용",0개
145,younheeHwang,써니씨  오랜만이에요,1개
146,수민,아직 안봤지만 열심히 볼게요 !! 오랜만이에요 언니!! ❤️❤️,0개
147,경미미,꺄아아 세상에나❤️,0개
148,JisuKim,"옷색깔너무예뻐요,,,ㅠㅠㅠ",0개
149,KaeunLee,아이즈원 안유진 닮으셨어요!! 아이즈원 안유진이나 장원영 메이크업 해주세요 ㅠㅜㅠㅜ❤❤,2개
150,ominsuo,저도눈주위아토피심한데괴로워여ㅜ공감되는조은영상이네여ㅎㅎㅎ 닥터아토로션도 조아요!,0개
151,가영,아니 언니 저 언니 얼굴형 갖고싶다고 매일 영상보면서 생각하는데 넓다뇨 그런 소리를!!!,0개
152,전수정Sally,써니다!!!!!너무 보고싶엇어용 ㅎㅎㅎ,0개
153,히믱,전소미 메이크업 해주세용!! 말하는 스타일이나 이미지가 비슷해보여서 잘어울릴것 같아요,0개
154,송지윤,오쵸 영상 계획 있으신가요 ㅠㅠ 오쵸 영상으로 보고 싶은 맴 ㅠㅠ...,0개
155,민지,언니 오늘 쌩얼왜이리이뻐요..?진짜 왜이렇게이뻐요?쌩얼도이쁘면어떻게해요..?♡♡,0개
156,Mibby,스카이캐슬 나온 여배우분들 커버 메이크업 부탁드려요!!,0개
157,김은성,보고싶어 죽는줄알았어요!!!❤️❤️❤️❤️❤️💜,0개
158,진호,"제 피부가 아토피 피부는 아닌데...민감한 지성피부여서 엄청 쉽게 빨개져요ㅠㅠ
이런 피부에 어퓨 마데카소사이드 앰프을 써도 괜찮을까요???",0개
159,박수영,You really resemble g idle's soojin :( <3333,0개
