﻿,youtube_id,comment,like_num
0,곽토리kwaktori,ㅋㅋㅋㅋㅋㅋㅋㅋㅋㅋㅋㅋㅋㅋㅋㅋㅋㅋㅋㅋㅋㅋㅋㅋㅋㅋㅋㅋㅋㅋㅋㅋㅋㅋㅋㅋㅋㅋㅋㅋㅋㅋㅋㅋㅋㅋㅋㅋㅋㅋㅋㅋㅋㅋㅋㅋㅋㅋㅋㅋㅋㅋㅋㅋㅋㅋ다 키때문이야 우리 궁둥이 혼내지 마세용🌝🌝,49개
1,먼지님,"긐ㅋㅋㅋㅋ 
원래주인이 입으면 이런느낌입니다의 원래주인버전사진도 있었으면 좋았을거같아욬ㅋㅋㅋㅋ
아 오랜만에 빵터졌네여 재밌어여",37개
2,V세리,언니 다음에는 라뮤끄님 어때욤...? 아님 회사원님...? 아 쨔미님도 재밌을거 같아요ㅋㅋㅋㅋㅋㅋㅋ 다 언니랑 느낌이 확 달라서 ㅣㅋㅋㅋㅋ,34개
3,하란,10:38 모자이크 미쳤낰ㅋㅋㅋㅋㅋㅋㅋㅋㅋㅋㅋㅋㅋㅋㅋㅋㅋㅋㅋㅋㅋ앜ㅋㅋㅋㅋㅋㅋㅋㅋㅋㅋㅋㅋㅋㅋㅋ,2개
4,,헐 이거 다른 유튜버분들하고도 시리즈로 만들면 대박날거같아요ㅠㅠㅠㅜ4초봤는데 벌써 재밌네;,12개
5,SunHaePark,"ㅋㅋㅋㅋㅋㅋㅋㅋ 씬님만 손해보는 콘텐츠 맞는듯 ㅋㅋㅋㅋㅋㅋㅋㅋㅋㅋ 
곽토리님 마지막에 입은 씬님 옷.. 비싸다는 그 옷 좌표주세요 ㅠㅠ..!! 넘존예",929개
6,로로튜브RoroTube,꽃치마 밑트임이 왜 엉덩이에 있엌ㅋㅋㅋㅋㅋㅋㅋㅋㅋㅋㅋㅋㅋㅋㅋㅋㅋ 두분이 스타일이 워낙 달라 더 웃긴듯ㅋㅋㅋㅋㅋㅋ,549개
7,JANEL,"언니나지금 7초 봤거든? 근데 진심
후

너무재밌다벌쎀ㅋㅋㅋㅋㅋㅋㅋㅋㅋㅋㅋㅋㅋㅋㅋㅋㅋㅋㅋㅋㅋㅋㅋㅋㅋㅋㅋㅋㅋㅋㅋㅋㅋ",404개
8,음음,"11:23 ""성렬이 차를 타""",316개
9,코코,알림이 씬님 패션 스왑 완2 이렇게 옴ㅋㅋㅋㅋ,464개
10,마탱,10:33 ㅋㅋㅋㅋㅋㅋㅋㅋㅋㅋㄲㅋㅅㅋㄱㅋㅋㅋㅋㅋㅋㅋ아니 뒤에 핏 왜 그러냐고요 ㅋㅋㅋㅋㄱㅋㄱㅋㄱㅋ 심지어 모자이크는 ㅋㅋㅋㅋㅋㅋㅋㅋㄱㅋㄱㅋㄱㅋ아 ㅁㅊ웃다가 죽겠어요ㅠㅠㅠㅠ,240개
11,나현,씬님!!다음 파트너랑 할 때는 파트너가 실제착용했을 때 사진도 넣어주면 더 좋을 것같아요😆 그냥 사견입니둥...,444개
12,지원,12:00 ㅋㅋㅋㅋㅋㅋㅋㅋㅋㅋㅋㅋㅋㅋㅋㅋㅋㅋㅋㅋㅋㅋㅋㅋㅋㅋㅋㅋㅋㅋㅋㅋㅋㅋㅋㅋㅋㅋㅋㅋㅋㅋㅋㅋㅋ 비명 뭐냐고요ㅋㅋㅋㅋㅋ,295개
13,hieunha,유튜브 쌉고인물들이 다시 만났닼ㅋㅋㅋㅋㅋㅋㅋㅋㅋㅋㅋㅋㅋㅋㅋㅋㅋㅋㅋㅋㅋㅋㅋㅋㅋㅋㅋㅋㅋㅋㅋㅋㅋㅋㅋㅋㅋㅋㅋㅋㅋㅋㅋㅋㅋㅋㅋㅋㅋㅋㅋㅋㅋㅋㅋㅋㅋㅋㅋ,26개
14,예나,아 어쩌지? 오프닝부터 터지는거 오랜만인데..? ㅋㅋㅋㅋㅋㅋㅋㅋ 아 진짜 어쩌지? 오프닝부터 설레는데?ㅋㅋㅋㅋㅋ아 어쩌지? 행복한데? ㅋㅋㅋㅋㅋㅋㅋ큐ㅠㅠㅠㅠㅠ,141개
15,이하늘,씬님 그 잠옷 ㅋㅋㅋㅋㅋㅋㅋㅋㅋㅋ 저희 집앞 시장에서 파는거랑 똑같아요 ㅋㅋㅋㅋㅋㅋ저도 그거 티랑 바지 버전도 있고 원피스 버전도 있어요 진짜 짱 편해요 👍👍,195개
16,커밋,"씬님 토리님 옷입혀놓으니 뭔가 미국 인형,,, 느낌,,,",51개
17,김예슬,곽토리님 썸네일 착장 완전 찰떡인데,98개
18,앙기요미,와 곽토리님 몸매 에반데 진짜... 날씬한데 골반도 넓고 진짜............대박...,51개
19,지효,둘이 너무 입는스타일 정반대다진짜ㅋㄲㄱㅋㅋㄱㅋㅋㄱㄱㄱ,59개
20,땡삐,ㅋㅋㅋㅋㅋㅋㅋㅋ아10:38ㅋㅋㅋㅋㅋㅋ모자이크 뭐얔ㅋㅋㅋㅋㅋㅋㅋㅋㅋ 너무재밌어욬ㅋㅋㅋㅋㅋ두분 너무보기좋아요🥺💕 이제 또 3년뒤 콜라보 기대할게요ㅋㅋㅋㅋㅋㅋ,123개
21,이진,"ㅋㅋㅋㅋㅋ 사실상 곽토리님하고 씬님을 동시에 구독하지 않는 사람을 찾는게 더 힘들듯,,,",64개
22,소나기,"토리님은 아담하고 마르셔서 이쁘시고, 씬님은 키 크시고 글래머셔서 두분 다 각자의 매력으로 너무 아름다우세요ㅠㅠ",46개
23,ssus,아...진짜 개재밌다 뷰투버가 이런게 너무 꿀잼이야 ㅋㅋㅋㅋㅋㅋ 진짜 씬님이 손해보는 느낌적인 느낌 ㅋㅋㅋㅋㅋㅋㅋㅋㅋ,31개
24,박수민,진짜 뻥안치고 최근에 본 모든 유튜브중에 젤 웃기다 ㅋㅌㅋㅋㅋㅋㅋㅋ 잠옷 입고 나왓을때가 젤 웃겻음 ㅋㅌㅋㅋㅋ,35개
25,혼자걸어요,"솔직히 처음부터 저 대빵큰 얼굴이랑 연보라 롱후드랑 둘다 왜산건지 모르겠어요 ㅋㅋㅋㅋㅋ
Edit .씬님 근데 마지막에 벨벳티한 핑크니트도 잘어울려용",123개
26,까리한햄,"11:22 말 들어보면 '성렬이(려리님) 차를 타'인데 자막이 '추위를 잘 타' 네요
겉옷을 안 입고 추위타면 안돼요 토리님! 따숩게~~",52개
27,124디비디비딥,밑위가 기냐고 하시는뎈ㅋㅋㅋㅋㅋㅋ포즈가 바로 옆에 추천영상뜨는데 사각팬티리뷰 썸네일이랑 똑같아서 빵터졌넼ㅋㅋㅋㅋㅋㅋㅋ,32개
28,웅앵웅,아 모자이크 너무웃겨ㅠㅠㅠ 펀집 누가하신건지ㅠㅠㅠㅋㅋㅋㅋㄱㅋㅋㅋㄱㅋㄱㄱ,40개
29,민찡,"10:56 ㅋㅋㅋㅋㅋㅋㅋㅋㅋㅋㅋㅋ경계가 필요한 환상 바디 ㅠㅠ 넘웃겨,,미쳐,,",76개
30,YUN쏘오오옥,"5:10 
출근룩ㅋㅋㅋ 입고 서로 웃는거 너무 웃곀ㅋㅋㅋ 
서로 어색해서 웃는데 너무 귀여우셔 둘다 ㅋㅋㅋㅋ

인견과 마 ㅋㅋㅋ 언니 되게 ㅋㅋㅋ 친숙한 소재 좋아하시네요 ㅋㅋㅋ
10:26 아니 언닠ㅋㅋ 엉덩ㅋㅋㅋㅋㅋ 아이 귀여웤ㅋㅋㅋㅋㅋㅋㅋㅋㅋ",29개
31,헬가낫MUSIC아장아장음악입문기,5:14 씬님 두번째 옷 잘어울려요!ㅜㅠ♡ 안입던 스타일이라 처음에 어색해서 그렇지 사실 씬님에게 안어울리는 옷은 없을거라 생각합니다👍😤💕언니 쵝오!,47개
32,샤원,6:32ㅋㅋㅋㅋㅋㅋㅋ핵당황ㅋㅋㅋㅋㅋㅋㅋ여중여고 나왔지만 핵당황ㅋㅋㅋㅋㅋㅋㅋ7:05전 일상복이랑 같은 옷을 입죸ㅋㅋㅋㅋ(tmi)뭐 반려견이나 반려묘 안 키우니까 같은 옷을 입죸ㅋㅋㅋㅋㅋㅋ7:12전 일상에서도 몸에 열잌ㅋㅋㅋㅋㅋㅋㅋㅋ16:14 려리님이 15kg 찌셨다고 해도 과연 씬님에게 옷이 맞으실까요......?ㅋㅋㅋㅋㅋㅋㅋㅋ,70개
33,이우진,ㅋㅋㅋㅋㅋㅋㅋㅋㅋㅋ토리님 려리님 데이트 브이로그 염탐하면서 요즘은 씬님이랑 뭐 안 하시나...했는데 바로 올라오네욬ㅋㅋㅋㅋㅋㅋㅋㅋㅋㅋ,12개
34,SooYummy수야미,아진짜 이 컨텐츠 너무 재밌네요 ㅋㅋㅋㅋ 계속 꾸준히 해주셨으면 좋겠어욬ㅋㅋ 세상 모든 크리에이터분들 여기여기 붙어라 !!!! ㅋㅋㅋㅋㅋㅋㅋㅋㅋㅋㅋㅋㅋㅋㅋ,17개
35,먀,진짜 씬님 나랑 체형존똑이자나ㅠㅜㅜㅜㅋㅋㅋㅋㅋㅋㅋ,26개
36,뚜밍,궁댕이 핏ㅋㅋㅋㅋㅋㅋㅋㅋㅋㅋㅋㅋ이번 컨텐츠 역대급으로 웃기다ㄲㅋㅋㅋㅋㅋㅋㄱㄱㄲㅋㅋㅋㅋ,6개
37,RIMRIM,ㅋㅋㅋㅋㅋㅋㅋㅋㅋㅋㅋㅋㅋㅋㅋㅋㅋㅋㅋ뒤트임잌ㅋㅋㅋㅋㅋㅋㅋㅋㅋㅋㅋ하나 더 생겼네욬ㅋㅋㅋㅋ앜ㅋㅋㅋㅋ언닠ㅋㅋㅋㅋㅋㅋㅋㅋㅋㅋ 아 근데 저도 키가 175 넘어가고 빵댕이에 살이 제일 많아서 예전에 엠티나 여행가서 친구 옷 빌려입다가 언니처럼 됐던적이 있어서 추억도 생각나고 그러네욬ㅋㅋㅋㅋㅋㅋㅋㅋㅋㅋㅋㅋㅋㅋ,25개
38,김은지,0:23 봄이랑 몸이랑 둘중에 뭐가 주제야ㅋㅋ,13개
39,HDAY하이빈카,10:38 모자이크에서 육성으로 터졌어요 ㅋㅋㅋㅋㅋㅋㅋㅋ,2개
40,안지현,아니 씬님 엉덩잌ㅋㅋㅋㅋㅋㅋㅋㅋㅋㅋㅋㅋㅋㅋㅋㅋㅋㅋㅋㅋㅋㅋㅋㅋㅋㅋㅋㅋㅋㅋㅋㅋㅋㅋㅋㅋㅋㅋㅋㅋㅋㅋㅋㅋㅋㅋㅋㅋㅋ보는 내내 웃었넼ㅋㅋㅋㅋㅋㅋㅋㅋㅋㅋㅋㅋㅋㅋㅋㅋㅋㅋㅋㅋㅋㅋㅋㅋㅋㅋㅋㅋㅋ,11개
41,수으잉,3:31 씬님ㅋㅋㅋㅋ모자벗고싶은데 고장났어ㅋㅋ,3개
42,예나,8:44 아닠ㅋㅋㅋㅋㅋㅋㅋㅋㅋㅋ요금제도 아니곸ㅋㅋㅋ큐ㅠㅠㅠ 우런니 무제한급이라뇨!!!! 쒸익쒸익😤😤,14개
43,이예일,이런말해도될른지 모르겟지만 씬님....당신... 너무 귀여워...,8개
44,뭣들어,언니 본인 옷 본인이 입은 컷도 넣어주세요ㅠㅠㅠㅠ,7개
45,김미리,아읔ㅋㅋㅋㅋㅋㅋㅋㅋㅋㅋㅋ 두 분 다 애정하는데 너무 오랜만에 크로스영상! 씬님 데이트할 때 저렇게 입고가셔서 뭐하시려구 증말 (つ ͡° ͜ʖ ͡°)つ,2개
46,수없는씨박,6:42 씬님 웃는거 오ㅑ이렇게 청순하고 예뻐요..? 반했음...  진짜 후광나옴..,8개
47,BarbieMoon,아니 뻥아니고 평소 보통 씬님처럼 입지 않나요 ㅋㅋㅋㅋㅋ 토리님이 약간 특이한것 같기두..,10개
48,Suhocidal,I was so confused I thought this was supposed to be a style swap with her ‘boyfriend’ 💀,0개
49,임기혜,코트너무이쁘다ㅜ어디서샀을까ㅠㅠ,3개
50,Inseoyoon,"씬님! 안녕하세요! 몇년동안 구독하면서 보기만하다가 댓글은 처음 달아봅니다!

일단 너무너무 예쁘고 멋있으시니까 자신감이 넘치셨으면 좋겠어요 진짜 전혀 살 하나도 안쪄보이고 씬님이 생각하시는만큼 그렇게 보이지 않아요! 

하지만 계속 체급에 관해 말씀을 하시길래..

 키도 크시고 성격도 좋으시고 립 발색과 리뷰에 있어서는 정말 최고이신 '깨모'님을 다음 콜라보상대로 추천하고 싶습니다! 

항상 감사합니다!",3개
51,손채민,아진짜 너무 잼있엌ㅋㅋㅋㄱㅋㅋㅋㄱㄱ너무 신박햌ㅋㄱㅋㄱㅋ,2개
52,NM나민,ㅋㅋㅋㅋㄱㅋㅋㅋㄱㄱㄱㅋ데이트복ㅋㅋㅋㄱㅋㅋㄱㅋㄱㅋㄱ모자이크 무슨일이에욬ㅋㅋㄱㅋㄱㅋㄱㄱㄱㅋㄱㄱㄱㄱ,1개
53,심현,0:21 앗 자막에 몸이 아닌 봄으로!!게다가 영어자막도 스프링...,2개
54,한수정,앜ㅋㅋㅋㅋㅋㅋㅋ아진짜너무웃곀ㅋㅋㅋㅋㅋㅋㅋㅋㅋ으악ㅋㅋㅌㅋㅋㅋㅋㅋㅋ큐ㅠㅠㅠㅠㅠㅠㅠㅠㅠㅠㅠㅠㅠㅠㅠㅠ데이트룩ㅋㅋㅋㅋㅋ존나우ㅠㅠㅅ겨ㅠㅠㅠㅋㅋㅋㅋ큐ㅠㅋㅋㅋㅋ,1개
55,소노유Sonou,"아닠ㅋㅋㅋ
씬님이랑 곽토리님 케미가ㅋㅋㅋㅋ",12개
56,BoPilNaHyeKim,씬님와 곽토리님과 함께 찍은 영상을 보니깐 너무너무 새롭고 재미있었어요.  씬님의 보라후드원피스가 잘 어울려요~ ❤,1개
57,우리보리,09:14 어디가 어디부터 잘못된지 모르겠어...,1개
58,연우,아니 진짜 어디가 편해ㅋㅋㅋㅋ 원피스 되게 좋아하시네..,0개
59,최현서,저 저번영상 보고 코로나를 이기고 스타필드 뛰어가서 디달 립밤 샀잖아여💄 건강조심하세요오😍😍,2개
60,하이콜리,ㅋㅋㅋㅋㅋㅋㅋㅋㅋㅋ와 진짜 제발 이시리즈 쭉 이어지길...ㅋㅋㅋㅋㅋㅋㅋㅋ넘 재밋넼ㅋㅋㅋㅋㅋㅋㅋㅋㅋ아니 근데 왜 이렇게 두분다 존예인지...?,0개
61,김복희,두분 캐미 젤로 사랑해요💖💖 자주 찍어주새요우💛,7개
62,녹차,10:29 아 ㅋㅋㅋㅋㅋㅋㅋㅋㅋㅋ미치도록 웃었어요 ㅠㅠ 아 눈물나,2개
63,김채영,썸넬만 봐도 재밌어요ㅋㅋㅋㅋㅋㅋㅋㅋ진짜 스타일 상극인거 너무 웃기다고요ㅠㅠ💖💖,1개
64,Olivia,씬님ㅋㅋㅋㅋㅋ행사갈때 토리님옷입은모습이 우리 고모룩 같움ㅠㅠㅠㅠㅠㅠㅠㅠㅠ,1개
65,K짱Kzzang,씬님이랑 비슷한 체격 여기 준비되어 있습니다..,4개
66,정유빈,10:50 트임ㅋㅋㅋㅌㅌㅌㅋㅋㅋㅋㅋㅋㅋㅋㅋㅌㅌㅌㅋㅋ아 진짜 웃겨죽어,1개
67,빠마머리앤,3:15 옆에 자막 ㅋㅋㅋㅋㅋㅋ 할랄라한 치마 ㅋㅋㅋㅋㅋㅋㅋㅋㅋㅋㅋㅋㅋㅋ,0개
68,,으하하핰ㅋㅋㅋㅋㅋㅋㅋㅋㅋㅋㅋㅋㅋㅋ아 ㅜㅜ 웃다가 배땡겨 죽는줄알았네 ㅠㅠ 토리님 일상복 후드 너무귀여워요!!!!!!씬님께도 찰떡♡,0개
69,hkwayn731,11:54ㅋㅋㅋㅋㅋ 너무 웃김 ㅋㅋㅋㅋㅋㅋㅋㅋㅋ,4개
70,수오,너무 웃겨서 눈물 흘렸따리ㅜㅜㅋㅋㅋㅋㅋㅋ,1개
71,김유라,ㅋㅋㅋㅋㅋㄱㅋㅋㅋㅋ웃음뿐,1개
72,sobongofficial,아 진짜 너무 귀여워여ㅠㅠㅠㅠㅠㅠㅠㅠㅠㅠㅠ,0개
73,아이조아,오늘 언니 사진 캡쳐 많이 해둬야지ㅋㅋㅋㅋㅋㅋㅋ 처음부터 너무 귀엽....😘😘,0개
74,뭐로해야되지,"언닠ㅋㅋㅋㅋㅋㅌ넘 유쾌해요 ㅋㅋㅋㅋㅋㅋㅋㅋㅋㅋㅋ재밌엌ㅋㅋㅋㅋ  특히 10:37 모자이크 ㅋㅋㅋㅋ 그리고 저 아직 기다리고 있어요 .. 미션임파서블 !!!!레베카 퍼거슨!!!! 메이꾸업,,혹시나 싶어..왜냐면 약간 그분 느낌이 언니가 있거든요 ,,, 진짜 언니 존예...그래서 다시 한번 댓글을,,,또록/",1개
75,햇살,토리언니가 너무 요정사이즈ㅋㅋㅋㅋㅋㅋㅋ,1개
76,이다은,1:54 여기 존예 ... 보다가 깜짝 놀랐어요 데이트..할 때 라고 하는 게 이렇게 예쁠 일인가?!?!,0개
77,지로롱,우런니 토리언니랑 콜라보하면 1000배 더 귀여워져ㅠㅠㅠㅠㅠㅠㅠㅠㅠㅠ,1개
78,김유진,같은 체급 안돼여ㅋㅋㅋㅋㅋ 무조건 회사원님 해주세요 넘 웃길거 같아요,2개
79,Oasis,"아 둘이 모였다하면 영상 안봐도 너무 재밌어 진짜 기대돼 제일 좋아ㅋㅋㅋㅋㅋㅋㅠㅠㅠㅠㅠ 유튜브 고인물,,,, 사랑해요,,, 몇년전에 두분 서로 화장하기하는거 아직도 보는데 또 새로 볼게 생겼네요ㅋㅋㅋㅋㅋㅌ♥",0개
80,안녕하세요,ㅋㅎㅋㅋㅋㅋㅋㅋㅋㅋㅋㅋㅋㅋㅋㅋㅋ 아 언니들 왤케 재밌어요ㅠㅠㅠ 인트로부터 너무 웃긴데 뒤도 너무 웃겨ㅠㅜㅡㅠㅋㅋㅋㅋㅋㅋㅋㅋㅋㅋㅋㅋㅋ 이컨텐츠 다른분들도 나와서 콜라보하면 너무 재밌을듯!!,0개
81,김토백,진짜웃곀ㅋㅋㅋㅋㅋㅋㅋㄱㅋ앜ㅋㅋㅋㅋㅋ,0개
82,G,와.. 톨언니 레깅스 입은거 첨보는데 몸매 진짜 대박이다.......... 깜짝놀랐네ㅁㅊ,7개
83,뿐유진,아진짜 둘이 뭔가바꿔하는게 젤 재밌음ㅠㅠㅠ,0개
84,YUBEENCHO,개웃겨진짜ㅠㅠㅠㅠㅠㅠㅠㅠㅠㅠㅠㅠㅠㅠㅠㅠㅋㅋㅋㅋㅋㅋ큐큐큐큐큐큐큐큐큐ㅠㅠㅠㅠㅠㅠㅠㅠㅋㅋㅋㅋㅋㅋㅋㅋㅋㅋㅋㅋㅋㅋㅋ큐ㅠㅠㅠㅠㅠㅠㅠㅠㅠ 아니ㅠㅠㅠㅠㅠㅠㅠㅠㅋㅋㅋㅋㅋㅋㅋㅋㅋㅋㅠㅠㅠㅠ 우울할때 보는 영상 리스트에 추가한다 진짜ㅠㅠㅠㅠㅠㅠㅠ존웃이고ㅜㅠㅠㅋㅋㅋㅋㅋㅋ너무 내 개그취향 저격ㅋㅋㅋㅋㅋㅋㅋㅋㅋㅋㅋㅋㅋㅠㅋㅋㅋㅋㅋ 이거 자주해주세여 젭알ㅋㅋㅋ큐ㅠㅠ,0개
85,두앵,아 진짜 둘 케미 영원히 사랑해 💜💜💜💜,15개
86,앳플,ㅋㅋㅋㅋㅋ진짜안어울린닼ㅋㅋㅋ근데 솔까말 곽토리님 스타일이 원체 특이해서ㅋㅋ다음은 회사원님 추천이요  회사원님 옷도 만만치않아서ㅋㅋㅋ이쁠땐 꽃 같은데 가끔..  말도안되는 비싼데거랭이같은 원피스볼때마다 회사원님은 백퍼소화하는거보고 나는곧죽어도소화못하겟다싶엇는데 ㅋㅋ씬님은 어떠실지 궁금합니다,2개
87,Heming,ㅋㅋㅋㅋㅋㅋ씬님 너무 귀여워욬ㅋㅋㅋ🤣🤣🤣🤣,1개
88,서연,아 ㅋㄱㅋㄱㅋㅋ이 컨텐츠 진짜 재밋어욬ㅋㅋㅋㅋ두분 체형이 달라서 더 재밋는듯 ㅜㅜ다음편 기대돼용🥰💕,0개
89,이나영,ㅠㅠㅠㅠㅠㅠ저도 약간 씬님 체급이라 곽언니 패션을 좋아해서 따라 입으면 저런 느낌이더라구여... 그래서 씬님 스타일 옷으로 산지 어연 2x년..... 흑흑,2개
90,시마로그ShiMahLog,ㅋㅋㅋㅋㅋㅋㅋㅋㅋㅋㅋㅋㅋㅋ 이 두 분이 방에서 찍은  메이크업 영상 진짜 몇번이고 봤었는데 두 분이서 이런 영상이라니 감사하게 여러번 봐야지 키키키키키 싸랑해요 유튭 시조새 언니들☺️❤❤❤,12개
91,Itsferret,You're so gorgeous Ssin! You look very good in everything <3,0개
92,이정민,11:24 추위를타는게 아니고 성렬(려리)이차를타 입니다,0개
93,김서영,진짴ㅋㅋㅋ이 영상 역대급 영상이에욬ㅋㅋㅋ진짜 어제 못봐서 오늘 아침에 봤는뎈ㅋㅋㅋ아침부터 깔깔 웃었어욬ㅋㅋㅋㅋㅋ이런 영상 너무 좋아욬ㅋㅋ곽토리님이랑 옷 스타일도 달라서 더 재미있었던 것 같아요!! 뭔가 여성유튜버말고 남성 유튜버랑 콜라보해도 재미있을 것 같아요!!!,0개
94,sooji수지,첫번째꺼 언니 너무 귀여워요ㅋㅋㅋㅋ❤❤,6개
95,소리,ㅋㅋㅋㅋ이뻐여언닝,2개
96,혜린,와 언니 니런거진짜 개꿀잼ㅠㅠㅠㅠㅠㅠㅠ 아까워서 못보겠어ㅠㅠㅠㅠㅠㅠㅠㅠㅠ,0개
97,HATA,너무 웃겨ㅋㅋㅋㅋㅋㅋㅋ 두분 스타일이 확 다르니까 보는 재미가 있네요ㅋㅋㅋㅋㄱㅋㅋㅋ 다음 패션스왑도 기대합니당!,0개
98,고양,내가 손해보는 컨텐츠인거 알았어 ㅋㅋㅋㅋㅋ,9개
99,샐러리당근,ㅋㅋㅋㅋㅋㅋㅋㅋㅋㅋㅋㅋㅋㅋㅋㅋㅋㅋㅋㅋㅋㅋㅋㅋㅋㅋㅋㅋ아앀ㅋㅋㅋㅋㅋㅋㅋㅋㅋㅋㅋㅋ처ㅡㅁ부터 끝까지 너ㅜ 웃겨욬ㅋㅋㅋㅋㅋ너무 귀여워요 두분 다 ㅋㅋㅋㅋ 씬님 진짜 넘 좋..❤️,0개
100,류지,"곽토라님 모던한 옷들도 너무 예뻐요ㅠㅠㅠㅠㅠㅠㅠ 독특한 화장과 머리, 악세사리가 더 돋보여요",1개
101,김나나,"둘의 케미는 저세상 케미야ㅋㅋㅋ
너무 좋아ㅋㄲㅋ",0개
102,V세리,언니 언니 엉덩이가 머릿속에서 사라지질 않아요ㅠㅠㅠㅠㅠ,1개
103,표미닛,"아닠ㅋㅋㅋㅋㅋㅋㅋㅋㅋ첫 번째 룩은 그냥 저냥 어울린다고 생각했는뎈ㅋㅋㅋㅋㅋㅋㅋㅋ 
4:53 이건 너뭌ㅋㅋㅋㅋㅋㅋ 씬님이 이렇게 출근한다고 생각하면ㅋㅋㅋㅋㅋㅋㅋㅋㅋㅋㅋㅋ으헝ㅋㅋㅋㅋ큐ㅠㅜㅜ 일시 정지하고 울면서 웃었어여ㅠㅠㅠㅜㅋㅋㅋㅋㅋㅋㅋㅋㅋㅋ 심지어 어깨 부분 틀리게 입은 것마저 킬퐄ㅋㅋㅋㅋㅋㅋㅋㅋㅋㅋㅋㅋㅋㅋㅋㅋㅋ",0개
104,방울토마토,아 너무 좋아요ㅠㅠㅠㅠ최고 귀여워 울 언니들,0개
105,woko,아 진짜 씬님 잠옷 인정ㅋㅋㅋㅋㅋㅋㅋㅋㅋㅋㅋ소재가 ㄹㅇ 시원해서 잠이 솔솔,0개
106,방구석1열,서로 바꿔 입으니까 스타일 극명하게 다른게 티난닼ㅋㅋㅋㅋㅋㅋㅋ원래대로 입고 다니는게 진짜 베스트네요ㅋㅋㅋㅋㅋㅋ,0개
107,RIO,으핰핱핰핰ㅌㅋ핰ㅌㅋㅌㅋㅋㅋㅋ캌ㅋㅋㅋㅋㅋㅋㅋㅋㅋㅋㅋㅋㅋㅋ 키차이와 뼈대차이ㅠㅠㅠㅠㅠ 킅ㅌㅌㅌㅌㅌㅋㅋㅋㅋ큐ㅠㅠㅠㅠㅠㅠㅠ 씬님 넘 조아요ㅠ,0개
108,이다은,아닠ㅋㅋㅋㅋㅋㅋ씬님 잠옷 ㅋㅋㅋㅋㅋㅋ 영상에서 많이 봤다구요ㅠㅠㅠㅠㅠ 익숙한 나시 잠옷 나와서 반가워요ㅜㅜ,0개
109,jjj,와 ㅋㅋㅋㅋㅋㅋ 이거 보고 저랑 취향 엄청 다른 친구 스타일대로 옷 입어보는 상상했는데 진짜 끔찍하네요 ㅋㅋㅋㅋㅋㅋ,0개
110,사와디캅앗쌀라망쿵,8:11아핰ㅋㅋㅋㅋㅋㅋㅋㅋㅋㅋㅋㅋㅋㅋ크킄ㅋㅋㅋㅋㅋㅋ앜ㅋㅋㅋ온닠ㅋㅋㅋㅋㅋ,0개
111,쩰리,와 썸네일만 봐도 웃겨욬ㅋㅋㅋㅋㅋㅋㅋ,1개
112,예딘,ㅋㅋㅋㅋㅋㅋㅋㅋㅋㅋ아 진짜 너무 재미있다ㅋㅋㅋㅋㅋㅋㅋㅋ또 해주세요 또또또,0개
113,최진원,ㅋㄱㅋㄱㅋㄱㅋㄲㅋㅋㄲㅋㄱㅋㅋ,0개
114,방구석탱구리,ㅋㅋㅌㅋㅋㅋ첨부터 끝까지 넘 웃겨욬ㅋㅋ특히ㅜ레슬링도ㅜ체급이 비슷한사람ㅋㅌㅌㅌㅋㅋㅋ넘 웃겨욬ㅋㅋㅋ큐ㅠㅠㅠ,0개
115,백종원진심녀,ㅋㅋㅋㅋㅋㅋㅋㅋㅋㅋㅋㅋㅋㅋㅋㅋㅋㅋ갷ㅋㅋㅋㅋㅋ웃ㅋㅋㅋㅋ곃ㅋㅋㅋㅋㅋ,0개
116,jojo,ㅋㅋㅋㅋㅋㅋㅋㅋㅋㅋㅋㅋㅋㅋㅋ 아 ... ㅠㅠ씬님만 손해보는 콘텐츸ㅋㅋㅋㅋ ㅠㅠㅠ영상 재밌게 잘 보고가용 ㅎㅎ,0개
117,,제일 좋아하는 언니들의 콜라보 너무 재밌고 너무 좋아ㅠㅠㅠㅠㅠㅠㅠㅠㅠㅠㅠㅠㅠㅠㅠ,0개
118,miu,8:32 ngl ssinnim looks so cute with this outfit,0개
119,까꿍,진짴ㅋㅋㅋㅋㅋㅋㅋㅋㅋㅋㅋㅋㅋㅋㅋㅋㅋㅋㅋ처음부터 너무 웃곀ㅋㅋㅋㅋㅋ표정 압권,0개
120,수려,웃겨서 죽겠어욬ㅋㅋㅋㅋㅋㅋㅋㅋㅋㅋㅋㅋㅋㅋㅋㅋ살려주세욬ㅋㅋㅋㅋ아닠ㅋㅋ저는 둘다 이해안가욬ㅋㅋㅋㅋㅋ인간들 취향 넘나 다들 다른것 같아욬ㅋㅋㅋㅋㅋ이 컨텐츠 많이 보여주세요!! 인생 행복해질거 같아용,0개
121,박진수발,9:19 아나 진짜 ㅋ ㅋㅋㄱㅋㄱㅋㄱㄱㅋㄱㅋㄱㅋㄱㅋㄱㅋㄱㅋㄱㅋㄱㅋㄱㅋㅋㅋㅋㅅㅋㄱㅋㄱㅋㄱㅋ,0개
122,슈크림붕어빵,0:21 오늘은(x) 오늘도(0) ㅋㅋㅋㅋ 언니 몸과 관련된 컨텐츠 원데이투데이가 아니잖아요,0개
123,yeojinjeong,앜ㅋㅋㅋㅋㅋㅋㅋㅋㅋㅋㅋㅋㅋㅋ 씬님ㅋㅋㅋㅋㅋ 징짴ㅋㅋㅋㅋㅋㅋㅋㅋ 아 너무 웃겨요ㅋㅋㅋㅋㅋㅋㅋ 진짜 저도 체급이 너무 비슷해서 모든 치마 입으면 허벅지 위로 올라오는 매직ㅋㅋㅋ 너무 공감되고ㅋㅋㅋㅋㅋㅋㅋ 다음 콜라보도 너무 기대되요,9개
124,멍초mungcho,이거 보면서 흐흐거리면서 웃고 있었는뎈ㅋㅋㅋㅋㅋㅋㅋㅋ 엄마가 자다가 제 방에 나와보셨어요 쟤가 집에만 있더니 실성했냐면서 ㅋㅋㅋㅋㅋㅋㅋㅋㅋㅋㅋㅋㅋㅋㅋㅋㅋㅋㅋㅋㅋㅋㅋㅋ역시 꿀잼 진짜 ㅠ ㅠ,0개
125,Lizzy리지,ㅋㅋㅋㅋㅋㅋㅋㅋㅋㅋㅋㅋㅋㅋ아 자꾸 씬님이 다소곳해졐ㅋㅋㅋㅋㅋㅋㅋㅋㅋㅋㅋㅋㅋ오늘 진짜 입이 귀에 걸린채러 영상 봤어요❤️,0개
126,이승협사랑해,언니 숨을 못쉬겠어욬ㅋㅋㅋㅋㅋㅋㅋㅋㅋㅋㅋ엉덩이 이후로 너무 웃겨섴ㅋㅋㅋㅋ 앞부분 기억이 안나길래 2번 봤어요🤣🤣ㅋㅋㅋㅋㅋㅋㅋ 다음에 영주님이랑 해주세요!,0개
127,Duna,와 저 룰루레몬 아우터 제품명 알려주세요ㅠㅜ 취저ㅠㅜ,1개
128,박소연,앗 따끈따끈한 영상이네 4분전에 올라왔다ㅋㅋㅋ,0개
129,hklee509,"ㅋㅋㅋㅋㅋㅋㅋㅋㅋㅋㅋㅋㅋㅋㅋㅋㅋ 아 이거 때문에 구독하죠, 씬님 스타일의 콘탠츠 이게 존잼 꿀잼 잼끝판왕 너무 조하요 ❤️",0개
130,손다혜,윰댕님이랑해보셔도 재미있을듯해욬ㅋㅋ 느낌이 완전 정반대라섴ㅋㅋㅋㅋ,0개
131,커리어우먼,컨텐츠 너무 재밌는뎈ㅋㅋㅋㅋㅋ원래 본인 옷을 본인이 입은것도 보여줬으면 좋겠어요ㅜㅜㅜㅜㅜ,0개
132,챠챠,ㅋㅋㅋㅋㅋㅋ씬님 리액션들 너무 유쾌해서 웃겨ㅠ죽는줄ㅋㅋㅋㅋㅋㅋㅋㅋㅋㅋㅋ씬님이 코디해주신 옷들 다 제 취향이랑 찰떡 일상복 JONNA 내스탈,0개
133,AKIKI,6:32 까꿍부터 이미 기절했엌ㅋㅋㅋㅋㅋㅋㅋ,0개
134,염소,와 이런 영상 좋아!!!!! 너무 재밌음ㅋㅋㅋㅋㅋ,0개
135,YooorLim,ㅋㅋㅋㅋㅋㅋㅋㅋㅋㅋㅋ 반묶음리본나오는뎈ㅋㅋㅋㅋㅋ 현웃터졌다욬ㅋㅋㅋㅋㅋㅋㅋㅋㅋㅋㅋㅋㅋㅋㅋ진짜러블리🤣,0개
136,이소정,0:22 컨텐츠 주제는 몸이라고 이야기 하시고 영어자막과 함께 있는건 봄이라고 되어있는데 이게 맞는건지...?,18개
137,짐today,마지막 옷은ㅋㅋㅋㅋㅋㅋ 죄송한데 너무 웃겨요ㅠㅠㅠ  법먹으러 가자고 검지 올리며 신나해 하다니 넘 귀여웤ㅋㅋㅋㅋ 아ㅋㅋㅋ 그래도 울씬님이 이뿌다~,3개
138,지민,아ㅋㅋㅋㅋㅋㅋㅋㅋㅋㅋㅋㅋㅋ데이트할때 줠라웃기네 ㅣㅋㅋㅋㅋㅋㅋㅋㅋㅋㅋㅋㅋㅋㅋㅋㅋㅋㅋㅋ요새 수혜씨 미친거같아ㅋㅋㅋㅋㅋ너무웃기디그ㅠ 진짜 요즘 씬님 텐션 지려,0개
139,안지,11:25 자막 추위를 잘 타가 아니라 성렬이(토리님 남친) 차를 타 같아요,0개
140,곰이로다,앜ㅋㅋ뭔가 토리님은 그나마 어울리는데 씬님은 왴ㅋㅋㅋ고목나무에 천쪼가리 걸친거 같아욬ㅋㅋㅋㅋㅠㅠ미안해요 ㅠㅠ그렇게 보여ㅠㅠ,0개
141,이윤서,헐 씬님 데이트룩 니트 잘 어울리세요!!! 치마도!!!! ㅠㅠㅠ 저런 패턴의 치마 사서 입어주세요ㅠㅠㅠㅠㅠㅠ존예탱구리ㅠㅠㅠㅠㅠ,0개
142,YOU슈밍,왕 ㅋㅋㅋㅋ,1개
143,V세리,악 언니 완전 미첫어요 최고에요ㅠㅠㅠㅠㅠㅠㅠㅠ,0개
144,김쟤이,2:11 진짜 귀요움ㅋㅋㅋ,0개
145,정해인이자꾸제심장때려요,오 댓 6개 ㅋㅋ 옷입을때 가장 빛나는 패션..아니 뷰티유튜버 씬님 ㅋㅋ 잘볼게용,0개
146,14백호진자연,언니사랑해여 ㅋㅋㅋㅋㅋㅋㅋㅋㅋㅋㅋㅋㅋㅋㅋ,0개
147,행복,10:38 ㅋㅋㅋㅋㅋㅋㅋㅋㅋㅋㅋㅋㅋㅋㅋㅋㅋㅋㅋㅋㅋㅋㅋㅋㅋ방심하다 터졌넼ㅋㅋㅋㅋㅋㅋㅋㅋㅋㅋㅋㅋㅋㅋㅋㅋ,1개
148,VivianaHeo,아 씬님 너무 웃기셔 ㅠㅠㅠㅠㅠㅠㅠㅋㅋㅋㅋㅋㅋㅋㅋㅋㅋㅋㅋㅋㅋㅋㅋㅋㅋㅋㅋ데이트룩 진짜 ㅋㅋㅋㅋㅋㅋㅋㅋ,0개
149,배세라,진짜 체고 ㅠㅠㅠ 간만에 엄청 웃었어용 둘의캐미 너무 오랜만에보니깐 좋아요! 자주자주 영상올려주세요!,0개
150,HyesunLee,씬님...핑크 극복 하셨다면서요 그런데...언니 요즘 핑쿠컨셉 외업서요?,1개
151,혜린,군데 진짴ㅋㅋ이번 컨텐츠 넘 웃기닼ㅋㅋ 회사원님이랑도 해주셨음 좋겠어요ㅠㅠㅠㅠㅠ 다 공쥬공듀 하게 입고다니셔섴ㅋㅋㅋ,0개
152,정미진,씬님 잘 어울리시는데ㅠㅠ 본이닝 너무 어색해하셔 ㅋㅋㅋ,0개
153,뽀시래기,ㅋㅋㅋㅋㅋㅋㅋㅋㅋ첫 옷부터ㅋㅋㅋㅋㅋㅋ 씬님이 넘나 손해보는 컨텐츠ㅋㅋㅋㅋㅋㅋㅋㅋㅋㅋㅋ,0개
154,박지현,아모자이크개웃곀ㅌㅋㅋㅋㅋㅋㅋㅋㅋㅋㅋㅋㅋㅋㅋㅋㅋㅋㅋㅋㅋㅋㅋㅋㅋㅋㅋㅋㅋㅋㅋㅋ,0개
155,김무쌍mussang,이사배님이나 포니님이랑 스왑해도 재밌을 것 같아요ㅋㅋㅋ스타일이 완전 반대라ㅎㅎㅎ,0개
156,이선화,아 씬언니ㅜㅠㅠㅠ넘 귀여워,0개
157,기묘화,역시 씬님 ㅠㅠ♡ 저 3번째 돌려봤어요! 오랜만에 맘껏 웃었어요! 2편 꼭!꼭! 해주세요! ㅠㅠ 체격차이는 나겠지만... 라뮤끄님이나 최근에 힙한 스타일도 하셨던 회사원님 같이 해주시면 안될까요? ㅠㅠ,0개
158,분홍,데이트할때 옷 씬님ㅋ기ㅋㅋㅋㅋ고려청잨ㅋㅋㅋㅋㅋㅋㅋㅋㅋㅋㅋㅋㅋㅋㅋㅋㄲㅋㅋㅋ,0개
159,채니chaeni,ㅋㅋㅋㅋㅋㅋㅋ씬님만 바꿔입으신 건가여..???ㅋㅋㅋ하너무웃기다ㅠㅠㅠㅋㅋㅋㅋㅋㄴㅋㅋㅋ,0개
