﻿,youtube_id,comment,like_num
0,엄규빈,"씬님 그 귀걸이 진짜 좋아하신다ㅋㅋㅋ
매월마다 이 방송 하시는거면 그 귀걸이를 장착하고 해주세요😂😂",335개
1,지로롱,"선물 상자 구경 죤잼 bb
백화점 원브랜드 메이크업 바비 브라운은 안해주시나욥??!!! 신청해봅니당!",231개
2,a아몬드,원브랜드 다시해주명 좋겠어요ㅠㅠㅠ 이니스리 에뛰드 등등ㅠㅠㅠ 다시보고싶어효,133개
3,잉원필,씬~~~~ 원브랜드 메이크업 웨이크메이크 보고싶어요~~~ 웨메해주세용,117개
4,혜성MoonBrand,앜ㅋㅋㅋㅋ플랑크톤 에센스 진심 빨래 잘못말려서 나는 냄새나요ㅋㅋㅋㅋㅋㅋ바다에 담근 발냄샠ㅋㅋㅋ,67개
5,coeyunhyi0815,영상 자주올라와서 넘조타 진짜ㅠㅠㅠㅠ,41개
6,WendyJung,"2:38 언니 뻥 아니구요, 진짜 예쁘다구요!!",26개
7,chfhr83,이거 너무 재밌어요~ 신상 미리 보기도 되고 뭣보다  광고가 아니니까 솔직히 제품평하는 씬님이 확실히 보여서 좋네요ㅎㅎ 앞으로두 기대 할게요~,22개
8,최지은,"지방시 깜짝 놀랐어요 ㅋㅋㅋ
나중에 사용후기 다시 부탁드려요",7개
9,Followlifes,"씬님 유투바 영상은 넷플보다 중독적이에여 🤦🏻‍♀️❤️👍🏻 한번시작하면 과거여행 다녀와야함 💜😭
언닌 정말 골져스한 싸람❤️💃🏻〰️",34개
10,뭉뭉실,"씬님~~파데 테스트하시면서 중간중간에 발랐던 고보습크림도 궁금합니당:)
존좋제품 키엘밤인가욥?",45개
11,HAHA,우리나라에 이미 본디스웨이라는 이름의 파운데이션이 있어서 이름을 바꿔서 출시했대요ㅠㅠ,16개
12,Vita,I really want that vending machine!! It’s so cute!!,1개
13,MrsP,Yay I made it! ❤ your tutorials!,1개
14,안세진,지방시 쿠션이 탐나네요..ㅜㅜ갖구시푸다..,3개
15,성세림,3:08 ㅋㅋㅅㅋㅋㅅㅋㄱㅋㅋㄱㅋㅅㅅㅌㅋㅋㅋㅋㄱㅅㅋㅅㅋㄱㅋㅅㅋㅅㅋ사무실에서 스모키 메이크업을 즐기는 변호사님,4개
16,혼자걸어요,베네피트티클하고 쿠기 왜 미니 안내주냐 ㅜㅡㅜ 베네피트 하이라이터들 진짜 개좋은데 미니안내줘 ㅜㅡㅜ,7개
17,서은,바다에 발 담군 냄새.. 씬님 다운 표현력이다 진짜 ㅋㄱㅋㄲㅋㄱㄱㅋㄱㅋ,16개
18,슈크림붕어빵,16:26 오늘 저의 인상템은 어반디케이 바이스 립이랑 베네피트 티클!,4개
19,ChristineLin,"Hi SSIN, I love how you describe perfumes! Would you please consider doing a perfume/fragrance/cologne related video? Thank you! <3 <3",0개
20,이다은,씬님 피부가 사기적 ㅠㅠㅠ 아무리 별로인 파데를 올려도 찰떡같이 좋아보일 듯한 피부..🧡,4개
21,0012,향수 리뷰 해주세욬ㅋㅋㅋㅋㅋ 랑콤향수 말하면서 변호사느낌할때 너무 웃겼어요 뭔가 상상가는향ㅋㅋㅋㅋ 재밌을거같아요!!,1개
22,현혜선,7:52 언니 귀찮지 않게 저희집에 보관해드려여❤️,1개
23,아리,"ㅋㅌㅋㅋ미니씬ㅋㅋㅋㅋㅋㅋㅋ너무귀여운거 아닌가요 넘나 찰떡
영상보고 티클 너무 써보고싶어서 살까 고민중이예요ㅠ",4개
24,진서,"제 선물도 받아주세요....
제 마음이요❣️❣️헹",5개
25,최제,기다리고 있었어요 씨딩 영상... 협찬인 듯 협찬 아닌 뷰티 영상 나는 언니 속옷 영상이랑 원브랜드 그리고 이 시리즈 제일 즐겨요 그냥 언니 영상 싹다 사랑한다는 말이에요...... 작게 나오는 씬언니도 너무 좋고... 사랑해 언니... ㅠㅠㅠㅠㅠㅠㅠ,3개
26,아루,씬님 영상보면서 알게되는 브랜드가 점점 느는거같아여~~♡^^,6개
27,막내집사와망고,2:37 .... 언니......,1개
28,김서영,언니 저 꽃 귀걸이 너무 예뻐요ㅜㅜㅠㅜ 저도 올해 꼭 귀 뚫고 알바 열심히 해서 모은돈으로 저 귀걸이 사서 언니랑 커플 귀걸이(물론 나 혼자 커플 귀걸이지만..ㅎ) 할 거예요!!!,1개
29,심은정,미니씬 왜이리 작고 소중하져..? 계속 나와줘요😻 헤라 글로우 너무 탐나네욤 공홈으로..총총..,2개
30,김하람,"레알씬님넘재미나!!!쥰나좋아..,,,,,,퓨ㅠㅠㅠㅠ",1개
31,아이린엄마투유Irenemom45toyou,우와❤️❤️❤️❤️❤️❤️ 넘 부러워요!!! 역시 씬님 !!  지방시쿠션 저 쓰고 있는데 지성인 분들께 정말 강추해요^^ 베네피트 키트 너무 재밌어요! 오늘도 리뷰영상 감사합니다 ❤️,4개
32,이승아,1:13 언니..저 왜 시리가 켜졌죸ㅋㅋㅋㅋ밥먹으면서 보다가 당황,0개
33,삐약스핏살빼주는병맛다이어트채널,2:23 이뿌다!!!!!!! 내 스딸..💛,1개
34,김사랑,Zㅣ방시는 브랜드 자체가 그냥 👏🏻👏🏻👏🏻 나중에 꼭 한번 써보고 싶네용,2개
35,예은,"진짜 리뷰는 씬님이 최고에요ㅠㅠ 리뷰 영상 끝까지 다 보는건 씬님 영상뿐,,♥️",0개
36,예나,맞아 나 이거 이월달 언제 올라오나 기다렸어요ㅠㅠㅠㅠㅠㅠㅠㅠㅠㅠ 세상에 감사해요!!!!🙊🙊🙊🙇‍♀️🙇‍♀️🙇‍♀️,0개
37,아현,2019 존좋템 영상은 안올라오나요 ㅜㅜ,1개
38,응쭈,"역쉬 메알인데 조금씩 배우고 갑니다^^ 왜인지 모르겠지만 뽑기기계가 ㅎㅎ 제일 인상에 남는거
같아요~ 코로나 조심하시구 항상 건강하세여👍",1개
39,HyesooShin,기다렸어요!!!!!!!!!!이 콘텐츠 너무 좋아유 진짜 ㅠㅠㅠㅠㅠㅠㅠ씬님 하나하나 다 보여주시느라 정말 고생이셔요.. 근데 정말 그만큼 딱 정확하게 느낌을 알 수 있어서 뭘 사야할지 딱 결정이 되어용 감사합니다 💗,0개
40,김지현,심심하면 만든데 ㅋㅋㅋㅋㅋㅋㅋㅋㅋ 진짴ㅋㅋㅋㅋㅋㅋㅋㅋㅋ,1개
41,므에에,"1:13 씬님... 계속 ""줄리언선생님과""라고 얘기하실 때마다 siri 가 나타나욬ㅋㅋㅋ🤣🤣🤣",0개
42,희재,헉 100번째 좋아요를 눌렀네요ㅠㅜ넘 이쁘세용,2개
43,뚜띠,"온니,,,, 모자 정보 뭡니까,,, 너모 알고싶어요ㅜㅜㅜ 초구ㅣ여운 hat,,,🎩 아 물론 씬님은 초예쁩니댜••",0개
44,hh,3:06 표현력 대박입니당 ㅋㅋㅋ 이맛에 씐님봐요❤,0개
45,망양따뚯해,ㅋㅋㅋㅋㅋㅋ미니씬 !!! 더빙하시는거 보니까 넘 귀여워유....,0개
46,Kate,"자본주의적인거 같지만 진심 씬님 친구였으면ㅋㅋㅋㅋ
맘에 안드는거 버려주시면 감사하게 받고 피부 관리법을 가까이서 듣고싶다...ㅠㅜ❗️",0개
47,이예일,영상 또올라왓오ㅠㅠ 언니 자주봐서 넘 조아요,1개
48,응또,"영상볼때마다 제품 살때 참고하는데 항상 도움이되요~ㅎㅎ
그리고 물티슈도 아주좋네용~ㅋㅋ",0개
49,배고프다,오우 똥 쌀때 무슨영상 볼까 했는데 히히 감삼당❤️,0개
50,54김지연,4:17 얼굴로 표현 다 하시네 ㅋㅋㅋㅋㅋㅋㅋㅋㅋㅋㅋㅋㅋㅋㅋ,5개
51,암낫언엠티멜론,"언니~~ 항상 영상 잘 보고 있어윰>< 
제 최애 뷰우티 유튜버 2분중에 한분이셔유ㅠ 넘 이뻐요유우응 언니 피부톤도 넘 멋있고 약간 망가질 줄아는 것도 멋있구 무엇보다 친근해서 좋은거 같아유ㅠ♡♡ 항상 잘 보고 있습니둥! 앞으로도 화이팅 입니둥!",0개
52,54김지연,화장품계 건물주시네...,1개
53,nayeongkim,나진짜 이런 영상 너무 좋아...,0개
54,서지원,2:37 맞아요 언니,0개
55,권영선,"씬님~~~~~저의종를 울려주심  감사합니다,건강하게  지내시고 영상  많이 올려주세요,^^*",0개
56,YoutuberSHIN과함께,너무 부러워용 ㅠㅠ,0개
57,shootingstar,13:53 요기 부분 소리 이상해요!ㅋㅋ,0개
58,써니,미니씬 너무귀여워요 어떡해ㅋㅋㅋㅋ,0개
59,연서,화장품 두실때가 없으시면 저한테 버려주세요ㅠㅠㅠㅠㅠ 큰절 하고 받겠습니다..ㅎㅎㅎ 이번 영상 언니의 수고가 훤히 보여요 감사합니다ㅏ:) 이 시리즈 오래오래 해주세요 !!!,0개
60,최승희,9~~등~!!!!,0개
61,박민아,씬님귀걸이어울린다영상자주올리니까너무좋네ㅎㅎ,0개
62,이다현,언니 혹시 아프셨나요ㅠㅠ? 손등에 주삿바늘자국이 아닌가..걱정해봅니다ㅠㅠ,0개
63,민의TV,1등이다,1개
64,민,한국인들은 진짜 피부 좋네요ㅠㅠ 부럽다....,0개
65,LEEJE리제월드,대리만족 개쩔어😘,1개
66,김연수,지방시 쿠션이 기억에 남네용ㅋㅋ 잘 보고 가요~~,1개
67,유림,왜 이렇게 옙훠요ㅜㅜㅜㅜ따흑 ㅠㅠ,0개
68,륑흠냐,ㅏㄹㅇ콤 레드립스틳ㅂ너무이쁘다 너무뭄넘ㅁ무 이쁘다 사야겠다,0개
69,a,저는 돈만 있다면 Lancome New Advanced Genefique 하고 Givenchy balm 써보고 싶네요!,1개
70,뇽뇨뇨,2:37 뻥 아니에요 예뻐요ㅠㅠㅠ,0개
71,김하람,씬님쥰나좋아..~~~~:),0개
72,ErinSin,"씬님♡♡♡메이크업 영상 너무 좋아요ㅜㅜ
저두 원브랜드 영상 요청해보아요~!!!
브랜드는 랑콤 강추드려요😍😍
씬님의 원브랜드 영상 업로드를 기대하며
코로나 조심하세요~!!!",0개
73,ElizabethTangora,I’m really curious about Benefit’s ‘Twinkle’ now! The color was hard to see but the description was really intriguing...,0개
74,김서영,7:52 만약 아파트 몇 채 더 만들거면 저 불러주세요!! 불러만 주신다면 노동료 없이 그 아파트 몇만 채도 만들 수 있어요!!!!,0개
75,95예니,영상보니까 지방시 쿠션 한번사서 써보고싶네요♡,1개
76,츄,언니 언니 2020년 기념으로 언니의 존좋템 소개해주세요!! 스킨케어부터 색조까지...!!! 언니 따라서 손민수 하고 싶습니다,0개
77,정사각,역시 씬님!!!!,0개
78,야므야므,이번 영상에서 낀 렌즈 정보 알 수 있을까욥 🤓,0개
79,Dd,진짜 이 영상 넘모 좋아요ㅜ 하악,0개
80,뇬뇨냔냐,어반디케이쿠션 인생템이었는데..제발 파데말구 쿠션 재출시좀 해줬우면 좋겠어여....,0개
81,희나세상,지방시ㅋㅋㅋㅋㅋㅋㅋㅋㅋ언니 표현력이며 말투 넘 재밋어욬ㅋㅋㅋㅋㅋㅋㅋ,3개
82,l,언니~라카 원브랜드 메이크업 보고싶어용❤,0개
83,정다영,언니 예뻐여,0개
84,별빛나무,롬앤 원브랜드...원합니다ㅠ,1개
85,V세리,알랍유 미니씬💕💕,0개
86,카드값줘체리,원브랜드 지방시 해주세욤ㅠㅠㅠㅠㅠ💕,1개
87,은지,너무 이뻐여ㅠㅠ😍🥰,0개
88,coeyunhyi0815,나레이션 씬언니 넘이쁜거 아니냐구...😫,0개
89,YJay,언니 사랑해요오오오오 악!!!!❤️❤️❤️❤️❤️,0개
90,신보람,신상 구경 넘 좋아요... 요새 밖을 못나가니까 유튭보고 뽐뿌와서 온라인쇼핑하는데 맛들려서 벌써 이십만원넘게 질렀어요ㅠㅠㅠ흑,3개
91,SungkyoungKim,바다에담근발냄새 맡다보면 중독되요(?)ㅋㅋㅋㅋㅋㅋㅋㅋㅋ,0개
92,92yungenie,오늘 의상 메이크업 악세서리 3박자 오졌따..🖤🤍,0개
93,kimGeneral,15:05 큐티뽀짝 후드씬😍,0개
94,김수연,씬님! 백화점 원브랜드 메이크업포에버도 보고싶어요!ㅠㅠ,0개
95,쀼뺩,원래 느끼긴 한건데 씬님 블랙 너무 잘어울려요!! 고급스러움이 아주그냥👍👍👍,0개
96,Milkcocoa,"이 컨텐츠 너무 좋아욤 ㅎㅎ 신제품 보면 항상 사고싶긴 한데 정보가 없구 다 좋다고만 해서 항상 사고 안 맞아서 안 쓰게 되는 경우가 많았는데 씬님의 리뷰는 단점, 장점 다 알 수 있어서 넘넘 좋아용 ㅎㅎ",0개
97,이두엉violin,바다에 담근 발냄샠ㅋㅋㅋㅋㅋㅋㅋㅋㅋㅋㅋ,0개
98,YoojinLee,아나운서 서타일 ㅎㅎ,0개
99,,이 시리즈 너무 좋아요!!직접 모두 구매할수 없는저에게는 선택해서 살 수 있는 소듕한 영상💘,0개
100,최아름,눈썹이 잘 움직여서 표정이 훨씬 다양해보여 좋아요! 무표정한 저로는 상상할 수 없는 표정ㅋㅋㅋ 재미지게 잘 보고 있습니다,0개
101,주영,8:41 빨리안넘어가길래 내폰 멈춘줄..,0개
102,소현Sohyeon,이것만 올라오길 기다렸습니다아아아앙ㄹㄱ!!!!!!!!!! 아쏴아아아아아!!!!!!!!!!!!,1개
103,Mr용,"와 대박... 블랙 베레모에 니트(인지 뭔지), 쌩얼에 빨강색 립스틱에 결 한올한올 살아있는 검정 눈썹에.... 오늘 완전 프렌치 시크 미쳤다...",0개
104,도영,진짜 언니영상은 항상 재밌는거같아요☺️ 나도모르게 영상을 항상 들어와서본다능..,0개
105,Sunny,지방시 쿠션이랑 시티밤 컬러 궁금했는데!! 전부 받으신김에 자세 리뷰 부탁드려요~!!😘😘,1개
106,세봉이네당근가게,우애이아우아에엥 시간 빠르네요 씨딩제품 푸는거 넘모꿀잼이애옹,0개
107,무절임,1:53 돈구녕부터라고 들어서 어디가 랑콤 스러운 돈구녕이지? 하고 찾다가 그게 아니란걸 알게되었다....,0개
108,SONMANDOO손만두,오늘도 씬님텐션 많이 배우고갑니다...ㅠㅡㅠ 나는 언제 저런 자연스런텐션이나오련지..,0개
109,렘,언니 11:47 너무 찰떡이신데 나중에 저 립으로 메이크업 한 번만 보여주세여ㅠㅠㅠ,0개
110,김희진,언니이 립스틱 100개 리뷰영상 안떠요오,0개
111,라맨TV쫄,나도 노력해서 꼭 씬님처럼 성공하고 말겠어!!나두 협찬 받을꼬야ㅡ아ㅏ아ㅏ아,0개
112,JooHeek,인형뽑기기계 너무 해보고 싶게 생겼어요!!! 써보고 싶은건 온도에 따라 변하는 틴트! 궁금하네요ㅎㅎ,0개
113,안녕,"옛날부터 씬님 영상을 즐겨봤는데 그러다 메이크업에 관심도 많이 생겼고, 덕분에 메이크업 관련된 학교에 가게 됐어요! 제 진로 결정에 제일 큰 이유가 씬님이었어요, 정말 감사해요 씬님😊",0개
114,명치치myeongchichi,항상 솔직한 리뷰! 씬님 감사합니다 🥰,0개
115,인추이,ㅎㅎ,0개
116,수수,오ㅏ..저렇게 호ㅏ장품이 배송오면 무슨느낌일까..ㅠㅠ나도 화장품 돈안내고 내품에 왔음 좋겠..다...,0개
117,삐삐,렌즈정보 좀요!,0개
118,리아,7:52 저한테 오면됩니다 ........,5개
119,백종원진심녀,"언니... 너무 협찬제품 오는거 넘 멋있고.. 리뷰 하는거두 너무 머싯다,, 진짜루 본받구 싶은 유튜버 일지방..",0개
120,공희영,택배 신상 와아~!!대박,0개
121,SeonYeongPark,눈썹두 뭐 쓰신지 나와쑤 블러셔도 나와꾸 하이라이터두 나왔는데 입술은 뭐 쓰신건가요 ㅠㅠ 블러랑 찰딱이여요 ㅠㅡㅠ 가르쳐주세욥,0개
122,HW,아 밎친 팩하고있는데 씬님 랑콤 향수 향 설명때매 웃어버렸ㄷ....,0개
123,한지은,언니 영상끝날때쯤 이번달 씨딩 제품들 중에 뭐가 괜찮았는지 소개해주세요!!,1개
124,캘든토깽이,랑콤 립스틱 너무 예쁜데?...,0개
125,조유진,"요즘 마스크쓰느라 화장 안하는데
시간 남으신다면...톤업 썬쿠션 리뷰해주세요ㅠㅠㅠㅠㅠㅠ",0개
126,토로몽,"씬님 영상이 좋은게 화면이 딱 멀리 정면에서 각잡고 광고 보는거 처럼..?
보이는게 아니라 진짜 뭔가 친근하게 걍 친구가 화장하는거 가까이서 선명하게  지켜보는 느낌이여서 이게 너무  편하고 선명하고 정말 좋아유..",0개
127,자몽이,사이드에 나오는 씬님 시강이에요 ! ㅋㅋㅋ,0개
128,디아제이,2:37 이거 인정,0개
129,이지우,"따흑 ㅠㅠ 늘 대리만족,,,,,,나도 저렇게 화장품들 그득그득 받아서 쌓아놓고싶땃....",0개
130,별별,베네피트 티클!!! 연보라 연분홍 광이 왜케 예쁜거죠!!! 진짜 딱 유니콘이 연상되는 영롱함🦄,0개
131,호롤롤룰루,언니..베레모 어디꺼에욤..너뮤 예쁘고 잘어울려유 ㅠㅠ,0개
132,JinsunPark,베네피트 티클 파우더 하이라이터는 진짜 소장하고싶은 제품이네욥~,0개
133,밍밍도리,"2:37

뻥이라니요 언니 예뻐요 예뻐",0개
134,여행가는모도리TravelerModori,베네피트 인형뽑기 갖고싶다.. 완전 귀여워..,0개
135,BoPilNaHyeKim,씬님 2020년 2월 씨딩영상 통해서 장단점을 잘 알려주셔서 감사합니다. 참고하겠습니다. 브랜드 매너저가 추천하는 물건을 구매해서 실패하는 경험이 몇번  있었어요. 씬님이 추천한 몇몇 제품을  구매해서 잘 사용하고 있어요. 특히 신상품을 나올 때마다 고민인데 참고 할 수 있어 너무너무 좋았어요.,0개
136,정진경,역시 뷰티유투버~~~~~~!!! 미모에 감탄하면서 보게댐댐~^^,0개
137,오복잉,미니씬 넘기여웡❣️🥰,0개
138,정주희,조회수 3회일 때 보는 맛이란,0개
139,남궁숙영,나는 씬님 씨딩뷰티 영상에 화장품 제품들 리뷰하는거 다 기억이 남는데 특히 립스틱이랑 립글로즈가 입술에 착 붙고 지속력은 시간이 걸리지만 잘 안 지워지고 색깔이 특이한 그런 립제품이라니 신기하네요,0개
140,soymui,와 15초전이라니,0개
141,0428,"처음에 벌써 하시는데 펄스트라고 말씀하시는줄,,",0개
142,coeyunhyi0815,하나만 주세요....,1개
143,77fkjfj,저거 다 정리하고 보관하는 것도 일이겠네요.. 영상 잘봤어요🧡,0개
144,새솔,0:36에 바로 안 떠요!!,0개
145,임선희,저는 랑콤에 세럼이 한번 써보고 싶어요 가격을 조금 비싸지만 제가 건성이라서 한번쯤은 사서 쓰면 좋은것같아엽 ㅋㅋㅋㅋ,0개
146,박성희,♡,0개
147,김연지,"미국 사는 사촌언니가 한국 올 때마다 찾던 라곰...!
처음에 랑콤 잘못말한건 줄 알았는데 언니 따라 써보니까 은근 좋더라구용ㅎㅎ",0개
148,기매진,씬님 시슬리 원브랜드 메이크업해주세요!,0개
149,mayjin,에스티로더 원브랜드 메이크업 보고 싶어요,0개
150,마케팅담당좌Galvo,어반디케이 리퀴드립이랑 베네피트 팔레트가 제일 인상적이어요ㅎㅎ 끝날때 나온 메이크업 존예인데 뭘로하신건가요!,0개
151,기매진,씬님 네이밍 원브랜드 메이크업 해주세요!,0개
152,AshleyKim,Too faced born like this가 새로 나온 라인의 파데인 것 같아요! Born this way랑은 좀 다른 스탈인 것 같은데 비교 영상 찍어주실 수 있나용??,0개
153,YoojinLee,💕💕💕,0개
154,이혜진,"메이크프렘 블루레이 선크림 사용중인데 성분도 좋고 발림성도 좋아서 좋아용.^^ 
와.. 처음보는 제품들 많네요.  뭔가 디게 알차다... 영상 감사합니다...",0개
155,소리빌더EnglishSoundBuilder,멀티 페이스 사용자,0개
156,alomsh,씬님리뷰는 지루하지도않고 쏙쏙들어오니 보기좋아요!!,0개
157,따뜻한율무차,언니 오랜만에 아파트 정리 겸 소개 어때요 ?!,0개
158,김다은,꺅,0개
159,a,pr unboxing 비디오 정말 좋아요!! 더많이 올려주세요!!!,0개
160,링띠로리로리로,언니 여기서 착용하신 렌즈 알려주실 수 있나욤?!!,0개
161,희서김,씨..씬님 그 아파트를 저에게 주시...이이..이벤트..아아니..그냥..주..허허❤️,0개
162,애프리지히,니야옹,0개
163,채식냥이,약간 모던한 사무실에서 스모키 메이크업을 즐겨하시는 변호사 선생님느낌 ㅋㅋㄱㅋㅋ,0개
164,Hg,중간중간 먹이는 고보습 크림이 뭔지 알 수 있을까요 씬님???😍😍😍,0개
165,도토리,언니 베레모는 어디꺼에요? 저도 언니따라 베레모쓰고 빵먹으러 갈래요 ㅎ.ㅎ,0개
166,현이,ㅎㅎ 구경하는것만으로도 행복한,0개
167,김시계,이때 메이크업 대조녜네요 광대가 반짝반짝해요,0개
168,그난여,씬님 넘 좋앙,0개
169,조현주,"랑콤 향수요
저 정말 연한 스모키를 한 변호사 느낌이라는 표현에 꽂힘",0개
170,서경,바이스 립 케미스트리 래스팅 틴트가 기억에 남아요 사람마다 다르게 된다고 해서 호기심이 생기는 제품 같아요.,0개
171,박지윤,"더빙할때 하신 메이크업 해주세요
자연스런게 예쁜 것 같아요 특히나 립 제품이 너무 궁금해요ㅎㅎ",0개
172,yiJin,갑자기 든 생각인데 표정이 되게 다양하시다,0개
173,,베네피트 인뽑패키지 탐난다..,1개
174,비앙카,"헤라 파운데이션 인상적이었어요. 왜냐면 색상별 미니키트에 +본품3개 브러쉬까지!
보기만해도 배부를거같구 부자된거 같아요^^",0개
175,쪕홉,어반디케이 원브랜드 해주세욯헣,0개
176,규규,오늘 귀걸이 하고 베레모 찰떡 이에오!!,0개
177,미쯔초코,오지랖일수도 있지만 화장품 다이어트도 할겸 영상도 찍으면 재밌을거 같아욤.,0개
178,수민,씬님 볼랴고 본다 😆,0개
179,이승하,"와,,저게다 얼마야😲",0개
