﻿,youtube_id,comment,like_num
0,lamuqe,새벽에 일어나자마자 영상 보는데 충격과 공포+항마력 테스트.....☺️💗 (지금 다시 잠들면 악몽꿨다고 착각할 ㄷ...),805개
1,아랑,진짜 옛날에는 여자 생얼은 부끄러운것 감춰야 하는거고 그걸  웃음거리로 만드는게 당연한 때였는데 바뀐 지금이 훨씬 낫네요 화장 해도 안해도 그냥 나인 시대가 온게 다행이에요,12개
2,yexn,새삼 옛날 방송이 참.... 빻았다는게 느껴지는 부분이 많네여...ㅋㅋㅋㅋ,872개
3,연하,씬님 화성인 바이러스에도 나왔잖아욬ㅋㅋㅋㅋㅋㅋ 그 하루에 얼굴 여러 번 바뀌는여자? 이런걸로 그 때 박pd님도 출연했곸ㅋㅋㅋㅋㅋㅋㅋ완전 추억 그것도 해주시죠 언니의 흑역사가 좋네용,13개
4,,mc? 진행자들 쓰러지는거.. 일본 예능 같다... 씬님 흑역사기도 한데 한국 예능 흑역사 인듯,109개
5,이유하,아니 근데 씬님이랑 뮤끄님이랑 찐친인거 확실한게 보통 다른 유튜버랑 콜라보하면 그 유튜버 유튜브 링크 i카드에 넣어주거나 화면에 띄워주거나 하는데 라뮤끄님 영상 보고싶으면 라뮤끄님 검색하래ㅋㅋㅋㅋㅋㅋㅋ,768개
6,HEJung,아니 진짴ㅋㅋㅋㅋㅋㅋㅋ 스타킹 연출팀이 잘못햇넼ㅋㅋㅋㅋㅋㅋㅋㅋㅋㅋ 하... 보는사람도 창피한데 당사자들은 얼마나....ㅋㅋㅋㅋㅋㅋㅋㅋㅋㅋㅋ 라뮤끄님 씬님 화이팅...!!ㅋㅋㅋㅋㅋㅋㅋㅋㅋㅋㅋㅋㅋㅋㅋㅋ 광대가 올라감과 동시에 발을 피지 못하는중 ㅋㅋㅋㅋㅋ,441개
7,jennifersung6,역시 남의 흑역사가 젤 재밌어 ㅋㅊㅋㅊㅋㅋㅋㅋㅋㅋㅊㅋㅋㅋㅋㅋㅋㅋㅋㅋㅋㅋㅊㅋㅋㅋㅋㅋㅋㅋㅋㅋㅋㅋㅋㅋㅋㅋ ㅋ 미쳐 진짜 ㅋㅋㅊㅋㅊㅋㅋㅋㅋ 🥳,525개
8,민디,"씬뮤끄 님들도 그 시절 자비없는 자막의 피해자셨군요 ㅋㅋㅋㅋㅋㅋㅋ 
저땐 저런 자막이 유행이었죠 ㅋㅋㅋㅋ😁
다시 보니 추억돋는 그시절 스타킹",619개
9,S편집자,"저 저때 중학생일때 스타킹에서 생방으로 봣엇음... 그당시엔 너무 충격이라 씬님이랑 라뮤끄님 처음 유튜브 시작하셨을때 '헐 이사람 스타킹...!!' 하면서 보기시작했는뎈ㅋㅋㅋㅋ 추억이네요 ㅎㅎ
(지금은 25살^*^)",679개
10,말랑구름이,아ㅋㅋㅋㅋ시작하자마자 박규진님 사진ㅋㅋㅋㅋㅋ,333개
11,쩡예JJeongYae,"와 진짜 10년 전 유행한 화장이다 진짜 근데 이제 10년 전이라 해도 2010년이야 10년대야,,, 아이고 두야",302개
12,이이졍,"화성인x파일때부턴가요,,, 제가 씬님한테 입덕한게,,,
근데 언니,, 미안해요 스타킹 영상 못보겠어요ㅜㅜㅋㅋㅋㅋㅋㅋ",286개
13,김가현,저 저거 엄청 봣는데 ㅋㄹㅋㄹㅋㄹㅋㄹㄹ 벌써 씬님이 이렇케 성장하셨다니...,293개
14,원다슬,최근에 라뮤끄님 볼때마다 닮은배우가있던거같은데 누구지누구지했는데 드라마 슬기로운의사생활에 송화쌤 닮으셨어요!!!,467개
15,횬,그날 방송 씬님이 살렸었음ㅋㅋㅋㅋㅋㅋ조혜련님이랑 두분이서 개웃겼는데...ㅋㅋㅋㅋㅋ나만 박장대소 했냐구....,100개
16,잘생긴게최고야늘짜릿해,10년동안 쌓아온 스킬이있어서그런지 리메이크업을 해도 막 이상하지않고 생각보다 훨씬 괜찮은데욤...?,139개
17,디아제이,3:06 어 음 자취방에 3년정도 썩어있다 나온사람같아... 언니... 지금이 더 젊어보여8^8,128개
18,서지윤,아니 왜 내가 보는 유튜버들 다 스타킹 나왔냐ㅋㅋㅋㅋ소근커플도 그렇고 윤쨔미님도 그렇고ㅋㅋㅋㅋ스타킹 다음에 유튜브 루트ㅋㅋㅋ국룰인가 뭔가 나도 이 언니들이랑 같이 나이 먹은듯ㅠ,73개
19,데이지,나 진짜  씬님 gee출때 진짜롷ㅎㅎㅎㅎㅎㅎ너무 오그라들어섷ㅎㅎ박수치다가ㅎㅎㅎㅎㅎ양손으로 양볼때렸엏ㅎㅎㅎㅎㅎㅎㅎ개아펗ㅎㅎㅎㅎㅎㅎㅎㅎ,37개
20,좋은열매,"아니 근데 이영상 보니까
내가 화장을 저렇게 하구 있네..
난 여전히 10년전 메이크업을..

윤짜미님도 똑같이
저렇게 스타킹에 나오셨는데
다들 잘 되셨네요
같은 길을 10년 걸으니
어느덧 top자리에..",57개
21,jennifersung6,언니 담엔 화성인 나왔던거 커버해주세용 ㅋㅋㅊㅋㅊㅋㄹㅋㅋㅋㅋㅋ 🤣❤️❤️,62개
22,DoYou,이와중에ㅋㅋㅋㅋㅋㅋㅋ 짤로 보면 도저히 무슨 계절에 찍은 영상인지 알 수 없는ㅋㅋㅋㅋㅋㅋㅋㅋㅋㅋ,47개
23,박화백,0:03 규진님 흑역샄ㅋㅋㅋㅋㅋㅋㅋㅋㅋㅋ,7개
24,우그레이스,빵터졌어요ㅋㅋ스타킹피해자인가 수혜자인가ㅋㅋ,31개
25,빠마머리앤,앜ㅋㅋㅋㅋㅋㅋ 씬님 춤추실때... 왜 내가 민망하지...? ㅋㅋㅋㅋㅋㅋㅋ,32개
26,요리하고화장하는언니요화언,저 이거 중딩때ㅋㅋㅋ생방으로 봤는데ㅋㅋㅋㅋ저 코 뾰쪽!하게 만드는게 너무신기해서ㅋㅋㅋㅋ하얀색 셰도를 사다가 코에만 발랐던게 생각나네요ㅋㅋㅋㅋㅋㅋㅋㅋ친구들이 보고 깜짝 놀랬었던거 같아요...ㅋㅋㅋㅋㅋㅋㅋㅋㅋㅋ저의 흑역사도 같이 만들어주셨군요ㅋㅋㅋㅋㅋ,17개
27,FibriantiRA,WHY COULD I RELATE SO MUCH TO SSIN-NIM CRINGING 🤧 I see myself in her at that moment,18개
28,이지영JiYoung,언니들.. 미안해... 나도 같이 눈가리면서 봤엌ㅋㅋㅋㅋㅋㅋㅋㅋㅋㅋㅋㅋㅋㅋㅋㅋㅋㅋㅋ,21개
29,아야,"11:20 으아니 너무 똑같은거 아니냐구여 ㅋㄱㄱㅋㅋㅋㄱㄱㄱㄱㅋㄱㄱㄱㅋㄱㄱㅋ
너무닮았어옄ㄱㄱㄱㄱㄱㄱㄱㅋㄱㄱ",13개
30,ayoung,4:26 춤이랑 외모 미쳤네 ㅋㅋㅋㅋㅋ 너무 상큼하다 ㅠㅠㅠㅠ💖💖 언니 짱 🥺🥺🥺,28개
31,최제,인트로만 봐도 벌써 웃기네... 언니들 흑역사 레전드 시절부터 봐 왔는데 우리 사이에 뭔들 못 보겠어요 (고데기로 손가락 펴기),24개
32,블링크,18:16 미쳤나 ㅋㅋㅋㅋㅋㅋㅋ,21개
33,얍얍,와 저때 실시간으로 봤던 내가 쩐다....진짜 씬님을 초창기부터 알았다는게 신기,31개
34,탐라는제주감귤,대리 부끄러움 뭐지 ㅋㅋㅋㅋㅋㅋㅋ큐ㅠㅠㅠㅠㅠㅠ 못보겠어.....,13개
35,KThe,언니 죄송해요....저도 같이 몸을 비틀고 있어옄ㅋㅋㅋㅋㅋㅋㅋㅋ언니의 쪽팔림이 화면 밖으로 느껴져옄ㅋㅋㅋㅋㅋㅋ,16개
36,케이론슨KLONSON,시작하자마자 박규진님 사진이네욬ㅋㅋㅋㅋ,21개
37,hansollee,썸네일마저 개꿀잼ㅋㅋㅋㅋㅋㄴㅋㅋ,22개
38,SJDianaYoon,"4:18 마포구추노


feat. (수혜자라서행보끄라뮤끄❤️)",10개
39,neuni,ㅋㅋㅋㅋㅋㅋㅋㅋㅋ엉니도 스타킹 나왔단 말예요?? ㅌㅋㅌㅌㅋㅋㅋㅋㅋ원본 찾아봐야지ㅋㅋㅋㅋ유튜버 지인들 중에 스타킹 나온사람들 부분 모아서 다같이 흑역사 오픈해줘요 ㅋㅋㅋㅋㅋㅋ,14개
40,COOK짜몽,"11:20 킬링포인트ㅋㅋㅋㅋㅋㅋㅋㅋㅋㅋㅋㅋㅋㅋㅋㅋㅋㅋㅋㅋㅋㅋㅋㅋㅋㅋㅋㅋㅋㅋㅋㅋㅋㅋㅋㅋㅋㅋㅋㅋㅋㅋㅋㅋㅋㅋㅋㅋㅋㅋㅋㅋㅋㅋㅋㅋㅋㅋㅋㅋㅋㅋㅋㅋ
12:19 선생님..? 손 위치요ㅋㅋㅋㅋㅋㅋㅋㅋㅋㅋㅋㅋㅋㅋㅋㅋㅋㅋㅋㅋㅋㅋㅋㅋㅋㅋㅋㅋㅋㅋㅋㅋㅋ",2개
41,집보내줘,"아 웃겨ㅠㅠㅠ 언니 예전에 화성인도 나온 적 있지 않아요? 뷰티 유튜바 고인물의 고인물팬은 스타킹도 화성인도 놀랍지 않다,,,",8개
42,메타몽,와 시발ㅋㅋㅋㅋㅋㅋ 내 흑역사도 아닌데 욕이 절로 나온다,4개
43,셋둘,"죄송한데 저도 못보겠어요..,ㅋㅋㅈㅋㅈㅋ",4개
44,wooyahyeahx,아 개웃곀ㅋㅋㅋㅋㅋㅋㅋㅋㅋㅋㅋ앜ㅋㅋㅋㅋㅋㅋㅋㅋㅋㅋㅋㅋㅋㅋ,10개
45,,ㅋㅋㅋㅋㅋ아 진짜 웃겨ㅋㅋㅋㅋㅋㅋㅋㅋㅋㅋ저때 기억나서 같이 소리지르게되네욬ㅋㅋㅋㅋㅋㅋㅋ,3개
46,WonBumJeong,보다가 항마력 떨어져서 일시정지를 몇 번했는지 ㅋㅋㅋㅋㅋㅋㅋㅋㅋㅋㅋㅋㅋㅋㅋㅋㅋㅋㅋㅋㅋㅋㅋㅋㅋㅋㅋㅋㅋㅋㅋㅋㅋㅋㅋㅋㅋㅋㅋ,1개
47,o3o,"4:35 ㅋㅋㅋㅋㅋㅋㅋㅌㅋㅌㅌㅌㅋㅌㅊㅋㅋㅋㅋㅋㅋㅋㅋㅋㅋㅋ부끄러운 마음에 삐그덕 삐그덕 춤 추는 그녀,,",1개
48,파랑,와 진짜 역대급이에옄ㅋㅋ큐큐ㅠㅠㅠㅋㅋㅋㅋㅋ,4개
49,강석화,이건 뷰티 영상이 아니야 !!!!!!!!! 씬님 화석시절부터 봐온 나에겐 항마력 참기 테스트야 ㅋㅋㅋㅋㅋㅋㅋㅋㅋㅋㅋㅋㅋㅋ,1개
50,YaejinKim,박 pd 저 짤 너무 웃곀ㅌㅌㅌㅌㅋㅋㅋㅌㅌㅌ,1개
51,희바나Vlog,졸잼이다ㅋ ㅋ ㅋ ㅋ ㅋ ㅋ ㅋ진짜🤣🤣🤣,8개
52,김서영,스타킹 아니였음 우리 못 만날뻔했네요ㅠㅠㅜㅠㅠ스타킹 출연하신거 완전 신의한수ㅠㅠㅠㅠㅠㅠㅠㅠㅠㅠ,10개
53,찜빵,두분이 만나면 왜이렇게 웃기시죠ㅋㅋㅋㅋㅋ 진짜 최강 케미ㅋㅋㅋㅋ,8개
54,Sicko19xP,OMG!! I remember those makeup trends 😂 it’s really funny to see how much makeup has changed over the years💖 love the video😘,2개
55,멜리오다스,아닠ㅋㅋㅋㅋㅋㅋㅋㅋㅋㅋㅋㄱㄱㅋㄱㅋㄱㄱㄱㄱㄱㄱㅋㄱㄱㄱㅋㅋㅋㅋㅋㅋ춤까지 추셨다닠ㅋㅋㄱ저때는 아무렇지않게 봤는뎆ㅋㅋ지금보니까 새롭내요ㅋㅋ,2개
56,순정녀리미,ㅋㅋㅋ  너무 웃겨요ㅋㅋ 두분 케미 짱♡,3개
57,효정,인트로 진짜ㅠㅠㅠㅠ  너무 좋다 매력터져 진짜 하 사랑에 빠졌나봐..,1개
58,쩜쩜,아 처음부터 개터졌다 진짜ㅜㅋㅋㅋㅋㅋㅋㅋㅋㅋㅋㅋㅋㅋㅋㅌㅋㅌㅌㅌㅌㅌㅌㅌㅌㅋㅋㅋㅋ,1개
59,뿡,4:34 아ㅜㅜㅜㅜㅜㅜ씬님 반응이 더 웃겨ㅜㅜㅜㅜㅋㄹㅌㄹㅋㄹㄹㅋㄹㄹㅋㄹㄹㅋ,0개
60,aramyang,"ㅋㅋ아니영상다보고 화장하는거ㅋㅋ그냥친한친구끼리 나가기전에 옛날회상하면서 하는거  ㅋㅋ진짜 웃김 ㅋㅋㅋㅋ그냥나랑내친구들같음
두분도 아맞다 이거 설명해줘야지 하면서 최소한의 설명 덧붙이깈ㅋ",1개
61,김동희,아 진짜 웃곀ㅋㅋㅋㅋㅋㅋㅋㅋㅋㅋㅋㅋㅋㅋㅋㅋ,2개
62,밍꾸,와 화장 진짜 옛날 너낌 난다..... ㅋㅋㅋㅋㅋㅋㅋㅋ 중학생 때 스타킹에서 뮤끄님 본 기억은 나는데 왜 씬님 본 기억은 없는걸까요🤔ㅋㅋㅋㅋㅋ,0개
63,sunnyp,"ㅋㅋㅋㅋ스타킹  저 방송봤었는데~ㅋ~
화성인? 거기도 나왔던거같은데~~
방송에나온 사람이 유튜브도 하길래봤는데 그게 씬님ㅋㅋㅋ벌써 9년전이라니...😢
나도 늙었네ㅜㅠ",1개
64,yejinCho,으아아아아앜ㅋㅋㅋㅋㅋㅋㅋㅋㅋ왜 내가 다 민망해서 못보겠짘ㅋㅋㅋㅋㅋㅋㅋㅋㅋ ㅋㅋㅋㅋ 하면서 끝까지 시청 ㅋㅋ,1개
65,나만고양이없어,겟잇뷰티 셀프 영상도 라뮤끄 언니랑 다시 재현해주세요ㅌㅌㅌㅋㅋㅋㅎㅎ 추억이다 진짜..,8개
66,정지연,언니들이 벌레같다 할때마다 왜이리 웃기지ㅋㅋㅋㅋㅋㅋㅋㅋ자학개그 ㅋㅋㅋㅋㅋㅋ ㅠㅠ,1개
67,ellyK,언니..진짜 죄송한데요 저도 너무 오글거려서 주먹으로 베개 쾅쾅치면서 봤어요 ㅋㅌㅋㅌㅌㅌㅌㅌㅌㅌㅌ언니 성격을 알아서 그런가 미치겠네ㅌㅌㅌㅌㅌㅌㅌㅌ사랑해요 ㅠㅋㅋㅋㅋㅋㅋㅋㅋㅋㅋ,0개
68,심과함께,"아 ㅋㅋㅋㅋㅋㅋㅋ미쳐요 ㅋㅋㅋㅋㅋㅋ종로구 여신과 마포구 여신 ㅋㅋㅋㅋㅋㅋ 어렸을적도 너무 재밌고 귀여우셨어요 두분다 ㅎㅎ 
아침부터 힐링 되써여!ㅋㅋㅋ완전 귀염 터짐 ㅋㅋ",1개
69,뇽뇽,와 진짜 씬님 라뮤끄님 저때 처음 알기 시작했는데 메이크업하니까 9년전 얼굴이 보여요..!! 신기 🙊🙊,1개
70,장희령,9:06 라뮤끄 언니 팔에 포스트잇......ㅋㅋㅋㅋㅋㅋㅋㅋㅋㅋㅋㅋㅋㅋㅋ 너무 귀여워요,1개
71,오맛어마마,미치겠다ㅋㅋㅋㄱㅋㄱㅋ부끄러움은 왜 나의 몫인가ㅋㅋㅋㅋㅋ,1개
72,세일러문,레전드다 진짜ㅋㅋㄱㄱ넘 재밌어서 무한반복각이네여ㅋㄱㄱㅋㄱ,0개
73,LovingVincent,00:14 여기 계속 돌려보는 중ㅋㅋㅋㅋㅋㅋㅋ 씬님 예쁜척 하다가 못 견디고 본캐나오는거 너무 웃갸요,0개
74,궁궁홍숭,ㅋㅋㅋㅋㅋㅋㅋㅋㅋㅋㅋㅋㅋㅋㅋㅋ저때 방송이 제가 유일하게 기억하는 스타킹 에피소드인거같아요ㅠㅠㅠㅠ 너무 인상깊었어,0개
75,호두와살구,지금 보니까 10년후 자기자신 사랑하는 메이크업이 도래해서 정말 다행이네요🥰,1개
76,JessLee,ㅋㅋㅋㅋㅋㅋㅋㅋㅋㅋㅋㅋㅋㅋㅋㅋㅋ아 새벽에 책상 두들기며 웃었다,0개
77,가지가세상에서제일싫어,대박사건... 기억난다ㅋㅋㅋ저 사람들이 울 엉니랑 뮦언니였다니ㅠㅠㅠㅠㅠㅠㅠㅠㅠ대박이다ㅋㅋㅋ큐ㅠㅠㅠㅠㅠㅠ저때 진심 난리도 아니었어요 친구들이랑 막 따라하고 쌍액이랑 쉐딩하는거 진심 난리났었는데ㅠㅠㅠㅠㅠ추억소환이네요ㅠㅠ엉니...나도 그때도 없었고 지금도 없어...˃̣̣̣̣̣̣︿˂̣̣̣̣̣̣,0개
78,쮸뀨미뀨잉,ㅋㅋㅋㅋ아 넘 추억이에여ㅋㅋㅋ그때 그 화장품과 화장법ㅋㅋㅋㅋㅋ갓 20살이야서 화장하나도 할줄모를때 어설프게 블로그보고 따라하고ㅋㅋㅋㅋ,0개
79,JIYONYUNG지요녕,아 저 스타킹ㅋㅋㅋㅑㅋㅋ컄 “ 청순은 개뿡” 이라고 블로그에 올리셨잖아옄ㅋㅋ,0개
80,XellOs,그때 의상이 아직 있다닠ㅋㅋㅋㅋㅋㅋㅋ,0개
81,이선민,씬님이 이렇게 흑역사 보는거 너무 재밌어 ㅋㅋㅋㅋㅋㅋㅋㅋㅋㅋㅋㅋㅋㅋㅋㅋㅋㅋㅋㅋㅋㅋㅋㅋㅋㅋㅋㅋㅋㅋㅋㅋㅋㅋㅋㅋㅋㅋㅋㅋㅋㅋㅋㅋㅋㅋㅋㅋㅋㅋㅋㅋㅋㅋㅋㅋㅋㅋㅋㅋㅋㅋㅋㅋㅋㅋㅋㅋㅋㅋㅋㅋㅋㅋㅋㅋㅋㅋㅋㅋㅋㅋㅋㅋㅋㅋㅋㅋㅋㅋㅋㅋㅋㅋㅋㅋㅋㅋㅋㅋㅋㅋ ㅋㅋㅋㅋㅋㅋㅋㅋㅋㅋㅋㅋㅋㅋㅋㅋㅋㅋㅋㅋㅋㅋㅋㅋㅋㅋㅋㅋㅋㅋㅋㅋㅋㅋㅋㅋㅋㅋㅋㅋㅋㅋㅋㅋㅋㅋㅋㅋㅋㅋㅋㅋㅋㅋㅋㅋㅋㅋㅋㅋㅋㅋㅋㅋㅋㅋㅋㅋㅋㅋㅋㅋㅋㅋㅋㅋㅋㅋㅋㅋㅋㅋㅋㅋㅋㅋㅋㅋㅋㅋㅋㅋㅋㅋㅋㅋㅋㅋㅋㅋㅋㅋ ㅋㅋㅋㅋㅋㅋㅋㅋㅋㅋㅋㅋㅋㅋㅋㅋㅋㅋㅋㅋㅋㅋㅋㅋㅋㅋㅋㅋㅋㅋㅋㅋㅋㅋㅋㅋㅋㅋㅋㅋㅋㅋㅋㅋㅋㅋㅋㅋㅋㅋㅋㅋㅋㅋㅋㅋㅋㅋㅋㅋㅋㅋㅋㅋㅋㅋㅋㅋㅋㅋㅋㅋㅋㅋㅋㅋㅋㅋㅋㅋㅋㅋㅋㅋㅋㅋㅋㅋㅋㅋㅋㅋㅋㅋㅋㅋㅋㅋㅋㅋㅋㅋ,1개
82,도로로,언닠ㅋㅋㅋㅋㅋ회성인이랑 스타킹보고 처음 그 라이브 방송 블로그 공지하던 그 시절부터 봤는뎈ㅋㅋㅋㅋㅋ진짜 세월 오래지났어요 지금 제가 23살인데ㅋㅋㅋㅋㅋ,0개
83,박주연,과거메이크업따라하는거 너무 재밌어욬ㅋㅋㅋㅋㅋㅋ,1개
84,3,ㅋㅋㅋㅋㅋ 우와 어떻게 10년전보다 어려보이냨ㅋㅋㅋㅋㅋㅋㅋ,1개
85,Hi이쁘,"저때는 저게 별로 창피하지 않았어...ㅋㅋㅋㅋㅋㅋㅋ 나 저때 본방 봤었는데 엄청 신기했었다ㅋㅋ
아닛 씬님이라니!! 이랬었는데.. 이제 약간 오글..",0개
86,내집니집,한밤에 ㅋㅋㅋㅋㅋ 빵터져서 진짜 1초마다 꺌꺌껼 거리는중ㅋㅋㅋㅋㅋㅋㅋㅋㅋㅋㅋ,1개
87,윤옥하다,저 영상보고 백번은 본듯.. 아이라인그리려고 ㅋㅋㅌㅋㅌ 토니모리젤라도 사고 ㅋㅋㅋㅋ,0개
88,앙기모띠주는나무,와 진짴ㅋㅋㅋㅋㅋㅋ찐 흑역사다ㅋㅋㅋㅋ그것도 영상이라니..ㅜㅋㅋ,0개
89,베리베리,11:21 표정모사 대존똑ㅋㅋㅋㅋㅋㅋㅋㅋㅋㅋㅋ,0개
90,손채민,왘ㅋㅋㅋㅋㄱㅋ대박이닼ㅋㄱㅋㅋㅋㅋ씬님이랑 라뮤끄님 스타킹 나온줄 몰랐었어욬ㄱㅋㄱㅋㄱㄲ,0개
91,0055,저거 규진님까지 나오신 방송이름 아시는분ㅠㅠㅠ,1개
92,호미습득,아 너무 추억이다ㅠㅠㅠㅠㅋㅋㅋ대단하세요 어릴적부터 지금까지 재밌어...,0개
93,ssunny,진짜 세상이 많이 바뀌었구나ㅋㅋㅋㅋㅋㅋ 꿀잼이었어요 이번영상도ㅎㅎ,0개
94,영리YOUNGRI,"와 스타킹 엄청 추억 ㅠㅠㅠㅠㅠ 우리 추억 벌써 10년이나 됬어요..? 씬님 화성인x파일때부터 알았는데.... 그때 변신했던 메이크업도 따라해줘요..ㅎㅎㅎㅎㅎㅎ
그리고 라뮤끄님,씬님 화장하는 것 균등하게 더 자세히 소개해주시면서 화장했으면 재밌었을 것같아요 오늘 화장하는 부분 편집이 좀 루즈하고 뭔가 다른 영상보다 후다닥 만들어낸 느낌이었어요🥺",0개
95,minjiRk,"진짜 저도 저때부터 관심갖고 봐왔는데ㅠㅜ 덕분에 화장도 많이늘고요..씬님이랑 라뮤끄님이 화장고자들 다살린듯..
진짜감사해요ㅋㅋ",0개
96,임현지,두 분 다 ㅋㅋㅋㅋㅋㅋㅋ쿠쿠쿠쿠ㅜㅜㅜㅜㅜ 귀여우셔ㅜㅜ 내 최애 유튜바분들 ㅜㅜ,0개
97,소리,ㅋㅋㅋㅋㅋㅋㅋㅋ개웃곀ㅋㅋㅋㅋㅋㅋㅋㅋㅋㅋㄱㅋㅋㄱㅋㄱㅋㄱㅋㄱㅋㄱㅋㄱㅋㄱㅋㅋㄱㅋㄱㅌㄱㅋㄱㅋㄱㅋㄱㅋㄱㅋㄱㅋㄱㅋㄱㅋㅋㅋㄱㅋㄱㅋㄱㅋㄱㅋㄱㅋㅋㄲㅋ,0개
98,멍청하면입다물기,헐 어릴 때 스타킹 이거 보고 화장을 인식했는데 그게 두 분인줄 몰랐어요 대박 신기,0개
99,bokzzi,ㅋㅋㅋㅋㅋㅋ규진님도 ㅋㅋㅋㅋㅋㅋㅋㅋ흑역사 ㅋㅋㅋㅋㅋㅋㅋㅋㅋ,8개
100,PriyaS,"Lmao I cried from laughing 🤣, I always look forward to your videos. Love from London 💕",0개
101,갈치,방송에서도 쌩얼이 더 이쁜데ㅋㅋㅋㅋㅋㅋ??,0개
102,유지영,라뮤끄님이 입으신 흰색옷 정보쫌여ㅠㅠㅠ,0개
103,PineappleHamburger,본방으로 봤었던 기억이.. ㅋㅋㅋ 역시 화장 고수들로 남으셨네요 짱짱,1개
104,JungSo,언니ㅜㅜㅜㅜ좌송해요 못보겠어욬ㅋㅋㅋㅋ쿠ㅜㅜㅜ,0개
105,harryroun,이거 어렸을때 본방으로 봤었는게 저기 나왔던 여성 두분이 씬님과 라뮤끄님인걸 지금알았다.....와....,0개
106,하나현,항마력 테스트인가요? 항.. 마력 딸려;; 변빈가봐,2개
107,유나,아 진짴ㅋㅋㅋㅋㅋㅋㅋㅋㅋㅋ 너무 웃겨욬ㅋㅋㅋㅋㅋㅋㅋㅋㅋㅋ,0개
108,김예린,아ㅋㅋㅋㅋㅋ전—————나ㅋㅋㅋㅋ웃기다ㅋㅋㅋㅋㅋㅋㅋㅋㅋㅋㅋㅋㅋㅋㅋㅋㅋㅋ개존잼 스타킹 순삭 ㅋㅋㅋㅋㅋㅋㅋㅋㅋㅋㅋ,0개
109,방울토마토,아 대박ㅋㅋㅋㅋㅋ♥,3개
110,SincerelyDefiant,"Its nice to see that over the last 10 years, trends in makeup in SK and even overseas have now moved on to embracing your natural selves.",8개
111,YUN쏘오오옥,ㅋㅋㅋ씬님ㅋㅋㅋㅋ 이렇게 규진님 흑역사 사진도 같이 소환하셨어 ㅋㅋㅋ,3개
112,나현,라뮤끄님 진짜 제대로닼ㅋㅋㅋㅋㅋㅋㅋㅋ,0개
113,Rudenessistheweakmansimitationofstrength,아 ㅋㅋㅋㅋㅋㅋㅋㅋㅋㅋㅋ 소녀시대 춤부터 못봄 ㅠㅠㅠㅠㅠ,0개
114,TotoroKim,"람뀨언니랑 9년전부터 인연이라니💗
ㅋㅋㅋㅋㅋㅋㅋㅋㅋㅋ 오늘도 빵터지고 갑니다",0개
115,thecage,마지막에춤추는거 ㅅㅂㅋㅋㅋㅋㅋㅋㅋㅋㅋㅋㅋㅋㅋ개웃겨,0개
116,sky,아닠ㅋㅋㅋ왜 보는 내가 오그라들지ㅋㅋㅋ,0개
117,이은총,ㅋㅋㅋㅋㅋㅋㅋㅋㄱ 내추럴한 언니들 최고다ㅋㅋ,0개
118,코자자코로나,씬님ㅋㅋㅋㅋㅋㅋㅋㅋ이번 초반에 했던 메이크업 알려주세여!!!!!!,0개
119,EunhyeHan,썸네일 보고 들어왔습니다ㅋㅋㅋㅋㅋㅋㅋㅋㅋㅋㅋㅋ재밌네욤ㅋㅋㅋㅋㅋㅋㅋㅋㅋㅋㅋㅋㅋ,0개
120,DAYECHOE,영상소리가 작아요ㅠㅠㅠ 재미있게 잘봤습니다!!!!,0개
121,김예은,내 과거도 아닌데 너무 부끄러워서 자고있는 울 강쥐 깨움,2개
122,nakokkk,"영상을 보다보니 막 부끄러워하는 척 시켰다던지, 일부러 잡티그리고 사진 찍었다던지 하는 거 보면 방송도 다... 짜고 시키고 그러는 거구나.. 생각 드네요ㅠㅠ 이런 식으로 방송국에서 시킨대로 행동했을 뿐인데 욕먹는 일반인 출연자분들도 많았겠죠...??ㅠㅠ😭😭 과거영상 귀여운데 한편으로 안타깝기도 한,,",1개
123,,와..나 이거봤어.. 화장 너무 잘한다고 보면서 부러웠던 기억이 납니다........,0개
124,fluorine플루오린,앜ㅋㅋㅋ 규진님 ㅋㅌㅌㅋㅋㅌ    ㅜㅠㅠㅜ,0개
125,Deyom데욤,저도 생방봤었죠ㅋㅋㅋㅋㅋㅋ추억이당ㅋㅋㅋ,0개
126,2313,씬님 블로그에서 v계 메이크업 올려주실 때부터 지금까지 팬인데 그때 생각도 나요 ㅋㅋㅋㅋㅋ,0개
127,신가영,아 어떡하지 큰 화면으로 못보겠어 ㅋㅋㅋㅋㅋㅋㅋ,0개
128,이다다,내 손발이 다 오그라드는 신비한 경험 ㅠㅠㅠㅠ,0개
129,HWM,그땐 그랬지ㅎㅎ 엄청 좋아해서 블로그도 막 찾아보고 그랬는데 벌써 10년전이라니,0개
130,김지원,아 언니 춤추는거 개웃긴데ㅋㅋㅋㅋㅋㅋㅋㅋㅋㅋㅋㅋㅋㅋㅋㅋㅋㅋㅋㅋㅋㅋㅋㅋㅋㅋㅋㅋㅋㅋㅋㅋㅋㅋㅋㅋㅋㅋㅋㅋㅋㅋㅋㅋㅋㅋㅋㅋㅋㅋㅋㅋㅋㅋㅋㅋㅋㅋㅋㅋ,0개
131,에유,앜ㅋㅋ씬님 라뮤끄님 콜라보는 언제나 믿고 본다구💘,0개
132,qwerty,언니 죄송한데 저도 못보겠어욬ㅋㅋㅋㅋㅋㅋㅋㅋㅋㅋㅋㅋㅋㅋㅋㅋㅋㅋㅋㅋㅋㅋㅋㅋㅋㅋㅋㅋㅋㅋ 영상 멈추고 댓글다는중 ㅣㅋㅋㅋㅋㅋㅋㅋㅋㅋㅋㅋㅋㅋㅋ하 진짜 춤까지는..다메...!!!!!!!,0개
133,뽀짝꾸기,언니 조금씩 넘기면서 봤어요.. 미안해요 ㅠㅠ 내 흑역사도 아닌데 마주하기 힘들다,1개
134,JiHyeLee,ㅋㅋㅋㅋㅋ저도 저 때 영상 봤어요 지금 보니깐 그렇게 차이가 크지 않은데 왜 그 당시에는 보면서 와...진짜야? 차이가 정말 크다 놀라워...저런 화장법은 어떻게 다 아는 거지?이랬는짘ㅋㅋㅋ그 당시에는 마치 캣츠 분장 비포에프터 처럼 보였었는데ㅋㅋㅋㅋ 화성인도 봤었는데 화성인도 리뷰해주세요...ㅋㅋㅋㅋ+저 방송 나가고 우연히 라뮤끄님 블로그 본 적 있었는데 저거 나가고 라뮤끄님에게 매일 연락오던 남자들에게 연락이 끊겼다는 글도 봤었지요...추억이닼ㅋㅋㅋ,0개
135,샤원,그때 봤던 것 같은뎈ㅋㅋㅋㅋㅋㅋㅋㅋㅋ오랜만이네욬ㅋㅋㅋㅋㅋ스타킹ㅋㅋㅋㅋㅋㅋㅋㅋ,0개
136,감딸기,"난 그때부터 언니들 사랑했어요,,",4개
137,SophiaKim,와 미쳤다ㅋㅋㅋㅋㅋㅋㅋㅋㅋㅋㅋㅋㅋ저 9년 전에 저 방송 봤었어요.. 당시 두분 다 성형 메이크업으로 유명하셔서😭😂ㅋㅋㅋ ㅋㅋㅋㅋㅋㅋㅋ씬님 블로그 시절때부터 좋아했었는데...추억이네요...헤헤....,0개
138,루나,아 언니 춤추는거보고 ㅋㅋㅋㅋㅋㅋㅋㅋ 터졌어욬ㅋㅋㅋㅋㅋㅋㅋㅋㅋ,0개
139,이시연,진짜 추억인거 같아요! 이번 영상보니까 15년도 팬페스트에서 블로그로 신청한 싸인회도 가고 공주옷? 입었던 씬님도 갑자기 생각나요 😃 언니 앞으로도 건강하고 행복해요♥️,0개
140,최진아,앜ㅋㅋㅋ 내 손발ㅋㅋㅋ,0개
141,안성빈,역쉬 언니는 내맘을 넘 잘알앙,4개
142,젤리빈JELLYVIN,ㅋㅋㅋㅋㅋㅋㅋㅋㅋㅋㅋㅋㅋㅋㅋㅋㅋㅋㅋ흑역샄ㅋㅌㅌㅌㅌㅌㅌㅌㅌㅌㅌㅌㅌㅌㅌ,0개
143,강지우,남 흑역사 보는데 왜 내가 다 부끄렁ㅜㅜ,0개
144,RMichelS,오!!!!!! 옛날부터 여신이었던 분들. ㅋㅋㅋㅋㅋ 씬님 비포 상반신 배가본드 무사시인 줄. 도전자의 배포👍🏻 두 분 다 귀여워요. 스타킹 리액션은 지금 봐도 과했네요.,0개
145,bonsik,언니 미아내..4:09 웃어버렸어 ㅋㅋㅋ,0개
146,mangoK,역시 남의 흑역사 구경은 꿀잼이다ㅋㅋㅋㅋㅋㅋㅋㅋㅋㅋ,0개
147,heeranChae,저 라뮤끄님 기억나요 ㅋㅋㅋㅋ 다른 프로인데 화장하기 전에 막 자기 화장하면 여기있는 남자분들도 다 반할꺼라고하셨는데 진짜 예뻤음🥰 씬님은 화성인바이러스에서인가? 얼굴바뀌면 소개팅남이 못알아보는거 ㅋㅋㅋㅋ 진짜 잼있었어요!!,0개
148,JennyYu,실눈뜨고 흐린눈으로 봤닼ㅋㅋㅋㅋㅋ,0개
149,권현지,༼;´༎ຶ۝༎ຶ༽우워어어어어엌!!!!!!! 씬님 이거 같아욬ㅋㅋㅋㅋㅋㅋㅋㅋㅋㅋㅋ⫬ㅋ⫬ㅋ 아 웃겨 반응애문에 웃곀ㅋㅋㅋㅋㅋ미치겠네,0개
150,연우,와.. 비포 다 조작 하고 그랬구나.. 역시 방송ㅋㅋ,0개
151,뿜파,세상엨ㅋㅋㅋㅋㅋㅋㅋ 똑같네 하나도 안 늙으셧네,0개
152,YourLover,아니 씬님 비퐄ㅋㅋㅋㅋㅋㅋㅋㅋㅋㅋ 왜 도전정신을 ㅋㅋㅋㅋㅋㅋ 거기서 느껴욬ㅋㅋㅋㅋ,0개
153,도른언니,10년전영상다시보는줄요ㅋㅋㅋㅋㅋ과거여행하는시간,0개
154,김,ㅋㅋㅋㅋㅋㅋㅋㅋㅋㅋㅋㅋㅋㅋㅋㅋㅋㅋㅋㅋㅋ미ㅣ쳐땈ㅋㅋㅋㅋㅋㅋㅋㅋㅋㅋㅋㅋㅋㅋㅋㅋㅋㅋㅋㅋㅋㅋㅋㅋㅋ,0개
155,옥수수찐빵,아웃곀ㅋㅋㅋ,0개
156,milkyway,많이 보다가 유튜브 첨 보고 유튭 하시는구나 싶었어요..! 두분다 큰 유튜버가 되어서 제가다 기쁩니당ㅎㅎㅎ,0개
157,V세리,"악 언니 책 만든거 싸인회 갔었는데 언니는 기억 할랑가 모르겠다...
갤럭시 탭으로 셀카 찍었던 사람 기억 한다면 그게 나야 언닠ㅋㅋ 그때 라뮤끄 님하고도 셀카 찍었는데 그건 날라갔ㅇ..ㅓ.. 하하하",0개
158,uuoweeek,헉 씬님 남자친구 계신줄알았는લા ㅠㅠ 헤어지신건가 ㅠㅠ 없다뇨!̆̈ !,0개
159,VictoriaWoo,아..찐이닼ㅋㅋㅋㅋㅋㅋㅋㅋ,0개
