﻿,youtube_id,comment,like_num
0,회사원A,"차이님이 코디 해 준 홍대 힙스터룩 코디가 움직이기 너모나 편한 것...
커플룩으로도 입어 봤어요!
변신한 여자친구를 본 승범이의 반응 : https://youtu.be/MAjFX7FF7bY


회사원 채널 보고 왔다고 하면 할인 해 준대요!! 두번 째로 간 테크웨어 옷집 [식코] 인스타 : http://instagram.com/sickokr
차이님이 선물 해 주신 핸드메이드 키링 15wol : https://instagram.com/15wol_?igshid=1vp8y6xus2uwa
위에 구경하시는 김에 팔로우 해 주면 땡큐한 회사원 인스타 : https://www.instagram.com/calarygirl_a/",47개
1,서윤이,머리 잘리고 충격받아서 그러시는 줄....,910개
2,서윤채,"제목보고 밀크코코아 호갱 울 언니가 그럴 리가 없어 하고 달려옴ㅋㅋㅋㅋ
언니의 귀걸이와 화장이ㅋㅋㅋㅋㅋ딘드밀리를 있는 힘껏 거부중임ㅋㅋㅋㅋㅋㅋㅋ",12개
3,다솜,"와 저분 근데 코디 내공이 장난 아니시네,, 분명 하나씩 집으실땐 엥...? 저걸 어케 코디하냥.. 이랬는데 척척 코디하시더니 결과물이 너무 괜찮아서 놀라울뿐,,",378개
4,김하경,이 언니 요새 극한체험 많이 하시는듯. 44만원 머리가 아직 역대급임.,747개
5,,진짜 회사원님 평상시 복장이랑 상극ㅋㅋㅋㅋㅋㅋㅋㅋㅋㅋㅋㅋㅋㅋㅋㅋㅋㅋㅋㅋㅋㅋㅋ딘드밀리로 갖춰입어도 삐져나오는 천생 겅듀느낌의 회사원님ㅋㅋㅋㅋㅋㅋㅋㅋ,374개
6,예영,회사원님 옷만 보면 저 가게 인수하실 것 같은데....,297개
7,선희,부잣집 아가씨가 학교에서 힙스터 미대생 친구랑 친해져서 반항아된 아가씨같다,842개
8,Chai,"안녕하세요 chai입니다! 
영상 출연은  처음이라 많이 어색하네요 ㅠㅠ  
초대해주셔서 너무 감사하고, 
회사원 A님이 차고 계시는 키링은 
핸드메이드로 만들어 팔고 있는 
15wol 제품입니다!
혹시나 궁금하시다면 구경오세요!❤️   
https://instagram.com/15wol_?igshid=1vp8y6xus2uwa",895개
9,이호,누가 곤듀 회사원이 지겹대!!!!!!,433개
10,햇살,한가지 취향만 고수하는 회사원이시니까 다른 스타일로도 이런거 해주시면 좋겠어요 힙사원 완전 멋지네요,427개
11,,머리랑 화장 스타일링만 어울리게하면 의외로 잘어울것같은데요?! 저런 옷 입어본적없는데 괜찮아보여요!! 머리랑 화장 스타일링까지 맞춰입은 영상도 올려주세요!!,369개
12,잊누너미래와이프,5:42 417000원.......빈티지샵이 싸다구요???,338개
13,HappySo,저 분 옷 진짜 잘골라주신다...같이 쇼핑가고싶음,128개
14,박웬디,아니 제목보고 공듀공듀 회사원님이 이게 무슨일인가 싶어서 달려왔습니다,235개
15,박아림,난 아직 멀었는갑다... 정말 옷잘주운 거지룩같은...,157개
16,YENAKIM,"이쁜 룩이긴 하지만 저런 룩을 연출하려면 옷이나 악세서리가 비싸더라구영...? 그냥 겅듀는 원피스!귀걸이!목걸이!인데 저건. 티 니트 조끼 점퍼 귀걸이 목겅이두세개 마디마디반지 바지용 엑세사리 등등....돈 많이드는 룩이라서 쉽게 도전되지않는룩!
가격 사이즈도. 배려없움",104개
17,EUNE은혜,낯설지만 뭔지모르게 잘어울리는...,154개
18,석에몽Seokemong,"🦁 스트릿 패피들을
위협하는 초신성 등장...🦁
'못' 하던게 아니라 '안' 하던 것일뿐...
🐎이 필요없다... 영상봐주세요",166개
19,정수빈,내가 저 유행을 이해하려면 100년은 이르다...,78개
20,쁑데헷,음.....요즘은 저렇게 입는구나...저는 잘모르겠어요....그리고 옷들이 생각했던것보단 값이 나가네요?,129개
21,김현정,두번째 옷은 잘 어울리시는 것 같기도ㅋㅋㅋㅋㅋㅋㅋ 많이 사셨는데 왠지 이번 영상에서 보는 게 마지막일 것 같아요ㅋㅋㅋㅋㅋ,80개
22,권민지,"회사원님의 도전에 박수를 ㅋㅋㅋㅋㅋㅋㅋㅋㅋㅋㅋㅋㅋㅋ 아 중간중간 춤인지 꿀렁꿀렁 거리는가 너무 웃겼어요 ㅋㅋㅋ 웃어서 미안하지만 ㅋㅋㅋ아윽 진짜 구매하신건가요? 다시 안 입으실거같은 느낌이 ㅋㅋㅋㅋㅋㅋㅋㅋㅋ
전 핑꾸핑꾸 샤랄라 회사원님이 더 좋아용❤️",71개
23,서윤채,보다보니깐 차이님이 회사원님 옷장에서 꺼낸 원피스 입는 컨텐츠도 재밌을거같은데ㅋㅋㅋㅋㅋㅋㅋ,54개
24,이옴짝달싹,아웃곀ㅋㅋㅋㅋ머리 잘리고 흑화한 버전같음ㅋㅋㅋㅋㅋㅋ재밌,34개
25,ezK,6:10 회사원 b채널 의상이라 함은 a.k.a.잠옷 (속닥속닥),69개
26,오단비,뭔가 평소스타일이랑 짬뽕이아니라 대놓고 힙이라서 너무 좋아요ㅠ 시도하시는 모습 멋있어요!,66개
27,상추,심플한 내 관점에선 뭔가 맥시멀리스트....... 진짜 마른 사람 아니면 부해보이고 소화하기 힘들듯ㅜㅜㅜㅜㅠ,74개
28,LisaKim,언니 그 랩퍼손만 안하시면 나름 갠춘할것같아옄ㅋㅋㅋㅋㅋㅋㅋㅋ,15개
29,안녕하세요,ㅋㅋㅋㅋㅋㅋㅋㅋㅋㅋ스타일도 스타일인데 편집이 너무 웃겨ㅋㅋㅋㅋㅋㅋ 세상 어색하게 포즈잡는데 귀여운데 웃겨요 언니ㅋㅋㅋㅋㅋㅋㅋㅋㅋㅠㅠㅠㅠ,54개
30,소금소금,영상하고는 상관없는 얘긴데 개인적으로 빈티지샵은 구멍나도 갬성이라그러고  사이즈 배려없고 명품구제인지 짝퉁구제인지도 모르겠고 빈티지샵=중고구제샵이미지라 음...구제샵은 안가는데 빈티지샵 가는사람은 이해안됌... 거기도 똑같이 명품구제있을껀데 빈티지샵이라는 감성이 좋은건가하는 생각이 든다.,25개
31,hhy,3:18 보부상같아요 언니,59개
32,wuneee,저 가방이 진짜 샤넬일거라 전혀 생각하지못했는데,58개
33,로지팔레트,6:15 이 옷 왠지 모르게 잘 어울려요!!!,36개
34,정주리,ㅋㅋㅋㅋ이런 룩 처음이셨을텐데ㅋㅋㅋ 초반부터 하드하게 가신거같아요ㅋㅋㅋ 그런데 정말 편할것같아요,49개
35,유갱,44만원 커트의 위기를 기회로 만들어 극복하는ㅋㅋㅋㅋ,18개
36,,언니를 사랑하지만... 차마 저 낙엽은 사랑하지 못할 것 같아요,43개
37,호이호잇,"어색한데 자연스럽게 행동하려 하는게 넘 귀여움😏ㅋㅋㅋㅋㅋㅋㅋㅋㅋㅋㅋㅋㅋㅋ
인터뷰할 때도 살짝 죽인 자세가 씹덕포인트 ㅠㅠㅋㅋ 치인다😊💕",35개
38,김미래,6:15 편집 뭐에여ㅋㅋㅋㅋ 언니 오늘 진짜 약빨았떠,32개
39,노들,아 이번편 편집 미쵸따리 ㅋㅋㅋㅋㅋㅋㅋ진보하는 회사원님 항상 잘 보고 잇읍니다 멋져요 멋져,26개
40,정재재,6:40 뭐야 이 막걸리 같은 흥은 ㅋㅋㅋㅋㅋㅋㅋㅋㅋㅋㅋㅋㅋㅋㅋㅋㅋㅋㅋㅋㅋㅋㅋㅋㅋㅋㅋㅋㅋㅋㅋㅋㅋ,30개
41,현주,9:05 ㅋㅋㅋㅋ 약간 개구리 중사에 나오는 기로로가 생각나네요,13개
42,고우니수연,미안해여언니 돌아와줘여,13개
43,민카,ㅠㅠㅠ썸네일부터 느껴지는 역대급 영상,36개
44,신지민,언니.. 바로 배틀로얄 뛰어도 되겠어.. 빨리 삼뚝 가져와..,19개
45,P사랑,ㅋㅋㅋㅋㅋㅋㅋㅋㅋㅋㅋ춤추는겈ㅋㅋㅋㅋㅋㅋㅋㅋㅋㅋㅋㅋㅋㅋㅋㅋㅋㅋㅋㅋㅋㅋㅋㅋㅋㅋㅋㅋㅋㅋㅋㅋㅋㅋㅋㅋㅋㅋㅋㅋㅋㅋㅋㅋㅋㅋㅋㅋㅋㅋㅋㅋㅋㅋㅋㅋㅋㅋㅋㅌㅋㅋㅋㅋㅋㅋㅋㅋ,17개
46,자몽,딘드밀리룩을 입으니까 귀여워지심ㅋㅋㅋㅋㅋ 저 룩을 귀엽게 소화하심ㅋㅋㅋㅋㅋㅋ 저도 회사원님처럼 로맨틱한 러블리룩만 입다보니 (긴바지 안키움) 저렇게 입으면 전 뚝딱이 될거 같아요ㅋㅋㅋ,21개
47,YoukyungKo,5:43 빈티지샵에서 싼 가격에 예쁜 옷들을 볼수 있어서 좋다 하셨는데 현실가는... ㄷㄷ,10개
48,히으죠,회사원님 립합이나 배드븥로드 같은 외쿡언니 스타일 도전해주세요 👍🏼,11개
49,DahliaRyu,5:33 부자집 이모가 온거 같앜ㅋㅋㅋ,16개
50,숑숑,앜ㅋㅋㅋㅋㅋㅋ진짴ㅋㅋㅋㅋㅋㅋㅋ 왜이러는거얔ㅋㅋㅋㅋㅋㅋㅋㅋㅋ,14개
51,민희야너가제일예뻐,이 컨텐츠 너무 재밌어요ㅠㅠ다음은 빈티지 스타일 가주세요..... 약간 할머니옷st 느낌나는거! 진짜 컨텐츠의 명가 회사원 a다!!!! 다음은 빈티지 존버 탑니다,6개
52,,차이님이랑 초반 투샷 약간 불량공주 모모코 같엌ㅋㅋㅋㅋㅋㅠㅠㅠㅠㅠ 이치고랑 모모코,12개
53,융융,언니 44만원 컷트 머리 맞춰서 패션 바꾸는거에요??? ㅋㅋㅋㅋ,14개
54,채니chaeni,"손에 물은 뭔가여ㅋㅋㅋㅋ 스타일 은근 착붙,, 훨씬 어려보여요👀",24개
55,스폰지밥,6:15 ...? ㅋㅋㅋㅋㅋㅋㅋㅋㅋㅌㅌ 아 회사원님이 이런 스타일의 옷이라니 너무 놀라워...,17개
56,Dew,보는 내가 다 괴롭다...ㅠㅠ,4개
57,ozoo,2:06 이거 침착맨 니트 아닌가옄ㅋㅋㅋㅋㅋㅋ,22개
58,민희야너가제일예뻐,진짜 언니의 컨텐츠 상상력은 어디까지 갈것인가 ㅋㅋㅋㅋㅋㅋㅋㅋㅋㅋㅋㅋㅋㅋㅋㅋㅋㅋㅋ다음은 락시크 룩 가주시죠...,14개
59,샐리,"ㅋㅋㅋㅋㅋㅋㅋㅋㅋㅋㅋ저 가방이 189,000원이라는게 너무 웃기닼ㅋㅋㅋㅋㅋㅋㅋㅋㅋㅋㅋ",4개
60,다니,ㅎ....이해할 수 없는 세계....개별ㄹ로...,4개
61,ilLee,0:40 약간 잠입취재 느낌 ㅋㅋㅋㅋㅋㅋㅋㅋㅋㅋ,28개
62,햄찌곤니,어? 언니 근데 잘어울리는데여? ㅋㅋㅌㅋㅋㅋㅋㅌㅌㅋㅋ,11개
63,손아름,"제목 보자마자 진짜 롸¿? 하고 들어옴;;
하지만 언니는 뭐든 례쁘시군여.....",15개
64,예리y,멋진데 그렇지못한 손톱ㅋㅋㅋㅋㅋㅋㅋㅋㅋㅋㅋㅋㅋㅋ,3개
65,이윤서,지금 댓달면 베댓각인데 쓸말이 읎따..,18개
66,밍굴맹굴,언니 첫번째 옷 진짜 잘 어울리는데요...? 싱기방기🥰🥰,7개
67,초록색어금니,시커먼 옷들중에서 분홍 털코트ㅋㅋㅋㅋㅋㅠㅠ 고양이 사이에 있는 병아리 같아요,5개
68,임지은,군밤장사 해야할 것 같은.. 뭔가 펭귄같은... 색이라도 밝았음 더 좋았을법한데ㅠㅠ 역시 전 회사원피스에 익숙해져있나바여,36개
69,장효진,회사원님 새로 시도한 스타일도 잘 어울리고 멋있어요!,5개
70,쭈,"울 언니 너무 귀여워서 어떡하지,,,,,, ㅠ",5개
71,나니고래,손톱하고 귀걸이 자기주장잌ㅋㅋㄱㅋㅋㅋㅋ,2개
72,홍양티비HongyangTV,할머니 경로당 놀러 가시는 컬러감 인데..;;; ㅋ,6개
73,kkkjuck,"식코 직원입니다!! 너무 잘어울리셔서 놀랐어요!! 오시면 매주 매일 신상 업데이트되니 많은 이용 부탁드릴게요!!! 회사원A님과 구독자님들도 코로나 조심해 주시구요! 항상 행복하세요!!!!!
회사원A님 유튜브 보고 오셨다고 하시면 할인가능하니 많이 와주세요!!!!",3개
74,비둘,언니한테 잘 어울리기도 하고 이쁘기도 한데 언니 너무 스ㅡ웩-에 심취해 있는거 같아서 귀여워요ㅋㅋㅋㅋㅋㅋ,7개
75,Chichiin,입다가 찢어진 적은 있어돜ㅋㅋ키운 적이 없닼ㅋㅋㅋㅋㅋㅋㅋㅋㅋ핰ㅋㅋㅋㅋㅋ새로운 문화에 적응하기가 아직 힘드신 회사원님 너무 귀여우어여어유유ㅠ유ㅠㅠ어떤 것든 열심히 도전해보려는 모습 넘 머시써여....,1개
76,최제,음... 음... 제가 보기에는 조금 어려운 룩인 것 같아요 그래도 회사원 님은 너무 잘 어울시네요?? 원피스 말고도 이렇게 잘 어울리시는구나... 역시 옷은 사람을 가리나 봅니다...,3개
77,SPADU2스파두이,"오마이갓~~ㅋㅋㅋㅋㅋㅋㅋㅋㅋ
제가 아는 회사원님이 맞나요?ㅎㅎㅎ
춤추는 영상 편집에 빵~~
역시 프로~~~~~👍👍🤣👍👍👍",3개
78,SOPHIA,아니 진짴ㅋㅋㅋㅋㅋㅋㅋㅋ초반 스타일만 봐도 진짜 상극이자나옄ㅋㅋㅋㅋㅋㅋㅋㅋㅋ핑꾸핑꾸 회사원이랑 블랙블랙 차이님..이거슨 무슨 조합인가ㅋㅋㅋㅋㅋㅋㅋㅋㅋㅋㅋㅋㅋ,6개
79,덕후냥미,"낚시조끼 ㅋㅋㅋㄱㅋㄱㄱㅋㄱㄱㅋ 로드 파이터 ㅋㅋㅋ
난동물키워서 올블랙 못입는데...
파스텔갬성이기도 하고,,
신기싱기 ❣❣❣",1개
80,미밍,아 존잼ㅋㅋㅋㅋ 회사원님 컨텐츠 요즘 신박해요ㅋㄱㅋㅋ,2개
81,Lauren로렌,ㅋㅋㅋ너무 귀여워요 ㅠㅠ 그래도 힙 보다는 공주공주한게 훨씬 잘 어울리세요 ㅎㅎㅎ,4개
82,EunseonYu,편집자님 진짜 열일 하셨어요!!!! 회사원님에게서 이런 갬성을 볼 줄이야ㅋㅋㅋㅋ 오늘 영상 넘넘 잼께 봤습니당ㅎㅎ,4개
83,먐먀,9:45 에 나오는 옷가게 직원 임미다 회사원님 볼 수 있어서 너무 좋았어요ㅠㅠㅠ엉엉 너무 친절하시구 사랑해료 언ㄴㅣㅠㅠㅠㅠ❤︎,6개
84,pettyb,저도 저만큼은 아닌데 편한룩으로 입는데 언니 첫번째랑 두번째룩 진짜 잘어울려요 ㅋㅋㅋㅋㅋㅋㅋㅋㅋㅋㅋㅋㅋㅋㅋㅋㅋㅋㅋㅋㅋㅋㅋㅋㅋ,5개
85,김트레블kimtv,아진짜ㅋㅋ 넘귀여우세요ㅋㅋ저랑 동년배이신대 마치 내모습을 보는거 같아요ㅋㅋ젊은이들을 알아가는 느낌ㅋㅋ회사원님은 공주스탈이 찰떡이시다,1개
86,Lenas,앗... 아앗.... ㅋㅋㅋㅋㅋㅋㅋㅋㅋㅋㅋㅋㅋㅋㅋㅋ,6개
87,이홍,네...? 네.....???? 원피스없는 회사원님 절대로 상상가지않아,7개
88,담소05,아이 진짜 썸네일 오ㅑ 너무 귀여운데~!%!~%!!,1개
89,현주,ㅋㅋㅋㅋ 진짜 이번 편 너무 재밌어요 평소 회사원님의 스타일과 완전히 상반된 스타일의 옷을 입어본다는 게 이렇게 재밌을 수 있군욬ㅋㅋㅋ,3개
90,토마토스프,아니ㅋㅋㅋ 잘 어울리시잖아?!ㅋㅋㅋㅋㅋ 워낙 늘 보던 회사원님의 이미지가 있어서 잘 어울릴까 싶었는데 너무 잘 어울려요ㅋㅋㅋㅋ 특히 두 번째 룩 기모치마 정말 탐납니다ㅋㅋㅋㅋ,1개
91,chihi,주머니 조끼 울아빠최애탬인뎈ㅋㅋㅋㅋㅋㅋㅋ,2개
92,카티아,약간 이런 챌린지도 좋은 것 같아욬ㅋㅋㅋㅋ 밀크코코아st 샤랄라 인간이 도전하는 고스라던가 스트릿...?,2개
93,알로에,영상 신선하고 넘 재밌어요 👍👍 다른 스타일로 입어보기 콘텐츠 계속 해주셨음 좋겠어요🥰🥰 순한맛 놈코어 룩으로 스타일링 해보기나 80s 90s 00s 복고풍 옷 입어보기(프렌즈st도 잘 어울리실 것 같아요!) 남자친구 랑 옷 바꿔입기도 재밌을것 같구요ㅋㅋㅋ 아님 다른 유투브 분들과 서로의 스타일대로 바꿔 입어보기도 재밌을 것 같아요!,1개
94,빈봉봉,예쁘시당ㅠㅠ,4개
95,jjmin,고스룩 해주세여 진짜 잘어울리실듯,2개
96,땅콩,옷 사고 찍은 거 편집 너무 웃겨요 ㅋㅋㅋㅋㅋㅋㅋㅋㅋㅋㅋㅋㅋㅋㅋㅋㅋㅋㅋ 쥐어짜는 힙..⭐️,1개
97,마현란,언니 낯선데 귀여워요ㅋㅋㅋㅋ,2개
98,유현빈,이런 다양한 컨텐츠 너무 좋아요ㅠㅠㅠㅠㅠ 언니 영상보고 옷도 참고해야겠네요❤️❤️❤️,2개
99,은지성,모자 쓴 거 너무 귀여워욬ㅋㅋㅋㅋ,0개
100,양재희,왜 이렇게 귀여워보이지ㅋㅋㅋㅋㅋㅋ,1개
101,Mew,"6:27
아 언닠ㅋㅋㅋㅋ 이거 뭐에요 ㅋㅋㅋㅋ 진짜 귀여워 죽겠어ㅠㅠㅋㅋㅋ",0개
102,Hyewon1,썸네일 보자마자 네??? 하면서 클릭하고 봤는데 생각보다 귀엽게 잘 어울려서 깜놀...,2개
103,6v6,상극의 만남인데 또 그게 어울리는 맛ㅋㅋㅋㅋㅋㅋ 회사원님 새로운 시도 멋지고 또 넘 잘어울리세요!! 다른 스타일링도 기대돼요 ㅎㅎ,1개
104,김하나,3:13 단풍놀이 갔다가 삥뜯껴서 속상한 마음에 막걸리 한사발 깡으로 마시고  춤추는 힙합요정 같아요ㅋㅋㅋㅋㅋㅋㅋ,0개
105,유35m,편집무슨일이야ㅋㅋㅋㅋ너무잘어울려여ㅋㅋㅋ,1개
106,이수연,편집 진짜 미쳤엌ㅋㅋㅋ,0개
107,뎌,11:42 귀여워ㅋㅋㅋㅋㅋㅋ,0개
108,윤포비,내가 아직 언니에 그런룩에 항마력이 부족해서...ㅜㅜㅜㅜㅜㅜㅜㅜㅠ,0개
109,홍유미,오 영상 뜨고 바로보는거 첨이당ㅎㅎㅎ,3개
110,joy,두번째룩 괜찮은데요? 생각보다 괜찮네요 귀여워요 ㅋㅋㅋ,2개
111,최연희,"나 회사원A 님한테 콩깍지가 꼇나,,? 며칠전까지만해도 거렁뱅이 룩 같아 보이는게 회사원님이 입으니까 예뻐보인다,,  중증인가",3개
112,빨리나와꼴려미치겠어,회사원님 브금이랑 포즈 취하는게 너무 웃기고 귀여우심ㅋㅋㅋ,1개
113,쉐킷제리,뭐지 엄청 잘어울려욬ㅋㅋㅋㅋ신선하고..,0개
114,,아 이언니 개기여워 진짜ㅠㅠㅠㅠㅠ미치겠네ㅜㅜㅜ,1개
115,아아아악,와 진짜 회사원님 여쿨임을 다시 한 번 깨닫는다... 퍼스널 컬러라는 게 물론 무조건 따라야하는 건 아니지만 카키보단 핑크가 확실히 뭔가 착붙 느낌...!!,0개
116,윤선미,편집모에요 ㅜㅜㅜㅜㅜㅋㅋㅋㅋㅋㅋㅋㅋ,4개
117,Minah,그리고 시밀러룩 너무 귀여울거 같아요 완전 기대되요!!!!,3개
118,둥글둥글,아니언닠ㅋㅋㅋㅋㅋㅋㅋ앜ㅋㅋㅋㅋㅋ아닠ㅋㅋㅋㅋㅋ아니언닠ㅋㅋㅋㅋ새로운모습이라 너무 재밌긴한뎈ㅋㅋㅋㅋㅋㅋㅋㅋㅋㅋㅋㅋ 난언니평소스타일이조타^^**,0개
119,김경민,"저 샤넬가방 노벨티 전문 사이트들 들어가면 훨씬 싸게 팔아요,,",1개
120,메타몽,ㅋㅋㅋㅋㅋㅋㅋㅋㅋ언니 너무웃기자너.. 중간에 편집 뭔데ㅋㅋㅋㅋㅋㅋㅋ,0개
121,여치,언니 최고!!!!! 뭘 하든 사랑해!!!!!,1개
122,프리지아,ㅋㅋㅋㅋㅋㅋㅋㅋㅋㅋㅋㅋ중간에영상 뭔데너무웃겨욬ㅋㅋㅋㅋㅋㅋㅋ,0개
123,calibuster,앜ㅋㅋㅋㅋㅋ 썸넬보고 어떻게 안 들어와요...ㅠ,1개
124,지연,저거 침착맨이 맨날 입는 옷인뎈ㅋㅋㅋㅋㅋㅋ 딘드밀리룩이였어?,0개
125,뚱굥,회사원님 급 기요워지심ㅋㅋㅋㅋ어색어색 넝실넝실(? 춤추시곸ㅋㅋㅋㅋ,0개
126,이원오,아 힙스터 회사원님 너무 귀여워요 ㅠㅠㅠㅠㅠㅠㅠㅠㅠㅠㅠㅠㅠㅠㅠㅠㅠㅠㅠㅠㅠㅠㅠㅠㅠㅠㅠㅠㅠ,1개
127,현주,헐 너무 잘어울려요!! 가디건 입자마자 갑자기 뽀작해지신 회사원님..b 모자에 땋은 양갈래 머리가 정말 잘어울리는 거 같아요 ㅠㅠ,0개
128,EmilyOH,낯선대 잘어울려요 ㅋㅋㅋㅋㅋㅋ 진짜 유튜브 구독하고 진짜 처음느껴보는 언니... ㅋㅋㅋ 좋아요오♡,0개
129,호날두랑일본여행하기싫으면구독,ㅋㅋㅋㅋㅋㅋㅋㅋㅋㅋㅋㅋㅋㅋㅋㅋㅋㅋㅋㅋㅋㅋㅋㅋㅋㅋㅋㅋㅋㅋㅋㅋㅋㅋㅋㅋㅋㅋㅋㅋㅋㅋㅋㅋㅋㅋㅋㅋㅋㅋㅋㅋㅋㅋㅋㅋㅋㅋㅋㅋ아 너무 귀여워요,1개
130,을가,ㅋㅋㅋㅋㅋㅋㅋㅋ아 ㅋㅋㅋㅋㅋ웃긴다 차이s룩 옷입으니까 눈이변했어요ㅋㅋㅋㅋㅋㅋㅋ,0개
131,,진짴ㅋㅋㅋㅋㅋㅋ 회사원님 평소 스타일이랑 극극극극극극극상극인데 키가 크셔서 그런가? 되게 저런 힙스터갬성도 태가 나시네요ㅋㅋㅋㅋㅋㅋㅋㅋ 회사원님 스타일 모르고 생판 처음 보는 사람이 봤으면 그냥 자연스럽게 원래 저렇게 입고 다니는구나 할것같아욬ㅋㅋㅋㅋ,0개
132,이세라,손톱이 옷을 거부중인데.....?,1개
133,hanahwang,두번째룩 왜 펭수가 생각나지ㅋㅋㅋㅋㅋㅋㅋ,0개
134,wkGwon,ㅋㅋㅋ샵 들어가자마자 다른 세계에 있는 느낌이에요,2개
135,쮸,ㅋㅋ마지막 룩 케로로 같아욤ㅋㅋㅋ,1개
136,YSKim,아닠ㅋㅋㅋㅋㅋ 편집누가햇냐고욬ㅋㅋㅋㅋㅋㅋㅋㅋㅋ,0개
137,민또링TV,ㅋㅋㅋㅋㅋㅋㅋㅋㅋㅋㅋㅋㅋㅋ앜ㅋㅋㅋㅋㅋㅋ너무웃곀ㅋㅋㅋㅋㅋㅋㅋㅋㅋㅋㅋㅋㅋㅋㅋㅋ ㅋㅋㅋㅋㅋㅋ낯설어하는 언니가 너무 웃김ㅋㅋㅋㅋ기여우ㅜㅜㅜㅠ,0개
138,박둥둥,언니 진짜 죄송한데ㅠ제가 페알못이라 첫번째 자주색 벙거지 모자룩 뭔가 각설이 같아요ㅠㅋㅋㅋㅋㅋ,5개
139,F에프,전체샷은 생각보다 괜찮아서 놀랐는데 클로즈업했을때 언니의 어색함 핸드폰 액정을 뚫고 나와요ㅋㅋㅋㅋㅋㄱㅋ,1개
140,윤예진,"언니 힙한거 모르죠,,,ㅋㅋㅋㅋㅋㅋㅋㅋㅋㅋㅋㅋ 마냥 귀여우심...♥️",0개
141,,근데 왜 저게 더잘어울리시는거같짘ㅋㅋㅋㅋㅋㅋㅋ화장까지 더힙하게하면 더괜찮을거같다,1개
142,SOMI,편집모에욬ㅋㅋㅋㅋㅋㅋㅋㅋㅋㅋㅋㅋㅋㅋㅋㅋㅋㅋㅋㅋㅋㅋㅋㅋㅋㅋㅋㅋㅋ,0개
143,VoraKim,오 잘어울려요 ㅋㅋㅋ 첫번째 착장도 두번째도 너뮤 잘 어울려요~!!,0개
144,덕후냥미,"난요즘 가죽이 꽃히든댕
미드마니봐서 근가 ㅠㅠ걔네맨날 가죽자켓입어욤
블랙가죽은 당연하구 파란가죽자켓이나 빨간가죽자켓도 입고싶다요👍👍👍👍",0개
145,LoveEveY,아 너무 귀엽고 웃겨욬ㅋㅋㅋㅋㅋㅋㅋㅋㅋㅋㅋㅋㅋㅋ,0개
146,JIN,뭐든 잘소화 하시네여,1개
147,정진경,"와우~~~~진짜 어울리는디요??????힙해힙해!!1번옷 맘에 들어요
솔직히 2번 블랙은..조끼 과함..모자 과함..ㅋㅋㅋ
항상 도전하는 회사원님 요즘 집에 갇혀서 님 영상 정주행중인데~~~
조곤조곤 말씀도 너무 잘하시고 왜 100만유투버인지 알거같아여~~^^늘 응원합니다",0개
148,NinaH,저희 어머니는 딘드밀리룩보고 각설이라고 그래요ㅠㅠ 멀고도 험한 패피의 길ㅠ,0개
149,김지원,뭐에요 웃을 준비하고 왔는데 왜 잘어울리냔 말이야~~,1개
150,메리티,굉장히 힙하시군욬ㅋㅋ,2개
151,자들,이 언니 자꾸 다 계산해ㅋㅋㅋㅋㅋㅋㅋㅋㅋㅋ오늘 진짜많이 웃고가요,0개
152,okok,늘 러블리한 모습만 보다가 오늘 너무 새로워요 ㅎㅎㅎㅎ 개인적으론 ㅎㅎ 러블리 러블리가 더 잘어우리시지만 가끔은 이런것도 좋은것같아요 ㅎㅎ,0개
153,덕후냥미,아놩ㅜㅜㅜㅜ지짜 원피스 다가져다 버린거에욧??!!!!?!2!?!?????,0개
154,jihorose,각설이 룩.....나와는 너무나 멀고먼 패션의 세계ㅠㅜㅜ,0개
155,씨발아해킹하면깜빵각오해라,아 언니 ㅈㄴ 귀여웤ㅋㅋㅋㅋㅋㅋㅋㅋ,0개
156,,5:58 ㅋㅋㅎㅋㄱㅋㅋㄱㅋㄱㅋㄲㅋㄱㅋㄱㅋㄱㅋㄱㅋㄱㅋㄱㅋㄱㅋㄱㅋㄲㅋㄱㅋㄱㅋㅋㅋㅋㅋㅋㅋㅋㅋㅋㅋㅋㄱㅋㄱㅋㄱㅋㄱㅋㅋ 걍 동대문에 파는 만원짜리 가방에 샤넬 스티커 붙인거 같이 생겼는뎈ㅌㅋㅋㅋㅋㅋㅋㅛ 18만원ㅋㅋㅋㅋㅋㅋㅋㅋㅋㅋㅋㅋㅋ,0개
157,최유리,C채널 보고 왔어요ㅎㅎ,1개
158,hsmt,와 저는 언니 이 스타일이 더 좋아요ㅠㅠㅠㅠㅠㅠ,1개
159,이이이이이이,악ㅋㅋㅋㅋㅋㅋㅋㄱ 회사원님이 힙한척(?)하는거 너무웃겨요 ㅋㅋㅋㄱ,0개
