﻿,youtube_id,comment,like_num
0,회사원A,💙💙인스타에서 무료나눔 이벤트중인건 알랑가몰라💙💙 https://www.instagram.com/p/B_XF2E5HWYc/?igshid=1sfpxlwsy4ag8,54개
1,김동영,이젠 영상 제목만 봐도 광고인지 아닌지 알겠다...ㅋㅋ,74개
2,박주이,세안을 연달아 두번하게되면 수분량이 당연히 줄어들어요.... 세안을 거기서 더하게되면 더 낮아지구요ㅠㅠ 차라리 이틀에 걸쳐서 하거나 나쁜예로 먼저하고 좋은예로 하는게 더 믿을만한 결과였을거같아요!,111개
3,0Z00,나 왜 나래팍이 생각났을까..박대상님...나래언니..☆,143개
4,천지은,헐 전 제가 숨만 쉬어도 인중이 일어나는 악건성이라 보습을 위해 클렌징 오일을 써야 하는 줄 알았는데... 반대였다니 넘 놀랐어요.. 추천해주신거 함 써봐야겠네요 😆😆,80개
5,Shellen,언니 저 세안용품 필요한거 어떻게 아시고 광고를 받아오셨대요....ㅠㅠ 저 지금 사러가요ㅠㅠㅜㅠ,43개
6,박후루꾸후루꾸,헉 지성에 오일이 좋은가요???? 전 이때까지 지성한테 오일이 안좋은줄 알고 진짜 급할때 아니면 안쓰고 클렌징워터만 썼거덩요...이런이런...얼른 빨리 ✌뉴트로지나 랩스 하이드레이팅 포밍젤✌ 을 사러 가야겠어여!! 고고씽~💕,35개
7,3학년12반25번황혜림,??? 노폐물 뭉치는게 짱신기,22개
8,므앵,뭐야뭐야 언니 머리 너무 쌍큼하자나여,25개
9,YoojinLee,회사원님은 진짜 신박한? 아니면 새로나온 제품 소개에 최적화된 유튜버 같아요!!👍🏻👍🏻 진짜 귀에 쏙쏙들어오는 👀👀,20개
10,lavieCest,언니 오늘 넘 귀여워용... 글고 저 어제 클렌징방법하고 제품 바꾸려고 메모장에 빼곡히 적어놨는데ㅋㅋㅋㅋ이런 우연이...!!!고마워욤 잘보고 참고할게여! ❤😘,6개
11,똥싸는마녀,왕 왤케 귀여우세욤ㅋㄱㅋㄱㅋㄱㅋ 그나저나 유튜브가 업데이트한건지... 불편해졌어요 ㅠㅠ̑̈,9개
12,연두,언니..욕하는게 아니라 귀여운 박나래님 닮았어요...귀여운 박나래님..특히 2:40에 넘나 귀여우신것,15개
13,ee,처음 알았어요.. 오일함량이 많을 수록 지성이 쓰기 좋은 건가요?ㅜㅜ 전 오일이 많으면 안 좋은 건줄 알았어요...,20개
14,이산하,이런 정성 영상!!!,6개
15,ssunny,와 진짜 신기하다,3개
16,뽀숑포숑,이언니 피부 진짜 좋아졌네,4개
17,레아,이번 세안제 다쓰면 갈아타야징,8개
18,최은지,아..어제 클렌징용품 새로 다시켰는데.. 이것도 사고싶어져요ㅜㅠ,5개
19,뎌,7:33 진짜 신기하다 ㅇㅅㅇ!!!,11개
20,엄세연,오늘 요정이 컨셉인가여?! 너무 요정같아요❤️,9개
21,최제,되게 잘 지워지네...... 언니 믿고 민감성 삽니다?,8개
22,김문대,아 모양모양 언니 머리 진짜 귀엽구 잘어울린다..,2개
23,예린,다음에 영상에서 나온 머리 하는 법도 알려주세용 ㅠ,5개
24,JaeJae,머리스탈 넘 귀엽.........,12개
25,김,"3:00
나만 눈앞 뿌얘지는 줄",1개
26,,선댓글 후감상ㅎㅎ,3개
27,박민아,아~~지금알았네 ㅎㅎ,3개
28,손향,머야 나 나쁜법으로 닦고있었다....헐류...오늘부터 좋은방법으로 닦아야지,7개
29,야수빈,나는 여태까지 잘못된 세안법으로 했구나.....어쩐지 나아지는게 안보이더라..,6개
30,DuyeolYoon,뜨거운물 샤워 몬잃어......ㅜㅜ,4개
31,최수인,그냥쓰던 클렌징워터를요. 거품공용기에 넣어 쓰면 정말 좋던데요. 눈에 들어간다고 하시는데 저는 눈 살짝 감으면 들어가지도 않고. 차라리 오일마냥 눈앞 안보이는 것보다 좋아용,0개
32,쪕홉,"머리가,귀엽자너!",7개
33,겨리겨리,오늘도 꿀팁 최고!,3개
34,글리glee,와 진짜 신기하다..,2개
35,체대냥박소울,다이어트 애프터영상은 언제 올라오나요? 기다리고 있어요!,3개
36,몽슈,헐 건성이 오일이고 지성이 워터인줄 알았는데 반대였다니? ㅠㅠ 클렌져가 노페물을 가두는게 넘 신기해요,1개
37,yerimlee,영상 중간중간에 가장자리에 나온 작은 언니들이 너무 귀엽다...ㅠㅠ💕,0개
38,뚠이뚠,어흑 언니 이런 머리는 어떻게 하시나용?? 너무 이뻐요ㅠㅠㅜ💕,0개
39,감자,허어어어엉 클렌징 오일쓰는데 눈 뿌예지고 다 막 흘러서 갈아타야하나 생각했는데 워터 젤리 타입이라니.. 이게 무슨 싱기방기한 타입이라냐..,1개
40,도원경이너무좋아도원경이된사람,오 나쁜예로 세안을 하고있었구만?!,1개
41,jiwoojiwoo,"오늘 이미 세안해버렸다ㅜㅜ
낼 꼭 해봐야징♡",4개
42,쑤댕이,회사원님 살찌셨다!!!!!확찐자되셨군요!!!!꺄앙 기엽네요 살쪄도,2개
43,서녘,"워터도 써보고 밤, 티슈도 써봤지만 블랙헤드가 많은 저에겐 오일이 최고인거같아요 (유수분밸런스가 중요한 복합성피부입니다)
밀크타입, 로션?타입이랑 젤 타입은안써봤는데 블랙헤드 관리되는 제품이 있나요??
클렌징폼은 안쓴지 3년정도 된거같아요 
천연비누로 대체해서 쓰는데 폼에 비해 건조함이랑 뽀득함이 없어서 좋은거같아용",1개
44,꺄륵,아 살까말까ㅠㅠㅠ이게 다 언니 때무니야!!!,0개
45,유이미,회사원 당신 너무 귀여워.....앞으로 그 머리만 해,6개
46,이름,6:29 아빠세수!!,1개
47,부드러운목화솜,지성에 트러블피부인데 트러블피부에게는 오일로 세안하면안좋다고하는데 지성피부는 오일제품이좋다고하면  오일제품을 써야할까요??,4개
48,나나,오늘 의상이나 헤어스타일이 좀 상큼하시다ㅋㅋ,0개
49,도영,와진짜 자석클렘저 너무 신기하다.. 마침 클렌저 다써서 약산성 클렌징제품 찾고있었는데...! 어쩜 제마음을 아시고 회사원님이 이런 신박꿀템을 올려주셨는지ㅠㅜㅜㅠㅠㅠㅠ,0개
50,혜윤,언니ㅜㅜ 폼클랜져를 사야돼는데 어떤걸 사야됄지 모르겠어요ㅜㅜ 피부는 복합성인데 어떤게 좋을까여??,0개
51,오늘은가지마,회사원님 진짜 영업잘해... 검색을 해보게 하는군!,0개
52,윤옥하다,회사원님 아픈거 아니죠??? 뭔가 딜라진거 같아요.ㅠㅠ,1개
53,랜토,"피부..괜찮으신가요..;
맛난거 드시고 피부 빨개지는거 없어지게 어여 진정을..ㄷㄷ 
희생정신은 감사하지만 얼마나 민감한지 아는 구독자는 그저 웁니다ㅠㅠㅠ",1개
54,지유앤JiYou,이번 영상 정말 너무 유용하게 봤습니다! 사무실에서도 마스크를 쓰다보니 피부는 대충하고 눈 화장은 더더 신경쓰게 되는데 집에 오면 화장솜으로 마스카라 녹이고 지우고 하는게 너무 귀찮았거든요. 오늘도 꿀팁 얻어 갑니다! 항상 감사해요 :),0개
55,이효진23,오늘 헤어가 살짝 부시시한 느낌이 있어서 더 이뻐영,0개
56,김예원,수부지는̆̈ 어떤 제품을 써야하죠..,0개
57,넹이나라,양갈래 귀엽자나❤️❤️,0개
58,바무링,언니 텐션 샤랄라 넘 귀여웟..,0개
59,김수정,회사원님 오늘 완전 귀여우세요 약간 꿈빛 파티쉬엘 생각나는데 깜찍해요,0개
60,저녁하늘sombra,아빠세수 보는데 제얼굴이 다 아픈것같아여ㅠ,0개
61,칠칠칠칠,오늘 옷이랑 머리랑 왤케이뻐여 ㅠㅠ,0개
62,HappyJanny,립앤아이리무버 없이 쓰기에는 너무 약할까요?,1개
63,SelenaShin,이런게 굉장히 궁금했 습니다’!!!,0개
64,컵케이크,회사원님 오늘 너무 귀여워요,0개
65,에도가와코난,오늘 언니 보는데 자꾸 꿈파에 딸기가 떠오른다... 귀여워요~~,1개
66,누굴까내가,알프스 소녀 같아요!! 이런 머리스타일 자주 해주세요~~😍,1개
67,JayMoon,우와... 좋은정보 감사해요!!! 다음부턴 따라할게요!!,0개
68,alomsh,완전 제고민만있네요 ㅠㅠ 하나 장만할까..,0개
69,지성부인,헐 전 눈 뿌예지고 빨개져도 꾸역꾸역 오일 쓰고있었는데 젤로 갈아타야겠어요,0개
70,이지영,살게용ㅋㅋ안살수가없네요,0개
71,묘롱,"오늘왤케 예뽀요!!!😛🧡💚💓
회사원님은 상큼한이미지가 진짜잘어울리시는기분ㅎㅎ
옷도 통통튀고 유니크한건데도 참 잘어울리세요ㅠㅠ 봄꽃같은 이미지 꺄~~~~~",0개
72,김인혜,저거 요새 뜨는 클렌징 제품이던데 믿고 사도되겠네용😍,0개
73,허밀Art,와아아아 선추천 후 댓글,0개
74,JJ,지성이 써도 괜찮을까요?ㅠㅠ,0개
75,지우개로널,안 그래도 클렌징 오일 + 클렌징 폼 +환절기 때문에 얼굴 뒤집어졌는데ㅠㅠㅠㅠ 써봐야겠어요! 항상 소비자도 만족하고 광고주도 만족하는 회사원 리뷰 감사해용😉,0개
76,안나프,언니 머리하는법 알려주실꺼죵? ^0^💕,0개
77,3학년12반25번황혜림,인트로가 10초 내외면 더 좋겠어요~,6개
78,바보연꽃,혹시 눈 감고 화장품 고른다음에 화장해주실수 있나요?? 올라왔을지도 모르긴 하지만..,0개
79,김순돌,일본산 원료 들었나요??,3개
80,은혜,회사원님 일진메이크업 해주세영!!,0개
81,신녜지,"파워민감인으로써 회사원님이 추천하는 클렌징, 기초라인 무조건 한번 사보는게 인지상정!ㅋㅋㅋ 클렌징제품 바꿀때 됐는데 한번 질러봐야겠어여🤩🤩",0개
82,Ys1014,클렌징 밤 써봤다가 눈이 뿌옇고,0개
83,JinheeYoo,언니 넘나 조아여 ♥️,0개
84,두리아리,"앗,,,,,오늘 클렌징오일살까 클렌징패드살까 고민하다가 패드사왔는도ㅐ에엙..! 지성피부 모공이 넓고 피지 배출이 많아서 ,,오일 오래 문지르면 피부가 흡수한다고 들었는데 그렇게 하면 피지가 다 안녹아서 다 녹이려고 오래하게돼요 ㅠㅠ 안쓰니만 못한거겠져??",0개
85,버룸,세정력은 좋나..?? ㅠㅠ 눈화장이진해서,0개
86,정진경,오늘  헤어스탈  완전이뻐요~~~~~^^  클렌징 세안 좋은예로 할께요^^  감사감사,0개
87,나라,"영업당했어요,,, 결제하러 갑니다",0개
88,생일축하해,"헉...저는 이때까지 지성이니깐 가벼운 워터가 잘맞고 건성은 건조하니깐 오일제형 잘맞다고 생각하고 살았는데,, 잘못 알고 있었군요...덕분에 알고 갑니다ㅜㅜ 어쩐지 오일이 잘맞는 느낌이더라니",0개
89,꼬꼬닥,오늘 완전 이쁘셔요!!!,0개
90,지금,"항상들어와서보고 많이배우는데...
13살여자아이입니다
아토피가 얼굴 엉덩이밑 접히는부분
팔 심한편은아닌데요...
스테로이드가...무섭네요
한의원도다녀보고 했는데
참~~힘드네요ㅜㅜ
미모에관심도많이 가는나이인데 걱정입니다
친구들이 피부병이냐고?물어보기도한다고해요ㅜㅜ
날씨도더워져서  옷도가벼워지는데 걱정입니다
얼굴도 접촉피부염처럼 빨강게 넓게 볼쪽에 퍼져있네요
꼭두드러기가 넓게 생긴것처럼
피부과를가야될까요?
언니~~우리아이위에 얼굴 .몸.보습제추처좀부탁드려도될까요?
꼭이요 상처받는거 싫어요ㅜㅜ",0개
91,이다음,자석 클렌저랑 포레오랑 같이 써도 되나요??,0개
92,산이와웅비왈왈티비,오오 노폐물 뭉칠때 넘 신기하네요 ㅋㅋㅋ,1개
93,YSKim,메컵 연하게 햇는데 왜케 예뻐요,0개
94,오젼,저..사실 나갈때 눈이랑 눈썹만해요..홓,0개
95,YomDdo,오늘 머리 사탕사탕같고 귀욤귀욤하네여,0개
96,TanyaRim,마른수건말고 물기 꽉짠 수건으로 닦아주면 더 좋아요...,0개
97,내계눌형인중의있는수염2가닥,화사원님 이만갑 나오셨네요!,0개
98,코페,유수분 측정하는 기계 이름이 뭐에용?,0개
99,김부각,광고 진짜 많네요.. 하긴 본업도 그만 두고 유튜버가 되었으니 땡길 수 있을 만큼 땡겨야죠,4개
100,정윤지,언니 머리 뭐에요 구요워😘,0개
101,댕댕사랑혀,와 진짜 뽐뿌 오진다 피지도 잘 빠지나요?,1개
102,므일,"건성에 클렌징워터, 지성에 클렌징오일로 피부타입과 클렌징 제품을 연관짓기보다 화장 진함의 정도로 구분하는거아니었나요..?",0개
103,박수빈,언니 오늘 한 상큼한 머리 찍어주세효ㅠㅠㅠ,1개
104,예솔,언니 복합성은 어떡해 하나요..?,0개
105,탱이,샬랑드파리 쿠션 해주세요!!!!,0개
106,김지연,회사원님 살빠진거 같아용,0개
107,,이 영상을 화사원J 에도 하세요..ㅠㅠ😢 한국어공부중니까 다 이해할수없는데 내용이 너무 궁금해요..ㅠㅠ😭,2개
108,관종,오늘 박나래 컨셉인가요,1개
109,tmk,회사원A❤️❤️,0개
110,안예진,언니 머리 너므 이쁘고 얼굴도 너무 이쁘다 아무래도 피부 안좋은데 좋은 세안법 알려줘서 고마워요ㅠㅠ,3개
111,김민지,머리존예다,0개
112,무뮤,오 일찍왔어욥,3개
113,이아무개,"오와 안그래도 자꾸 피부장벽약해져서 클렌징오일세안 때문인가 고민했는데... 회사원님이 광고하는건 걍 사요 brtc, 클렌징패드, 메이크온, 청귤세럼, 노니앰플 등 셀수도없네요 ㅋㅋㅋ",0개
114,윤하늘,어디서 팔아요????,0개
115,런던한량,전 남자에 이런 미용은 젬병이지만 어떻게 우연히 와서 봤는데 나도 모르게 계속 보게 되네요 ㅎㅎ,1개
116,봄겨울,"퍼펙트 휩?? 그거 꼭 써야될듯..
한동안 폼클렌징 없어서 세수안하고 각질 다 떴는데 퍼펙트 휩 주문해서 쓰자마자 각질 다  없어지고 다음날까지 피부가 촉촉함....",6개
117,조인현,요즘 광고 영상 비율이 너무너무 높아진 것 같아요... 물론 광고가 나쁘다는 건 아니지만 회사원님 오리지널 컨텐츠의 비율이 더 높아졌으면 하는 바램이에요,5개
