﻿,youtube_id,comment,like_num
0,겨울,제발 ㅠㅠㅠ설화수 스파 풀영상 ㅠㅠㅠ 제발 ㅠㅠㅠㅠㅠ 마사지사 선생님 목소리 너무 조근조근해서 이미 제가 그 시그니처 향 지금 4D로 느껴지는 중이에요 ㅠㅠㅠ제발 스파 풀영상 ㅠㅠㅠ 설화수 스파 풀영상 올라올때까지 숨참을거에여 ㅠㅠㅠ,113개
1,김수영,"설: 설화수 신제품 나온거 알아?
화: 화장도 잘먹고~!
수: 수정도 필요없어!
파: 파운데이션 갈아타야겠다
운: 운명같은 설화수
데: 데일리 쓰기 딱 좋은 설화수
이: 이제 설화수 넌 유 얼 마이
션: 션샤인❤️",20개
2,우유,근데 역시 언니 너무 유명하고 홍보 잘해줘서 그런가  광고를 되게 많이하네용........,60개
3,k니니,원래 아무거나 발라도 괜찮은 피부였는데 회사을 다니고나서부터 뭘발라도 다뜨고 갑갑하고 힘들더라구요 ㅠㅠ 사회초년생이라 덜컥 비싼 파운데이션 샀다가 안맞으면 어쩌나 하는 마음에 쉽게 구입하지 못하고 있습니다😭 샘플북으로 테스트 해보고 현명한 구입 해보고싶어요❤️,4개
4,디아제이,파데 써본적은 없지만 설화수 파운데이션이 정말 좋다는 건 알겠어요 ㅋㅋㅋ 언니의 설화수를 향한 사랑도 정말 잘보여요 ㅋㅋㅋㅋㅋ 뭔가 익숙하다했더니 할머니가 쓰시던 거였네요 할머니 생각도 나면서 쓰고싶다는 생각도.... 언니... 조금 일하시고 많이 버세요... 파운데이션 너무 귀엽게 생겼네요 귀여워 ㅜㅠㅠㅜ,32개
5,dust,Rgrg.....설화수 좋은거 다 알지...말해모해 특히 좋았던건 오일클렌져였음 진짜 클렌징잘되고 세안후에도 속당김 1도없음 ㅠ 나머지 기초화장품들은 말할것도 없음 .. 파데도 체험해보고싶네유ㅠㅠ,258개
6,quoogl,매일 빠짐없이 화장하고 하루 14시간 화장하며 일하는데 성분도 좋고 커버력도 지속력도 좋은 설화수 제품을 사용해보고 설화수 파데의 대단함을 느껴보고 싶습니다❗️❗️,26개
7,9hyeonji,거의 매일 피부화장만이라도 꼭 하고 나가는 대학생입니댱!!! 쿠션만 사용하구 제 피부에 꼭 맞는 파데를 못찾아서 써보고 싶어도 .. 마땅한게 없는데 ㅠ 설화수파데 한번 써보고싶어요~!!!,3개
8,김예림,"꾸민듯 안 꾸민듯, 한듯 안 한듯 완벽하면서도 두껍지 않은 눈이 가는 피부. 몇 년째 원하고 원하던 피부였어요. '저 사람 어떤 걸 바른걸까?'하고 생각해보게하는 매끈한 피부! 이를 위해 파운데이션을 찾고 또 찾아다녔지만 글쎄요, 커버력이 좋다고들 하던 파운데이션들은 피부를 많이 가려주어 피부가 좋아보이기는 하지만 동시에 두껍게 답답한 느낌을 주기도 했어요. 그런데 오늘 이제야 드디어 운명의 소울메이트같은 나의 파운데이션을 찾은 것 같아요. 너무나도 원했던, 수 년간 찾아헤맸던 나의 짝꿍..! 커버력이 좋은데도 통기성이 좋은 파데라니요. 안 써볼래야 안 써볼 수가 없습니다. 사용해본다면 너무 좋아 난리가 나서 주변 사람들, 별로 안친한 어색한 친구들, 조금은 마음에 들지 않던 동기들에게라도 돌아다니며 마구 추천을 해줄지도 몰라요! 인생의 동반자같은 파데를 만날 수 있게, 영업왕이 되어 많은 이들에게도 행복을 줄 수 있게 설화수 퍼펙팅 파운데이션 샘플북 꼭 받고 싶습니다!!😊💕",14개
9,SM아닙니다,"엄청 심한건성입니다ㅠㅠ😞😞 파운데이션을 원래 다른 사 제품을 썼는데, 갈라지고 지우면 자극을 받아서
무엇으로 바꿀까 고민입니다ㅠㅠ
요즘은 눈두덩이 눈밑이 빨갛고 긁으면 피나기도 하고 점점빨게져서 고민입니다! 회사원님의 이벤트를 통해서 설화수라는 좋은 브랜드를 만나보고싶습니다!🥰",3개
10,rooah,그냥 언니가 예뻐서 들어왔다,203개
11,지유,"설: 설화수 파운데이션은🌿
화: 화장할 때 커버력!!🙊
수: 수많은 시간이 지나도 딱붙어있는 지속력✨
파: 파워 짱짱이라고요?!
운: 운이여 여기로 모여라~!!💚🍀
데: 대박사건이여라😝
이: 이벤트 당첨되여라🙏
션: 젼..갖고 싶소옵니다...🙇🙏
설화수 기초라인 짱인줄은 알고 있었는데 파데에도 들어있다닛!? 저와 피부타입이 비슷한 a언니가 소개해주시니까 더 믿음이 가는 것 같아요ㅎㅅㅎ!!
온니 흥해라~!!❤❤❤",27개
12,박배우님사랑해요,일주일 후에 어머니 생신이신데 학생이라 돈이없어서 뭐를 해드릴지 고민하고 있었는데 이런 이벤트라뇨 ㅠㅠㅠ 어머니한테 좋은 화장품 선물해드리고 싶어요😊,3개
13,렁e예쥐,대에빅 ㅜㅜㅜㅜ 저희 어무니께서 요즘 기미가 많으시다고 스트레스 받으시는데 꼭 설화수의 제품을 써보고 싶습니다 ❤️,5개
14,승현,몇 년째 파데유목인으로 살고 있습니다ㅠㅠ 많은 유튜브 영상으로 파데를 봤긴 했지만 이렇게 끌리는 건 처음이라 정말 제 돈 주고 사고 싶을 정도였어요 설화수가 항상 올드한 이미지여서 관심이 별로 없었는데 이번에 보고 사고싶어졌습니다! 한 번 테스트 해보고 엄마 하나 저 하나 이렇게 쓰고 싶어요 !,2개
15,쏭이SSONGE,진짜 회사원님 영상은 이상하게 요란한데 편안하게 일어나자마자 보기 딱 젛아요...👍,137개
16,deon,설화수 정말 ㅠㅜㅜㅜ 학생인 저로서는 감히 쳐다볼 수도 업따... 요새 마스크도 쓰고 막 호르몬 분비가 왕성해져서 트러블도 막 올라와서 너무너무 스트레스 받구 있었는데 정말 써보구 싶네오 ㅠㅜㅜ 트러블을 완벽하게 가리려면 두꺼운 화장을 해야하구 두껍게 올려서 커버는 되도 트러블은 티 나는거 다들 알져...? 설화수 파데는 얇게 한겹만 발라줘도 저 정도 커버력이면 제 피부도 비빌 수 있지 않을꽈...? 하는 그런 마음... 인데... 안... 주셔두... 갱차나요... 구래두... 회사원님... 사랑하니까...ㅇㅕ... 주시면 울 옴마랑... 울 온냐랑... 이뿌게 나눠 쓸게욤...! 그리구 설화수가 이렇게 한국미를 화장품에 담아내려고 노력하는지 몰랐네오 ㅠㅠㅜ  아주 그냥 흥해버리면 저켓따 설화수...,1개
17,김가연,"제가 악건성,아토피 그리고 피부가 넘 민감해서 아직 잘맛는 페데를 못 써봤네용. 응모해봅니다!^6^",7개
18,김수진,"로드샵, 백화점 파데를 써보면서 완전!!대박!!짱짱!!!으로 맘에 드는 파데를 아직 못 만나봤어용ㅠㅜㅠ 이번 영상보면서 나중에 꼭 사봐야지 했는데!!                     
이벤트라뇨ㅠㅜㅠ 정말 감사합니당ㅠ 사실 백화점 가면 부끄러워서 호수도 제대로 체크 못하고 눈 대중으로 고르는 편인데 ❗️설화수 퍼펙팅 파운데이션❗️샘플북은 부끄럼열매를 안 먹어도 되어 넘 좋을 것같아용ㅠㅜㅠㅜㅠ 정말 이벤트 열어주셔서 감사하구 좋은 제품 소개해주셔서 너~~~무 감사합니당!!😭🥰",1개
19,민들레,"와...커버력 진짜 미쳤다..
베이스 메이크업 유목민으로써 진짜 탐나는 제품이네요..
피부표현도 미쳤네요 와 저한테 맞으면 그냥 진짜 정착템 되고 싶을 정도로 탐나요!! 
이건 진짜 구매해야합니다. 
지금 제 피부도 딱 마스트 때문에 턱이랑 코주변에 그냥 여드름이랑 붉은기 미쳤구요 
근데 이 설화수 퍼펙팅 파운데이션으로 피부 한번 조지구 싶네요 ^_^
아니 그리고! 한복 체험이라뇨!!?? 
아..진짜 한복 체험에 심장이 뛰어오ㅠㅠㅠㅠㅠ
코로나만 끝나면 체험하러 가고 싶어요ㅠㅠㅠ",1개
20,박경태,"회사원 싫은 사람있나?
탕!💣
 



또 있나?

👸:내가 허공에 폭탄 던지지 말랬잖아~",110개
21,서윤,"저는 피부가 회사원님처럼 굉장히 예민해서 조금만 잘못 화장품을 사용해도 피부가 뒤집어 지고 습기에 예민한데 요즘은 마스크를 써서 더 그런데 설화수 파데가 저렇게 잘 먹고 커버력을보고 소장하고싶은 욕구가 뿜뿜이예요 ㅠㅠ 
이벤트 당첨이 안되더라도 꼭 사고싶네영 ㅠㅠ",2개
22,nep,광고가 점점 많아지는건 기분탓인가,2개
23,아영,요즘 저희 모녀는 설화수 좋다고 매일 노래를 부릅니다ㅠㅠㅠㅠ 3초만에 떠오른 “자음진설윤조”ㅠㅠㅠㅠ저희 아버지가 며칠전에 어머니를 설화수 플래그쉽 스토어에 데려가셨는데 많이머뭇거리다 사시는 모습이 기억에 남아서 곧 돌아오는 생신선물로 퍼펙팅설화수파데를 드리고 싶어용 ☺️우리 이쁜 어모니 요즘 피부에 관심도 많으신데 기뻐하시는 모습 보고싶습니당,1개
24,3314여은별,진짜 화사원님이 말하니까 너무 사고 싶어요 ㅠㅠ 요즘 파데 뭐 살까 고민하고 있었는데 샘플북 받아서 괜찮으면 꼭 사고싶습니다 제가 제발 당첨 되기를🙏,1개
25,,와 모공 거의 안끼는거 너무 좋아요ㅜㅠㅠ 평소 파데 바르면 모공에도 너무 잘 끼고 특히 다크닝이 정말 심각하게 와서 파데 고르는게 너무 힘들었는데ㅡㅠㅠ(엄청 화사한 색이던 내 얼굴이랑 똑같은 색이던 한 두 시간만 지나도 평소보다 한톤은 어두워 보일 정도로 심각해요...)이번 영상보니까 다크닝 정말 없는 것 같아서 설화수 진짜 꼭꼭 써보고 싶네요..ㅜㅠㅠ,2개
26,오유선,저희 할머니께서 기미가 너무 많으셔서 일주일에 컨실러를 한통 다 쓰세요ㅠㅜ 아무리 커버력이 좋은 것을 선물해 드려도 안되더라구요ㅠㅜ 그래서 믿고 쓰는 회사원A님 제품을 한번 써보고 싶습니다.. 아직 고등학생이라 설화수 화장품을 살수 없어 한번 써보고 돈 모아 나중에 할머니께 선물해드리고 싶습니다!!,2개
27,아이리스,"설화수 파운데이션 정말 좋아보이네요ㅜㅜ
파운데이션을 바르면 특유의 뭉침과 들뜸이 정말 심한 편인데 써보고 광명 찾고 싶어요!
전 정말정말 다크닝이 싫은데 파운데이션만 바르면 심해서 못바르고 매번 톤업크림만 바르고 다녔어요 이번에 써보고 진짜 인생파데 찾고 싶어요!! 평소에 설화수 스킨케어 라인도 잘쓰는 편이라 꼭 받고 싶습니다!!♥
이번 이벤트를 통해 설화수 파데를 필요로 하는 분들이 인생파데를 찾는 좋은 기회가 되었음 해요! 회사원님 사랑합니다!♥",1개
28,뿡뿡,저도 회사원 님처럼 민감성에 속건조까지 있어서 저에게 맞는 파데를 아직 찾지 못했는데 설화수 파운데이션 너무 좋이네요 ㅠㅠ 좋다는 소리는 되게 많이 들었는데 가격이 높은 편이라 사면 후회할까봐 못샀는데 한 번 써보고 싶네요... 너무 궁금해요!!,9개
29,연희제YHJ,어머니께 선물 드리고 싶어요ㅠㅜㅜ 엄마가 좋은걸 못 써보셔서 선물드리고 싶은데 제가 학생이다보니 돈이 없어서😭😭,0개
30,현민,왘 설화수다 설화수 !!! ㅠㅠㅠ ❤️🥺 파운데이션도 영상으로만 봐도 커버력 장난아닌데 파데 고를 때 무조건 커버력 좋은 거로만 고르는 제가!! 꼭 써보고 싶어요 😘😘,1개
31,채원,설화수 진짜 대박 오래된네요 그래서 그런지 믿고 쓸수있어서 부모님들이 많이 쓰시는건지 이제 알게 됐네요ㅋㅋㅋ 전 설화수가 스킨케어하는 제품 밖에 없는줄 알았는데 마...많네요ㄷㄷ 커버력이 너무너무 좋으네요ㅠ 받으면 제가 사용할게 아니고 엄마 드리려고 해요ㅠ 엄마께 해드린게 없어가지고ㅠㅠ 와 진짜 저 커버력에서 못나오고 있어요ㅠ 그만큼 진짜 미쳤네요ㅠ 답답한 느낌도 없다니ㅠㅠ 설화수가 일냈네요ㅠㅠ 케이스도 너무너무 예쁘네용ㅜㅜ 지속력도 대박ㅠㅠ 꼭 받고 싶어용❤ 오늘도 잘보고 갑니당💗코로나 조심하세요ㅠㅠ 위험합니더💗,1개
32,파프리카,"오ㅓㅜㅠㅠㅜㅠ언니 찐텐 여기까지 느껴져서 구매욕구 완전 뿜뿜해요🥰🥰  저도 홍조가 정말 심해서 늘 파데 유목민으로 사는데요!! 그러다보니 2년간 못쓰고 쌓아둔 파데만 18개나 되더라구요...ㅠㅠㅜㅠㅜ 맨날 두껍고 피부가 힘들어해서 이제는 파데프리 메이크업을 하기 시작했는데, 아무래도 홍조가 있다보니 자존감이 바닥을 찍고 있네요...!
영상 끝까지 보자마자 홈페이지로 달려갔는데 요즘 알바도 못하고 있는 대학생인 제가 또 한번 경험삼아서 구매하기엔 조금 부담되는 가격이라....
이렇게 조심스레 신청해봅니다...🙈
그보다 언니 오늘 진짜 진심 역대급으로 자연스럽고 깨끗한 매이크업이라 내내 감탄하면서 봤어욤!!! 싸랑해요😚❣️",0개
33,민주,"원래 클렌징폼이 다 거기서 거기지 하면서 살아왔은데 어느날 엄마께서 설화수 클렌징폼을 받아오셔서 써봤는데 와..진짜 너무 좋아서 깜짝 놀랬어요 ㅠㅠ
ㅈㄴ짜 설화수 파운데이션 얼마나 대단한지 너무 써보고싶어요ㅠㅠ 쓰고 좋으면 어머니사드리고 계속 쓸것같아용",1개
34,변현진,"저희 엄마께서 설화수브랜드 기초화장품만 쓰셔서 이번 기회에 파운데이션 선물해드리고 싶어요 ㅎㅎ
회사원A컨텐츠중에서 스파컨텐츠진짜 진짜 진짜 좋아해요ㅠㅠ항상 열일하시는 회사원님 응원합니다!!!",1개
35,래영,"안녕하세여 ㅠㅠㅠ 언니한텐 처음으로 댓글을 쓰는데요 !! 사실 회사원 ABC영상 다 보고있습니다 ㅠㅠㅠ 
오늘도 자기전엔 언니 영상보고 잘려고 봤더니 이벤트가 .. ㄷㄷ 저는 아직 학생이라 스파도 못가고 또 코로나라 못 가는뎁셔 .. 저희엄마도 설화수화장품(스킨 케어 )씁니다 !! 그래서 제가 맨날 몰래 바르거든요 .. 헤헤 아무튼 저도 파운데이션을 쓰는데 잉가커버파운데이션을 씁니다 근데 마무리가 저에겐 매트하게 끝나면서 피부가 안좋게 보이더라 구요 .. 그래서 저희 엄마도 쓰시는 설화수 파운데이션 한번 써보고 싶어서 이렇게 댓글 씁니다 .. 앞으로 댓글 많이 쓰도록 하겠습니다 언니 .. ㅠㅠ 여기까지 읽어주셔서 감사하고 앞으로 댓글로 출석체크 할게요 ㅠㅠㅠㅠㅠ 당첨 안되도 언니 영상 볼거에여 ㅠㅠ 특히 스파,마사지 영상 ㅠㅠㅠ 대리만족이라도 할거에여 ㅠㅠㅠ 흐엥 ㅠㅠㅠ 아무튼 설화수 파운데이션 .. 써보고 싶네요 .. 필요하시면 언제든지 불러주세요 .. 헤헤",1개
36,조메,이번에 패키지 진짜 너어어어어무 예쁘네용 ㅠㅠㅠㅠ 파데 덕후인데 설화수꺼는 한 번도 안써봤어요!!! 꼭 써보고싶어요😍,0개
37,나현,와.. 파데 펼쳐서 보여주는거 진짜 컬러 보여주는 것중에 최고에요,59개
38,매맴,"설화수 파데 진짜 써보고싶어요ㅜㅜ
학교에서도 계속하고 있어야하고 지속력도 좋아야하고 커버력도 좋아야해서 꼭꼭 써보고 싶어요ㅠㅜ",0개
39,ChaebeenAn,"이런저런 파데들을 거칠때마다 피부가 민감해서 인지 계속 갈라지고 트러블이  많이 생겼는데요.. 그래서인지 파데는 거의 안쓰고 컨실러로 다크써클이랑 가끔 트러블 난데만 가리고 다닙니다
이번에 회사원님 영상보면서 이런 파데는 혁명이다 라는 생각을 했는데 이벤트 까지 열어주시니 너무 감사합니다ㅠㅠ 당첨된다면 샘플북 써보면서 저한테 맞는 파데를 찾아보고 싶네요..",4개
40,vegetable,여기저기서 설화수 파데 너무 좋다고 하는데 너무 써보고 싶어요ㅠㅠ 얼굴에 주근깨가 잇는편이라 커버력잇는 제품을 원하고 아침부터 밤까지 화장을 하고 있어야 되서 지속력있는 제품도 선호하는데ㅠㅠㅠ 이건 딱 모든걸 다갖추고 있어서 너무 써보고싶어요ㅠㅠ 그리고 언니가 소개해주는 영상을 보니 더 써보고 싶어요🤍🤍,1개
41,아크릴섬유,설화수 스파 되게 가고싶어요ㅠㅠㅠㅜ 악건성이라 얼굴에 뭐 올리기에 엄청난 스킨케어가 필요했는데 설화수 제품 쓰고나서는 덜 하게 되었고 거기에 설화스 파운데이션까지 사용한다면 완벽한 피부표현이 나올거 같아요❣️❣️❣️,0개
42,이규린,설화수 신상 파데 지속력 장난아니네요 ㄷㄷㄷ 성분은 뭐 말할 것도 없겠고 ㅎㅎ 설화수 샘플북 이벤트 당첨 되어서 꼭 쓰고싶네요 ㅠㅠㅠ 당첨 되면 엄마랑 할무니랑 이모랑 톤 맞춰서 잘 노나쓰겠습니다!! 설화수랑 회사원 언니 둘 다 사랑합니다😻,1개
43,GenieePark,설화수 진짜 좋아여 특히 숨은 명품템인 탄력크림 이거 진짜 비싼 값 합니다 피부 너무 쫀쫀해져요 브라이트닝 쿠션도 3년 넘게 썼고 이번에 나온 자정수 신상 쿠션도 쓰고 있는데 가볍고 좋아요. 퍼펙팅 파운데이션도 한번 써보고 싶네요.,4개
44,허지민,와 이거다 이게 내가 정착할 파운데이션이구나ㅠㅠㅜㅜ,0개
45,김선희,회사원님 ㅠㅠㅠ 전 초등학생때부터 여드름이 있었는데 지금은 흉이 남고 홍조도 있는데 요즘 마스크까지 끼니 저도 회사원님처럼 땀띠도 나더라고요 ㅠㅠㅠㅠ 웬만한 파데로는 잘 커버되지 않아서 설화수 파데 꼭 써보고싶어요!!,0개
46,이소연,피부화장만 하면 뜨고 파데 정착을 못한지 너무 오래된 직장인이에요.. 설화수 파운데이션 샘플북 써보고싶네요. 요즘 스트레스때문에 얼굴에 뭐가 많이 나서 커버가 잘되는 것처럼 보여서 꼭 한 번 써보고 싶네요.ㅎㅎ,30개
47,김김김,진짜 너무 좋아보여서 한번 써보고 싶네용 다른분들 영상도 봤었는데 언니 영상이 항상 제일 구매욕이 드는것 같아용,0개
48,요리하고화장하는언니요화언,"와아..진짜 말도안된다ㅋㅋㅋㅋㅋㅋㅋ
회사원님 파데리뷰 여태껏 많이 봐왔지만 이렇게 찐텐으로 팬심 그-득한 영상은 처음보는것 같아요ㅋㅋㅋㅋ
저는 민감한피부가 아니였는데ㅠ 최근 안맞는 기초화장+마스크로 인한 눌림+땀 으로 인해서 피부가 뻘겋게 뒤집어 지고나니 민감성피부로 변해버렸더라구요..ㅋㅋㅋㅋ
근데? 학교+출근은 해야하고...? 밖에 나가는데 그냥 기초화장만 하기엔 제 자신감이 너무 떨어지더라구요..😥😥
최근 피부타입이 바뀐 이후로 제품을 쉽게쉽게 쓸수가 없겠더라구요 약간씩 따끔거려서ㅠㅠ
그런데?! 회사원님의 설화수 퍼펙팅파운데이션이라닛?!?! 너무 멋진 광고 아닌가요?!❣️❣️
비록 당첨되진 못하더라도ㅋㅋ 설화수퍼펙팅파데..꼭 구매해서 사용해보고 싶습니당><❤️

아!그리고! 스파도 너무 멋진것 같아요 피부가 도자기가 되셔서 돌아와 버리시네요 멋져 최고👍👍",0개
49,허이호이,저도 요새 마스크 쓰고 다녀서 피부가 말이 아닙니다ㅠㅠ 아이들과 함께하는 직업이라 하루에 기본적으로 8시간 이상 마스크를 쓰고 있어 인생 역대급으로 피부가 안 좋네요😷 이런 피부에 커버력이 괜찮은 파데를 써보고 싶어 설화수 퍼펙팅 파운데이션이 궁금하네요 ㅎㅎ 이 영상을 통해 좋은 파운데이션을 추천받아서 너무 좋네요 항상 감사합니다🥰,0개
50,JihyunSon,"와 영상 진짜 알차네요 ㅋㅋㅋ
설화수를 너무 좋아하는데 기초만 써보신 엄마한테 파운데이션 써보시라고 드려보고싶네요",0개
51,혜진,"설화수 파데를 갖고 싶은 마음으로 8행시를 해보겠습니다.

설:마 설마 했는데🤷‍♀️🤷‍♂️
화:장 왜케 잘먹어?🤦‍♀️🤦‍♂️
수: 정화장도 필요 없다🙅‍♀️🙅‍♂️ 설화수... 
파: 운데이션 왜케 잘만들었어!😍😍
운:동을 해도 무너지지 않아😲😲
데:일리템으로 딱이야!😤😤
이:파운데이션 내게로 와😖😖 심지어...디자인도
션:샤인해!!!",86개
52,힣흐,알져 설화수 피부관리에 너무 좋죠ㅠㅠㅠ 파데유목민인 극강의 건성 제게 한줄기 빛을 내려주세욥 엉엉,0개
53,Yeonjucy,여드름피부때문에 많이 고생하고있는 대학생입니다ㅜㅠㅠ 피부에 좋은건 다 써봐도 파운데이션 안먹는날이 9할인것 같아요..이번 회사원님 영상 보고 꼭 설화수 제품 써보고싶다고 생각했어요!!! 스파도 다음에 꼭 가보려구요🙆🏻‍♀️♥️ 파운데이션 이제 정착하고싶습니다!!! 이렇게 항상 좋은 영상 만들어주셔서 감사해요ㅎㅎㅎ,0개
54,고먐미,"엄마가 설화수 샘플을 아껴 쓰시는걸 봤는데 제가 아직 학생이라 사드리고 싶어도 못사드렸어요..
그래서 이벤트 당첨되면 엄마께 써보시라고 드리고싶어요!! 
설화수 이름만 들어도 고급스럽고 좋다는 이미지가 가득해요! 포장 너무 이뻐서 나중에 취업하면 꼭 선물로 드리고 싶네용😘",1개
55,곰수,파데 유목민인 저에게 설화수 파데라니ㅜㅠㅠ 정말 가지고 싶지만 또 실패할 수도 있어서 섣불리 살수도 없고ㅜㅠ 꼭 한번 사용해보고 싶습니다 !!!,0개
56,박경태,"스파를 다녀온 편안함,파운데이션에 만족한 느낌,정말 찐팬으로서의 행복감이 모두 느껴지는 썸네일 크-으!",60개
57,이예빈,와.. 이번 영상으로 설화수에 입덕(?)해버린서 같은 느낌ㅋㅋㅋㅋㅋ 통장 맡길 곳이 하나 늘어버렸는걸..★,0개
58,AveryJi,제 피부가 진짜 다크닝 많이 오는 편인데 웬만한 파데랑 쿠션 다 써봤는데 한 4시간 지나면 진짜 기름 엄청 지고 까매지는데 설화수 파데 꼭 써보고싶네용!,0개
59,심상경,언니... 파데 지름신 미친듯이 오잖아여ㅠㅠㅠ 요새 돈아낄라구 꾹꾹 참고있었는데 공홈가서 가격 검색하구 왔잖아요ㅠㅠ 스파도 받고싶잖아여ㅠㅠ 엉엉,0개
60,아리,10대의 마지막인 고3입니다:) 항상 영상보면서 힐링하고 있어요!! 코로나를 뚫고 학원다니느라 마스크를 하루에 절반이상 쓰고 있으니 얼굴이 뒤집어졌어요ㅠㅠ 근데 고3이라 졸업사진도 찍어야하는데 마땅한 베이스를 못 찾아서 이렇게 신청이라도 해봅니다ㅠㅠㅠ,0개
61,박경존나머싯어,아니 피드 내리다가 반쪽 보고 기겁하면서 들어옴,54개
62,YE,파데 쓸 때 항상 스펀지에 젖어서 쓰고 그 전에도 기초부터 완전 탄탄히 해야 겨우 먹는 피부입니다ㅜㅠ 뜨는 날이 더 많아요... 설화수 파운데이션은 얇게 발리고 피부에도 좋은 성분이 가득하다고.. 아 궁금하네요. 설화수 파데 써보고 지인들한테도 많이많이 알릴게요!! 그리고 호수 많은 것도 참 마음에 드네요. 가끔 너무 핑크핑크 또는 그냥 베이지 만 내는 경우가 있거든요 흑 아무튼 설화수파데 한 번 써보고 싶어요 언니!!,3개
63,서희,설화수 파운데이션 진짜 써보고 싶어요ㅠㅠ 뉴트럴톤인데 항상 쿨톤 웜톤으로만 색상이 나오는 회사들이 많아서 뉴트럴 파운데이션을 많이 접해보지 못해 엄청 절실합니다8ㅅ8 아직 어떤 파운데이션에도 정착하지 못했는데 이번 기회에 저한테 맞는 파운데이션을 찾고 싶어요!! 회사원님 감사합니다😍😭,0개
64,김유림,"설화수 안쓰는 사람 아직도 있나...? 성분부터 브랜드 자체 아이덴티티는 물론, 디자인과 기능까지 모자란거 하나 없는 너의사랑나의사랑 설화수 (´ ▽｀).。ｏ♡ 요즘들어 날씨가 습해지고 더워지면서 기존에 사용하던 피부 표현 제품이 조금씩 조금씩 저에게 작별 인사를 하고 있는데, 언니의 꼼꼼하고 자세한 후기를 보니 이 설화수 퍼펙팅 파운데이션이라면 잡티가득 들뜨는 제 피부와도 착 붙어 예쁜 피부표현이 가능할 것 같아요! 꼭 체험해보고싶어요ㅠㅠ",1개
65,길해림,정말 설화수 체험해보고싶어요ㅠㅠㅠ설화수 성능은 두말하면 입아프져..ㅜ파데유목민..정말 늘 뜨는 파운데이션 속에서 고생만하다가 파운데이션 트라우마가 생겨서 화장할땐 이제 파운데이션 건드리지도 않습니다ㅠㅠ 쿠션만써요..그런데 이번 설화수 파데너무 기대되요ㅠㅠㅠㅠㅠㅠ...체험해보고 싶습니다...도와쥬십시오ㅜㅜ🙏🙏🙏,0개
66,율리블리,파데유목민이 드뎌 정착하고싶은 파데를 찾았어요 ㅠㅠㅠㅠㅠㅠㅠ 커버력이 너무좋아서 이거하나로도 피부는 끝날거같은데요? ㅠㅠ 워킹맘으로써 금같은 아침시간에 조금 더 여유로워질수있겠어요~!!!!,0개
67,히얏홓,진짜 너무 좋아보여서 한번도 안스킵 하고 다봤어요.... 설화수 스킨 좋은건 알고 있었는데 파데까지 나올줄이야!!! 진짜 한번 써보고싶어요ㅠㅠㅠ,0개
68,UofD,ㅠㅠㅠㅠ 설화수 파운데이션 써보고싶어요ㅠㅠㅠ 제 피부가 민감하진 않은데 무슨 파운데이션를 써도 다 뜨더라고요 ㅠㅠ 설화수 파운데이션 써보고 싶어용 ㅠㅠ 안뜨는 파운데이션이면 정착하고싶네요..,0개
69,SuHyunYoon,"마스크쓰기시작하면서 피부완전 뒤집어졌는데ㅜㅜㅜ 뒤집어진거 커버하려고 두껍게발라서 더 뒤집어지고ㅠㅠㅠㅠ 숨쉴수있는 설화수 파데 써보고시퍼용
회사원님 혹시 실례가안된다면 부모님이랑 같이 받을수있는 스파체험 추천해주실수있을까용?? 일하기시작한지 첫해인데 부모님께 가격상관없이 힐링해드리고 싶은데 결정장애라ㅠㅠ 회사원님 스파체험들 다 너무좋아보여서 추천받고시퍼영",0개
70,김소연,"파운데이션 유목민 등장💫
안맞아서 화장대에 있는 파데만 오조오억개고 오늘도 전 회사원님 영상을 보면서 사볼까 고민을 하고 있습니다 ( ᵕ̩̩ㅅᵕ̩̩ ) 이벤트 당첨돼서 유목민 생활... 탈출하고 싶어요 ( o̴̶̷̥᷅⌓o̴̶̷᷄ ) 제가 진짜 딱 피부 붉고 계절이 바뀌면서 좁쌀여드름 때문에 피부 오돌토돌해지고... 건조한데 유분은 나오고 (환장) 저도 한번 당첨돼서 파데써보고 정착하고 싶네요 🙏🏻💕",1개
71,읭다Ingda,아니 이게 무슨 K-도터 효심 자극하는 컨텐츠입니까 ㅠㅠ 좋은건 내가 써보고 싶지만 너무 좋고 너무 호강하는 템은 엄마 생각부터 나잖아요 ㅠㅠ옴마랑 손잡고 설화수 도슨트-스파 코스 한번 다녀오기 버킷리스트 추가여 ㅠㅠㅠㅠㅠㅠㅠ 설화수 퍼펙팅 파운데이션은 제가 써보고 싶기보다 넘나 울엄마 써봤으면 하는 템...!!!! 살포시 응모해요..!!!,1개
72,지똥이똥이똥녀,"저는 회사원언니랑 비슷한 수부지 지성이에요ㅜ 
파데 색이 오후되면 붉어지다 어느순간 비둘기가 되어있답니당,,, 
비싸다는건 다 써봤는데 파데 정착템을 찾지 못했어요ㅜ 이번 기회에 설화수 신상파데 써보고 싶어요❤️❤️",1개
73,동석님최고,안녕하세요 저는 회사원A 언니님의 오랜 팬입니다💗 일단 제 소개를 하자면 메이크업학원을 개미처럼 열심히 다니고 있는 중학생입니다ㅎㅎ! 제가 메이크업쪽으로 꿈을 키우고 싶어서 다니고 있습니당 ㅎㅎ 그래서 회사원님의 영상도 꾸준히 보면서 참고하며 발전해나가려고 노력하고 있습니다. 항상 퀄리티있고 알차고 좋은 영상 감사합니당 ☺️ 또 회사원이름과 저의 이름이 비슷해서 더 좋았어요 ! 물론 성은 다르지만요 ㅎㅎ 또 예전에 남친분이랑 복권 20만원치 사서 끍는 영상 정말 재밌게 봤는데 운이 좋으시다고 해서 정말 부러웠어요 ㅠㅠ 저는 이벤트에 응모하면 다 떨어졌거든요... 😭 그래서 이번에 설화수 파운데이션에 응모하려고 이렇게 댓글을 쓰는데 ... 제발 당첨되었으면 좋겠습니당 ㅠㅠ 엄마몰래 설화수 크림 써봤는데 진짜 너무 좋더라구요!!! 설화수 파운데이션도 그만큼 좋겠죠? 영상만 봐도 구매하고싶은데 가격이 좀 있어서 학생인 저는 못 살것같지만요...그래도 디자인도 이쁘고 이 영상에서 설화수 역사나 시스템같은것을 보니 더더 좋아졌어용 ☺️ 나중에 설화수에 취직하고 싶을 정고 입니다 ㅠㅠ 무토록 저의 글을 읽어주실지는 모르겠디만... 일단 보셨다고 생각하고 이쁘고매력넘치고착하고귀여우신 회사원님 사랑합니다 건강하시고 항상 행복하셨으면 좋겠습니당 또 제가 드리는 행복이 회사원님의 가장 작은 행복이였으면 좋겠습니당 💗💗💗💗,1개
74,이가현,스파영상이 진짜 힐링되고 좋은 것 같아여~다양한 스파영상 많이 올려주시면 사랑입니당~😍,0개
75,희희희,아니 엄청소량발랐는데 어떻게저렇게 표현이되죸ㅋㅋㅋㅋㅋㅋㅋㅋㅋㅋㅋㅋ너무신기해욬ㅋㅋㅋㅋㅋㅋㅋㅋㅋㅋㅋㅋ 스파도 너무좋아보여요 진짜 릴렉싱 좌아아악 되겠다...,0개
76,쥬소라,0:50 삼지창이자나....!ㅋㅋㅋㅋㅋ 모양신기,0개
77,선영,언니 제가 피운데이션을 써보려고 하는데 쿠션만 쓰다가 처음 도전하는거라서 좋은 파데로 시작하고 싶어요ㅠㅠㅠ 그리고 언니가 준 화장품이면 큰 의미가 담길거 같아요!! 지금까지 벤트 당첨된적 한번도 옶는데 당첨된다면 좋겠어요!,1개
78,임민주,"파데 유목민인데요ㅠㅠㅠ 매번 파데도 잘 못 고르면서 정말 언제 정착하지ㅠㅠ 하고 화장해요ㅠㅠ 유목하다가 또 잘못쓰면 트러블 나고 자주 그러는 편인데 ㅠㅠ 그렇다고 피부가 엄청나게 민감하거나 그런 건 아니지만요ㅠㅠ
설화수는 믿고 써보고 싶어요 ㅠㅠ",0개
79,curaao,설화수 엄청 많이써서 비행기에서도 설화수 순행오일클렌저 사는..  그런..  하하 많은 사람들이 설화수 쓰기도하고 할머니도 엄마도 다 쓰는 설화수!!  속건조도 심하고 다른제품들은 지속력이 그렇게 좋지않아서 계속 덧바르고있어요 쿨링감 같은 느낌이 있다고해서 저도 꼭 가져보고 싶어요ㅠㅠ,1개
80,이소영,"우와 설화수에서 파운데이션이라니 ㅠㅠ 정말 유명한 스킨케어 브랜드이고 고급지고 좋기로 유명해서 파운데이션도 너무 기대되네요!!! 커버력이 좋으면서 피부가 편안하고 세미매트하면서 광도 나고 다크닝도 없는 게 너무 좋은 파운데이션인 것 같아용 😊 전 지성에다가 잡티와 요철, 모공이 많아서 이번 파데가 저랑 정말 잘 맞을 것 같아요! 특히 전 다크닝이 없는 점이 너무너무 좋네요 ㅠㅠ 제 파운데이션이 지금 다크닝이 너무 심해서 항상 시간 지나고 보면 다 뜨고 끼이고 화사함이 싹 사라져서 너무 슬펐어요... 😭 그리고 세미매트하면서 광도 난다는 게 너무 신기합니다! 전 광 나는 거 너무 발라보고 싶었는데 지성이라 광 나는 건 너무 번들거릴 것 같다는 편견이 있었는데 이 제품이 제 편견을 깨줬네욤 😜 회사원님 영상 너무 잘보구 있어요!! 특히 머리 감는 법과 머리 말리는 법 영상 진짜 잘 봤어욤 ㅠㅠ 진짜 그 영상덕분에 제 머릿결이 많이 덕을 봤습니다 ㅜㅜ ❤❤ 앞으로 쭈우욱 롱런해주세용 😍❤ 사랑해요 회사원님...🥰 꼭 당첨되고 싶어욤 ❤❤",3개
81,엄다슬,와 저도 설화수 너무 좋아하는 브랜드인데 ㅠㅠ 당첨되면 꼭 써보고싶어요❤️ 커버 완전 필요한 사람.. 나야나,0개
82,Mmminong,"20대후반이지만 솔직히 제 또래 친구들은 화장품으로 설화수얘기를 하지 않아서 모르는 파데 유목민이에요 
얇게발리는데 커버 어느정도 되는 그런그런거! 찾는데 회사원님이 좋다고 하시니 궁금해지네요  귀찮아서 수정화장따위 안하는데 궁금해요!",7개
83,JINI,휴ㅜ0ㅜ 얼른 취뽀하고 돈 많이 벌어서 울 엄마도 스파 보내줘야지!!,1개
84,EunjinYu,아모레만세 설화수만세 쉐이드가 다양해서 너무 좋아요ㅠㅠ 쉐이드가 25호까지 나와서 피부가 어두운 저에겐 한 줄기 빛과 같네요🍒 게다가 속.촉.겉.뽀라니요!!!! 수부지에게 딱인 제품이라니!!!!! 넘 궁금해서 당장 사용해보고 싶어요!!,0개
85,퐁핑,저도 요즘 마스크때문에 피부가 많이 망가진상태예요ㅜㅜㅜ 사용하던파데.쿠션도 맨날뜹니다아웅 설화수파운데이션 꼭 사용해보고싶어려😍,0개
86,낰낰,"촉촉한 파데라는 말에 감동받았습니다ㅠㅠ
제가 진짜 파데 한통도 다 못쓰고 항상 갈아타는 파데 유목민이거든요ㅠㅠ
코옆이 진짜 너무너무 극건성이라서 항상 거기만 바세린바르고 화장하는데 그래도 뜨고 갈라지더라구요...ㅠㅠ
파데유목민에서 탈출하게 도와주세요..🥺
그리고 매번 유익한 정보 감사합니당!",0개
87,DI,헉 설화수 스파 넘 가보고 싶네요 ㅋㅋㅋㅋㅋㅋ 설화수 퍼펙팅 파데 좋다는 소문이 너무 자자해서 꼭 써보고 싶네요 ㅜㅜ,0개
88,쥬쥬,"혹시 몰라요, 제가 추첨되서 저도 회사원님처럼 설화수의 개미주주가 될지도..! 파운데이션 살 의향 정말정말 있구요, 그 전에 한 번 테스트하고 사보는 것도 좋을 것 같아서 체험해보거 싶습니다!! 테스트해보고 좋으면, 엄마한테 선물로 설화수 파데 사드려도 좋을 것 같네요!❣️",1개
89,llo9o,"설화수 스킨케어 제품 정말 좋다는거 압니다ㅠㅠㅠ저희 어머니 할머니도 설화수 애용하시거든요..옆에서 조금씩 훔쳐씁니다 ( ͡° ͜ʖ ͡°)  너무좋아요 그래서 이번 파데도 너무너무 기대되고 꼭꼭꼭 체험해보고싶습니다‼️‼️‼️제가 정말 예민피부라 여태까지 파데 다 실패했었어요ㅠㅠㅠㅠ정말 랑콤, 에스티로더..좋다는 파운데이션을 써봤는데도 맞는 제품을 하나도 못만나봤거든요😥 정말 기초화장품의 대가인 설화수에서 출시하는 파데인만큼, 기대되는 만큼 이벤트 당첨돼서 꼭 샘플 써볼 수 있는 기회가 왔으면 좋겠어요😭😭",7개
90,조아현,이정도면 설화수파운데이션 상상속의 유니콘인거 같아욬ㅋㅋㅋ얇게 발리지만 커버력은 높고 건조하지않고 세미매트에 지속력도 좋다니 어떻게 이게 가능하다니!?!?!제가 생각하는 완벽한 파운데이션 아닌가 싶어요ㅠㅠ진짜 이런 파운데이션 꼭 사용해보고 싶어요 정말 궁금합니다😆,0개
91,김서은,와 진짜 이거 받으멓ㄴ 겁나 좋겠ㄱ다,1개
92,,진짜 언니 영상보고 설화수 뽐뿌와서 사이트 서치하고 왔잖아요 ㅠㅠㅠ 그리고 저도 언니피부같이 진짜 너무 예민해서 아직까지도 정착한 파데가 없는데 이번 설화수 퍼펙팅 파데는 너무너무너무 사용해보고싶어요!! 진짜 방구석 대리만족 느끼게 해주셔서 감사합니다...💕💕,0개
93,서지윤,설화수 이번 파데 진짜 좋다고 소문나서 진짜 써보고싶은데 학생이라 돈두 없꾸ㅠㅠ코모씨 때문에 알바도 없어서 절망하고 있는 수부지한테 딱 맞는 파데래요(그럼 내껀데?) 촉촉하면서 오래가는~(그게 가능할까?)정말 써보고싶네유🤔회사원님이 좋아하시는 스파같은 스킨케어와 파운데이션이 만나 얼굴이 편안하겠죠?,0개
94,신날개,설화수 제품을 한번도 안써봐서 써보고싶어요ㅋㅋㅋㅋ,0개
95,songcool,"와 땀띠..!!! 완전 공감이요ㅠ 
저도 붉은기가 심한편인데 땀띠까지 생겨서 너무 우울했거든요ㅠ
설화수 퍼펙팅 파운데이션이면 저의 붉은기를 믿고 맡길 수 있을 것 같아요😍",19개
96,나만고양이없엉,저도 마스크땜에 피부 뒤집어질때있는데ㅠㅠ 꼭 써보고싶어요!!! 커버력이랑 지속력이 좋은게 마음에들어요ㅎㅎㅎ,0개
97,순무soonmoo,ㅠㅠㅠ건조한사무실에 직장생활하면서도 거기에 맞는 파데를 아직 못찾았어요 ㅠㅠ 설화수에서 나온만큼 요번엔 인생파데 찍을수있을가여..ㅠㅜㅠㅜㅜㅜ,0개
98,김민채,헐... 설화수 미쳤다.. 설화수 비싸서 항상 엄마가 쓰는거 구경만 했는데ㅠㅠㅠ스파도 한번 너무 가보고 싶네..,0개
99,a,"설화수 스파 코로나 끝나고 가고 싶네요ㅠㅠ
파운데이션 좋은거 당연히 알지만 미리 써보고 구매하고 싶어요(ﾉ≧ڡ≦)｡",0개
100,NiNi,"설화수 제품 항상 좋았지만 은근 고가라 많이 써보지 못했는데 이렇게 좋은기회로 접해보고 싶어요 진짜 딱 내가 좋아하는 피부표현 ㅠㅠㅜ
케이스 디자인도 설화수느낌이면서 세련된느낌ㅜㅜㅠㅜ 호수도 다양하고 진짜 말이 필요없다..꼭 써보고싶어요💕",11개
101,놀순이,"매번 잘 보고 있는 회사원A🥰🥰
파데 유몽민으로써 갱장히 구매옥 올랐던 영살 잘봤습당!! 구경하러 매장 갈까 했는데 이벤트 한다니!! 꼭꼭 한번 써보고싶어지네요 꺄><",1개
102,텬배님더아쥬때여,설화수 설린라인도 짱 좋아요ㅠㅠ 설화수 특유의 향이 싫었던 분들 설린라인 츄라이 해보세요 꽃향기 존좋ㅠㅠ 그리고 가벼워요. 설화수 유명템들이 좀 오일리하다 싶던 분들은 설린 괜찮을 거예여...!!,0개
103,TaeyeonKim,항상 언니 유튜브 보면서 저랑 피부타입이 진짜 비슷하다고 많이 느꼈어요ㅎㅎ 하지만 파운데이션은 저한테 잘 안 맞아서 잘 안썼는데 언니 이 영상보니깐 한번 써보고 싶어졌네요ㅎㅎ항상 좋은 영상 감사합니다 언닝💛,0개
104,김윤지,와ㅜㅜ 설화수 파운데이션 정말 써보고 싶었는데 학생이라 가격이 부담이 되더라구요.. 부모님한테 사달라고 하기에도 파운데이션 하나 가격이..흠흠 저도 아토피 피부에 건성에 붉은 끼가 많은 피부인데 맞는 파운데이션을 찾기가 힘들더라구요ㅜㅜ 매트한것조다 새미매트를 선호하는데 일반 로드샵에서는 마음에 드는 파운데이션을 찾을 수 없더라구요.. 그래서 간단한 쿠션만 붉은 끼를 누르고 나가는 정도.. 정말정말 갖고싶습니다 설화수 파운데이션ㅜㅜ.. 항상 영상 잘 보구 있구 씬님이랑 백설공주 메이크업 하실때부터 봐왔는데 그 텐션 그대로 쭉 달려와셔서 너무 잘 보고 있습니다! 제 행복의 유튜버세요!!!❤,0개
105,도롱도로롱,"🎉🎉🎉설화수 퍼펙팅 파운데이션🎉🎉🎉

둥둥🔊 풍악을~울려라!!🎶💨💝🎊✨
피부에 촤르르를르륵🌊🌊🌊 감길것만 같은 느낌을 느껴보고 싶습니다~~회사원님의 사용한 것을 보니 적은양으로도 커버가 챱챱👍되는것이 답답한거 싫어하는 저에겐 아쥬 찰떡🥰일것 같은 느낌!!!!
하지만 주근깨있는 저에겐 커버는 놓칠수 없다는점...😭😭😭😭😭😭 여태껏 안답답한 커버력있는 제품을 써본적이 없어서 꼭 써보고 싶어욤!!💞💞💞💞",32개
106,김뿅뿅,피부가 파데편식이 심해서..항상 사고ㅠ실패해서 쓰던것만 썼는데 샘플써보고 본품살지말지 결정할 좋은기회..! 신청합니댱 온니🥰,0개
107,공룡통조림,아니 언니 너무 좋아하시는데..ㅠㅠ 저도 그 즐거움 겪어보고 싶어요..ㅠㅠ 파데 쓰고 싶은데 지금 세개째 저한테 안맞는 걸 골라서 엄청 속상하고 말이죠..ㅠㅠ 설화수 짱팬의 그 짱 좋은 제품 만나보고 싶어요..ㅠㅠㅠㅠㅠㅠ,0개
108,이선경,"초초초초 건성이라 파데 유목민이에요ㅠㅠ
회사원님 영상 보니까 잘 모르는 제품에 대해 좀 더 알아가는 느낌이에요 :) 새로운 파데가 피부에 맞는 지 너무너무 확인해보고 싶어요!",0개
109,gu,"출퇴근으로만 하루 3시간을 쓰는 저에게 딱인 파데인것 같아요! 하지만 기회가 된다면 갱년기를 겪고 계신 엄마께 먼저 권해드리고싶어요
갑자기 얼굴에 열이 오르면서 빨개진다고 하시더라구요. 기미가 많으셔서 집앞에 나갈때도 파데를 바르고 나가시는데 커버력도 좋고 편안한 설화수 퍼펙팅 파운데이션 꼭 사용해보셨으면 좋겠어요😆",1개
110,Lenas,아ㅠㅠ 요즘 마스크때문에 진짜 여드름도 많이나고 회사는 벌써 냉방틀어줘서 건조함 + 갈라짐 대박이에요 ㅠㅠㅠ 설화수 파데써보고 힐링받고싶어염 ㅠㅠㅠㅠ,14개
111,수니,"늘 파운데이션 유목민이라서 ㅠㅠ 어떤게 제얼굴에 맞고 좋은지 늘 바뀌어요ㅜ ㅡㅜ
요즘에는 마스크 착용때문에 피부에 파데안바른지도 너무 오래됨 + 파데도 전에 쓰던걸 다써서 아에 안사고 있었거든여 ㅠ 
곧 날씨도 더워지구.., 얇고 자연스럽게 발리는 파데를 찾고있는데 이번에 샘플써보고 파데 구매하는것두 정말 좋은기회인거같아요~

회사원님 항상 재밌게 보고갑니다❣️",0개
112,심빵떡,"설화수 영상 떳다고 해서 왔습니다(👏🏻👏🏻👏🏻)
설화수는 엄마들만 사용하는 브랜드라는 편견 노노🙅‍♀️🙅‍♀️ 20대인 제가 사용해도 굳뜨입니다🙆‍♀️🙆‍♀️ 저도 회사원 언니처럼 피부가 겁~~~나 예민한데 그래서 마스크를 맨날 착용해야 하는 요즘같은 상황에 너무 좋은 제품 같아요! 그리고 적은양으로 커버력 쥑이네요! 역시 믿고쓰는 설화수! 또, 회사 출근하고 수정화장 잘 안하는 저라서 지속력과 무너짐에 중요한데 여윽시 설화수네여
결론: 받고싶습니다 히히🥰 사랑합니다
오늘도 좋은 영상 감사합니다",0개
113,하진짜,자태부터 진정한 K-뷰티인 설화수 한번 써보고싶어요 ㅠㅠㅠ 색도 여러색이고 사용해보구싶네요ㅠㅠ,0개
114,민지,피부에 잡티도 많이 올라오고 커버할게 많은데 이 파데는 커버력이 진짜 좋은것 같네요 곧 10대 마지막 졸업사진 찍는데 커버력 좋은 파데 한번 써보고 싶네요 ㅠㅠㅠㅠ,0개
115,FlorenceRyu,언니 귀걸이 부터 신라느낌 낭낭하세요ㅋㅋㅋㅋ,8개
116,오젼,"제 피부는 초초초 민감성인 피부에요..😢
요즘 시국이 시국인지라 마스크를 쓰고 다닐 수 밖에 없는데 마스크 때문에 홍조가 많이 올라오더구요ㅠㅜ 그래서 홍조 때문에 커버력 좋다는 파운데이션 이거 저거 써봤는데 피부가 밝은 편이여서 색상 선택도 실패하고 파운데이션이 안 맞았는지 트러블도 올라와 있어요ㅠㅠㅠ  그래서 언니 이벤트 당첨되서 커버력 좋은 파운데이션 체험 해보고 싶어요!",1개
117,YoonjuJang,"뷰티유튜버님들 사이에서 요즘 핫한 파운데이션이길래 궁금했는데ㅠㅠ회사원님이 말씀해주신 설화수 브랜드 자체의 아이덴티티와 브랜드를 알아가는 것 같아서 더더 좋았어요!!🧡🤭 몬가 국뽕 차오르는 k뷰티ㅜㅜ 커버력도 있는데 피부가 답답하지 않은 파데라니,,ㅠㅠㅠ 이번기회에 경험해보고싶어요!!!❣️ 그리고 이런 디테일한 영상넘 감사합니다 ㅎㅎ",1개
118,강원희,대박...영상보는데 진심 사고싶다는 생각만 들었어요ㅠㅠㅠㅠ 심각한 파데 유목민인 저는 마음을 뺏겼습니다... 피부도 맨날 쓰레기라서 왠만한 파데로는 감당이 안되구요. ㅠㅠ,0개
119,주정소,아모레 진짜 좋아해요!! 가격대가 너무 높아서 선뜻 접하기 어려운데ㅜㅜ 응모해봅니다. 설화수 파데 넘 사용해보고싶어요😍,0개
120,최가영,언니가 이렇게 하나하나 자세히 설명해주시니까ㅠㅠ 얼마나 공들여서 만들었는지 잘 느껴져요!! 이번 기회에 한 번 써보고 싶습니다!!!,4개
121,정다현,"설화수 퍼팩팅 파운데이션 꼭 써보고 싶습니다!! 붉은기없는 칙칙한톤의 건성인데요, 요즘 작은 뾰루지나 요철들이 생겨서 더욱 화장을 하기 힘드네요ㅠㅜ더군다나 파운데이션을 바르면 가면쓴것같은 느낌이 들어 파운데이션 도전이 쉽지 않았는데 설화수 파운데이션의  통기성을 체험해보고 싶습니다!! 회사원님 항상 좋은 영상 제공해주셔서 잘 보고 있습니다 감사합니다❣",1개
122,ZoePark,언니처럼 ㅠㅠ 민감 피부라 붉은기를 달고 샆니다 ㅠㅠㅠㅠㅜ 붉은기 커버 ! 하고싶어요!!,0개
123,,"안녕하세요!! 피부때문에 고통받고있는 한 학생입니다ㅠㅠ 여드름, 모공 등등 요철들이 너무너무 많아서 너무 고민인데 어떤 파운데이션을 발라도 저에게 맞는 파운데이션이 없더라구요ㅠㅠ 게다가 요즘 마스크까지 써서 모공도 더 늘어나고 트러블도 왕창 늘어났답니다..  그런데 회사원님의 영상속 설화수 파데를 보니까 인생파운데이션을 찾은것같은 느낌이었어요!😲 하지만 돈이 없는 그지인 제가 언제 저런 비싼 파데를 써보겠습니까.. ㅜ 파데 유목민인 저에게 설화수파데로 정착할 수 있게  해주세요🙏🙏ㅠㅠ 항상 코로나 조심하시고 좋은 영상 많이 올려주세용💖",1개
124,이동연,마스크 모양대로 트러블 완전 공감입니다 ㅠㅠㅠㅠ 설화수 샘플북 완전 원해요💖💖💖,0개
125,kny,맞는 파데를 아직도 찾지 못했는데 이제 찾은 것 같애요ㅜㅜ 당첨 됬으면 좋겠습니다,0개
126,슈syuslog,설화수 정말 좋죠 ㅠㅠ 샘플북 받아서 엄마랑 같이 체험해보고 맞는 색상으로 구매하고 싶어요!!,0개
127,신비아,설화수 퍼펙팅 파운데이션 ㅠㅠ 커버력은 필요하지만 파우더가 많이 들어간 파데를 쓰면 건조한 저의 피부에 꼭 맞을지 써보고싶습다!!!,0개
128,서링,[설화수 퍼펙팅 파운데이션] 꼭 사용해보고싶어요ㅠㅠ 제가 회사원님과 정말 비슷한 피분데 이것저것 파데유목민으로 살면서 아직도 맞는 파운데이션을 찾지 못했어요 설화수가 저한테 맞을지도 모르는 느낌이 팍! 들었습니다♡,0개
129,오늘이좋아,와 스파 진짜 효도상품.... 언니 스파는 압 같은거 만족하셧나요?,8개
130,성이름,피부결이 너무 좋아보여요 ㅡㅜㅜ 설화수 퍼펙팅 파운데이션 꼭 써보고싶습니당,0개
131,심재연,설화수 좋죠~~ 엄마가 꼭 설화수만 쓰시는데 파운데이션 샘플북을 체험해 볼 수 있으시다면 체험 후 엄마께 맞는 제품을 제가 사 드린다면 좋을 것 같네요 ㅎㅎㅎ 늘 좋은 정보 많이 알아갑니다 감사해용~!!,0개
132,험블리,저 진짜 중학교때부터 파데랑 쿠션 아무리 좋다는거 써봐도 수부지에 트러블 있고 매끈하지 못한 피부 때문에 피부에 안맞거나 픽스되면 빨개지고 떠서 7년동안 정착해 본적이 없어요ㅜㅜㅜ  영상 보니까 설화수 파데라면 어쩌면 유목민 생활을 끌낼수 있지 않을까 싶습니다ㅜㅜㅜ,0개
133,202호202ho,설화수 좋은 거 알죠 ㅠㅠㅠㅠ 건성이라서 파데 유목민이거든오 ㅠㅠㅠ 항번 써보고 좋으면 본품 사고 싶어요 ㅠㅠㅠㅠ 진짜 이벤트 당첨되면 좋겠습니다 ㅠ,8개
134,홍유경,우와 이렇게나 심하게 영업당한 영상 처음이에요 ㅋㅋㅋㅋㅋㅋㅋ 설화수가 좋다는건 이미 익히 듣고 회사원님 영상에서도 많이 봤어서 알고 있었지만 막상 제가 구매해야겠다는 생각은 안하고있었거든요. 이번 영상 보고 저도모르게 설화수 파운데이션 검색하고있습니다..ㅋㅋㅋㅋ 정말 소량만 사용한건데 저런 커버력이 나오는게 가능하냐고요ㅠㅠ 이번 기회로 설화수 브랜드 자체에도 관심갖게되었어요. 좋은 영상 감사합니다:)!,3개
135,김명선,ㅎㅎ 참 좋죠~ 설화수 너무 좋은데 비싸서 못샀던..지난날..  이번 기회에 한번 뽜운데이션 체험할 수 있길  ... 바랄 뿐이죠ㅋㅋㅋ 사실 파운데이션 안써봤는뎅 너무 얇구 촉촉하고 커버력 까지 좋아서 너무 체험하고싶어요~_ 회사원 언니 파이링😘,0개
136,조민지,어우 커버력 진짜 대박이네요ㅠㅠ 커버력을 아예 포기하긴 싫은데 그 특유의 답답한 느낌이 싫어서 여름만 되면 베이스 메이크업 유목민 되는데 회사원님이 통기성이 좋다고 말씀하시는게 약간 가려운데 긁어주는 것처럼 내가 하고싶은 말이 저거였다 싶구 영상 보니까 너모... 너모 써보고싶네요 진짜 뽐뿌 오졌다 ㅠㅠㅠㅠㅜ,0개
137,김주희,저요!!이제 파데 유목민 그만하고 싶습니다ㅠㅠㅠ정착할 수 있게 테스트라도 한 번 해 볼 수 있게 햐주십사ㅠㅠㅠ,0개
138,김현정,너무너무 써보고싶습니다ㅜㅜ 설화수가 좋단거 누가 모르나요....ㅠㅠ,0개
139,냥냥냥냥,"이거 유료광고엥ㅅ?
언니가 설화수 평소에 너무 좋아해서 긴가민가하네여 ㅋ̄̈ㅋ꙼̈ㅋ̆̎ㅋ̐̈ㅋ̊̈",9개
