﻿,youtube_id,comment,like_num
0,진용진,패러디해주셔서 감사합니다!,14개
1,MARYKIM,이 이 이 언니가....!!!!! ㅠㅠㅠㅠ  코로나 4천만원 기부하고 85만원짜리 마스크팩이라니... 이제 채널명 회장님A로 바꿀때가 왔습니다...!,967개
2,소바기sobagi,아니 내가 마스크팩 후기에서 국가의 소프트파워란 개념을 알게되고 스위스라는 나라 자체가 어떻게 브랜드가 되는지를 알게될 줄이야;;; 진짜 회사원님 이런 꽉찬 내용 사랑합니다..,12개
3,꺄륵3,"중간에 갑분 교양강의 응 뭐지 당황했지만 끝까지 보고나니 요리저리 참 다양한 컨텐츠가 꽉차있다 생각이 들었어요 세젤비 시리즈를 계속 해 나가다보면 비슷비슷해지지않을까 하는 우려에 고민을 많이 하신게 아닐까 혼자 추측하고 감탄해봤네요! 
80만원짜리 마스크팩은 알차보였지만 꽝이다! 회사원a 세젤비 시리즈는 공짜지만 겁나 알차다!!",866개
4,JMH,그것을 알려드릴까 말까 ㅋㅋㅋㅋㅋㅋㅋㅋㅋㅋ아 옷까지 입은것도 너무웃김진짜,328개
5,헤엄쳐다녀,회사원님 볼때마다 타 유튜버들보다 컨텐츠 하나에 들이시는 돈과 공이 너무 큰게 느껴짐..남는게 있으실까 싶으실 정도로....항상 잘 보고 있어용 감사합니다🥰🥰,310개
6,회사원A,"그렇게 이번 영상 제작비도 100만원이 넘어버렸는데...
▼▼▼슨생님들의 클릭이 큰 도움이 됩니다▼▼▼
같이 비교 해 보시면 재밌을 지난 세젤비, 42만원짜리 겔랑 마스크팩 : https://youtu.be/vM0TdCQDYew
식염수 팩 했을 때랑 안색 비교 해 보세요 : https://youtu.be/fu2pzpLRQN4
제작비 회수를 위해 복권에 손을 대는데...: https://youtu.be/M0CxXCrLaco",652개
7,이지영,"아니 편집 미쳤냐고ㅋㅋㅋㅋㅋ갑자기 역사공부도 되고 회사원님 컨텐츠는 항상 정말 독보적이고, 질리지 않는다.  회사원님은 나의 첫 유튜브 구독을 누르게 한 크리에이터이자 아직도 영상 하나도 빠짐없이 다 보게하는 능력자이다.",240개
8,이은빛리,"9:55 
아니 이분은 진용진..??? 
아까 영상 보고 왔는데에 패러디 재밌닼ㅋㅋ",622개
9,타임밤,스위스에서 브랜드 이름에 정식적으로 국가명을 넣게 해주는 브랜드가 몇개 없다던데 그중에 스위스퍼펙션이 있다네요...,477개
10,현민,85만원.... 와.... 뿌링클이 몇 개야........ 확실히 비싼 느낌인 것 같긴 하지만 85만원이라닛 ㅜㅜㅜㅜ 아무래도 정확한 건 직접 써봐야 85만원의 가치를 느낄 수 있을 것 같긴 하네요 ㅋㅇㅋ 제가 저런 걸 써볼 날이 있을지는 모르겠다만 ㅠ0ㅠ,624개
11,none,1000원짜리도 아니고 3000원짜리를 269개라니... 3000원짜리 1일 1팩 하는 게 피부에 훨씬 좋을 듯 케이뷰티 최고다,279개
12,델리시오사,진짜 여기 콘텐츠 맛집이야 ㅜㅜ 회사원님은 진짜 대체불가인재이심...,221개
13,박소윤,9:57 아니 진용진A님..?ㅋㅌㅋㅋㅋㅋㅋㅋㅋㅋㅋㅋㅋㅋㅋ,239개
14,sunyoungpark,세상엨ㅋㅋ스위스 역사와 종교개혁까짘ㅋㅋㅋㅋㅋㅋㅋ 기대도 안하고 있었다가 훅 들어옴,194개
15,EricYoon,소프트 파워 읽어봤는데... 사이트 들어가서 ㅠㅠ 말도 안되게 캐나다가 디지털 2위인데 한국이 5위네요 (캐나다 거주중인데 진짜 개씹소리임) ㅎㅎ 저런 북미에서 나온 통계자료들 랭킹들 보면 너무 그들만의 리그인거 같아서 마음이 안좋네요...,18개
16,KPJay,드디어 스위스 퍼펙션 까지 손을 대셨군요ㅋㅋㅋㅋㅋㅋㅋㅋ 근대 고가라고 다 좋은건 아닌가봐요ㅠ 저에게도 가장 실망 스러운 브랜드 1.스위스퍼펙션 2. 라메르 3. 라프레리 였습니다ㅠ 참고로 지금 전 미샤 비폴렌 라인이 제 인생라인입니다.ㅠ 역시 본인에게 잘맞는게 제일인것!!!!!!!,90개
17,김수현,"9:54 그것을 알려드릴까 말까 ㅋㅋㅋㅋㅋㅋㅋㅋㅋㅋㅋㅋㅋ
개웃겨 ㅋㅋㅋㅋㅋㅋㅋㅋㅋㅋㅋㅋㅋㅋㅋㅋㅋ",88개
18,이현,bts 기생충 화이팅 ㅋㅋㅋㅋㅋㅋㅋㅋㅋ,33개
19,jiB,비싼 식염수팩이었다......ㄸㄹㄹ 스파랑 역사이야기까지 소소한 상식도 얻어가서 좋았어요♡,94개
20,민희야너가제일예뻐,나 진짜 회사원님 기획력에 박수를 침니다ㅜㅜㅜㅜㅜㅜㅜ 진짜진짜 회사원님 회사에 들어가구싶어요,47개
21,한노아,진짜 컨텐츠로 꽉 차 있어서 달리기 전속질주한 느낌임... 너무 좋아 다른 시조새 유튜버 다 구독 안 하도 회사원 꼭 꼭 챙겨봄 너무 좋아 ㅜ,35개
22,기원전미녀,여기가..화장품 호기심 채우려 왔다가 상식까지 채운다는 그 채널인가요?,50개
23,가윤,5:59 ㅋㅋㅋㅋㅋ갑자기 bts 기생충화이팅💁‍♀️ㅋㅋㅋㅋ 나만 여기서 웃었나...,67개
24,PawCat,ㅋㅋㅋ 매니저님 편지 온세상에 공개~~ 내적으로 친근해졌다,38개
25,앳플,나진짜..회사원님이 소개해주는템들 왤케재밌지?ㅋㅋㅋㅋㅋㅋ솔직히 구매욕구는 안땡기는데 대신 사준언니가 완전 내앞에서 솔직하게 이건어땟고저건어땟고 얘기해주는느낌이야ㅋㅋㅋ,29개
26,DuyeolYoon,저렇게 번거로운 과정이 너무 싫어요 ㅋㅋㅋ누가 해주는게 아닌 이상 저렇게 해야할 필요가 있나 싶은 ㅋㅋㅋㅋ,24개
27,이지은,9:56 갑자기?ㅋㅋㅋㅋㅋㅋㅋㅋㅋㅋㅋ앜ㅋㅋㅋ,35개
28,나연,와 언제쯤 저런거 한번 써보려나 ..,26개
29,SPADU2스파두이,"와우!!!!!!
결과는 짐작하고 있었지만
이런 내용 알찬 영상이 만들어질 줄이야~
역시........회사원님은 프로👍👍👍
세심하게 준비하신 만큼 어떤 영상보다도 재미난 영상이 탄생 되었네요~~
아주 작은 도움이라도 드릴 수 있어 기쁩니다.ㅎㅎㅎ
그렇게 오랜시간 만나뵈었어도 샵에서는 엄청 조용하고 진지한 모습이라 유투브에서의 회사원님 모습은
봐도봐도 새롭네요~ㅎㅎㅎ
건강 조심하시고 조만간 뵐게요!
늘 응원합니다. 😊😊😊👍",5개
30,미니한일상,6:47 칼뱅을 회사원님 채널에서 만날줄이야 ㅋㅋㅋㅋ,25개
31,레오레오,전문가ㅋㅋㅋㅋ갑분목사님ㅋㅋㅋㅋㅋㅋ 목사님은 어디서 섭외하신 거져ㅋㅋㅋㅋㅋ,40개
32,아멜리아,진용진 패러디뭐예욬ㅋㅋㅋㅋㅋㅋㅋㅋㅋㅋㅋㅋㅋㅋㅋ,23개
33,효진이,"와 이번 영상 역대급 정성이에요,,, 진짜..!! 회사원님 영상 항상 정성이 많이들어간것도 보이고 재미있어서 항상 잘 보고 있어요 !",28개
34,조혜선,회사원님이 영상하나에 쏟는 정성이 어마어마한게 너무너무 잘 느껴지는 영상이에요♡♡,31개
35,김뫄뫄,9:53 레전드,32개
36,Diena,얼..마를 쓰신거에여 ㄷㄷ 근데 홍조가 확 줄어드신게 보이네요 ㅇㅅㅇ,18개
37,탐라는제주감귤,와 영상 이거 하나 만드려고 돈얼마나쓴거지...,15개
38,이정윤,"와 근데 진짜 영상 1개의 퀄리티가..,👍",13개
39,김근영,회사원님 롯데 잠실점에  돌체앤가바나 뷰티도 입점했든데  돌체앤가바나 화장품으로 리뷰 부탁드려요  케이스는 이뻐서  사고싶은데 검증된것이  없어서..,10개
40,NanaNa,9:52 에서 회사원님이 갔다오겠다고 말하시자마자 나온 광고에서 갑지기 잘가라고 해서 깜놀ㅋㅋㅋㅋ,8개
41,장국영,누나! 파란 배경에서 찍으실때 끊어서 이어 편집하시는게 뒤에 배경에서 플리커가 넘 많이 보여서 이어서 편집하신게 눈이 조금 아프네요 ㅠㅠ 혹시 몰라 말씀드려요 마스크팩 이번에도 신기한거 리뷰해 주셔서 감사합니다💕,2개
42,JisuKim,"요즘 뷰티 영상 손이 안가서 안보고 있는데 유일하게 아직 보고 있는게 회사원님 영상...! 
영상에 고민을 많이 하신 흔적들이 보여요ㅠㅜ
이번 영상도 재밌게 봤습니다💙",26개
43,나만없어동물의숲,언니..점점 피부가 꿀피부가 되시는것같습니다!.!..!!,28개
44,LisaKim,이번영상킬포가 몇개얔ㅋㅋㅋㅋㅋㅋㅋㅋㅋㅋㅋㅋㅋ아니 스위스퍼펙션스파갔다는거부터도 놀랐는데ㅋㅋㅋㅋㅋㅋ그것을알려드릴까말까는뭐람ㅋㅌㅋㅋㅋ,8개
45,민쨩MinJjyang,9:57 크하핳,8개
46,김예빈,목사님한테 질문할때 안경메이크업 튜토리얼좀 해주세요... 매우지적이면서 사랑스러운 느낌 뿜뿜...,11개
47,JYKim,와 서비스 봐...;;;손편지에 상품 소개...,6개
48,들냥,아 진용진 뭐옄ㅋㅋㅋㅋㅋㅋㅋㅋㅋㅋㅋㅋㅋㅋㅋㅋㅋㅋㅋㅋㅋㅋㅋㅋㅋㅋㅋ 너무웃곀ㅋㅋㅋ,8개
49,송인간,언니 언니 비싼 곳에서 살때 언니가 사지 마시고 언니 직원들이 사오셨으면 좋겠어요 아무래도 언니가 유명인이니까 브랜드에서 더 주는 것도 있지 않을까요??실제 그 브랜드에서 구매자들에게 해주는 서비스가 궁금해용..,2개
50,접녀주,수분 88퍼센트 보고 진짜 깜짝 놀랐는데 아무 것도 아니였구나...,4개
51,혜린,회사원님 말씀도 너무 조리있게 잘하시고 영상 밀도가 남다르시다ㄷㄷ 아주 꽉꽉 차있는게 느껴짐ㅠㅠㅠㅠ 언니 사릉해요 이번 영상두 재밌었어요,10개
52,s2삐삐엄마,영상 3개 본 기분... 정말 알차다ㅋㅋㅋㅋ,7개
53,soangjiun,회사원님 팩 리뷰하실때 누워서 제대로 팩 하시고 설명은 나중애 하시면 안되나요? 앉아서 팩하면서 말까지 하니까 팩부분 자꾸 떨어지고 효과를 100퍼 못느낄거 같아서요,0개
54,신은정,ㅋㅋㅋㅋ진용진 따라하고 웃는 거 너무 구ㅣ여워요ㅋㅋㅋㅋㅋㅋㅋㅋㅋㅋㅋㅋ,6개
55,몽실,"어우 갑자기 진용진님이 변신하신줄ㅋㅋㄱㅋ
패러디 넘재미있어요❤❤",2개
56,얍얍얍,아니 센텀ㅋㅋㅋ 센텀신세계백화점에서 근무하고 있는데 매니저님 얼굴을 알 것 같은 이 기분,1개
57,,거의 형이 왜 거기서 나와 급인데,8개
58,ovo잇힝,영상 기획력 무엇...내용 탄탄하고 볼맛난다 근데 돈 많이 들이셨네ㅜㅠ,8개
59,송소로송송,"재밌는 팩 리뷰를 보러왔는데 지식까지 떠먹여준다...
역시 회사원님 영상 쵝오...😍",3개
60,해사랑,아니... 스파가 있다고 해서 아 곧 가시겠구나 영상 또 올라오겠거니 했는데 한 영상 안에 전부 다 하실줄은 몰랐죠.......... ㅠㅠ 좋아요 너무좋아요 !!!,3개
61,듕귤,영상 ...단순히 팩만 하눈게 아니고 너무너무 유익햌ㅋ큐ㅠㅠㅋㅋㅋㅋㅋㅋㅋ 회사원 너무좋아악!!!!!!!!!,3개
62,은샘이는핑크곤듀,근데 진짜 회사원님은 영상에서 부터 노력과 공이 느껴진다.....이래서 회사원님이 좋아...,4개
63,바나나빠따,ㅗㅜㅑㅗㅜㅑ 3천원 짜리 마스크 팩도 나한텐 비싼데 그걸 2백 몆장이나 ㅠㅠㅠㅠㅠㅠ,7개
64,박주은,진용진님 패러디 재밌어요ㅋㅋㄱㅋ공감대가 생긴 기분,5개
65,신호수,재밌다 ㅋㅋㅋㅋㅋㅋㅋㅋㅋ진용진씨 따라하니깐 너무 재밌다 ㅎㅎㅎㅎㅎㅎㅎ,2개
66,새솜,와 16분을 위해서... 당신은 대체...,3개
67,아크,남자지만 회사원님 컨텐츠들은 신선하고 재미있게 잘보고있어요 내가 구독하는 뷰티유튜버,15개
68,민박,와...진짜 알찬영상이었다ㅋㅋㅋㅋㅋㅋㅋㅋㅋ,4개
69,루혜루,언니 팩하나로 이렇게 노력해서 영상하나 만드니깐 광고 끝까지 볼께요,3개
70,우유,회사원님은 항상 영상보면 모르던 것을 알게되러 재미도있고 지식도 쌓고 굉장히 유익해요 ㅎㅎ,2개
71,러브,15:14 오른쪽 하단 회사원님 미니미 귀엽ㅋㅋㅋㅋ,1개
72,이호,회사원님 !!! 동네피부미용실 고르는 기준?! 같은거.알려주시는.컨텐츠 어떨까요??,3개
73,포로리야포로리야,6:30 안경 정보 궁금해여!!,9개
74,산이와웅비왈왈티비,와...ㄷㄷ 무슨 느낌일지 궁금하긴하네여....ㅋㅋㅋ,1개
75,혠YOUTUBE,갑부이신 회사워님 매번 사서고생하시네요ㅠㅠㅠ콘텐츠를 위하여!!ㅠㅠ화이팅!!!,2개
76,정,진용진Aㅋㅋㅋㅋㅋㅋㅋㅋㅋㅋ,12개
77,bohyekang,편집진짜 재밌어요~ 글구 와이셔츠랑 타이 뚱범님꺼 아닌가요?ㅋ,2개
78,,9:55 ㅋㅋㅋㅋㅋㅋㅋㅋㅋㅋㅋ 진용진 침투력,2개
79,천서연,이런 게 프로유튜바의 정신bb 끼야❤,2개
80,김보라,회사원님 진용진님 패러디 한건가요? ㅋㅋㅋㅋㅋㅋㅋ,2개
81,BianBa,뷰티유튜버영상에서 역사를 다루는거 처음봤다....유익한 영상이야👍👍,15개
82,chloe,이번 영상 진짜 정성 쏟으신거 완전 티나요 대박ㅠㅠ 역시 컨텐츠장인👏👏,1개
83,김춘자,9:54 하 ㅠㅠ 너무 귀여우셔 ㅠㅠ 이번 영상 최고에요 진짜 ㅠㅠ,0개
84,정채원,요즘 예전보다 더 재미있어요 ㅋㅋㅋㅋㅋㅋㅋㅋㅋㅋㅋㅋㅋ,4개
85,서희원,12:48 흑 이런 알찬 영상 너무너무 좋은데 스파영상 보는 낙으로 사는 1인은 스파영상이 없어 아쉬워 웁니다ㅜㅜ 스파 예약했다 하셨을 때 진짜 실천력 짱이다 아싸 스파영상 쥬아 속으로 이랬거든요...😂,0개
86,전지현,"언니 언제나 많은 정보 주셔서 감사합니다! 
ㅎㅎㅎㅎ",3개
87,상추,와 진짜 모든 꿀팁을 다 알려주시다니... 너무 존경해요,1개
88,HyeRimAn,확실히 회사원언니가 컨텐츠를 잘 만드는 능력이 뛰어나셔용,1개
89,아잉,"와아 언니!!오늘도 플렉스 씨게 하셨네융💗
ㅋㅋㅋ근데 진용진님 패러디 너무 귀여워요ㅠ😻",0개
90,dbdl,화면에 검은 줄 너무 신경쓰이는....,2개
91,제가고추도작은주제에대들어보자면,회사원님 이번 영상 완전 재밌어요 ㅋㅋ큐전 중간에 소소하게 알려주는 상식들이 너무 영양가 듬뿍이러고 느꼈어요,2개
92,piojia,진짜영상 공들여 만드신드슈ㅠㅠ 감사해요,2개
93,댕잉잉,용진님 이랑 콜라보도 한번 ☆☆☆☆☆☆☆,3개
94,moodde,이전 영상 플리커 현상이 너무 심하네요ㅜㅜ 촬영팀 신경써주세요 너무 심해요 ㅜㅜㅜㅜ,0개
95,박경태,"늘 느끼는건데 저만 그렇게 생각한지는 모르겠지만,언니는 옷 진짜 잘 입으시는거 같아요..;되게 센스 좋으시고 귀걸이랑 헤 어도 매치 잘하시는 듯!그리고 또 한 몫 네일!!!부러워요♥",9개
96,성이름,ㅋㅋㅋㅋㅋㅋㅋㅋㅋㅋㅋㅋㅋㅋㅋ언니 저 울어요...ㅜ 갑자기 그것을 알려드릴까 말까 ㅋㅋ큐ㅜㅜㅜㅜㅜㅠㅠㅠㅠㅋㅋㅋㅋㅋㅋㅋㅋ,1개
97,jangc,앜ㅋㅋㅋㅋㅋㅋㅋㅋㅋㅋㅋㅋㅋㅋㅋㅋㅋㅋㅋㅋㅋㅋㅋㅋ그것을 알려드릴까 말까ㅋㅋㅋㅋㅋㅋㅋㅋㅋㅋㅋ한 영상에 몇개의 컨텐츠가 있는거에요 언니 진짜 최고❤️,0개
98,Jinha,ㅋㅋㅋㅋㅋ회사원님 자른 조각 붙인게 왤케 콧수염 같죵?? ㅋㅋㅋ 아 귀여우셔용💕,0개
99,국물속미역,진용진님 특출인㉮ 했네ㅋㅎㅋㅎㅋㅋㅋㅋㅋ 자세히보니 회사원님이라̆̈ 현웃개터졌넼ㅎㅋㅎㅋㅎㅎㅋㅎㅋㅎㅋㅎㅋㅎㅋㅎㅋㅋㅋㅋㅋㅋㅋㅋ,1개
100,서연,ㅜㅜㅜㅡㅅㅂㅜㅜㅠㅜㅡ뜬금포로 터짐ㅜㅜㅠㅜㅜㅜㅜㅜㅜㅜㅜ진용진 뭐이뮤ㅡㅜㅜㅋㄱㅋㅋㄱㅋㄱㄱㅋㅋㅋㄱㅋㄱㅋ,0개
101,DY,2:13 오이하니까 엔시티 생각난다 ㅋㅋㅋㅋㅋㅋㅋㅋㅋㅋㅋㅋ,0개
102,무지개별빛,어머 발렌티노에 이어서 에르메스 립스틱인가요? 과연 이번에는 얼마나 좋을지 궁금 ㅎㅎ,2개
103,해류,언니 진짜... 이번 영상 레전드로 알찬거 같아요ㅠ 최고존엄뷰티교양핫크리에이터 갓사원a 찬양해...,0개
104,꺄륵,비싼 마스크팩 보자마자 문지르는거랑 레이스인 “그” 마스크팩밖에 생각나지 않았다.....,8개
105,성은,영상 넘 유익ㅋㅋㅋㅋㅋㅋ,0개
106,깐밥,아 편집 연출 진짜 ㅋㅋㅋㅋㅋㅋㅋㅋㅋㅋㅋㅋㅋ 넘 윳겨,0개
107,DhfwSgho,ㅇㄴㅋㅋㅋㅋㅋㅋ진용진ㅋㅋㅋㅋㅋㅋㅋㅋㅋㅋㅋ 뭔데 찰떡이냐곸ㅋㅋㅋㅋㅋㅋㅋㅋㅋㅋㅋㅋㅋㅋㅋ,1개
108,이갈,아니 무슨 영상 하나가 이렇게 알차,1개
109,혜지는시간Sunset,몇 뿌링 없어서 서운하신 분들 있으신가요..? ㅋㅋ 전 뿌링을 기대했눈데 ㅠㅠ,2개
110,Mintluvu,오늘 영상 정말 유익하고 재밌네욬ㅋㅋ회사원님의 특유의 센스있는 컨텐츠들과 유머가 가장 큰 매력인듯해요 단 한편도 대충 올리지않는 느낌 ㅠ 오늘도 마지막까지 재밌게 잘 봤습니다 ♡,0개
111,Naonly나온리,세젤비 마스크 보러왔는데 칼뱅까지 나오네요 ㄷㄷ,6개
112,null,"진짜 영상 하나에 컨텐츠가 몇개야 ㅋㅋㅋㅋ 이래서 회사원님 영상은 폰으로 안 보고 노트북 켜서 큰 화면으로 꼼꼼하게 봅니다^^,,",0개
113,초코우유,그것을 알려드림 패러디 한거에요? ㅋㅋㅋㅋ재밌다,2개
114,이윤서,아 뭐야 폭빠져서 3번은 돌려보고있었는데 올린지 얼마 안되셨었어,1개
115,치와와밤비순둥이,회사원님 다른 영상은 괜찮은데 왜 이 영상에선 스튜디오 배경에서 검은 줄이 여러개 나올까요~??ㅠㅠ,1개
116,해바라기,언니 영앤리치프리티 다 해 ㅜㅜ,1개
117,이아영,두시간코스 진짜 좋아요..,1개
118,연지,뭔가 공짜 강의 듣는 느낌이에요 ㅋㅋㅋㅋ,1개
119,,역시 항상 무료로 보기 아까운 컨텐츠 올려주셔서 감사해요,1개
120,UNICORNzz,ㅋㅋㅋㅋㅋㅋ 최용진님 화이팅!,0개
121,하이루,분명 팩 리뷰영상을 봤는데 역사공부까지 한 이 기분,0개
122,수정이,언니...ㅠㅜㅜㅜㅜㅜㅜㅡ 완전 이뻐여 ㅜㅜㅜㅜㅜㅜㅜㅜㅜ으애ㅓㅓㅓㅓㅓㅓㅓㅕㅓㅓㅓㅓㅔㅓㆍ,0개
123,헐랭이,뭔가 열심히 공부한 느낌이에욬ㅋㅋㅋ,0개
124,쇼미,팩538.3장ㅎㅎ 2년치 쏟아부으셨다 ㅋㅋㅋㅋ,0개
125,김총총,아 근데 사용하기 너무 귀찮은거 같아요 ㅋㅋㅋㅋㅋ 마스크팩은 귀찮을날 그냥 붙히는건데 ㅋㅋ 비싼몸이라 손이많이가네요 ㅋㅋㅋ,0개
126,녕칠,패러디 뭔데ㅋㅈㅋ ㅋㅋㅋ,0개
127,루혜루,언니 팩하나 하는데 굉장이 교욱적이야,2개
128,Seol예지,ㅋㅋㅋㅋㅋㅋㅌ회사원님... 영상하나에 얼마를 쓰신거에요오오오!!ㅠㅠㅠ 그래도 잘봤어욤...ㅠㅠ,0개
129,정민,와 오늘 언니 150만원...,1개
130,알프스소년,저번 마스크 리뷰 진짜 겁나 웃겨서 광대뼈에 담온것같아서 회사원 마스크라뷰라길래 바로 들어옴,0개
131,초기공tv초등학생의기초공부법,이백장 살 수 있는 금액!!! ㅋㅋㅋㅋ,0개
132,배소네,ㅋㅋ ㅋ ㅋㅋㅋㅋㅋ언니 왜 진용진 패러디하세욬ㅋㅋㅋㅋ,0개
133,체리,갔다오겠습니다 ㅋㅋㅋㅋ 아 언니 너무 조허ㅏ,0개
134,윤수빈,언니 정말 영상에 신경 많이 쓰신게 느껴지네요ㅜㅜㅜ💕👍,1개
135,NazzangHLK,회사원님 뿌링클환산 해주세욬ㅋㅋㅋ,0개
136,마지,컨텐츠가 너무 좋아요ㅠㅠ 중간중간 알려주시는 것도 흥미롭고 재밌어요 회사원님 최고~! ୧(๑•̀_•́๑)୨,0개
137,쭌이,패러디에 이마 한 번 탁 치고 갑니다 ㅋㅋㅋㅋㅋ 역시 회사원님 ㅋㅋㅋㅋ 그리고.. 수분측정기 구매하러 갑니댜...총총 이상한 거에 꽂힘..,0개
138,JinBHan,"항상 정성을 담은 영상 업로드 감사합니다.💕💕
영상 업로드 되는 날만 눈뜨고 기다려요
힘내시고 좋은 날 가득하세요 !! 응원합니다😀",0개
139,수현,ㅠㅠㅠㅠㅠ너무 비싸다,0개
140,copybara,ㅋㅋㅋㅋ이와중에 소프트파워랭킹 중국은 없엌ㅋㅋㅋ,0개
141,챔챔,ㅋㅋㅋㅋㅋ오늘 영상 엄청 재밌고 유익하네요,0개
142,뚜루뚜루뚜뚜,비싼 팩보러왔다가 공부하고가요..컨텐츠마다 배울게많어 컷트빼고 ㅠㅠ,1개
143,타조먼지털이,02:10 싸게 샀어도 80만원 이지롱~,0개
144,김예슬,진용진님 ㅋㅋㅋ이게ㅋ 뭐얔ㅋㅋㅋㅋㅋㅋㅋㅋㅋㅋㅋㅋㅋㅋ,0개
145,송콜라,와 회사원님 채놀에서 진용진님 패러디를 볼줄이야ㅠㅠㅠㅠㅠㅋㅋㅋㅋㅋㅋㅋㅋㅋㅋㅋㅋㅋㅋ,0개
146,그리나예,"진짜 비싸다ㅡㅡ 난 내가 좋아하고 효과 많이 본 제니피끄마스크팩이나 써야겠다
혹시나하고 봤는데ㅎㅎ 못벗나겠군ㅋ",0개
147,MinK,"으아니 이건 시청료 내고 봐야할 수준의 꽉 찬 영상인데요!! 넘나 알차다.
겔랑부터해서 관련 영상들 쭉 다시 보고 올게요 ㅋㅋㅋ",0개
148,히하히호히,6:19 안경 뭔지 알 수 있을까욧?!,0개
149,07구찬우,14:33 저런 스위스 알프스 소녀같은 옷은 어디서 구하는거죠...???,0개
150,후라보노,와 오늘 퀄리티 너무 좋은거 아니에요??? 짱짱,1개
151,히하히아,다음에는 세상에서 젤 싼마스크팩 리뷰해주세영!,1개
152,폼폼,역시 알찬 콘텐츠... 짜릿해...!!,2개
153,대마왕,영상예고편 무엇 ?! ㅋㅋㅋ 신박 !! ㅋㅋ,0개
154,YeRim,ㅋㅋㅋㅋㅋㅋ그것을알려줄까말깤ㅋㅋㅋㅋㅋㅋㅋ장담 못한뎈ㅋㅋㅋㅋ켘ㅋㅋㅋ,0개
155,끼육,진용진A 침투력ㅋㅋㅋㅋㅋ,0개
156,Agxy,회사원진용진인가요 ㅋㅋㅋㅋㅋㅋㅋㅋㅋㅋㅋㅋㅋ아 너무 웃었어요 넥타이 메고 나왔을때 ㅋㅋㅋㅋㅋㅋㅋㅋㅋㅋ,0개
157,박지구,역시 내 최애 뷰투버 회사원님 ㅜㅜ 항상 공부하고 자기만의 컨텐츠 개발에 애쓰시는 모습  너무 멋져요 쭉 응원할게요,0개
158,다섯스물,아닉ㄲㅋㅋㅋㅋㄱ용진님 ㅋㅋㄲㄱㄱㅋ보는줄,0개
159,태희,ㅋㅋㅋㅋㅋㅋㅋㅋㅋㅋㅋㅅㅂ 알려드릴까말까 개웃기다 언니 진짜,0개
