﻿,youtube_id,comment,like_num
0,구구콘,아주 작은 집에서 부터 둘이 시작한걸로 아는데 정말 둘이 알뜰살뜰 모아서 여기까지 오신거 같아요 오래오래 지금처럼 행복하세요^^,28개
1,집팔아화장품사는깡나,언니 내가 투명의자하고 어깨조물조물할테니까 거실 한켠에 놓아주세요 언니집의 한 파트가 되고싶습니다 (강한나 라고 발음할 때 순간 강안난줄 알고 깜놀),2개
2,선우,"작은 원룸에서 큰 펜트하우스까지 함께 하시다보니 두 분의 감회가 새로우시겠네요..!
집 소개 영상 완전
기다리고 있을게요! ㅎ",19개
3,멜로디,엄청 작은 집에서 이렇게 큰 집으로 이사한거 보니 성공했다는 표현도 맞지만 진짜 엄청 노력하셨구나가 느껴져서 뭔가 한편으로 울컥했네요 축하드려요 2020년에는 작년처럼 큰 스트레스 받지 않았으면 좋겠어요,613개
4,떄지,그동안 언니 표정중 가장 신난 표정 ㅋㅋㅋㅋㅋㅋㅋㅋㅋㅋㅋㅋㅋㅋㅋㅋㅋㅋㅋㅋㅋㅋㅋㅋㅋㅋㅋㅋㅋㅋㅋㅋㅋㅋㅋㅋㅋㅋㅋㅋㅋㅋㅋㅋㅋㅋㅋㅋㅋ,27개
5,채채ChaeChae,"와,, 언니 성공의 아이콘💓",394개
6,소이,한동안 영상이 이거 이후로 안올라오네요ㅠㅠ 언니 빨리 다음영상 보고싶은데 무슨일이 있는진 모르겠지만 얼른 와줘요♡♡♡ 기다리고있을게요,51개
7,허허,집이 얼마나 넓으면.... 목소리가 울려... 저도 나중에 저런 집에서 살고싶네요ㅠㅠ,644개
8,로제레타,언니? 동영상 올라올때가 지났어..?...ㅠ,45개
9,8282,나만 그런진 모르겠지만 왜 이렇게 송가인 닮으신거 같지...,44개
10,빗방울이뚝뚝뚝뚝떨어지는날에는,"쨤언니ㅜㅜㅜ한달동안 맨날맨날 영상올라왔는지
확인하면서 기다리다가 너무 걱정되서 댓글써요오 ㅜㅜ
혹시 어디 아프신건아니죠 ㅠㅠ,??
저 진짜 언니 없이 못살아여ㅜㅜㅜㅡㅜㅜㅡ
언니 꼭 건강하시구 ! 이사해서 정리하느라 못 올리고 있으신 걸로 생각하고 있을게요 
얼른 돌아오세요 ㅠㅡㅜ",58개
11,아공vlog,원룸 꽉찰만큼 맥시멀라이프였는데 이번 집은 너무 넓어서 강제 미니멀라이프 되겠어욤ㅋㅋㅋㅋ 막 채우지말고 비우며살아요 언니이 ㅋㅋㅋ!!! 넓게넓게!!!,197개
12,아비룽,이사하고 인테리어 하느라 바쁘신건가요???ㅜㅜ 왜 영상 안올려요ㅠ 괜히 걱정되게....,23개
13,류,쨔미님..이사를 한달째 하시는건가요ㅠㅠ언제 영상올릴건가요..,14개
14,김정우처도리,언니ㅠㅠ 구독자줄어들어서 영상 안올리시는건가용ㅠㅠ 구독자 없어도 짜미언니 기다리는 사람들은 많으니깐 힘내세용.. 사랑합니당 지금까지도 이렇게 너무 성공했고 잘달려오셨어요💗💗,24개
15,디즈니SEA,이런 자랑 영상도 사랑스럽게 보이는 이유는 윤쨔미님의 늘 감사할 줄 알고 겸손한 바른 인성과 타고난 귀여움과 발랄함 때문이 아닌가 싶습니다 좋은 집으로 이사가신거 정말 축하드려요! 늘 지금처럼 밝은 모습으로 영상보는 우리에게 행복을 나눠주세요~♥,170개
16,채채ChaeChae,첫째도 없는데 뭔 둘쨐ㅋㅋㅋㅋㅌㅋㅋㅋ귀여우심,100개
17,빌보드로가자,커뮤니티 글이라도 써주세요.. 무슨 일 있나요,10개
18,수댕,언니 진짜 유튜브 시작할 때부터 봤는데 이렇게 완전 큰 펜트하우스로 이사가긴 거 보면 내가 언니 키운 거 같구.. 웅... 그래.. 언니 사랑해 담엔 건물주 됏다구 영상 기대할게..,43개
19,김도연,"언니 진짜 대박 무슨 집이 저렇게 넓어 ㅠㅠ 진짜 성공했네요 언니 최고입니다 집에서 술래잡기해조도 안잡히겠어요,,,",70개
20,우왕,"이 분 왤케 신나셨어ㅋㅋㄱㄱㅋㄱㅋㄱㅋㄱㅋㅋㄱㅋㄱㄱㅋㄱㅋㄱㅋㄱㅋㄱㅋㄱㅋㄱㅋㄱㅋㄱㅋㄷㅋㄱㅋㅋㄱㅋㅋㅋㅋ
엄청 귀여우시다ㅋㄱㅋㄱㅋㄱㅋㄱㅋㄱㅋㄱㅋㄱㄱㅋㅋㅋㅋㅋㅋㅋㅋㅋㅋㅋㅋㅋ보는 나까지 웃게된다ㅋㅋㄱㄱㅋㄱㅋㅋㅋ",70개
21,서이3개월전,언니 왜 구독자수가 2만명이나 줄은 거에요 ㅠㅠ 영상도 한달째 안올라오고...,8개
22,이정민,"언니 왜 영상이 안올라오는거죠...? 많이 바쁘신가요,,?ㅠㅠㅠㅠ 보고싶습ㅂ니당ㅠㅜ(´°̥̥̥̥̥̥̥̥ω°̥̥̥̥̥̥̥̥｀)",8개
23,박기연,집에 해바라기 사진이 있으면 돈이 들어온대여ㅋㅋㅋㅋㅋㅋ해바라기 사진은 냄겨두세여🌻,39개
24,JK,언니 왤케 걱정돼게 영상 안올려요ㅠㅠ,6개
25,,현관에서 주방으로 바로 연결되있는 집 구해줘홈즈에서 보고 되게 유용하다고 생각했는데 윤쨔미님 집에 그런 공간이 있다니😭😭,36개
26,뚜루르뚭,썸넬 보고 송가인이 유튜브 연줄 알고 놀래서 들어왔네 ㅋ ㅋ ㅋ ㅋㅋㅋ,13개
27,채채ChaeChae,와 언니 저 수납장에 재워주세요(?),36개
28,찌혜냠,왜이제 영상 안올려요??,7개
29,이채은,혹시 구독자 때문에 걱정되고 부담되서 영상 안 올리는거 아니죠? ㅠㅠ,5개
30,주연찡,윤짜미님ㅜ보고싶어오,4개
31,최민기와최당긴기,"와우ㅜ,, 언니는 정말 내 롤모델,, 윤쨔미님 나이대에 이런집에서 살 수 있다는 것 자체 정말 대단하신거,, 부러버요😍😍",11개
32,유키는곤듀,언냐 ㅠ 영상이 안올라오네용ㅠ 무슨일인진 모르겠지만 걱정되니까 빨리와줘여,5개
33,07한별,왜 요즘 영상 안 올리지 ㅠㅜㅜ,3개
34,물음표,집꾸미는 영상이 너무 기대기대 되요 ㅠㅠ 이사축하드리고 눈팅마놔다가 댓글을 써보네요 ㅠ 축하드려욥...ㅠㅠㅠ,25개
35,큐영QYOUNG,"ㅋㅋㅋㅋ 누나 추카해요ㅋㅋㅋ 
큐영이 초대해줄거죠?????❤️",4개
36,세빈,"언니ㅜㅜ 잘 지내시는거죠?
근황이라도 남겨주세요. .",4개
37,,6:05  ㅋㅋㅋㅋㅋ몸친구 ㅋㅋㅋㅋㅋㅋㅋㅋ,5개
38,김예빈,5:16 그럼 신발장은 10칸이 아닌건가여??ㅋㅋㅋㅋㅋㅋㅋㅋㅋㅋㅋㅋㅋㅋ,10개
39,민주,왜 내가 이사한거마냥 기분이 좋냐 ㅋㅋㄱㅋㄱㅋㄱㅋㅋㄱㄱㅋㄱㅋ,11개
40,PLR,와...진짜 돈 많이 버시넹,4개
41,먕치,언니 2주에 한번씩 언니 영상기다리는 맛에사는데 3주야 벌써 .. 몇일전에 2019년 잘샀다템에서 우는거 보구 계속 맘에 걸리더라 .. 보구싶어 정말,4개
42,듬아,언제 놀러갈까염 ㅋㅋㅋㅋㅋ!!!!,3개
43,다찟,언니 오늘 텐션장난아니다ㅋㅋㅋㅋㅋㅋㅋ좋은 집에서 행복하게 사세용~~~~,14개
44,보험회사불러,6:13 언니 이 집은 조명만 문제인 거 같네용...,10개
45,현이,썸넬 부터 ㅋㅋㅋ 언니가 신난모습을 알수있..ㅋㅋㅋㅋ 너무 귀엽다구용❤,3개
46,손은총,언니 보고싶어요 ㅠㅠ 언제와요,5개
47,소영,진짜 옛날 스타킹때부터 지금까지 쭉 봐온 사람으로써 너무 열심히 사셨고 수고 많으셨다고 말해드리고 싶어요ㅠㅠ 왜 제가 더 감동이죠.. 영상 안빼고 잘보고있어요 진짜 언니 너무 쨔랑해요❤️❤️ 앞으로도 더 좋은 영상 많이 올려주시고 너무 힘들지 말고 새로 이사간 집에서 더 좋은 추억만들고 오래오래 행복했으면 좋겠어요❤️,20개
48,샤랄라0220,이 언니는 갈수록 이뻐지네,4개
49,승리,근데이영상이벌써1개월전..언니언제와요?ㅠㅠ,3개
50,뚜밍,우리 언니 성공했다!!!!! 언니 집소개하는데 너무 행복해보여서 좋아요!!!,354개
51,세빈,언니니니ㅣㅣㅣ  영상 언제 올라와요요우ㅜㅜ,4개
52,반채윤,언니구독자 일만 줄었어요,6개
53,밍소MingsoEatingShow,언니 영상이 처음부터 끝까지 시끌시끌ㅋㅋㅋㅋ 너무 유쾌한 거 아니에유?! 저 세상텐션ㅋㅋㅋㅋ👍👍 지루하지 않아서 넘 좋아용,3개
54,쥐돌이,두분 너무 사랑의 불시착 첫째 오빠 부부같아욬ㅋㅋㅋㅋㅋ 너무 쿵짝이 잘맞으셔ㅋㅋㅋㅋ,3개
55,김동인,집 안에 해바라기 그림이 있으면 돈이 들어온다 라는 속설이 있어요. 단순한 미신이기는 하지만 윤짜미님 앞으로도 대박나시고 돈 팍팍 버시면 좋겠어요~~!!,179개
56,하얀백지,"언니 영상 보구 싶은데...요즘 업로드 안해서 시무룩,,",11개
57,텔메,언니 기다리면서 예전 영상까지 한 번씩 다 돌려보고 온 쨔쉭입니다ㅠㅠ 제발... 새 영상 올려줘요..... 현기증 나요..,3개
58,rm0505,아 진짜 윤쨔미님 방송 초딩때 보다가 최근에 다시 보는데 쨔미님 이렇게 성공하시는 모습 보니깐 너무 좋고 행복해요 ㅠㅠ 누구보다 열심히 하신 쨔미님 앞으로도 지금처럼 행복하셨으면 좋겠습니당 ❤️❤️,4개
59,뽈롤로로,썸네일 배경 합성인줄알았는데 진짜였다ㄴㅣ..,3개
60,지윤,언니 기뻐하는 거 보니까 더 성공했음 좋겠다ㅠㅠㅠㅠㅠ너무 좋아보여ㅠㅠㅠㅠ행복해,2개
61,쉬프트키,"스타킹과 첫영상부터 함께한 쨔식으로써 보는 내내 감동적이였어요오ㅠㅠㅠㅠㅠㅠㅠㅠㅠ
쨔미님 신혼집사진보고 정말 노력먾이 하셨고 잘돼서 너무 기쁘고 그래요ㅠㅠㅠㅠㅠㅠ 세상 주책이다ㅜㅠㅠㅠㅠㅠㅠㅠ
항상 응원하고있어요!!! 윤쨔미♡오빵빵 팟팅ㅇ!!!",3개
62,여행가는모도리TravelerModori,진짜 '나 행복함!!'이 영상에서 뿜어져 나온닼ㅋㅋㅋㅋ,2개
63,어쩌라고,와 존나부럽다 ㅠㅠㅠㅠ 진짜 돈 많이 버셨나부다.. 하긴 구독자가 몇명인데;; 축하드려용 윤쨔미님♡♡,1개
64,김예삐,이사하신거 축하드려요 ㅠㅠㅠㅠ 진짜 행복해보이세요 😘😘 앞으로 이사 한 집에서 좋은 일만 가득하세요 !! ❤️,197개
65,민채Minchae,와...진짜 꿈의 집이다...내가 이런 집에서 사는 상상을 했는데 와... 상상만해도 겁나 날아갈거 같아요ㅠㅠㅠ,1개
66,칸쵸,언니 신나서 방방뛰는 어린아이같아ㅠㅠ너무 순수하고 귀엽다구우ㅜㅜㅜ보는내가 다 행복해지는 이거 뭐야뭐얌~~~,23개
67,예리rladPfl,힘들 때마다 언니 영상보면 워낙 텐션이 높으셔서 기분이 좋아져요 :) 힘내세요!!!,17개
68,핑쿠핑쿠,윤쨔미님 영상 언제 올라오나용ㅜㅜㅜ기다리고있는뎅ㅜㅜㅠ,3개
69,병맛다영,언니 언제와여ㅜㅜ 얼른와요 기다릴게요.ㅜ,3개
70,침치미,아 진짜 언니 저세상 텐션 사랑해요 너무 좋아 ㅋㅋㅋㅌㄲㅋㅋㅋㅋㅋ 언니 집 다 꾸미면 바로 달려올게요 ㅠ 존버탑니다💜,1개
71,윤총총chongchong,3:18 ㅋㅋㅋㅋㅋㅋㅋㅋㅋㅋㅋ해에봐롸귀잌ㅋㅋㅋㅋㅋㅋㅋㅋㅋㅋㅋㅋㅋ 행복하세오 언니!♡,0개
72,하지만이겨냅니다태빡이죠,우오ㅓㅇ 짜미님 남편분 방이 우리집 거실급인데ㅋㅋㅋㅋㅋㅋㅋㅋㅋㅋㅋㅋ좋은집으로 이사한거 축하드려용💓,1개
73,김수연,언니 은제 와야...ㅠㅠㅠㅠ 언제 에너지 줘요..?ㅠㅠㅠㅠ,2개
74,곽두팔,우런니 ㅜㅜ ㅜㅜㅜ 진짜 행복해서 텐션 높으니까 너무 좋다ㅜㅜ 언니 수고많았어요 늘 행복해요♥️♥️,0개
75,07강선희,"ㅋㅋㅋㅋㅋㅋ언니 똥꼬발랄한 성격 너무죠앜ㅋㅋㅋㅋㅋㅋㅋ 
ㅋㅋㅋㅋㅋㅋㅋㅋㅋㅋㅋㅋㅋㅋ",1개
76,냥냥,2배속으로 보니까 이 언니 신난 거 너무 귀여웤ㅋㅋㅋㅋㅋㅋㅋㅋ,0개
77,김민지,"헐ㅠㅠㅠㅠㅠㅠ 쨔미님 집들이 영상 보면서 우와 귀엽다 하던 때가 벌써 4년이 지났군요ㅠㅠㅠㅠㅠㅠ
이 영상 보면서 정말 쨔미님이랑 남편 분이 열심히 살아오셨다는 게 눈에 가득 보였습니다....!!!
영상 초반부터 보는 사람까지 행복해지는 텐션이 평소보다 훨씬 더 높은 거 보니 쨔미님 정말 열심히 사셨고 행복할 일만 남았네요🥰 쨔식들도 건강관리 잘 하면서 집들이 기다리고 있을테니까 쨔미님도 이사 한다고 너무 무리하시면서 건강 망치지 마시고 지금처럼 예쁘고 맑은 웃음 계속 보여주셨으면 좋겠어요🤍 이미 예쁜 집이 얼마나 더 예쁘게 쨔미님 스타일대로 꾸며질 지 벌써부터 너무 설레고 기대 됩니다😆 우리 항상 행복하면서 예쁘고 좋은 것만 보고 들어요🥰",1개
78,서지현,집 예뻐용^ㅇ^~,2개
79,조은서,와 진짜 좋다.. 축하해요 언니.. 넘 부러웡 ㅠㅜㅠㅜ,0개
80,정은진,진짜 역대급 텐션이닼ㅋㅋㅋㅋㅋㅋㅋㅋㅋㅋㅋㅋㅋㅋㅋㅋ,1개
81,오준멘,이사하신거 정말 축하드려용 ❤️❤️  언니 갈수록 더욱더 이뻐지시는것 같아요 ㅠㅠㅠㅠ  언니 진짜  완전 사랑해용 ❤️❤️ 언니 완전 쨔수르 같아용 부잣집 공주님 같아용 완전 🥰🥰,220개
82,cj,언니 항상 응원합니다 !! ㅜㅜㅠ 언니가 저렇게 기뻐하는건 언니의 그동안의 노력이 헛되이지않았다는걸 보여주는것같네요 ㅠㅠ 기뻐요 ㅠㅠ,12개
83,자라나라머리머리,언니...ㅜㅜㅜ 요즘 왜 계속 구독자가 주는 거에요ㅜㅜㅜ 아ㅜㅜ 슬퍼요 딘짜.....ㅜ,1개
84,나가,언니ㅠ..요즘 영상을 왜 안올려요.. ㅠ,3개
85,콩콩,으어어ㅓㅓ엉 언니 짱짱이다 내가 항상 응원할게요ㅠㅠㅠ이케 크게 될줄 난 알고있어써ㅠㅠㅠㅠㅠㅠㅠ언니 쨔랑행❤❤(그럼 집 다 꾸미고 한번더 둘러보는건감?희희),1개
86,이하연,왜 영상 안올려여....ㅠㅠ,2개
87,이유진,아규ㅠㅠ언니 오늘따라 너무귀여웡 ㅠㅠㅠ,0개
88,쏨도리,쨔미언니 언니가 쓰는 기초제품 추천해주세욤!!!,3개
89,이은혜,언니 송가인 커버 메이크업 한번만 해주심 안돼요?ㅋㅋㅋㅋ,2개
90,웅엥,언니 오늘텐션 왜이리높아 ㅋㅋㅋㄱㅋㄱㅋㄱㅋㄲㅋㅋㄱㅋㅋㄲㅋㅋ,103개
91,미애,언니 부자다 ㅠㅜ쩐다ㅜ완전 이뻐요ㅠㅠ,2개
92,윤찬비,언니 구독자 줄어들때마다 맴찢ㅜㅜ,0개
93,민,언니 진짜 짱짱‼ 엄청성공 했따ㅠ 언니 그동안 힘들게 힘들게 일한거 잊구! 앞으로 더 행복하게 쨔라용~💕👍,0개
94,너굴너굴,크 진짜 오랜시간동안 끊임없이 성장하셨군요 ㅠㅠ 멋지십니다,1개
95,소라,"저 다용도실 옆 문은 장보고 짐옮길때 엄청 유용해요!!
보통 신선식품이나 가공식품 냉동 가지고 바~~로 부엌으로ㅋㅋㅋ",128개
96,2702김연우,00:43 사진 너무 이쁘싱거 아닙니깡 언니 ㅠㅠ 🥰,0개
97,안뇽,"쨔미언늬 ㅜㅜ 너무 사랑해요잉ㅇ ㅜㅜ
흒귺끆💕
새집에서 행복하게 사세요😭😍🍎💗",1개
98,권민서,언니 진짜 축하해요ㅠㅠㅠㅠ 왜 제가 눈물이 날까요 흑흑 언니를 진짜 예전부터 본 쨔식이어서 그런가봐요ㅠㅠ 진쩌 언니 축하해여♥♥♥,1개
99,말랑우유떡WooYa,꺄 언니 짱 부러워요ㅠㅜㅜㅜㅜㅜㅜ,0개
100,jiyoung0805,언니 진짜 성공하셨네요😭😭 영상으로는 굉장히 발랄하고 흥많은 언니인데 이런 집으로 이사오는 걸 보면 진짜 성공하심❤,104개
101,지현,와 언니 진짜열심히 살앗다ㅠㅠㅠㅠ 앞으로 팬트하우스에서 항상 좋은일만 가득하길바래요! 💗,0개
102,다미,썸네일 너무 커여워요ㅋㅋㅋㅋㅋ,1개
103,선영요정,0:36 너무 사랑스럽다요언니 ㅠㅠㅠ💖,0개
104,겨울,이 언니 영상 텐션 장난 없넼ㅋㅋㅋㅋㅋㅋㅋㅋㅋㅋㅋㅋㅋㅋㅋㅋㅋㅋㅋㅋ fㅔㄴ트하우스 가신거 축하드려요🎉🎉🎉,0개
105,이레,으어.. 언니 요즘 이사 땜에 바쁜건 알겠는데 쨔식들이 2천명아 내려갔어요ㅠㅠ 인형놀이 이런거 한번 콘텐츠 만들면 좋갰어요 ㅠㅠ 으앙아 언니 보고싶다고요 ㅠㅠ 나중에 같이 인형놀이 하고싶어요 ㅠㅠ,2개
106,보라,"오늘 텐션이ㄷㄷㄷㄷㄷㄷㄷㄷ
대박ㅋㅋㅋㅋㅋㅋㅋㅋ오늘도 꿀잼이에요💜💜💜💜💜~",0개
107,IzE,언니 텐션 모르는 사람이 이영상 보면 진짜 취한줄 알겠엌ㅋㅋㅋㅋ언니 괜찮은거 맞지??,9개
108,cloudnine,와 텐션 무엇...이사하셔서 진짜 기분좋아보이세요ㅋㅋㅋㅋㅋㅋㅋ축하드립니당,0개
109,,언니가 좋아하니까 내가 다 기분이 너무 쪼음 ㅠㅠ 쨔미 언니 새집에서 더 행복하세용 ❤️❤️,0개
110,soriri,"언니 텐션이 찐이다ㅋㅋㅋㅋㅋㅋㅋ
저런 집이라면 그런 텐션 나올 수 밖에 없죠ㅋㅋㅋㅋㅋㅋㅋㅋ 새집에서 앞으로 좋은 일만 있길 바랄게요😘♥️♥️♥️",1개
111,이정윤,와 언니ㅠㅠㅠㅠ 저 초5때부터 언니영상봐왔던 고딩인데ㅠㅠㅠ우리언니 성공했다❤ 집소개영상 기대할게요ㅠㅠ👍👍,0개
112,주희,와 언니 오늘 진짜 하이텐션 ㅋㅋㅌㅎㅌㅋㄹㅋㄹㄲ,0개
113,이슬,진ㄴ짜 난 이언니 미친텐션이 너무 좋아 ㅠㅠㅠㅠ 💖💖💖,0개
114,동그라미,6:18 형광등 깜박이는 거 매우 신경쓰이네욬ㅋㅋㅋㅋ지금쯤 교체하셨으려나용?,0개
115,,언니 신난것바ㅜㅜㅌㅋㅌㅋㅋ넘귀여뉴ㅗ,0개
116,섭매또예지앞사,"영상 처음부터 끝까지 텐션 무엇 ㅋㅋㅎㅋㅎㅎㅋ
영상 마지막에 나도 같이 울뻔했어요 ㅠㅠ 고생많이했고 앞으로 더 재밌는 영상 기대할께요 !!",1개
117,오예,진짜 열심히 사셨어요ㅜㅜㅜㅜㅜㅜㅜㅜㅜㅜㅜㅜㅠㅠㅜㅜㅜㅜㅜㅜ행...복...하세..요...✨,0개
118,곽연서,언니 영상좀 올려주요ㅠ내가 언니보고싶어서 미춰부려❤,2개
119,옹별달의생활,오늘 쨔미언니 얼굴 빵떡 같애ㅋㅋㅋㅋㅋ귀엽ㅋㅋㅋㅋㅋ,0개
120,윗드,언니 저러니까 진짜 화려해보여요!! 성공하셔서 이렇게 좋은 곳으로 이사한거 보니 제가 다 뿌듯하네요 :) 랜선 집들이 영상 기다리고 있을게요 ~,1개
121,dbswldi,첫째를 건너뛴 둘째라니ㅋㅋㅋ 오빵빵이랑 알콩알콩 더 행복하시길~🎉 이거 찍고 운거 아니져! 오늘 텐션 리얼 하이하이하이🤣 랜선집들이 얼릉 보구싶쨔나-😍😍,0개
122,여원,윤짜미 언니 진짜 빨리 올테니까 윤짜미 언니 빨리 영상으로 봐요>< 저 집 꾸민거 빨리 보고 싶어요 ><,1개
123,정은인뎁,언니 입이 귀에 걸렸엉ㅋㅋㅋㅋ,0개
124,버블티조아,우리언니 성공했다ㅠㅠㅠㅠ내가 다 뿌듯해,0개
125,나연,성공했다아아아앙 쨔미언니 사랑합니다아ㅏㅇ,48개
126,GraceJ,언니 체리색몰딩 다 없애줘여 ㅋㅋㅋ ㅜㅜㅜㅜㅜ 인테리어 싹다해줘ㅠㅠㅜㅜ,0개
127,nna안r,5:31 나 웃겨서 죽어버리는줄 ㅋㅋㅋㅋㅋㅋㅋ,1개
128,Toshie,와.. 집 너무 예뻐요ㅠㅠ♥💕 집 꾸민 모습 얼릉 보고 싶네요!!,0개
129,비한,언니 너무 기여웤ㅋㅋㅋㅋㅋㅋㅋㅋㅋㅋㅋㅋㅋㅋㅋㅋㅋㅋㅋㅋㅋㅋㅋㅋㅋㅋㅋㅋㅋ,0개
130,yebinhan,"언니ㅠㅠㅠㅠ
정말 진짜 언니 잘되셔서 너무 기뻐요
일본에서 고생 많이 하셨다고 어머님 얘기하시는거 진짜 찡했는데 .. 
언니 꼭 행복하세요 !!!",0개
131,따니님평생팬,1:01우리 아파트에 있어욬ㅋㅋ,1개
132,YUNJINKIM,윤쨔미님 !!! 릴리바이레드랑 머지 반반비교 메이크업 해주세요 !!!,2개
133,천사,언니 나 이집 티비에서봣어!!! (티비프로 구해줘홈즈) 엘리베이터호출이랑 다용도실에서 현관? 나오는거 ㅎㅎ 이사한거 축축!★,2개
134,밍지구,언니 영상 언제 와여?ㅠ,2개
135,헤헿헤헤헤헤헿,진짜 엄청 축하드려요ㅜㅠ 새집에서 행복하게 지내세요오!!,1개
136,스텔스,너 이름이 뭐닠ㅋㅋㅋㅋㅋㅋㅋㄱㅋㄱㄱㄱ아..감튀먹다가 코로 나올뻔 했어용 집이 커지니까 더 작구조그미 해진 쨔미언니 창문 갯 수만큼  많은 곳에서 좋은 일들이 가득 들어오길 바래용 오늘영상도 재미있었어용 쨔랑해용,1개
137,으헉헉으,앜ㅋㅌㅋㅋㅋㅋㅋㅋㅋㅋㅋㅋㅋㅋㅋㅋㅋㅋㅋㅋㅋㅋㅋㅋㅋ아..ㅇㅌㅋㅋㅋㅋㅋㅋㅋㅋㅋㅋ너무 웃곀ㅌㅋㅌㅋ,0개
138,문소현,"썸네일ㅋㅋㅋㅋ
졸귀탱태래랭랭 
오늘 텐션쿗콧",61개
139,양승명,성공한 쨔미님...부러워...ㅠㅠ 저도 나중에 쨔미님 처럼 성공한 사람이 되고 싶어요...ㅠㅠ,0개
