﻿,youtube_id,comment,like_num
0,담이다,롬앤이랑 릴리바이레드로 반반비교 메이크업 해주세요.....!,26개
1,냐나,쨔미언니 퍼컬진단 브이로그 찍어주세욤..,638개
2,당그니,이 언니는 퍼스널컬러 진단이 시급함.... 🧐,17개
3,꺄dana륵,아 언니 맨날 옷이랑 귀걸이 헤어밴드 다 맞추시는거 넘 귀엽고 세심..💜💙,17개
4,,최악템에서 살짝식 바꾸면 최애템보다 더 예쁠것같은데.. 최애템 메이크업이 너무 덥고 답답한 오렌지오렌지브라운브라운이라서ㅠㅠ,634개
5,YUNI,최악템이 어울리는 이유는 옷이랑 헤어밴드가 보라색인데 볼터치나 화장품이 보라색이어서 아닐까 조심히 말해봅니다,197개
6,지영꿍,이 언니는 헤어밴드가 몇개나 있을까...,890개
7,안달루시아,"최악이 잘어울다고 다들 생각이드는 이유: 옷이 최악이랑 잘어울리는 라벤다 계열 쿨톤 옷, 스타일링임.",66개
8,liil,왜 다들 최악이 잘 어울린다고 하시는지.. 누가봐도 최악템은 둥둥뜨고 블러셔는 피부톤 대비 거의 하이라이트급 인데,234개
9,하이,1:16 이 화장품을 대체 어떻게 만들라고 쓴 거야??,190개
10,채엽,근데 최애템은 좀 답답한 느낌이랄까..,213개
11,내가너라면,11:53 언니 눈 점막 안 채운 게 더 예뻐요 ㅠㅠ..,161개
12,연우,언니 내 눈이 이상한가봐 최악템으로 화장한게 더 예뻐 ..,375개
13,팉티팉티,이언니는 맨날 최악템이라고 들고 와서 숨은 진주를 찾아갘ㅋㅋㅋ,172개
14,하성운당신너무치명적이야,0:27  이 부분 뭔가 중독 되네염 ...,92개
15,,언니 입생로랑 셰딩 같은거는 굳이 셰딩으로 쓰지말고 블러셔나 섀도우로 써보세요!! 저도 색이 별로인 쳐박템들 이렇게 써서 빵꾸템 된것도 있어요!!,97개
16,최리티,아무리 봐도 최악템쪽이 더 잘어울려요 ㅋㅋㅋㅋ제 눈엔 쨔미언니 아무리 봐도 쿨톤,219개
17,박지현,"옷이 쿨톤계열이라 그런지, 최악템 쪽이 핑크핑크하고 쿨하니 더 잘 받는것 같네용!",50개
18,unjiwonm,18:44 언니 혀 왜 그래? 아프지마ㅜ😭,165개
19,신이나신이나엣헴엣헴신이나,1:17 이 화장품을 도대체 어떻게 만들라고 쓴거야?,78개
20,김에스더,"왜 최악템 쓴쪽이 더 이뻐보이지,,",89개
21,민애옹,내 눈이 이상한가?? 최악에서 조금만 더 예쁘게하면 최애보다 더 괜찮아 보일 것 같은데;;,4개
22,박유림,언니 퍼스널컬러 진단해보는거 어때용..,26개
23,박효은,나중에라도 유통기한 지난거나 안쓰는제품 asmr해주세요ㅜㅜ,51개
24,민니,0:28  게속 둘러보ㅏ요ㅋㅋ,7개
25,가경안,언닝 악플 신경쓰지 말아융 ㅜ,47개
26,최수인,이게 진짜 될까 컨텐츠 다시 보고싶당...,17개
27,꾸이님,쨔미언니는 웜톤인데 쨍한색이 잘받아서 쿨톤이 이뻐보이는것 같아요! 형광웜톤반 형광쿨톤반 반반비교 메이크업 !,39개
28,장영혜,18:44 윤쨔미님..표정이 너무 무서워요....ㅠㅠㅠ,8개
29,주연,쏘미미 물미역 복구 헤어팩 한번만 후기찍어주세요... 머리카락이 개털이라 살까 생각하는데 못믿겠어서...,12개
30,리민,"윤짜미님이 얼마나 좋으면 제 꿈에 나타나서 저를 심쿵하게 만드세요오ㅜㅜ 제꿈에 나오신 유튜버는 윤짜미님이 첨인뎅용 ,,,매일매일 영상 올려주셔요 !!",203개
31,혜진인데꼽냐,"솔직히 언니좀 심해요뭐가 심하냐면






쨔무진거☆ㅋㅋㅋㅋ
(야무진거)",36개
32,휘,쨔미언니 얼매나 영상 소재 힘들게 고민하는지 영상에서 보이는거 같아요 ㅜㅜㅜㅜ 이번 영상도 최고 ❤️❤️,58개
33,날개,"제 최애템은 삐야 라스트벨벳립틴트 14호 25호였어요ㅋㅋ 가을가을한 레드에 무드가 느껴지는ㅋㅋ
최악템은 투쿨포스쿨 아트클래스 바이로댕 블러셔예요ㅠ 투쿨 쉐딩이 좋아서 블러셔도 샀는데 색은 괜찮았지만 너무 가루날림이 심해서 브러쉬로 바를수가없어요ㅠ 그래서 가루타입이지만 펌프로 바르고있어요ㅠㅠ 그것만 바르면 화장대에 붉은 가루들이ㅠㅠ",8개
34,예리rladPfl,이 영상 진짜 마약 영상이라고요ㅜ 이걸 몇 번째 보는지 모르겠어욬ㅋㅋㅋ,2개
35,꼬부기랜선집사,최애 최악 다 언니한테 잘 어울리지만 개인적으로는 최악템처럼 쿨톤이 언니 얼굴이 더 화사해보이는거 같아요☺️,19개
36,주디이,0:18 언닝ㅋㅋㅋ넘기여워영ㅋㅋㅋ,41개
37,오유진,언니 서양메이크업 vs 동양메이크업 해주세요😊❤,5개
38,헷데헤,6:35부터 40초가량 들리던 이 브금 내 알람소리여서 듣기힘들다..ㅋㅋㅋㅋㅋㅋㅋㅋㅋㅋㅋㅋㅋㅋㅋㅋㅋㅋㅋㅋㅋㅋ,5개
39,한리아,언니 후드티 모에오 너무 예쁘다🙊,10개
40,yoongi,최악템 쪽이 쿨톤템이라 화사해보이는 건 있는데 조금 떠보이네요,4개
41,슬류,저번에 오빵빵분이랑 50만원인가 그거 써서 패션쇼하던옷중 1개!!!,54개
42,김주은,"혹시 언니 INGA vs MERZY 
반반비교 어떠신가요!!
둘이 뭔가 비슷하면서 아닌듯 한 느낌-?",4개
43,팡이는귀여워,미술용 붓으로 메이크업해주세요!!,7개
44,박지혜,"아닠ㅋㅋㅋ
이거 최악템vs최애템인데
왜 퍼스널 컬러 관련 댓글이 많지?",3개
45,설갱,진짜 사용감은 케바케인것 같아유ㅠ 언니가 좋다고 한 페리페라 마스카라 저는 한 번 쓰고 안 써요...,19개
46,한동균,내가 요청 했던거당!,6개
47,최혜련,확실히 최애템쪽이 예쁘다...❤,3개
48,혜림,온도차 무엇ㅋㅋㄱㅋㅋㅋㅋㅋㅋㅋㅋ너무 웃기다ㅋㅋㄱㅋㅋ,4개
49,개복치생명보험,짜미 누나 100만 추카해!,5개
50,무쌍,0:18 너무 귀여운걸요ㅋㅋㅋㅋㅋㅋㅋㅋㅋ❤️,35개
51,타이레놀,언니 영상 예전부터 봐왔는데 댓글은 처음이네요ㅠㅠㅜㅜ 늦은걸지도 모르겠지만 100만 구독자 너무너무 축하해요!!,2개
52,초딩다니티,"언니! 오늘도 헤어밴드랑 옷 맞췄네요ㅎㅎ
오늘도 언니덕분에 힘얻어가요! 진짜 언니 영상 볼때마다 힘이 너무 나요ㅎ 벌써 2019년이 끝나가요ㅜ 하지만 언니의 베스트 워스트 볼생각에 기대! 그리고 제가 언니한테 언니라고 부르긴 좀 그렇지만






예쁘면 다 언니라고 했어요!!",7개
53,배빙구다,언니ㅠㅠㅠㅠ진짜 보고시퍼써ㅠㅠㅠㅠㅠㅠ흐규....ㅜㅠㅠ우리 쨔식들 의견 반영률 100%인 우리 언니 오날 영상도 재밌게 보고갈께❤,3개
54,최준,"최악템인데도 금손 쨩언니ㅠㅜ 최악템인데 어떻게 이렇게 이쁠 수가 있죠,,,",15개
55,김은하,신기하다 웜톤 쿨톤 반반메이크업처럼보이네용ㅋㅋㅋ,2개
56,임선영,클리오 펜슬아라 진짜 제 최애템입니다 ㅠㅠㅠ 슬픈영화 봐서 울고불고 아주그냥 빡빡 문질렀는데 아라 번짐은 하나도 없어서 거의 뭐 경악스러울 정도의 아라였습니다!! 아이라이너는 진짜 다른걸로 갈아탈 생각이 1도 없어요!! 진짜 너무 좋습니다❤❤❤,64개
57,상추,"언니 언니 진짜 언니가 꼭 에스쁘아 메이크업 해주는거 보고싶어요 언니 진짜 에스쁘아랑 릴리바이레드 반반비교 해주세요!!!!!! 진짜 언니가 에스쁘아 메이크업하는거 꼭 보고싶어요!!
오늘도 언니 진짜 이쁘네욤!!",2개
58,ARMY,언니 저22빠에요ㅠㅠㅠ 이 알람! ㅂㄷㅂㄷ쨔미언니 오늘도 여신💗💗😍😍,2개
59,엘렐렝,울언니 리액션부자야ㅋㅋ 영상 볼때마다 넘 귀엽자너❤,23개
60,한은,언니 처음에 춤추는거 진짜 지구 뿌시게 귀엽네여ㅜㅠㅠ..,0개
61,공주,언니는 둘다 너/~무 예쁘다ㅏㅏㅏ 얼굴 좀 주세여ㅕㅕ!!!!,1개
62,은하,이거 진짜 기다렸어요ㅠㅜㅠㅠㅠ 해주셔서 고마워용❤❤,0개
63,김가람,확실히 비싸다고 다 좋은게 아니구나 ㅠㅠㅠ,1개
64,Jin,1:59 흐어어어 할때 표정 너무 귀여워요ㄱㅋㅋㅋㅋㅋㄱ,0개
65,핑크빛황피치,0:32 쿄쿄쿄ㅛ쿄쿜 웨이브 ㅋㅋㅋㅋㅋㅋㅋㅋㅋㅋㅋㅌㅋㅋㅋㅋㅋㅋ 귀여우세요 ㅜㅜ,0개
66,하또,6:34 오예브ㅖ이븨•_•,14개
67,우성은나의길,언니 ㅠㅠㅠㅠㅠㅠㅠ귀여워요 ㅠㅠㅠ,0개
68,문예빈,100만명 축하해요!!!!!,4개
69,최지수,"언니 예전 메이크업과 현재 메이크업으로 반반비교 메이크업 해주세요~~
쨔랑해요❤❤❤",2개
70,야코,언니 파운데이션 집에 있는 거 섞었을 때 어떨지 힌번 해주세요 ♥♥,4개
71,9와4분의3,헐 언니 헤어밴드 어디꺼예요 너무 귀엽...ㅠㅠㅠㅠ,0개
72,선아,성격 너무 좋으셔서 친구면 너무 좋을거같아요ㅠㅠㅠ화장도 너무잘하시고 예쁘시구 ❤️,0개
73,김지민,언니 기여어여ㅠㅠ,1개
74,정정지연,언니 100만명 축하드려요ㅠㅠㅠ,1개
75,공주님,진짜 너무 기여워요 언니ㅠㅠㅠㅠㅠㅠㅠㅠ❤❤언니 영상은 항상 비타민인 것 같애요ㅠㅠㅠㅠㅠㅠ 💛💛💛,0개
76,정예원,언니 얼굴 막  쓰지마...,2개
77,동글다인,이거 너무 기다렸어요 ㅜㅜㅜ 이뻐요 언니 💖,1개
78,소영,언니후드티정보알려주세요ㅜㅜ 진짜 영상보는내내 언니랑 찰떡이라생각했아여!,0개
79,보라3649,"8:58 입생로랑 나왔을때 충격 
나올지 몰라서 충격이었어요!

자세히보기",1개
80,정수정,최악 메이크업 내 주변에 가오잡는 언니 메이크업 같앙ㅋ,6개
81,넬뽀181231,"언니 오늘 후드정보 시급해요ㅠㅠㅠㅠㅠㅠㅠㅠㅜ
진짜 짱 뽀짝ㅠㅜㅜㅜㅜ",0개
82,심선화,ㅋㅋㅋ최악템 입생로랑쉐도우랑 페리페라 블러셔랑 ㅋㅋ입생로랑쉐딩도 써보고싶은거였는디 ㅋㄱㅋㅋㅋㅋㅋ,0개
83,PL3N1LUN3,헉 이니스프리 마이파운데이션 2.3 쓰는데 전 잘 맞던데...진짜 화장품 중에서도 베이스는 사바사 케바케가 큰가봐요,2개
84,라나RANA,언니ㅠ 엄청 기다룟어요~~~ㅠㅠ,1개
85,,"앜 영상보다가 윤보송에서 뿜엇어욬ㅋㅋㅋㅋ쿠ㅠㅠㅠ 오늘 언니 후드티에 귀걸이에 헤어밴드까지 누무너무 귀여워요!!
온니 영상 너무너무 재미있게 보고있으니깐 악플러들 신경쓰지말고 영상 잘만들어주세요💗💗",0개
86,서지현,매일 재미있는 컨텐츠 대단해요용^ㅇ^~,1개
87,leeSeojIN,0:16 졸귀탱 언니 엄청 귀여워요 누가 이 언니를 30대 초반으로 보냐고 누가 봐도 20대야 너무 귀여워요♡♡♡,0개
88,뿅뿅이,쨔미님 오늘도 넘 귀여우세요ㅠㅠ,1개
89,화이,온니 진짜 텐션이 남달라욬ㅋㅋㅋㅋㅋㅋㅋㅋㅋ,0개
90,낭랑17셉,썸넬 최애템 약간 홍진영 닮았어요,2개
91,다혜,너무 웃기고 재밌어용ㅋㅋㅋㄱㅋ,0개
92,효정06,"언니ㅠㅜ보고싶었어요!!
선댓후감상❣
사랑해용❤❤❤❤❤❤",1개
93,sjLee,언니 백만됐어용ㅠㅠ,2개
94,고은프리tv,윤쨔미님 오늘 메이크업영상 재밌고 유익했어요 윤쨔미님 두번째 귓볼뚫으신거 너무 예쁘세요♡,2개
95,김가희,오프닝 너무 귀엽다 ㅋㅋㅋ,0개
96,서현,오늘도 넘 예뻐여ㅜㅜ 사랑해여 쨔미 온니이 (선댓),0개
97,예림,"헤어벤드 어디서 구매하시는거에용ㅋㅋㅋ
너무 귀여우시당😂",1개
98,지니,100만명 축하드려요!!,2개
99,냐쥬카,언니 오늘도 미모 오졌다ㅠㅜㅠ 후드 너무 이뻐요,1개
100,민슈가캡짜앙,아 진짜 언니 너무 귀염상콤 터져요ㅛ욧ㅇ,1개
101,최경민,언니 ㅠㅠㅠㅠㅠㅠㅠㅠ 너무 보고싶엇어요❤️❤️🧡❤️🧡❤️💚,1개
102,뭘꼬라봐,아 존예 ㅠㅠ 다 ㅠㅠ 어른이 이렇게 기여워도 되요ㅠㅠㅠㅠ,0개
103,선배님,쨔미언니 너무 귀여우셔 ㅠㅠㅠㅠㅠ 😍😍,0개
104,다,언니 후드티 정보 좀 알려주세요ㅠㅠㅠㅠ 너무 이뻐요ㅜㅜ,0개
105,이슬,"언니 오늘 말하는거 너무 씹귀 팡팡 터져요ㅠㅠㅠㅠㅠㅠ 보다가 공중제비 뜀,,ㅠㅠㅠㅠㅠ",0개
106,지은,진짜 언니영상보면서ㅜ맨날 힐링해요 너무 고맙고 사랑해요❤️❤️,0개
107,이원,"에뛰드 vs 홀리카홀리카
이걸로 해주시면 안될까영ㅠㅠ",1개
108,김일이,언니 영상 언제 나오나 기달렸어요오ㅜㅜ❤,1개
109,07sihyun,쨔미 언니 아이디어 찐쨔 쨩이다..👍,2개
110,오정은,짜미 언니 추천 제품 진짜 믿고 쓴다 ㅜ  쵝꿉 ㅜ 화장품 살때 짜미언니 유트브 참고 하고 삽니당 ㅎㅎ,1개
111,무무,언니 백만 넘었오요!ㅠ축하드려용❤💖😘,2개
112,김도연,헤어밴드 소개 영상 찍어주세오ㅜㅠㅠ 넘 기여우세욤ㅠㅜ,0개
113,mijinHong,언니 내 눈 이 완존 이샹 한걍봐!!최악텍이 더 예뽀!!,0개
114,핏쨔,9:27~9:32 저만의 웃음포인트 ㅎㅎㅎㅎㅎㅎ,0개
115,sujinB,언니 영상 너무 기다렸어요!!!ㅠㅠ 뷰티 아닌 제품들로도 최애템 최악템 해주세요~~,0개
116,heanakim,06:15 이번 베스트 새해영상 보고오고 나니깐 쨔식들 맴찢...쨔미언니 울지말고 맘아프지말고 항상 건강하게만 오래오래해주세요ㅠㅠ 언니는 쌩얼로 나가도 이쁘니깐요ㅠㅠㅜㅠㅠㅠㅠ😢😢😢♥️,2개
117,혜영,"에뛰드&토니모리
미샤&어퓨
언니 이것들 해주세여ㅠㅠㅠ",1개
118,고옹팔제이,언니 요즘 피부조타,2개
119,김우,언니 정말 영상 기다렷어요ㅠㅠㅠ♡♡♡♡♡그리웟어요 ㅠㅠㅠㅠ.....,1개
120,보보,오늘도 너무 재미있어요 ㅠㅠ 언니 오늘도 고생 많았어요 ㅜ  좋은 하루 돼세요~ ^^,1개
121,이진,연보라색 옷이 어울리는것 자체부터가 쿨톤이쟈나요 ㅜㅜㅜㅜ,1개
122,강지우,곧 100만이에영ㅠ화이팅!!!,2개
123,,언니 이제 2019년 끝나가니까 워스트&베스트템 영상 올라오겠네요 꺄 제 최애 영상입니당 ㅎㅎ,0개
124,Slytherin,울언니 오늘 기여워!!!!ㅠㅠㅠㅠ,0개
125,윤부웅,드디어 영상이다 ㅠㅠㅠ,0개
126,지원,저는 샤프 쏘 심플 아이라이너 잘부러지던데ㅠㅠ,0개
127,아나스타샤,퍼스널컬러 진단 시급해요ㅠㅠㅠㅠ,0개
128,김규리,아 언닣ㅎㅎㅎㅎ 제가 어제도 언니 채널 들어갔다 나왔다 영ㅇ상 언제 나오지 언제 올리지 이 생각밖네 안했는데 오늘 올려주시다니 ㅠㅠㅠㅠㅠㅠㅠㅠㅠㅠㅠㅠ 진짜 사랑해요 아 반반 비교 메컵 너무 죻어유 진짜루 ㅠㅠㅠㅠ,1개
129,넹이나라,언니 어디갔다가 이제 온거에요 ㅠㅠㅠㅠ,1개
130,303박효진,"내가 아이섀도우 잘 산건 이번이 처음이다...ㄷㄷ
저 아이섀도우 있는데...ㅇ0ㅇ",0개
131,응그래,최악은 피부 립 볼만 살짝 바꾸면 진짜 완전 예쁠꺼갗애요ㅜㅜ,0개
132,시퍼런요정,언니 입생 섀딩할 때 귀걸이 딸랑딸랑 너무 귀여운 거 아니에요...? 아 항상 언니는 귀여웠어요,0개
133,서로,"언니..언니가 귀여울때 마다 벽쳤더니 지금 옆집 사람이랑 만나서 같이 벽 치고 있잖아요,,❤❤",0개
134,찌개밥김치볶음밥,입생로랑 쉐이딩은 블러셔로 쓰면 넘넘 예쁠듯 ㅠㅠ,0개
135,죽고싶어,사!랑!해!요♥,1개
136,소라색우비,"이번에 턱이 뭔가 핑크핑크 하넴
내 눈이 이상한가...",1개
137,보정,0:16 귀엽 ㅋㅋ,0개
138,몽코코,선 댓글 후 감상 ㅎㅎㅎ,1개
139,하루,아 언니 오늘 왤케 기분죠아보여 ㅋㅋ,3개
140,하늘,"언니 후드티 뭐에여><❤❤ㅋㅋ
너무 기엽자너ㅋㅋㅋ
후드티 소개좀요ㅠㅜ
항상 쨔랑해요❤❤❤❤
빠염><",2개
141,이소희,와...언니 눈썹 할 때 속으로 나는 삐아 진짜 잘 쓰고 있는데라고 생각했는데 진짜 삐아 나와서 깜짝 놀랐어욬ㅋㅋㅋㅋㅋㅋㅋㅋㅋㅋㅋㅋㅋ,0개
142,유민,후드티....정보 원해요ㅠㅠㅠ 넘 예뻐어,0개
143,요비YOBISLIME,100만인거 나만 지금 알았나? 언니 100만 축하해!!!!,1개
144,충이송,언니 에뛰드 하우스vs페리 ㅔ라 해 주세요 짜식이,2개
145,에잇에잇,언니 2주동안 영상 언제올라오나 맨날 채널들어가서 확인했는데 ㅜㅜㅜ오늘은 일이 늦게끝났어요...재밌게 볼께요!!,1개
146,EUNBI은비,아니 오늘 옷 너무 귀여우신거 아니냐고요ㅜㅜ🖤🖤🖤🖤🖤😘😘😘😘,0개
147,SS,언니 백만명 축하해요 ㅠㅜㅜ  영상두 넘 잘봤어요 ㅜㅜ,0개
148,해바라기yi,어퓨 틴트 저도 사서 쓰는데 맨날써요 진짜 완전 좋음-!,0개
149,쏘이,아니 ㅋㅋㅋㅋㅋ 저도 비염인데 ㅋㅋㅋㅋㅋㅋㅋㅋ 냄새맡으실때마다 웃프다 ... ㅠㅠ 근데 역시 가격이 좋다고 제품이 다 잘맞고 좋은건 아닌가봐여 가격대 있는 애들이 최악템으로 은근 나오네여,0개
150,혜영,이 언니는 무슨 최악템도 잘 소화해네..쨔미언니는 진짜 짱이다,0개
151,승연,영상 너무너무 기다렸어요 ㅠㅠㅠㅠ❤❤❤,0개
152,넯묿,아니 최악 블러셔 Aㅏ....뭐냐고ㅋㅋㅋ,0개
153,펭하,"진짜 오랜만이에용♡♡기다리고 있었어용♡♡
요런 재밌는 영상 항상감사합ㄴ댕♡",1개
154,조민지,언니 이제 베스트 워스트 10 해야죠! 이제 슬슬 연말이에요 ㅠㅠㅠ,1개
155,EsolK,인사부터 텐션업ㅋㅋㅋㅋㅋㅋㅋㅋㅋ너무 좋잖아요><,0개
156,신아,진짜... 너무 기여우세여ㅕ....,0개
157,하나현,요청이 젤 많았던 주제해주셔서 감사합니다~,2개
158,희딩heeding,올만이거가타요오ㅠㅠ오늘도 미모열일하시구 탠션폭파알!!🤣❤❤,0개
159,뀽뀽,브금잌ㅋㅋㅋㅋㅋ,0개
160,슈프링스,언니ㅜㅠ 제가 얼마나 기다렸는데요오ㅠㅜ 벌써 두 번째 보러 옵니다아앙,0개
161,뜌땨땨,아 언니 기다렸어요 ㅠㅠㅠ 내 삶의 낙 ❤️❤️ 징쨔 사룽해 ㅠㅠㅠ,0개
162,yenachang,와 진짜 케바케 사바사구나 싶은게 그 맥 프로텍트 로션이 씬님 졶좋템이 거등요,0개
163,체리,언니! 오늘도 언니가 올린 영상 잘 보고 갑니다아~~~,0개
164,ntrtyitg,언니 오늘 옷 남편분과 같이 찍으신 영상에 나왔던 옷이죠 !!,1개
165,박정하,언니 뷰티 유투버 중에 가장 재밌게 즐겁게 영상 보고 있어요! 너무너무 응원해요☺️,0개
166,이지영,음...블려셔 할때 올리브영에서 안팔리는 그영상에세 그 하트 블려셔 나올줄 알았는데...아니였군..ㅋ,1개
167,예슬찡,"아니ㅜㅜㅜ진찌 언니 2년째(2017년부터)보고 있는데 쨔미언니 진짜 가면 갈수록  더 어려지고있고 예뻐지고 있어여ㅜㅜㅜ 저도 언니의 그런 외모 따라가고 싶네여ㅜㅜ 언니!앞으로두 계속 영상 올려주세여!!
💗쨔미언니  흥해라💗",0개
168,박하사탕,14:59 영어안쓰고 화장하기 도전..?,0개
169,2012xmtn,언니 갈수록 이뻐져요ㅠㅜㅡㅡ♡♡,0개
170,꺄dana륵,후드티 짱기엽다ㅜㅜㅜ💜💜 찰떡,70개
171,JHK,"언니 이번년도도 베스트&워스트 있죠ㅠㅠ
그거 넘 재밌어요 꼭 해주셔요",0개
172,김은영,ㅎㅎㅎ 옷이랑은 최악템이랑 궁합이 맞아서 최악템도 괜찮아 보여요~~^^,0개
173,지빈jibin,영상보다보면 가끔식 웃긴표정짓는데 항상 터짐 ㅋㅋㅋ,0개
174,도도,오늘도 이뻐용 ㅠ💖,2개
175,사수빈,ㅋㅋ귀걸이도쉐딩해주네연~,0개
176,령도,언니가 이쁠때마다 2분씩 흘러가도록했는대.....여기가어디죠..?2253645년...?,1개
177,찡찡이,언니넘나올만이자나여ㅠㅠㅠ,0개
