﻿,youtube_id,comment,like_num
0,윤쨔미YoonCharmi,"잡동사니 유튜버~~ 그의 집에 없는 것은 무엇인가ㅋㅋㅋㅋㅋㅋ
함께 출연해주신 조디님, 큐영님, 나냉님 감쨔해용~~💖
우리 쨔미의식구들도 따뜻한 코멘트 부탁해욤~~💖🐹💖
오늘도 영상 보러 와주신 모든분들께 진심으로 감쨔합니다~~~",340개
1,박소윤,"언니 그때 그 시절 메이크업 해주세오ㅠㅠ 시간은 거꾸로 가서 2019년 메컵, 2000년 메컵, 1990년 메컵 이런식으루 세대별로 해주세요... 언니한테 너무 찰떡일것같아오,,",350개
2,큐영QYOUNG,초대해주신 윤짜미누나 너무 감사드려용❤️꺅 조디님 나냉님도 너무 수고많으샸습니댜용❤️꺅 환절기 몸 조심!!!!,315개
3,버터플릭스,출연료라도 챙겨드려야 할듯 한 4명의 뷰티 크리에이터분들 ㅎㅎ 큐영님은 아는데 그외 출연자 분들은 잘 모르는 분이네요 ㅎㅎ,84개
4,마마무무,언니언니 반반비교 메이크업 최애템vs최악템 해주세요!!,121개
5,YoungeunKim,"텐션 무슨일ㅋㅋㅋㅋㅋㅋㅋㅋㅋ 다들 넘 유쾌하셬ㅋㅋㅋㅋㅋㅋㅋㅋㅋㅋㅌㅌㅌ
쨔미언니 아이디어 뱅크 완전 인정!!!👍💕
언니 나중에 각잡고 빌리 아일리쉬 커버 메이크업 해주세요!!",68개
6,현빈,"처음만 봐도 대혼잡,, ㅋㅎㅋㅎㅎㅋㅋㅋㅎㅋㄹ",46개
7,도은,언니 학생들도 저렴하게 살 수있는  화장품으로 풀메해주세요ㅜㅜ,67개
8,뇸뇸뇸뇸디저트를,"ㅋㅋㅋㅋㅋㅋㅋㅋ언니랑 큐영님덕에 빵터짐 ㅋㅋㅋㅋ
진짜 유튜버 여러명이서 같이할 생각은 어떻게 하셨지?
진짜 아이디어뱅크야👍👍👍👍👍",17개
9,별난감자오감자,나냉님만 화질이 왜이렇게 좋죠 ㅋㅋㅋㅋㅋㅋㅋㅋㅋ,4개
10,신윤아,"언니! 한브랜드로 반은 웜톤,반은 쿨톤으로 메이크업해주세요!",26개
11,doyoun,"쨔미언니랑 헐 조디언니,,❤️ 좋아하는 두분이 같은 영상에 ㅠㅠㅠ 나중에 조디언니랑 콜라보 해주세요..!!!",10개
12,채은08,오늘 딱 100만명 이네요...ㅠㅠ 진짜진짜 축하드려요♡♡,5개
13,반Yurim,언니 요즘 영상 자주 올라와서 넘 좋타ㅜㅜㅠ계속 챙겨볼게요ㅠㅜ,10개
14,최정은,"Ｑ～～～영
갬성 유투버
젊은피 
비타민 쨔미언니 💗

완전 최고 조합!!

근데 완전 대혼잡

엄훠 갑자기 수경을??!!
ㅋㅋㅋ

머리색 푸른색 💙",16개
15,연수,첫번째 아바타 보고 퓨어디님인줄알았다 ..,3개
16,전옙인,언니ㅠㅠㅠㅠㅠㅠ아침부터 언니와 함께햐서 완전 행복해요,6개
17,아기냥이,언니 진짜 요즘 너무 예뻐졌자너요ㅠㅠ 원해 예뻤지만 진짜 요즘 더 예뻐지신거 같아요ㅠㅠ언제나 사랑합니다! ❤,1개
18,무지개똥,"어마마 이게 그룹 영통의 꽃 나를인가요~~?
(이렇게 하면 돼져 언니?)",2개
19,,ㅋㅋㅋ,2개
20,빈,ㅇㅁㅇ 큐영빼고 다몰랐어 흑흑,4개
21,YouJeongShin,꺄! 빌리언니 커버까지💕,2개
22,예쁨,일찍왔댜!! 선댓 후 감상!! 언니 사랑해여💗💗,4개
23,소리,ㅋㅋㅋㅋㅋㅋ기여워여,0개
24,이민영,개꿀잼ㅋㅋㅋㅋㅋㅋㅋ텐션 대박ㅠ,0개
25,김채은,아리따움이랑 에뛰드하우스 반반 메이크업 해주세용,2개
26,달혜은,언니 상상력 무엇 ?ㅋㅎㅋㅎㅋ. 완전 신박스 💗,0개
27,최유리,처음부터 이게 무슨일이야ㅋㅋㅋ,0개
28,챗,다들 백만 축하하신다고 하는데 쨔미언니 101만명 이였지 안나용ㅠㅠㅠㅠ,1개
29,발광머리앤,흥쨔미언니랑 다른분들 캐미 쩔어욬ㅋㅋㅋ 이런거 많이해주세요!!,0개
30,주연김,쨔미 언니가 우리 빌리 언니 커버 메컵을 해주시다님ㅠㅠ♡사랑해욥!,0개
31,쇼다람,"짜미님 렌즈 뭐 끼셨나요ㅠㅠㅠㅠ
발색 너모 예쁘자너ㅠㅠ",0개
32,오채령,일찍 왔당!!!!! 오늘도 이쁘고 진짜 메이크업 잘하세요 ㅠㅜ,1개
33,성여니는바부,언니ㅠㅠ 일찐메이크업 해주세여!,0개
34,퓨우,"짜미님 100만명 축하합니다ㅏㅏㅏ!!!
짜식들이랑 윤짜미 영원하길~",0개
35,쩝쩝,언니 너무 예뻐요ㅠㅠ,1개
36,넬뽀181231,오늘 오프닝에 바르신 립 정보 궁금해요ㅜㅜ!,0개
37,휘,오디오가 비지가 않는 우리 쨤언니 ...,1개
38,성윤,웃음신이 돕는 큐영님.. 넘 재밌어요ㅜㅜ,0개
39,SugarJupiter,요새 영상 자주 올리셔서 너무 좋아요 누나 ㅠ,0개
40,하루,온니ㅜㅜ 100만명 추카해요오ㅜㅜ🥳,0개
41,gaeunkim,언니 영상 빨리 올려줘서 감사해요 ㅠ 진짜 많이 올려주세요 ㅠㅠ,0개
42,아시,"언니 저 진짜 빨리온거같아요, 항상 잘 보고 있습니다!!",0개
43,박미소,헐 73등이네용 오늘도 언니 진짜 예뻐요!❤ 진짜 한번 꼭 만나보고싶어용😚,0개
44,라피헨느,쨔미님❤️100만 구독자 축하해요~항상 재미있는 영상 감사합니다. 앞으로 200백만도 가즈아!🙋🏻‍♀️,0개
45,보름,오늘 텐션 완전 좋네요 ㅋㅋㅋㅋㅋㅋㅋ,0개
46,한유빈,"오늘도 꿀잼꿀잼💖💖
쨔미언니 항상 꿀잼영상 감사합니당❣
쨔미언니는 저의 스트레스 해소제💟💟
쨔미언니 진짜 마니마니 쨔랑해요💕💕",0개
47,베아Bea다이어리다꾸,거의 요즘 유튜브 크레이트 사람들은 다들100만 명이시네ㅠㅠ,0개
48,가연,언니 요즘 유행인 틴트로만 화장하기!해주세여!!♡,0개
49,윤쨔미덕후,아 ㅠ 첨에 쌩얼 넘흐 귀엽자나요 😆 헤어벤드 부자 윤찰미 💘,0개
50,지수,언니 ㅠㅠ 백만명 진심으로 추카드러용,0개
51,아미밤띠,윤짜미님 100만축하드려욤^^✌︎👏🏻👏🏻👏🏻,0개
52,심예린,100만 축하 드려요!!🥳4년전부터 봤는데 100만 되니까 제가 다 뿌듯하네요🤗,0개
53,현서,어캐 1빠야ㅠㅠ,0개
54,아아,언니 너무 예뻐요,1개
55,슈원,윤짜미님!! 사랑해염♥♥,0개
56,최아영,100만 축하드용😭❤,0개
57,김꿀꿀,1빠당 ~~ ✌✌✌사랑해여♡♡♡♡,0개
58,달봄07DalBom,3시간전!,0개
59,minyeong1991,쨔미언니 영상도 보기전에 배꼽잡고 있어유❤,0개
60,박수빈,백만축하해여 ㅎㅎㅎㅎㅎ,0개
61,초딩다니티,쨔미 언니!! 저려미 템으로 메이크업 해주세요~,0개
62,성민,쨔미넴... 영상에서끼신 렌즈가 과연 뭘까여..? 너무 영롱쓰하심데...,0개
63,MINT09,비타민 보고 키즈돌 비타민 생각하고 들어왔어요ㅎㅎ,0개
64,장유진,언니언니 전 학생인데 학교에서 쓸 미니무선고데기 추천 좀 해주세요~~,1개
65,고양이집사,"오늘도 재미있어요오♥
그리고 100만명 진짜 축하드려영!",0개
66,효민,어머머 오늘도 활발한 쨔미언니😭👍🏻👍🏻👍🏻👍🏻,0개
67,력녀매,"진짜루 염색했어여
언니?",1개
68,OULOVE,ㅋㅋㅋㅋ,0개
69,레아라지요,ㅋㅋㅋㅋㅋㅋㅋㅋㅋㅋ,0개
70,성이름,헐 구독자 백만 추카해여!!,0개
71,박규원,"언니 오늘 남편분하고 김포공항 가셨죠 ㅎㅎㅎ
사진찍어달라고 하고싶었는데 좀 그래서 ...ㅠㅠ
아쉬워요 ㅠㅠㅠ",0개
72,이완코프의뷰티왕국,역시 언제나 똑같지 않고 새로운 컨텐츠로 너무 재밌어용🤗🤗🤗🤗🤗❤️❤️❤️❤️,0개
73,권보경,언니 ㅜㅜ 구독자가 줄었어요 ㅜㅜ 왜 안느는 거지? 이 언니 진짜 재밌는데 ㅜㅜ,0개
74,율콩,조디님 ♥️ ♥️ 쨔미언니 채널에서 조디님을 볼줄이야~~~~~~!!,0개
75,해피토마토,처음에 하나둘셋할때 엄마가 베게로 절 때렸어욬ㅋ,0개
76,EunToday,쨔미님 아이디어도 넘 좋구 진행도 넘 잘 하시네요 +.+ 😆,0개
77,캌캌,햄벅 벅 하면서 보기 좋네,0개
78,로즈,헉 조디 님 좋아하는데 여기서 보다니...,0개
79,musiccastle,반반비교 메이크업으로 라카VS웨이크메이크 해주세요!!ㅎㅎ,0개
80,둡우,쨔미언니.. 언니 목소리에 짱구가 있어요..,0개
81,우등생녀,쨔미 언니 요번에새로나온 이니스프리 신상 영상에 소개해주세요!무화과시리즈용,0개
82,방랑,진짜 재밌어용,0개
83,뀨잉,"쨔미언니  제가  율쨔미션  한 개 내도 될까유?
윤쨔미션!:눈감고 네일아트 하기!!
제발  꼭 해주세요!!ㅠㅠ",0개
84,다카포Dacapo,언니 저만 언니 갸루시절 메컵 보고싶나요...?? 오네갸루시절 메컵 재연해주세요ㅠㅠㅠ❤❤❤,1개
85,깡미,언닝닝 손으로만 메이크업 해주세용!!,0개
86,김지효,언니 오늘도 꿀잼이에요!,0개
87,돼지고기,쨔미 언니 빼고 아는 뷰티유튜버가 없어요오ㅜ,0개
88,노는게젤좋아,헐 언니 100만!!,0개
89,김영원,"에뛰드 하우스 VS 홀리카홀리카 반반비교
메이크업 해주세요!!",0개
90,김동희,안녕하세욧!,0개
91,,100만ㄷ달성츅하드려요💕💕,0개
92,요놈잡았다,언니 100만 축하해요!!!!,0개
93,박채은,너무 재밌어요!!!,0개
94,꺄륵댤루,언니 구취자뭐에요..ㅠ,0개
95,아현,저 영상 봤어용,0개
96,이지원,"영상 통화로 이런 재미진 컨텐츠를 생각해내신 쨔미님 최고♡
그런데 그 영상에서 검은 후드집업 입구 계신건 정보를 찾을수가 없네요ㅠ
인스타는 아이디도 없고 볼줄도 몰라서 그러는데 검은 후드집업 어디껀지 여쭤봐도 될까요ㅠㅅㅠ?",0개
97,생대파보라,우아💗,0개
98,doldol,아이디어뱅크 쨔미님 짱💕💕💕💕,0개
99,뿌잉우잉,1등이애영 선댓후영상 시청할게용 언니 진짜 오늘도 이쁘세용🙈❤️➿😭,3개
100,정관장,그런데 올영에서 제일 안팔리는거 보고있었ㄴ데 올라오셨엌ㅋㅋㅋ,0개
101,이수연,난영언니다!!,0개
102,나윤,사랑해요 내옆집언니,0개
103,츠키노유메,구독자 100만명 축하드려요!!!♡♡,1개
104,김수아,언니 빨리 왔나욤...?,0개
105,명준혁,언니 넘예뻐요 ㅋ,0개
106,곰돌이푸,언니진짜짱이에요!!!!!,0개
107,김예서,4분다 너무 이쁘세요,0개
108,김채린,오 내가 조아하는 나는 냉면이다!! 나냉 화이팅 ❤️❤️❤️❤️❤️,1개
109,나영,언니 피부 엄청 좋아졌어요 .. !!!!!!! 비결 좀 부탁드려용 .. ㅠ ㅠ,0개
110,DhusjDbskl,100만 구독자 축하드려용,0개
111,예지Yeji,지금 100만명이세요! 축하해요,0개
112,,난 첫번째칸 퓨어디인줄,0개
113,이빈,안녕하세요♥,0개
114,히하히아,재미있게 보곡갑니당,0개
115,김채은,오늘도 빨리왔쪄??,0개
116,똥고발랄예림,10대 일진메이크업해주세요.,0개
117,nicon,"쨔미언니~~~~~~ 
너무 늦은거 같지만 구덕자 딱 100 만명 축하해용
추카추카👏👏👏👏👏👏👏👏👏👏👏👏👏👏👏👏👏👏👏👏👏👏👏👏👏👏👏👏👏👏👏👏👏👏👏👏👏👏👏👏👏👏👏👏👏👏👏👏👏👏👏👏👏👏👏👏👏👏👏👏👏👏👏👏👏👏👏👏👏👏👏👏👏👏👏👏👏👏👏👏👏👏👏👏👏",0개
118,박채은,1등이닷,0개
119,서연,에뛰드 토니모리,0개
120,하늘,빌리아일리쉬 좀 닮으셨어요!!!♥️,0개
121,수연,1빠...??,0개
122,옥이,퀸덤 여자아이들 수진 싫다고 말해 메이크업도 보고싶어요!,0개
123,DH,대박 여기서 조디임을 만나네요,0개
124,수진,우아 새로운콘텐츠인가??,0개
125,나는바보다,"언니이이이이 있잖아여!!!
진짜 궁금한게있눈데여!!!
지그재그에 옷을 구매하시면 평균적으로 얼마나 걸려요??
제가 옷을 사고싶운데 얼마나 걸리는지 몰라서요 ㅠㅠㅠ
아 그리고 구독 눌러써영!! 빵빵!!!
진짜 이 댓 보시면 알려주세요 ㅠㅠㅠ
언니 계속 좋은 모습하고 여러가미를 화장을 보여주세여 이댓 보면 진짜 댓달아주세여 ㅠㅠ
진쭈 사랑해여 언니!!!❤❤❤",0개
126,유댕이,영통이라 그런지 화질이 좀 아쉽네용...ㅠ,0개
127,꿀맛공차,607등,0개
128,슈원,내가 1등인가?,0개
129,아리송OI,오늘도 넘 재밋어요 ㅠㅠㅠㅠ 온니 사랑해여〰❤❤❤,0개
130,강민윤,믿고 보는 쨔미언니,0개
131,이소율,나만10대뷰튜버라해서소이쁨언니생각났나?,0개
132,리밍,언니ㅠ 저 젖소무늬+우디잠옷 어디서 사셧어요?ㅠ 넘 기엽자나요,0개
133,태희TaeHee,일찍왔다용,0개
134,서연,영어안쓰고 메이크업하기,0개
135,이유진,오디계시죠오....?👯‍♀️👯‍♀️👯‍♀️👯‍♀️,0개
136,셀리,3등,0개
137,두두,까횩,0개
138,다은,오모오모일찍옴,0개
139,석찌니,"텐션 쩐다ㅋㅋㅋㅋㅋㅋㅋㅋ
언니 후드집업 어디 거예요??",0개
140,아시,ㅃ1빠!,1개
141,leeSeojIN,언니 에뛰드VS더샘 해주세요,0개
142,오드리햇반,가을맞이 메이크업 해주세요,0개
143,세븐틴,1등,0개
144,정지안,"이 영상 좋아요 누르신분
↓",1개
145,윤성,윤짜님너펜이에요,0개
146,채소효정,안녕하세요,0개
147,빤스무사,화장을 꺼꾸로 해주세요 그럼 재밌을것같아요,0개
148,넹이나라,.............. 흠..,0개
149,한주빈,언니! 언니가 좋아하시는 핑크색으로만 메이크업 해주시는 영상 만들어주시면 안될까요?,4개
150,쭈비바보,헐..일찍왔어요!,0개
151,주연언닝,언니 구독자100만명추가해요ㅜㅠ❤❤,2개
152,기백,유명하실 분들 나올줄 알았는데...,2개
153,강서영,"언니!
이번에는 송가인님 메이크업 꼭! 해주세용💜",0개
154,쪼하윤,"언니..뷰튜버 친구들이랑 그냥 놀고싶어서 생각했져
아주 잘했어요♡재밌었어요😄",1개
155,조하은,ㄴ,0개
156,최수정,1,0개
