﻿,youtube_id,comment,like_num
0,afterglow,다이소 화장품 증말 사고 싶기도 한데... 뭔가 큰 장벽이 있는 느낌... 뭔가 그 다들 뭔지 알죠...?,930개
1,서이3개월전,코로나바이러스 때문에 다이소를 가지 못해서 몰랐다는 슬픈 이야기....,13개
2,뚜찌빠찌,이상하게 다이소 화장품은 잘 못쓰겠으유...성분 안좋을거 같구 피부트러블생길거 같구 불안하고 그러던데...특히 베이스제품.  나만 그런가?,867개
3,째니,와 저 블루투스 마이크 저희 엄마가 홈쇼핑보면서 진짜 탐내던건데..... 어피치 진짜 기여움 ㅠㅠㅠㅠ쨔미님 부러워염....,12개
4,김주은,"언니 반반비교 
머지vs잉가 해주세욤!!
둘다 나온 시기도 비슷하고 뭔가 비슷비슷한 느낌?",941개
5,봄별,언니 진짜 꼭 부탁 하고 싶은게 있는데용 에뛰드 vs 롬앤 반반 비교 메이크업 해주세요!!!,416개
6,김아현,"언니ㅠ 요즘따라 구독자가 낮아지고있는데ㅠ
그래도 짜식들을위해서 탠션업해주시고 재밌는 영상 만들어주셔서 감사합니다ㅠ 항상 언제나 응원하고 사랑합니다 저희가 언니옆에 항상 있을게요ㅠ 항상 좋은 일만 가득하세요ㅠㅠ",435개
7,강낭콩,요즘은 다이소도 못가는 시국....이주일째 안나가고있어요ㅠㅜㅠ내일 로드샵이랑 다이소에 가야겠네요!,545개
8,혜윤,"나 진짜 짜미언니가 저렴이 리뷰나 다이소 리뷰하는거 넘조음 ㅠㅠㅠㅠ
명품언박싱 하는것보다 이런게 너무 조아요💓🙌
사실 언니는 다 조음 ㅎㅎ..",363개
9,오예,근데 몬가 다이소는 가격이 너무 저렴해서 성분이 안좋을 것같아서 쓰기가 쫌 그릏더라구욥ㅂ..?(나만 그런강..),210개
10,오드리햇반,"이런 저세상 텐션가진 언니는
쨔미 언니 밖에 없을거야 ㅎㅎㅎㅎ
언니 리스펙트 😻😻😻",228개
11,윤쨔미님0501번째머리카락연서,집에서 나갈 수 없는 슬픔ㅠㅜ쨔미님으로 달랩니당당ㅠㅠ,108개
12,존버,요즘엔 그럴싸 하게 나온것 같은데 이시국이라 못나가겠더라구요 ㅠㅠ 저희동네 다이소가 꽤 큰 편이라 가면 있을 것 같은데 코로나놈 때문에 못가고 있습니다 .. 다른거 살것도 많은데 ㅠㅠ,100개
13,깍뚜기,6:39 ㅋㄱㅋㅋㄲㅋㄱㅋㅋㄱ 나라면 이글립스 파우더 쓰겠다 ㅋㅋㄱㅋㄱㅋㄱㅋ 커여웤ㅋㅋㅋ,49개
14,아미주영,언니 저 이거 사려고 유튜브에 쳐봤는가 안나와있어서 아쉬워하고 있었는데 언니 고마워요 ㅠㅠ,61개
15,김해솔,헐 쨔미님ㅠㅠ 이거 너무 기다렸는데 아무도 후기를 안올려서 슬펐는데ㅠㅜ 쨔미님최고에요 ❤❤,46개
16,날개없는천사,"언니는 점점 젊어져ㅜㅜ볼이 너무 귀여워여♥
7:34 여기 위에 보는거 너무 귀여워여😘
마치 삐진 햄스터가 밥 기다리는것처럼😊",8개
17,서민진,와 언니 그냥 언니가 이쁜거에효..,37개
18,채은,저도 저거 거지고 싶은데ㅠㅠㅜ나가지도 못하고 학교는 또 개학 연기하고 정말 ㅜㅜ,37개
19,안넝,흑 진짜 나온줄몰랐는디..모르는 이유??  코로나땜시..안나가서요..,20개
20,지하나,저도 이거 샀었는데 영상 나와서 좋네유 ㅠㅜㅠㅜ,28개
21,라비바라기뽝수,언니! 세븐일레븐에서 메이크업제품 나왔던데 리뷰 부탁해용,14개
22,예똥,"와 디자인봐라
너무 이쁘다,,....",5개
23,연진,다이소에서 사야할건 너무나도 많은데 요즘 밖이 위험해서 나갈수가 ㅠㅠㅠㅠㅠㅠㅠㅠ,5개
24,허니소녀한이,저 팔레트 있는데(플럼 핑크)진짜 좋았어욧!,8개
25,아이린엄마투유Irenemom45toyou,어제 다이소 갔을때 요 메이크업 라인이 보여서 궁금했는데 ❤️❤️ 정말 감사해요~~ 2편기대 됩니다!!!,6개
26,민싱긋,"쨔아아아미이이이 슨은은은생엥엥님이임 저는 데일리 이이이 제이크업 할랄알 껀뎁 가성비 화장품 추천해주실수 있나엽...,? 아! 쨔미 슨생님 항상 코로나 조심하십쇼!",4개
27,dbswldi,6:30 클린앤클리어 파우더 아- 추억소환🤣🤣🤣🤣.... 20년전이라니.. 하..😨,3개
28,별별,언니 텔레토비 뽀 헤어밴드랑 옷 너무 귀여워여 ㅋㅋㅋㅋㅋㅋㅋㅋㅋ,3개
29,옹깅도깅,언니진짜 오랜만이에요ㅜㅜㅜ 오늘도 완젼 이쁘심...ㅠㅠ♥,9개
30,으이그,헉 처음으로 일찍 왔다 알람이 드디어 일을 하는 구만 ㅠㅠㅠㅠㅠㅠㅠ,8개
31,돼지갈비,언니 오늘도 쨔랑해요ㅠㅠㅠㅠ❤️❤️❤️❤️,3개
32,엘렐렐레렐,지송한데 이거 살수있게 집에서 나가게해주세요ㅠㅠ,2개
33,하얀소매,감탄하는 쨔미언니 너무귀여워요ㅠㅠㅜ,5개
34,쪼꼬미,노브랜드 화장품도 있는데 그것도 리뷰해주시여!!!!,5개
35,RAINZombie레인좀비TV,2:21 오 정말 같은 색상이지만 윤기가있고 없고 차이가 있네용 신기한 화장품의 세계,15개
36,박지현,제가 많이 늦어내요ㅠㅠ오늘도 재밌내요~~^^,2개
37,세은박,2편 궁금해 ㅠㅠㅠㅠ,0개
38,HyerinYu,2편 언제 나와요~~~ㅠㅠㅠ,1개
39,라튠,맘 같아선 다이소로 달려가고 싶은디..... 코로나 땜시ㅠㅠ,1개
40,쟉이,온니 왠일루 이르케 일찍 너므 조아유 ㅠㅜㅜㅜㅜㅜㅠㅜㅡㅜㅜㅡㅜㅡㅡㅜㅜㅜㅜㅡㅠㅠㅠㅠㅜㅠㅜㅡㅠㅜㅠㅜㅡㅜㅡ,1개
41,한유빈,"오늘도 오프닝부터 저세상텐션ㅋㅋㅋㅋ
꿀잼 쿨잼 핵꿀잼ㅋㅋㅋㅋㅋㅋㅋ
쨔미언니 언제나 쨔랑해여💖💖💖💖",9개
42,연수팡,언니 영상 자주 올려줘서 너무 고마워요🥰🥰  오늘 영상도 잘볼게요😘,2개
43,지민,ㅋㅋㅋ언니가리뷰하는건..다 귀여워요ㅠㅠㅠ언니가✨✨✨,0개
44,소중쓰,"으엥 썸네일보고 다이소 터치나인인줄 알았네요 ㅠㅠ 다이소에 곧 터치나인 이라는 브랜드도 나온대요 ㅠㅠㅠ 그것도 리뷰해주실수있나요??
(터치나인은 아이라인도 있고 마스카라도 있어요!)",3개
45,최유리,우와 미쳤다ㅋㅋㅋ,2개
46,윗드,아 ㅠㅠㅠㅠㅠㅍ 2편 언제나와요 !! 빨리 보고싶어요 ..,1개
47,윤기가최애인아미,엌ㅋㅋ나도 오늘 다이소 화장품 사고 윤쨔미님 영상 나왔길래 봤는데 내가 산겈ㅋㅋ,0개
48,선플달기,ㅋㅊㅊㅋㅌㅊㅌㅌㅊㅌㅋ윾쾌한 쨔미 언냐 항상 영상 잘 보고 있슴미다 우한 폐렴 걸리지 않게 조심 하십쇼 건강하십쇼 행님(꾸벅)👍🏻❤️,0개
49,이토끼,헤이즐엿 ㅋㅋㅋㅋㅋㅋㅋㅋㅋ아 너무 웃겨욬ㅋㅋㅋ,0개
50,박혜원,오늘도 이쁘세요 언니 ㅠㅠㅠㅠ다이소 가봐야 하겠네용,15개
51,다슬,언니ㅠㅠㅠ,0개
52,백화초엽,제목보고 너무 공감했던게 분명 다이소 신상이 나왔는데 왜 아무도 리뷰를 안 하셨지 이럴리가 없는데 싶었어요 ㅋㅋㅋ,1개
53,나다가,인간다이소ㅋㅋㅋㅋㅋㅋ아니 왠지 기분나쁘다구여ㅋㅋㅋㅋㅋㅋㅋㅋ,0개
54,다바,오 이거 기다렸어여!!!누구보다 빠르신 쨔미 언니 최곻ㅎㅎㅎ,0개
55,지닝수,2편 너무너무 보고싶어용 ㅠㅠ!,0개
56,김민서,저도 오늘 다이소 가서 봤는데 되게 종류 다양하게 많이 나와있더라구요 !! 너무 싱기해서 쨔미 언니한테 말하려던 참에 쨔미 언니가 영상을 똬앍 올려주셔서 재밌게 영상 보구 있어여 쨔미 언니 사랑해여 ❤️❤️,2개
57,임주경,언니 요즘😷 코로나가 너무 무섭내요ㅠㅠ조심 하세요♡,5개
58,EunToday,메이크셀렙 잘 나가다 갑자기 통제불가 ㅋㅋㅋ 3천원 컨실러 보니 옛날 미샤 생각나네요 ~!,1개
59,백혜경,집 좀 나가고 싶어요ㅠㅠㅠㅠㅠㅠㅠ,1개
60,암낫언엠티멜론,언니~~~~♡ 진짜 밝은 모습 보기 좋아여♡ 다이소 제품 리뷰 감사해요! 코로나 조심하세여!♡,1개
61,빛한,진짜 언니 모든 영상은 다 믿고봐요ㅠㅠㅠ진짜 재미없는게1도없어ㅠㅠㅠㅠㅠ,0개
62,08민준,언니 진쩌 너무 궁금하네영ㅠㅠ 2편 빨리 올려주시면 감사하겠습니당ㅠ💖 기대할게요옹💕,14개
63,현준,와 언니 내 댓글 나왔다ㅠㅠㅠㅠㅠㅠㅠ 진쨔 언니가 짱이에요 ❤️❤️❤️❤️❤️❤️❤️❤️,0개
64,주희한,짜미님!!! 다이소..아니..외출을..하고싶어도..코로나땜시..다이소에..못가요..ㅠ내사랑..다이소..ㅠㅠ,0개
65,성은,다이소 열일 하네요 ㅋㅋㅋㅋㅋㅋㅋㅋㅋㅋ,1개
66,힐금,오오ㅜ재박이당!! 유행ㅋ다라가능 쨔미언닝💖,0개
67,김다솜,쨔미 언니 이글립스 바비에디션 리뷰 해주세요ㅠㅜㅜ핑크핑크해서 언니 취향에다 진짜 그냥 예뻐요 ㅠ,0개
68,김선바명예소방관,요즘 영상이 자주올라와서 너무 행복해요오ㅜㅜㅜㅜ❤️❤️❤️❤️🥰🥰🥰🥰,0개
69,윤정민,제 학교 반대편 다이소와 제 집 주변 다이소 모두 코로나19 확진자가 다녀간 하하...,3개
70,둥송송현순,❤️언니 영상 너무 재미있어용 👍🏻👍🏻,2개
71,김라엘,"우리 쨔미 언니 빨간색룩 미쵸ㅠㅠ❤❤❤❤
언니 쨔랑해요~!",1개
72,꾱아,이거 계속 누군가 리뷰해주길 기다렸어요 ㅠㅠㅠ,0개
73,강지우,"우앙❤ 다이소에 신상이 나왔었군뇨...호호홓
코로나때매 집에만 있었더니...ㅎ 쨔미언니두 코로나 조심하시구 화이팅❤!",2개
74,여원,다이소가 시내에 있어서..ㅜㅜ 언니 영상 보면서 대리만족 할게용❤️,0개
75,김예은,저 진짜 궁금했어요ㅠㅠㅠ,3개
76,이주윤,언니 다해서 얼마들었나효ㅠㅠ,1개
77,뿌잉뿌잉,언니 오늘도 잘볼께요 ㅜㅜㅜ❤️다이소 퀄리티 진짜 좋아졌어요!,3개
78,소음,"언닝,, 제가 다크서클이 심한데 컨실러로 가려질까욥ㅠㅠ",0개
79,방탄만,"저 컨실러 탐나네요ㅠㅠㅠ
다이소를 갈 수 있어야 살텐데,,",0개
80,Bean,언니 영상 보면서 느꼈는데 블루블랙 염색하시면 진짜 예쁠 거 같아요!!,0개
81,최정원,아 근데 ㅋㅋㅋㅋㅋ 자꾸 붸이부ㅐ~~ 하는거랑 눈동자에 콕! 이 너무 웃김 왜 그걸 눈동자에 콕! 해요 눈두덩이가 아니라 ㅋㅋㅋㅋㅋㅋㅋ,0개
82,Lally32,"컨셉이 친숙할뿐 짜미님 영상퀄 (화질, 기획 등등)은 진짜 넘사벽이예요!! 항상 응원합니다 ❣️❣️",0개
83,지후,지금 당장 뛰어가도 싶은데 코ㅗ나 땜에 ㅠㅠㅠㅠㅠㅠㅠㅠ,0개
84,도연,텔레토비 머리띠진짴ㅋㅋㅋㅎㅋㅎㅋ,0개
85,김냠냠이,"나가서 사야하는데.... ㅠㅠㅠ 코로나 때문에 못나가고 있어서 답답해요 ㅎㅎ 

쨔미들도 ㅋㅋ 코로나 조심하세여 건강하세요💕💕",0개
86,아미MOARMY모,언니 제발 세안밴드소개 좀 해주세요ㅠㅠㅠ,0개
87,김재경,와ㅠㅠ 저 이거 좀전에 보고와서 안그래도 리뷰 있나 찾아보고있엇는데 언니최고예요ㅠㅠㅠㅠㅠㅠ 터치나인도 부탁해요~~~~~~~~,0개
88,서주니,다이소에서 또 화장품 사왓서여 !! 리뷰 해쥬세염 ㅠㅠㅠ,0개
89,박주미,언니야 2편 언제 기다려요ㅠㅠㅠ,0개
90,수빈,언니 롬앤vs블랙루즈 좀 부탁해요 진짜루 너무 보고 싶어요,2개
91,병맛다영,ㅠㅠ밖에 나가서 섀도우 사고싶다ㅜㅜ 밖에도 못나가고 품절되면 어떡하지..?ㅜ😭😢😥😰😱,0개
92,빛나라화영,와 화장품 질러야될거같다ㅠㅠㅠㅠㅠ 이번 다이소 화장품 내스톼일이다진짜ㅠㅠㅠㅠ,0개
93,초딩다니티,헐.. 다이소 화장품 나온거 나만 몰랐어..? 다이소 점점 발전해간다.. 근데.. 다이소 갈수가 없는 시국s...,1개
94,,2편 언제 올라오나요ㅠㅠㅠ빨리 보고시퍼욘,0개
95,박민정,"진짜 씻고 나와서 유튜브봤는데
온니 떠있어서 제목도 안보고 썸네일
언니 표정보고 바로들어왔어요 ㅋㅋㅋㅋㅋㅋ 진짜 너무 좋아용~❤❤",0개
96,선우선우야,언니 어떻개..ㅠㅠㅠㅠㅠ 99.5만이야ㅠㅠㅠㅠ 갠차나!! 언니 기죽지마 우리 언니 5만 깍여도 99.5만 이다 이것들아~~~기죽지말고 우리 쨔식이들이 언니 응원하고 잇으니깐 우리만 사랑하고 우리만 행복하자 언니 😍 사랑해💕💕,0개
97,민지,이 언니 레드 왤케 잘 어울려ㅠㅠㅠㅠㅠㅠ❤❤❤❤❤❤,0개
98,단이truth,다이소 제품 시러 나가고싶어도 나갈수가 없써요오ㅠㅜㅠ쨔미언니 항상 행복하고 쨔식들도 짜미언니 영상 욕하지 않는 착한 쨔식들만 넘쳐 나길 빕니다아~!!!!,0개
99,뽀잉,헐 이가 리뷰 진짜 궁금했는데ㅜㅜㅜ 완전 빠르네요 쨔미님,0개
100,웅주하,언니덕에 이런 역대급 알게됫어여ㅠㅠㅠ 쨔랑해욤❤❤❤❤❤❤🥰🥰🥰🥰🥰🥰🥰,1개
101,고채연,일찍 왔어용! 오늘도 언니미모는 뿜뿜!!! 잘보고가용^^,4개
102,Han염소,"0:47우와 나나왔다!!!!!!!!,",1개
103,신쟈,알고있었는데ㅠㅠㅠ 리뷰가 없어서ㅠㅠㅠ 못샀어요ㅠㅠ 언니 리뷰 쨔랑해용♡♡♡♡,0개
104,박은빈,기다렸어요ㅠㅠㅠㅠ,0개
105,김유정,근데 다이소는 뭔가 너무 싸서 안 좋을거 같은 느낌이..ㅠㅠ,11개
106,보보,언니 영상마다 의상 색에 맞춰 바뀌는 헤어밴드 진짜 짱이다..,0개
107,뀨우,나 알람뜨자 왔는데 다들 모야 왜 이렇게 빨리 왔엉ㅇ!!!!,0개
108,신가영,세상에~~ 유튜브 들어오자마자 맨 위에 쨔미언늬 새영상이 떳다니😆😆 쨤언니영상 볼때마다 힘이나는 느낌이에욤❤❤ 이번영상도 잘봣어용 다음편 나올때까지 어떻게 기다리지 ㅋㅋㅋ,0개
109,관종,저 화장품들 제가 가서 싹쓸이하고 싶었는데.. 시국도 시국이고 몸에 안좋을까봐 언니만을 기다렸습니다..❤❤,1개
110,김뜽,2편은 언제 나오는거죠ㅜㅜ,0개
111,영희,신상밀거래ㅋㅋㅋㅋㅋ 오늘도 영상 넘 잘봤어요❤ 코로나땜에 못나가서 심심했는데 이렇게 영상올려주시면 챙겨봐야죠ㅜㅜ,0개
112,쁘잉돼지,언니! 코로나19 조심하세요ㅜㅜ,0개
113,아잉뿌잉,헐...쨔미님 피부 너무 좋으신데요??ㅠㅠ너무 피부 좋아지셨어ㅠ,0개
114,김규리,"오늘 영상 앞부분 미모 무엇,,,💖🌠 쨔미 언니 사랑해요 💞➰",1개
115,김하연,하이라이터 보고싶당ㅠㅠ언제2탄 나와용🥺🥺,0개
116,지구인,쨔미언니 삼천원인데 삼천만원으로 봤어욬ㅋㅋㅋ,0개
117,요뜨,리뷰 정말 감사합니다 ㅠㅠㅠㅠ 찾고 있었는데 정말정말 감사합니다 제 절 받으세요!!!!!,0개
118,아잉,다이소에서 진열준비할때 보고 바로 샀어요 ㅋㅋㅋㅋ,0개
119,세아뿌,진짜 저 오늘 다이소갔는 데 짱이더라고요ㅠㅠ,0개
120,처돌은처돌이,이런 저렴이 컨텐츠 개좋아하는데 ㅠㅠ 언니 항상 힘들어도 밝게 영상 올려줘서 고마워용 항상 화이팅 사랑해요❤️❤️,0개
121,빈봉봉,"언니💕
반대로메이크업 해주세요~",1개
122,채은08,언니 썸넬 실화에욬ㅋㅋ 보고 안들어올수가 없엌 ㅋㅋ,1개
123,윤서,언니 리뷰영상 너무 좋아요 ㅠㅠㅠㅠ,0개
124,소현,"인간 뽀 아니냐며 ㅠㅠㅠㅠ
귀여움 낭낭하시돠!!!",0개
125,김유자,저거 진짜 조아요 ㅠㅠ 저도 어제 가서 샀어요 !! 따른 종류도 있는데 그거 언니가 좋아할거같아요 ㅋㅋ 삥꾸삥꾸하고 하늘하늘하달깡,0개
126,이승실,"아 ㅠㅜ 다이소 화장품 봐버렸어 ㅋㅋ 텅장각 구할수있겠죠 ㅋㅋㅋ 
얼른 달려가고 싶어요 ㅋㅋㅋ",0개
127,김탼턐,난 전제품사서쓸거야...ㅠㅠㅠㅠ!!,1개
128,지우,저 오늘 다이소가서 그 화장품 털었는데ㅋㅋㅋㅋㅋㅋ,2개
129,장현미,"왕 일찍왔당 !!!
오늘도 재미있는 영상 만들어주시는 윤쨔미 언니💗💗💗
쌩얼도 너무예뻐요🧡🧡🧡
다이소 치고 괜찮은거 같은거 같아욤🎊
사랑해욤💗💗💗💗",1개
130,소악마채린,"코로나19 조심하세요ㅠㅠㅠㅠ
저는 방학이 2주가 더 늘어서 학원도 집에서 컴퓨터로 수업하거나 쉬어가지구 1달동안 집에만 방콕 하고 있어야 되요ㅠㅠㅠㅠㅠ",1개
131,시바,"헐ㅠㅠ밖을 안 나가니까 전혀 몰랐는데
이렇게 영상으로 알려주시니 안 사도 배부른❤",0개
132,지유리,아이섀도우 5000원으로 샀는데 너무 좋아요 ㅋㅋㅋㅋㅋ,0개
133,당면,다이소 가고싶은데ㅠㅠㅠㅠㅠ,0개
134,뜽쨩,화면이너무 뿌얘서 질감이 잘 안느껴져요 ㅠㅠ,0개
135,박은비,이거 쉐딩 짱 조하요 가루 날림빼면 전 조아써요ㅜㅜㅜ,0개
136,Simhong,언니~~!!다이소에 2020신상 '터치나인'라인도 나왔다고 하는데.. 보구시퍼요!!!,1개
137,방탄아미,아..왜 알람 안 울려..ㅜㅜ기다려자나 언니..,0개
138,피쟈,메이크셀렙 섀도우 팔레트 5000짜리 샀는데 진짜 좋아요 !!♥ 1호가 되게 색깔이 취향저격♥ 평소에 많이 쓸것 깉아요 ㅋㅋ,0개
139,방인숙,"쨔미  언니!!!!
다음  영상은  오빵빵이  고른 화장품,
그리고 쨔미  언니가 고른 화장품  반반 비교 메이크업을 해서    구독자분들께
투표를  해서 투표율이  높은 분  소원 들어 주기 해주세요!!!!^^




쨔미 언니  사랑해요!!♡♡♡♡",1개
140,이서진,언니 잉가 제품들 좀 리뷰해주세요ㅠㅠ 특히 피부 제품들 !! 너무 사고싶은데 언니 리뷰 보고 사고싶어요 ㅠㅅㅠ,0개
141,Y109Seo,"빨간옷 입을때,미스트롯 미스터트롯볼때 ㅋㅅㅋㅅ",1개
142,죽고싶어,"오늘두외모뿜뿜넘이뻐여ㅜㅜ
코로나조심해여♡",2개
143,,"한창 재밋게 보고있었는데..2편이라니!! 언제 기다려~~~
언니!! 영상 빨리 올려주세욥!!! 궁금해서 미칠거 같아요~~~~~~♥",0개
144,빵댕이롱이,쨔미언니가 하는 편집이 진짜 좋긴하다...,0개
145,유랑,이뻐요ㅠㅠ,0개
146,없어이름,"언니 진짜 영상 잘만들고 재밌눈데
구독자가 왜 5천명이나 훅떨어지죠",0개
147,sysj,다이소가 이래 성장했다니..ㅎㄷㄷ,0개
148,세민,저 이거 보자마자 달려가서 사왓어욤ㅋㅋㅋ,0개
149,뇽뇽,와... 당장 다이소 가야게따 쨔미언니 항상 넘 쾌활해서 조아용 ❤️,0개
150,여중,언니 이번영상 너무 귀여운거 아녜요? ㅠㅠ 원래 개교미였는데 오늘은 깜찍발랄쨤언니야 ㅠ,0개
151,머요뭐요,내일 당장 갑니다...ㅂㄷㅂㅂ,0개
152,김나윤,다이소 화장품 또 나왔어요ㅠㅠㅠㅠㅠㅠ그게̆̈ 이것보다̆̈ 백배 천배 뽀짝뽀짝에 가성비 갑이에요ㅠㅠㅠㅠㅠㅠ꼭 리뷰 해주세요ㅠㅠㅠㅠㅠ❤️❤️❤️❤️❤️❤️,0개
153,뽀쨕채연,와 언니 오늘도 미모 열일해요 ㅠㅠ 언니 저 쨔식이에요 ㅠㅠ 다이소 저도 가고 싶어요 ㅍ퓨푸ㅠ 언니 코로나 조심해요 ㅠㅠ 화장품 쨩인데요❤️❤️💖,2개
154,Tiktok하은,완전 대박이다 저도 짜미언니처럼 다 FLEX(?) 하고싶다 +쨔미님 완전 찰떡인거 인정?!,1개
155,휴지좀코풀게,우리 지역은 안 사가나... 다 있던데 ㅋㅋㅋ,0개
156,휴지좀코풀게,우리 지역은 안 사가나... 다 있던데 ㅋㅋㅋ,0개
157,신선영,한 5분 지난 줄 알았는데 10분 순삭ㄷㄷ.....,0개
158,이나영,아 언니 ㅠㅠㅠㅠㅠ 2편 플리즈 제발 아 애탄다 증말 궁금해요 너무 ㅋㅋㅋㅋㅋㅋㅋ ㅠㅠㅠㅠㅠㅠ,0개
159,익명,언니ㅠㅠ 솔직한 리뷰 정말 고마워요!,0개
