﻿,youtube_id,comment,like_num
0,로즈하ROSEHA,"⭐️✨EVENT✨⭐️
안녕하세용 여러분! 영상에서 제가 사용했던
'디올 어딕트 스텔라 샤인 립스틱💄'을
총 10분께 드리는 이벤트를 준비해봤어요!😍
제품이 너뮤 예뻐서 여러분들께도 꼭 드리고싶어,
사비를 털어 준비한 이벤트랍니당 :) 
당첨자 분들께는 립스틱과 저의 손편지..💕를
함께 넣어 보내드릴거애오..😳 히히
그럼 많이 많이 참여해주세요 :)

👉🏻참여 방법 : 지금 이 영상에 
이메일 주소와 함께, 앞으로 제 채널에서 꼭 보고싶은 영상🌸 을 댓글로 남겨주세용ㅎㅎ
아무거나 다 좋아요!☺️☺️
(이 고정댓글에 답글로 달면 제가 확인을 못해요ㅠㅠ)
👉🏻이벤트 기간 : 3월 8일 일요일 오후 2시까지
👉🏻당첨자 발표 : 3월 9일 월요일 저녁
이 영상에 고정댓글로 발표 후, 당첨자 분들께는
제가 메일로 개별 연락해요!🙆🏻‍♀️❤️",11개
1,로즈하ROSEHA,"💛💛당첨자 발표💛💛
안녕하세요 여러분 :)
이벤트 참여 해주셔서 감사합니당💕💕
정말 많은 분들이 참여해주셔서 댓글 하나하나 다 읽는데 예상보다 시간이 조금 더 걸렸어요,,😭🙏🏻
이번에 당첨이 안되었더라도 앞으로 더 많은
이벤트로 찾아올테니까 너무 실망 안하셨으면 좋겠어용 ㅠ.ㅠ (구독자 역조공 이벤트 2탄 기대해주세요..❤️)
그럼 당첨자 분들 축하드립니다!🥰🌸
메일로 개별 연락 드릴테니까 꼭 확인해주세요 :D
(2020.03.19 수정) 개인정보 노출 문제로 개별 메일 발신 후 댓글에서는 지웠습니다^ㅇ^//",253개
2,민주김,원래 발렌시아가랑 샤넬이 가장 이미지에 맞았는데 이제보니 디올도 잘 어울려.. 진짜 미쳤나봐요 즈하언니,32개
3,채단,언니 사람들이 예쁘다 예쁘다 해서 진짜 예쁜줄 아나본데ㅋㅋ 기다려 기획사 개설중이야,10개
4,쭈앙,"🌙xseirenx@naver.com🌙로즈마리 된지 3년인 마리입니당!💖 언니가 그동안 했었던 메이크업으로 즈하듀스101 꼭 보고 싶어용 ㅠㅠ 진짜 프듀처럼 순위발표식 하기엔 너무 많아서 편집하기 힘드실것 같아서 구글폼이나 네이버 폼으로 1차 투표, 2차 투표만 하는게 좋을것 같아요! 1등을 미리 맞힌 사람에게는 추첨을 통해서 추후 이벤트에 먼저 당첨될수 있는 선당첨권을 주는 이벤트도 좋을거 같아용 ㅠㅠ 팬들끼리 최애로 00듀스 101 할때 독려 이벤트도 많이 하더라고용! 당첨 안되도 괜찮습니다,,, 즈하듀스101은 꼭 해보고 싶어요ㅠㅠ 꼭 후보가 101명이 아니라도 괜찮아용!! 이벤트 감사해요 >_<💕💕💕",132개
5,이은송,장미 언냐 열일 시작하셧다... 길 비쿄라,431개
6,베르가못,"꺄❤️❤️❤️💕💕💕 저 당첨됬어요 진짜 너무좋아요🌸🌸💕💕 저 로즈하님 고등학생때 블로그하실때부터 팬이고 2018 다이아페스티벌,2019 겟잇뷰티콘 둘다 로즈하님보러갔었는데 이렇게 이벤트당첨되고 디올립스틱에 로즈하님 손편지까지 받다니 행복해요ㅠㅠㅠㅠ🌹🌹🌹🌹",23개
7,김도은,그냥 봄의 요정이 인간계에 내려와서 현생에 찌들어있는 인간 구원해주려고 왔다가 우연히 한 플렛폼 인간한테 알고 메이크업1타강사가 된 것 같잖아요.....;;,3개
8,Jisoo,아직 발표 안난것같아용! 고정댓글로 발표하신다고하셨으니까 쪼금만 더 기다려봅시답 4000분중에서 10분선정하기가 보통일이 아닐거같아요..,18개
9,조유림,"ㅠㅠㅠㅠ그리웠어여 ㅠㅠㅠ색감 짱짱한 블러서, 촉촉한 립까지...장미 언니 메이크업 넘넘 좋아요😆 ㅠㅠㅠ 돌아와서 넘 기뻐요💓그동안 언니 영상으로 많이 행복하고 즐거웠어요'♡') 이제는 로즈하님의 행복을 응원해요😊❤

1. 로즈하 블러셔 추천 2020버전
(언니가 추천한 블러셔들 하나같이 짱예...💓)
2. 집순이가 집에서 노는법
(영화 리틀 포레스트 느낌)
3. 힐링하는 나만의 루틴 겟레디위드미
(책이나 음악, 멘탈관리법)
4. 반말모드로 새내기 메이크업 가르쳐주는 선배 영상
5. 승무원 같이 단정한 면접 메이크업

hgjoung12@gmail.com",3개
10,나랑보랑NaBorang,"언니! 저 언니 피아노 치는 거 보고싶소😭🌹❤ 
저는 뚱가뚱가 거려서 언니가 치는 거 보기만 하고 싶어요🌸💜 좋아하는 곡이나 잘 치시는 거 있으면 들려주실 수 있나요? 1시간동안^0^ 완전 찐컨텐츠 고!! 자기전에 들어도 너무 좋을 것 같아요!! 언니 취미생활이니까 ㅠ 아님 배그하시는거..? 💜 
우리 즈하언니 행복해하는거 즐거워하는거 보기만 해도 저희는 좋습니다🥰 건강조심하시구요 언니!! 사랑해요! 
행복해야해 장미언니🌸🌹🌸❤

fdsa_21@naver.com",15개
11,,😍 즈하 언니 몸매 관리 영상이나 다이어트 브이로그 같은 영상 보고싶슴다🥰💗,3개
12,코코,"당첨자 목 빠지게 기다리는즁,,,❤️",4개
13,사랑해샤이니,언니 혹시 발표났어요?ㅠㅠ,9개
14,이찐찐,하나 더 생각나서 댓글 후다닥 와서 적어요 ㅎㅎㅎ 언니 춤춰주세여 지코-아무노래 챌린지 올려주세여 ㅎㅎㅎ 귀여울 것 같아요ㅠㅡㅠ ♥️♥️♥️,4개
15,로즈하님찐팬,"이거 진짜 레전드다!! 완죤 짱짱❤❤
디올이랑 어쩜 이리 찰떡궁합이세요ㅠㅠ
언니 영상 보니깐 디올 제품들 다 사고시퍼져요😍😍",1개
16,아잉뀨,"처음 장면에 누가 장미예여 ? 🥰
아 왼쪽이 장미이구나 
어쩐지 너무 아름답다 장미향기가 내 코를 찌르네",1개
17,장서윤,언니 진짜 볼때마다 너무너무너무너무 예쁜것 같아요~~><,2개
18,김한결,어떡하지 인간 디올 그자체다 진짜 즈하님 너무 이뻐ㅠㅠㅠㅠㅠ최고야ㅠㅠㅠㅠㅠㅠㅠ,1개
19,로지,헐 언니 이렇게 폭업해주셔서 너무 감사해요 ㅠㅠ 진짜 언니 영상볼때가 제일 행복해요 ㅠㅠ사랑해요 장미언니 ❤️❤️,2개
20,랑,진짜 립스틱도 좋지만 손편지 받고 힐링 하고 싶다 ㅠㅡㅠ 발표 언제야야야야야,4개
21,러러,"저는 로즈하 언니가 올리는 영상 다 좋지만 그중 하나 고르라한다면 브이로그나 겟레디윗미를 많이 보고싶어요!!
봄 옷 하울영상도요!!
그래도 저는 언니가 영상으로 다시 돌아온것이 제일 좋아요💗
무리하지 않는 선에서 예쁜 영상들 많이 올려주세요~
jinxo0408@naver.com",3개
22,,언닝 고정 댓글이 없어요ㅠㅠ..,11개
23,youtubetutorial,언니 영상 언제 올라와요 ㅠㅠㅠ,4개
24,기먀옹,쌩얼이사기다......너무예뻐 쌩얼이 더예뻐요ㅠ,2개
25,김아림,"예뻐서 구독한 거 처음이예요 로즈하님,,,",2개
26,최윤하,"다음 다꾸 영상에 손글씨 예쁘게 쓰는 방법도 같이 들고 오신다고 하셨는데 영상 언제 올라오나요ㅠㅡㅠ 다꾸 영상 더 자주 보고 싶어요:)
0826julia@naver.com",1개
27,다재다능한하루,"헐 ㅠㅠㅠ 진짜 열일 즈하다 ㅠㅠㅠㅠ 
진짜 열편집하느라 고생하셨어요 ㅠ
즈하님의 갬성 최고라구요 ㅠㅠㅠ ❤️

헐 영상 다 보고 왔는데 나눔 이벤트라니 ㅠㅠ
오늘 메이크업 진짜 즈하님이랑 찰떡이었는데 ㅠ
진짜 힘든일을 딛고 일어서는게 힘든건데 이렇게 너무 이쁜 영상들 올려줘서 고마워요 🥰
즈하님의 책 추천 영상과 24시간 밀착브이로그, 집순이 영상, 본인의 신념 관련 영상 찍어주셨으면 좋겠어용 ㅎㅎ 그렇지만 무슨 영상이든 다 좋다는 사실 🤎

yunmogun2@naver.com",6개
28,늉늉,"언니ㅠㅠㅠㅠ  진짜ㅏ  너무ㅜㅜ 열일하시는거 아녜요ㅠㅠㅠ  진짜ㅏㅠㅠㅠ    보고 싶은 영상은  진짜ㅏㅠㅠ̆̎ㅠ꙼̈ 전부터 궁금했던  언니의 ㅠㅠ̆̎ㅠ꙼̈ 봄코디 영상이여ㅠ̆̎ㅠ꙼̈  봄에  이쁘면  입을 만한  옷을  코디한  영상찍어주세염‼️‼️‼️진짜  이번 영상도  잘봤어여‼️‼️‼️ 정말  언니  ❤️❤️❤️❤️❤️❤️❤️

gloria040917@naver.comㅇ미다̆̈!!̊̈!̊̈",0개
29,윤뿜뿜,"❤️🧀❤️ 4년차 로즈마리의 영상 추천🤞🏻

🍑라면 덕후 로즈하의 라면순위 추천🤞🏻

🍑돌아온 2020  애굣살 꿀템 추천편 ✨ ✨

🍑입욕제 추천,, 홈 힐링 영상!🌸

🍑봄 옷 하울 및 코디 (캐주얼룩 , 데이트룩 )💛

🍑”늦겨울~초봄” 에 입기좋은 데일리룩 코디 

🍑로즈하의 옷장 정리 방법, 및 소품 추천

🍑옷 보관 꿀팁 ( 명품/보세 편 따로따로)

🍑자취방 인테리어 꿀팁!!  

🍑로즈하의 악세서리 보관 꿀팁 🍯 

🍑글로시립 / 매트립  최근잘쓴템 추천영상💋

🍑셀프 앞머리컷 영상!💇🏻‍♀️

🍑(새내기용 )아이라인 그리는 꿀팁, !!!

olivia1057@naver.com 🍑💕

♥️🧀♥️ 안녕하세요 4년째 로즈마리 🌹💘💘하고 있는 즈하언니 영상 덕후입니당! 

🍑영상을 추천한 이유 :

언니가 3달동안  조금 쉬시면서 ㅜ ㅜ
걱정반 호기심 반 혼자 뭐하고 계실지 궁금했어요.. ♥️❤️❤️  그러다 보니까 언니가 주로 시간을 보내시는 장소인 집 🏡💕💕에서 셀프 힐링하는 영상이나, 취미,요리 (라면이 주식이라 하셨던 언니 ㅎㅎ🤭😯) 등등 평소 좋아하고, 자주 하는것들 위주로 영상 추천드려 보았어요!
✨ 🍑🍑


제 아이디어중에 괜찮은 게 있으면 영상으로 올라온다면 정말 기쁠 것 같아요,,,💗🙊💗

🍑마지막 할말: 언니 사랑해요💓💗💕 항상 로즈마리들이 곁에 있으니까 힘든일들 , 무기력함 두려움 다 물리칠 수 있을꺼에요! 🐿💓
언니는 뷰티유튜브 생태계의 원탑!! 이에용 💛✨💛✨ 즈하여신 화이팅!!! 🤞🏻 ( •̀ㅂ• ́)ﻭ 
응원합니다 👏 👏 👏 👏 👏",2개
30,노래방에서,그냥 블핑지수 판박이 여신님 귀욥고 사랑스러워 그냥 인간디올임 진짜ㅠㅠ 디올이 가장 잘 어울리는 뇨자,2개
31,J,하 정말 인간 로즈 그 자체 아닙니까ㅠㅠㅠ 너모 예쁘고 상큼하구ㅜㅜ 다해요언니ㅠ!!!!,0개
32,랄라라,아니 미친 누가 사람이야 꽃이 너무 많아서 사람이 누군지 모르겠눼 지짜,61개
33,잉원필,진짜 화장색감 젤 예쁘게 잘해 ㅠㅠㅠㅠ,0개
34,김영주,"헐 ㅠㅠㅠ즈하님 이렇게 빨리 새 영상이 올라오다니 ㅜㅜ 무리하시는게 아닌지 걱정되면서도 좋은 마음...💕 일단 봄 맞이 하울이나 데일리룩 영상 보고 싶구요! 또 이제 환절기라 기초 화장품을 바꾸고싶어서 이리저리 알아보는중이라 기초 화장품 추천영상이 보고 싶어요🙆‍♀️ 색조보다 어려운 기초 화장품 고르기 ㅜㅜㅜ 마지막으로 제가 해리포터 메이크업 영상을 너무너무 좋아했어서 영화나 만화 속 캐릭터 컨셉의 메이크업 영상을 보고 싶습니다! 이벤트 열어주셔서 감사해용❤️

kyjyjk1226@naver.com",1개
35,1517신하람,진짜 아무리봐도 사람이 너무 완벽해요... 😭 즈하님 목소리도 너무 취저에요... ❤️,1개
36,이현지,"엉엉 ㅠㅠㅠㅠ 오늘 영상 인트로 너무 이쁩거 아닙니까 ㅠㅠㅠㅠㅠㅠ 특히 3번째 너무 제 스타일 입니댱💗저번영상인 파우치 털기 너무너무 잘 봤어요 .. 😭😍 거기 중에서 디올 블러셔 너무 이뻣었는데 .. 오늘도 완전 잘 봤습니다 ㅠㅠㅠ(디올 쿠션 케이스 너무 이쁠걸요 ..너무너무 제 스탈 !! )
제가 한창 화장품에 관심 많을 나이인데 비싼 브랜드는 함부로 엄두를 못내겠더라고요 .. ㅜㅠ 그래서 이번 이벤트에 조심스럽게 참여해봅니다 .. !! 
cindy0504060@naver.com 
💄저는 로즈하 언니의 먹방 영상을 보고싶어요 :-D
( 항상 잘먹는다고 헤이즐 언니가 언급하셨는디 막상 한번도 본적 없어서 ㅠㅠ 저번에 떡먹방 빼고 ..ㅠㅠ)
너무너무 잘보고 있구요 ! 요즘 칼업뎃이라 너무 좋습니다 !! ㅎㅎㅎ 당첨 안되도 잘 볼께요 😘
긴글 읽어주셔서 감사합니다 ㅎㅎ :-)",1개
37,Jiae2pp,"저는 이 때까지의 로즈하의 상큼뿜뿜한 것도 좋지만!!! 💀😈퇴폐미 뿜뿜한 메이크업😈💀 진짜 궁금해요ㅜㅜㅜ (이전의 힘들었던 마음을 메컵하면서 다 털어버리세요!!) 아이린 싸이코커버 메이크업이나 언니만의 섹시하고 어두운 메이크업 해주세오 제발😭😭  진짜 너무너무 보고 싶어요💦💞 그리구 언니야 이제 앞으로는 늘 행복한 일만 있길 바랍니다 즘말루~~!+6
dn2407@naver.com",56개
38,채송화,언니 ㅠㅠ열일 너무 져아여ㅠㅠ제가 유일하게 다 보는 영상이 온니에여ㅠㅠ다꾸영상도 제 최애💕💕 그거 보고 다꾸 시작해서 지금 일년째 하구있어용ㅎㅎㅎㅎ앞으로 다꾸영상도 더 많이 보고싶구 브이로그도 많이 보고싶어요 언니만의 갬성 넘 좋다여🤍💜🤍💜                            sunplants96@naver.com,1개
39,영주,"❤패션 하울영상
💜드라마속 여주 캐릭터 옷입고 빙의!!넘 잼겟다...
❤춤 영상?운동 하는 영상!!
💜일상 영상
❤그냥 즈하언니 옷놀이....그냥 조아..


저 진짜...쉬고싶고 예쁜거 보고싶을때...언니영상을 꼭 보게되네요~~목소리고 은은하구 예뻐서...글고 기본적으로 예쁜거 덕후여서 조아용대리만족*^*^*꺄악
rryyeeuuwwii@naver.com",1개
40,이소영,"🌸 원브랜드 메이크업 🌸
🌷 반말 메이크업 or 반말 Q&A 🌷
🌼 헤어 튜토리얼 🌼
🌺 집순이 브이로그 🌺
🌻 봄 옷 하울 🌻
등등 보고싶은 영상이 정말 많아요 히히 (๑˃̵ᴗ˂̵)
즈하언니 항상 응원합니다 💖
sbegonia@naver.com 입니다 :)",1개
41,정승희,옷장 소개 영상이요!! 그리구 게임 좋아하시는걸루 알고있는데 게임하시는 영상도 올려주세요🤍🤍 마지막으로 즈하온니 어머님께서도 손재주가 너무 좋으시던데 모녀가 함께하는 다꾸영상도 보고싶어요😍🤍  juliababe@naver.com,3개
42,Yellow옐로우곤듀,"언니ㅠㅠㅠ̆̎ㅠ꙼̈  진짜ㅏ  오늘 영상도  너무너무  잘봤어여ㅠㅠ̆̎ㅠ꙼̈  진짜ㅏㅠㅠ̆̎ㅠ꙼̈ 대박 ㅠㅠ̆̎ㅠ꙼̈  
gloria040917@gmail.com 
영상은  이제  봄이니  언니의  봄코디 영상이  정말  너무   궁금합니다!!언니의  봄코디 영상  너무ㅜㅜ 보고싶어여ㅠㅠ̆̎ㅠ꙼̈  진짜ㅏㅠㅠ̆̎ㅠ꙼̈  언니  너무   이뿌신드슈ㅠㅠ̆̎ㅠ꙼̈  너무   잘보고 갑니다̆̈!!!잘봤어여!!!
언니  잘봤어여ㅠㅠㅠㅠ진짜ㅏㅠㅠ̆̎ㅠ꙼̈  ㄱ",0개
43,CassMyth,Please add English subtitles if possible! Thanks for finally uploading a tutorial again. :),0개
44,소녀소식하는여자,악 ㅠㅠㅠㅠㅠㅠ언니진짜 인간장미...😢😢❤️,0개
45,박수민,"요즘 언니 영상 많이 올라와서 너무 좋으면서도 언니 컨디션이 걱정되네요 ㅠㅠ
무리하지 마시고 저희는 쭉 언니 곁에서 기다릴테니깐 여유롭게 올리셔도 되요 :)
저는 언니가 조근조근 말하는 브이로그나 메이크업 영상이 많이 올라왔으면 좋겠네요🤗 그영상 보면서 자면 불면증 따윈 날아가 버려요~ 언니 오늘도 화이팅하세욤! 
K41554991@gmail.com",1개
46,녕안,"책 읽구 독후감이나 후기같은거 영상으로 찍어도 좋을것같아요!! ㅠㅠ 갠적으로 전 디올 하이라이터가 진짜 예뻐보여요 헠,,


violetarosie2390@gmail.com",31개
47,토리,갹 ㅜㅜㅜㅜ 로즈하님 너무 예ㅃ버요 진짜ㅜㅜㅜㅜ  메이크업도 너무 착붙이고 잘 어울리고 예쁘고 언니도 너무 옙버요ㅜㅜㅜ 분위기 보스ㅜㅜㅜㅜ,0개
48,밥옹,진챠.. 화장할 맛 나는 얼굴이다.. 공주님..👏👏💖,2개
49,민다린,"언니 ㅠㅠㅠ진짜 너무 예뻐요 저도 진한 메이크업 , 특히 섀도우 진한거,, 안어울려서ㅠ언니 영상 본 게 엊그제 같네요. 어느새 구독한지 1년이 넘었고 항상 참고하고 있답니당. 저도 사실 한 2주? 전까지 너무 우울하고 ""왜 나한테 이런 일들이 일어나지? ""라고 생각했던 날들이 있었어요. 요즘 들어서 그 생각을 바꾸려고 노력하고 있고, 언니도 다시 원래의 모습으로 돌아오는 것 같아서 기뻐요ㅠ 사실 남들에게 보여지는 직업이 얼마나 힘든건지는 잘 알고 있어요. 얼마나 노력하고 생각을 많이하는지ㅠㅠ 저도 잘 알고 있답니다. 무튼 ㅠㅠㅠ 언니 채널에서 저는 다이어리 영상을 너무 좋아해서 앞으로도 자주 보고 싶어요.!!! 그리고 또 다른 영상으로는 뭔가 체험하는 영상?-? 막 플로리스트 도전기! 약간 이런 거 보고싶어용 언니랑 잘어울리는 꽃꽃이 ㅠㅠ 이런 느끼믕로 보고 싶어용❤️ 저는 언니 손편지가 정말정말 받고 싶어요 요즘 심리상담사 공부하느라 힘들고 영상 보면서 힘내고 있어요 ! 힘들 때는 같이 힘내봐요~~ 진짜 열심히 사는 것 같아서 저도 그러려고 노력중이에요! 항상 응원하겠숩니당 ㅎㅎ 혹시 모르니깐 ㅠㅠㅠ이메일 주소 남길게용  mj___323@naver.com",0개
50,이소윤,언니 너무 이뻐요ㅜㅜㅠㅠ‼️‼️ 로즈하의 봄맞이 쇼핑 브이로그 보고싶어용 ㅠㅠ 언니만의 쇼핑 꿀팁도 알려쥬세여 may80337@naver.com,0개
51,현아,저는 언니가 여태 한 커버 메이크업을 개인적으로 너무너무 좋아해서 디즈니 캐릭터 하나를 정해서 커버 메이크업도 보고 싶어요 ! 정말 만화에서 튀어나온 듯한 얼굴을 가지고 계셔서 디즈니 캐릭터스럽게 화장하면 진짜 캐릭터 그 자체일 것만 같아요 ..❤️ 언니 영상은 분위기와 른나른한 목소리가 절 미치게 해요 .. 저번부터 물어보고 싶었는데 언니는 잘 때 침대 안좁나요?? 칭찬과 소문이 자자해서 좁을까봐🙈 사랑해용💗💗                                      hyunah04062007@gmail.com,22개
52,지현,"💓영상추천💓
소통할수있는 일상브이로그 자꾸자꾸보고싶어용 
봄시즌에 맞춰 입을수있는 코디의상궁금합니당!!
오늘도 영상재밌게봤어욤 감사해욤><☺☺☺☺
tjdwlgus1208@naver.com",1개
53,오마갓,"🧸5분안에 메이크업 해보기                                    🧸저려미 화장품으로 만 메이크업 해보기                                                    🧸시크한 차도녀 스타일 메이크업 해보기
🧸1시간 넘는 짱 긴 겟레디윗미 
🧸24간 브이로그
🧸새로 산 문구 하울
🧸올리브영 추천템
🧸립 추천 영상(입술만 나오는 립 소개 영상,지금 이 영상에 나오는 립 소개 부분처럼!!이면 좋을 것 같아용,,,)
🧸mbti 성격 같이 체크해보기!!
저는 로즈하님이 조곤조곤 말씀해주시는게 너무 좋아용!!!요즘에 힘드신 일도 많으실텐데 이겨내주시고 다시 돌아와 주셔셔 감사합니당🤍🤍🤍🤍🤍🤍 toqha_1124@naver.com",1개
54,Teri,"💗보고 싶은 영상 LIST💗

🌸1. 좋아하는 브랜드 (옷)
- 최애 원피스 소개, 최애 룩

🌸2. 드레스룸 소개 섹션 별로(가방 존, 코트 존 등등) 2회~3회 분량도 좋아요!

🌸3. 명품 입문자용 가방추천 영상 

🌸4. 방 꾸미기 영상
(다꾸 할 때 보니까 파워 금손이셔서 왠지 방 꾸미기도 잘 하실 것 같아요👍🏻)

🌸5. 언니 최애 맛집 소개
(이거 궁금해요!)

🌸상황 별 메이크업 룩북영상
(데이트, 결혼식, 친구들과 만날 때, 연말모임 등등)

마지막으로 언니 너무 기다렸는데보고 자주 영상 올려주셔서 감사해요☺ 언니 손편지 너무 받고 싶어요! 

dreamiw@naver.com",0개
55,남설,귀여워여ㅠㅠ,0개
56,이승민,"요즘 시기가 시기인 만큼 집 밖을 잘 못나가는데🥺
집순이 브이로그나 언니가 읽었던 책, 영화 추천, 스킨케어 같이 집에서 할 수 있는 일?들 보고 싶습니당!🍒
언니 요즘 영상 많이 올라와서 너무 좋아요우🌈 진짜 항상 응원합니당!!🌼



smyo98@naver.com",4개
57,임선영,"1. 벚꽃놀이 영상 - 언니랑 벚꽃놀이 같이 가는 기분 느껴보고싶어요

2. 봄 옷//가방// 신발 하울 - 올 봄부터 직장 다니는데 언니 옷 따라 입고 싶어요 ㅠㅠ 

3. 직장 데일리 메이크업 - 직장에서 로(즈하덕)밍아웃..? 

4. 먹방 

5. 집 청소 브이로그!!!! 

zxpml@naver.com
언니 항상 로즈마리를 제일로 생각해주셔서 고마워요
로즈마리에겐 언니가 제일인 거 아시죵?",1개
58,정소윤,"진짜ㅠㅠㅠ언니가ㅠ제일 이쁜거같에요ㅠㅠㅠㅠ 저는 막 악세사리 소개영상이나 구독자 분들 메이크업해주기!! 이런거하면 재밌을꺼같애요ㅠㅠㅠㅠ구독자에게 맞는 화장품 골라주기 요런것두용ㅠㅠㅠㅠㅠㅠ
a01097076383@gmail.com
언니 항상 화이팅하세요!! 제가 계속 응원할께요♥️♥️♥️",0개
59,체리씨,"로즈하언니 만의  지성,건성 피부 관리법이나
쿨톤 웜톤 구별법 영상을 봤으면 좋겠어요 ㅠㅜ
제가 이번에 고등학교 올라가는데 화장을 한번도 해본적이 없거든요 ㅠㅠㅠ 그래서 기초적인 부분을 로즈하언니로부터 배우고 싶어요 !❤  로즈하 언니 사랑해요🥰🥰🌹🌹
sese12015@naver.com",3개
60,SOY,즈하언니 자꾸 “진짜 예뻐요” 이러시는데 화장품보다 즈하언니가 더 예뻐요... 장미요정 즈하님...,0개
61,Lauretta,아이고야..... 진짜 이뻬! ㅠㅠ,0개
62,솔잎,뭔가 썸네일에 눈 감으신 거 여자아이들 우기님 닮으신 것 같아요!,1개
63,주쥬,"즈하언니 . . . 썸네일 너무 예뻐요  진짜 ... 4 ...사 .. 싸랑해 .. 💛
디올 다 필요없셔 언니가 그냥 인간디올 💚🌻✨
언니가 쓰는 제품이면 다 소장욕구 뿜뿜 ㅎ-ㅎ 캬",0개
64,은은,"로즈하 님 너무 오랜만이에요 ㅠㅠ 영상 활동 쉬고 계시다 오랜만에 영상 연달아서 올려 주시니까 너무 기뻐요 💖💖 제가 보고 싶은 컨텐츠는~

💎 원 브랜드 메이크업 💎

-저렴이: 릴리바이레드, 에뛰드 
-중렴이: 에스쁘아, 3CE 
-고렴이: 입생로랑, 맥

개인적으로 원 브랜드 메이크업을 자주 올리시지 않는 것 같아서 제가 한번 추천해 봤습니다! 참고하셔서 올려 주시면 너무 좋을 것 같아요 ㅠㅠ ❤

💎 홈 트레이닝, 몸매 관리법, 운동복 추천 💎

홈 트레이닝은 코로나 때문에 밖을 나가기가 어려운데 집에서 쉽게 할 수 있는 홈 트레이닝 영상을 올려 주시면 좋을 것 같아요 그리고 몸매 관리나 다이어트 식단, 꿀팁을 함께 보여 주시면 더 좋을 것 같아요! 운동할 때 자주 입으시는 운동복이나 평상시에도 입기 좋은 트레이닝복을 함께 소개해 주세요! ㅠㅠ

💎 봄맞이 블라우스, 원피스 코디 영상 💎

봄을 맞이해서 블라우스나 원피스를 많이 입으시는데 예쁜 옷들을 소개해 주세요 꽃무늬 원피스나 블라우스, 그리고 데일리로 입기 좋은 옷들도 골라 영상 찍어 주세요! 

💎 일주일 뷰티 영상 💎

일주일 동안 네일, 헤어 관리, 피부 관리 등등 관리받으시는 모습을 영상에 담아 주세요 헤어 관리는 머릿결 좋아지는 법과 특이하고 사진 찍었을 때 예쁜 헤어 스타일링을 찍어 주시면 주시면 좋을 것 같아요!

💎 벚꽃 축제 데이트 메이크업, 사진빨 잘 받는 메이크업 💎

곧 있으면 벚꽃 축제 시즌인데 그때 하고 가면 좋을 메이크업과 벚꽃과 함께 사진을 찍을 때 사진빨 잘 받는 메이크업 영상을 올려 주시면 좋을 것 같습니당

💎 10만 원 이하의 저렴한 가방, 신발 소개 영상 💎

명품백을 너무 사고 싶지만 학생이 사기에는 부담스러운 금액이기 때문에 학생들도 부담 없이 살 수 있는 10만 원 이하의 가격 대비 제품의 질이 좋은 가방과 신발을 소개하는 영상을 올려 주시면 좋을 것 같아요!
신발은 운동화나 구두, 로퍼 등 다양하게 소개해 주시면 좋을 것 같아용 💖

💎먹방&구독자 상담, 사연 들어 주는 영상 💎

구독자 분들이 익명으로 사연을 신청하여 그 중 다섯 사연만 뽑아 먹방을 하며 고민에 대한 조언을 해 주시면 좋을 것 같습니당 그리고 먹방을 하는 이유는 얘기만 하면 심심할 수 있으니 맛있는 음식과 함께 고민에 대한 조언을 해 주시면 좋겠습니다 ㅠㅠ!

이메일:pce6214@gmail.com",2개
65,김실록,언니만의 메이크업 꿀팁이나 언니의 최애 옷? 착장 최애 화장품 같은거 소개하는 영상이 보고싶어요❤️ 즈하님 돌아오셔서 너무 감사해요 하루하루 언니 영상 올라오는거 기다리던중 올라온 영상은 마치 ㅠㅠㅜㅠ 오엠주ㅣ... 진짜 항상 멀리에서 응원하고있을께요 항상 잘보고있어요 즈하님 앗 근데 영상을 안올리셔도 괜찮으니 부담갖지말고 행복한 욜로라잎즐기세요 언니 사랑해요❤️❤️ lk5642@naver.com,39개
66,AdixKim,언니 있잖아요...이제..그 좀 다여리 영상올릴때가 좀 되지 않았나.. 그냥🤔🙄.. 다여리...다꾸.. 너무 보고싶은데,2개
67,야아,"💕💕💕언니ㅠㅜㅠㅠㅠㅠㅠ 우연히 유튜브 추천영상?에서 언니 영상 썸네일 본 이후로 구독하면서 계속 언니 영상 보면서 팁도 너무너무너무 많이 받았어요😭 제가 구독하는 뷰티유튜버가 몇 없거든요 그래서 사실 인스타에서 이번 디올 신상보고 너무너무 이쁜데 언니가 리뷰해줬으면 좋겠다는 생각도 들었는데..ㅜㅠㅜㅜ이렇게 이쁘게 소개해주셔서 감사해욤!ㅜㅎㅎㅎ저는 디올참 컬러가 너무 이쁜거같아요ㅋㅋ앞으로 언니채널에서 제가 보고싶은 영상은 (사실 아무 영상이나 다 너무조음..❤) 아이돌 커버메이크업(특히슈화..?)이나 신년맞이 립추천제품 보고싶어요! ㅎㅎ 또 언니 LA가서 브이로그 찍었다 하셨는데 그것도 보구싶습니당 아무거나 다조아요😍 앞으로도 로즈마리들이랑 계ㅔㅔㅔ속 봐야돼요 !!!! 그럼 건강조심하시고 좋은 하루 보내세요🤩😘💖💖💖
(ybyb0616@naver.com)",0개
68,capcacity100,"꺅 언니 립 너무 이쁜거 아니냐구요ㅜㅠㅠ 역시 즈하 is 뭔들💓👍 
언니의 청순 메이크업도 좋지만 1.분위기 전환으로 태닝 메이크업도 보고 싶어용! 
그리고 
2. 언니의 애착 물건 소개?? 쓸모있든 없던 간에 추억이 담겨있는 물건 소개도 완전 보고 싶습니다ㅠㅜㅠ 항상 언니 영상 너무 잘보고 있고, 메이크업 참고하면서 애들이 다들 예전이랑 다르게 좀 더 어울리는 화장 찾은것 같다구요 해주고요ㅎㅎ 특히 오늘 영상에서는 립이랑 루미나이저 넘 뽐뿌...💕

vhfjgj23@naver.com",0개
69,빛한,디올하면 즈하언니 즈하언니하면 디올 아니냐며 진짜 ㅠㅠㅠㅠ 디올공쥬님 즈하언니 언니 진짜 모든 메이크업 다 찰떡이다 그냥 넘쥬아 사랑해🥳❤️❤️❤️❤️❤️❤️❤️,0개
70,예쁘니,"언니가 뷰티 유투버이지만 전 언니 패션이 정말 너무예뻐요 .. 그래서 곧 봄이오니까 봄 코디 룩북 같은거 아님 데일리 룩북 특별한날룩 코디 찍어주시면 좋겠어요 넘나 저두 입어보고싶은것 ... 늘 영상 잘보구있어요 ❤️


다시 돌아와줘서 고마워요 즈하 언니 ❤️❤
늘 응원할께요 ❤️
lovekim0131@naver.com",11개
71,김지원,옷 하울이나 가방하울 악세사리 하울 너무보고싶구요ㅠㅠㅠ 언니 하루를 담은 브이로그 보고싶어요ㅠㅠㅠㅠㅠ                                                  akimjy0522@naver.com,0개
72,오옹오옥,당첨자 언제 올라와용 ㅜㅜ 계속 기다리고있는데,17개
73,엱찌,"요즘 언니 영상 자주 올라와서 매일이 행복하네요ㅠㅠ 그런김에 이벤트까지 참여해봐요!💞 
ysy070422@naver.com
요즘 언니 브이로그 보구 싶어서 미치겟어요..... 그래서 전에 올려주신 영상 재탕하고 있는데 새로운 브이로그 영상 올라오면 좋겟네요❤",0개
74,,"요즘 너무 영상잘보고있어용 ㅠㅠ !! 목소리가 사근사근하셔서 힐링하고싶을때마다 봅니당 ❤️🌸 개인적으로 해리포터나 디즈니가 들어간 영상이 너무 재밌더라구요 !! 특히 헤이즐님이랑 같이 디즈니랜즈 간 영상 !! 이영상이 즈하언니랑 메이크업도 찰떡이고 두분이서 재미있게 노시는 모습에 너무 힐링이되더라구용 ㅠ❤️
그래서 제가 보고싶은영상은 !! 지금까지모은 디즈니랑 해리포터 물건들 소개요 !! 진짜 재미있을거 같아용 ❤️❤️
dana2004u@naver.com",1개
75,,오늘도 넘예버용 ㅠㅠㅠㅠㅠㅠ헝,3개
76,부탁입니다휴대폰보지말고공부하라고말해줘요,아 뭐야 나 왜 이제 봤냐구우ㅠㅠㅠ 요새 너무 행복해요ㅠㅠ 영상도 자주 올라오구 너무 예뻐요 디올제품도 언니두,0개
77,김지선,"걱정했었는데 영상 많이 올려줘서 고마워요ㅠㅠ 저는 언니가 추천하는 화장품들도 넘넘 인생템인데 언니 옷도 진짜 취향저격이거든요ㅎㅎ패션영상은 많은것같지 않아서 패션영상보고싶어요! 좋아하는 쇼핑몰에서 봄하울 또는 언니 추리닝이나레깅스 소개영상 원해요오❤️❤️

sou216@naver.com",1개
78,류은혜,"언니ㅠㅠㅠ 요즘 언니영상 올라와서 너무 기뻐요ㅠㅠ 언니가 올리는 영상들은 다 로즈하영상!! 이런 분위기풍기는 것도 좋고요ㅠㅠ이 영상에서 럭키스타 언니한테 완전 찰떡이고 예뻐요!! 제가 언니덕분에? 다이어리를 꾸준하게 쓰기 시작해서 지금까지 중에 제일 오랫동안 쓰고 있어요. 그리고 다꾸할땐 꼭 언니 다꾸영상 틀어놓고 해요!! 그래서 언니 새로운 다꾸영상보고싶어요!!❤️또 새내기가 하기좋은 메이크업도 보고싶어요. 언니 건강조심해야되요!!사실 언니 손편지가 받고싶으당!!❤️❤️
sallyrhu@naver.com",0개
79,릴리봄,"🌸다꾸영상 진짜 제발 원합니다❣ 언니 다꾸영상 보면 정말 마음이 평온해지고 다꾸를 더 잘할수있을거같애요 ㅎㅎ
🌸다꾸를 제외한 언니의 취미생활!!
🌸세포라 추천템 소개
🌸언니가 가장 좋아하는 영화,책 소개♡

이렇게 해주시면 정말 행복할거같아요❣ 즈하언니 이젠 그만 힘들고 꽃길만 걸어요💓 toqha0126@naver.com",0개
80,온니,"🌸 tlswldp18@naver.com 🌸

🎀봄 옷 사셨으면 봄 옷 하울, 소개 영상(착샷도!)

🎀아이돌 커버 메이크업 영상(아무나 좋아요☺️)

🎀봄 맞이 립 추천 영상

🎀인테리어 꾸미는 법, 소품, 화장품 정리 꿀팁 영상

🎀ASMR 버전 데일리 메이크업 영상

언니 영상 항상 잘 보구 있어요! 앞으로도 영상 마구마구 올려주세요! 하나도 빠짐없이 다 볼게요! 하지만 넘 무리하심 안 돼요!언니가 건강해야 오래오래 보니까요😍",43개
81,몽엘이의일곱번째계절,"이메일:atom071026@naver.com
영상:로즈하 언니가 해주는 학생들이 할수있는
초간단,존예 메이크업♡♡
영상2:즈하언니 어머니가 더빙해주는 메이컵
영상3:즈하언니 어머니와 다꾸..💕
로🌹
로즈🌹
로즈하🌹
로즈하 언
로즈하 언니🌹
로즈하 언니 존🌹
로즈하 언니 존예🌹
로즈하 언니 존🌹
로즈하 언니🌹
로즈하 언🌹
로즈하🌹
로즈🌹
로🌹
참여했어요ㅠㅠ 언니 사랑하구
코로나 조심해용!
요즘 폭업하는 언니 좋다능...🤣",2개
82,유예원,"꺅🙊 이렇게 열일하시다니ㅠㅠ 전 너무 좋지만 언니가 지치지않을정도로만 하셨으면 좋겠어요💛 그리고 저는 언니의 먹!!방!! 영상이 보고싶어요!! 음 꼭 각잡고 찍는 먹방이 아니여두 그냥 일상 속의 먹방?? 일주일 또는 하루에 어떤걸 먹는지 그런거요!!!ㅎㅎ 예전에 브이로그 속에 로투스떡, 딸기요거트떡 먹는 영상이 제 최애 영상이거둔요🥰🥰그런 느낌으로 같이 먹는듯한 영상 다시 보고싶어요ㅎㅎ 그럼 이번주도 수고많았어요🧡💚💙
dbdpdnjs97@naver.com",0개
83,이현정,디올도 이렇게 잘어울리다닝....세상에... 다 가져요ㅠㅠㅠㅠㅠ💟💟,0개
84,박하삐,"☝🏻코로나로 인한 집순이 브이로그, 인테리어 브이로그!
(룸투어나 언니의 최애 간식들을 보고싶어요 ㅎㅎ 코로나로 인해 방콕하고 있는데 언니 최애 영화를 보는 등 브이로그를 보고 따라하며 코로나를 같이 이겨내고 싶어요)
✌🏻걸크러쉬 뿜뿜한 모습도 보고싶어요!! 오피스룩이나 정장룩!! 너무 잘어울리실거같아요!! 원래 공주님이시니까 멋진 기사님 룩이랄까?
✌🏻☝🏻반대로 돈많은 부자집 막내딸 컨셉? 하이틴 컨셉도 보고싶어요!!
✌🏻✌🏻봄 룩북 보고싶어요~~ 자주 신는 신발등등등 
🖐🏻 이쯤되면 언니 손민수하려고 태어난건가봐욯ㅎㅎㅎ
실은 언니가 하는 것은 다 좋아요!! 
부담갖지 말고 언니 하고싶은거 다해요!!
mint151515@hanmail.net",1개
85,대가리깨져도엑소,"진짜,, 울희 장미 언닝,, 눈이 멀 정도로,, 예쁘다구,,✨",8개
86,jiwonKim,"즈하 언니의 일주일치 택배언박싱~~~ >_<💗 일주일치 택배받은것들 협찬으로 온것들 산것들 등등 그런거 언박싱하는 영상보고싶어용! 
언니 사랑해용💕
brgnd@naver.com",1개
87,쥬주,"🌹언니랑 옷 스타일이 완전 다른 분과 옷 바꿔입기!
🌹좋아하는 브랜드 소개! 악세사리나 옷이나 다 좋아용
🌹만약! 언니가 어떤 영화 속 등장인물이 된다면 어떤 사람이 되어서 어떻게 살고 싶은 지! 전 항상 이런 게 궁금하더라구용
🌹언니 옛날 영상 보면서 리액션! 너무 귀엽고 재밌을 거 같아용
🌹어떻게 그렇게 예쁘고 귀엽고 깜찍하고 멋지고 다해요? 사랑해용
🌹언니가 좋아하는 책 추천!
🌹해리포터 기숙사 테스트해보기!
🌹뒹굴뒹굴 브이로그!!
🌹언니가 지금까지 좋아했던 영화나 만화나 드라마 추천 및 소개!
🌹언니 학창시설 이야기도 듣고시퍼용😭
🌹댓글읽기!! 주접 댓글이나 좋은 응원댓글!!
🌹언니가 좋아하고 아끼는 옷 소개!
🌹요즘 언니가 빠진 취미 생활!!
🌹지금까지 여행 간 곳 중에서 어디가 가장 좋았는 지랑 또 가보고 싶은 곳! 여행지 추천두우!!
🌹케이팝 아이돌 메이크업 커버! 누구든지 좋아용

언니 항상항상 너무 잘보고 싶어요 댓글 달 때 마다 하는 얘기지만 언니한테 힘든 일이 더 없었으면 좋겠어요 언니 혹시라도 힘든 일이 생긴다면 언제든지 쉬어요! 저는 언니가 항상 웃었으면 좋겠어요 그냥 아무것도 안하고 뒹굴뒹굴하는 그런 일상 브이로그도 정말 좋아요 다 좋아요!! 전 힘들 때마다 언니 영상보면서 힐링하고 웃고 그래용 제가 언니를 보면서 좋은 에너지를 받고 있는 만큼 언니도 언니가 우릴 위해서 하는 유튜브나 그런 일들이 언니에게 재밌었으면 좋겠어요!! 정말 뭐든 다다 좋아용 언닝 항상 너무 정말 엄청 잘 보고있어용 고마워용❤️ 저는 진짜 힘들 때마다 언니 보면서 힘내요! 언니 유튜브 해줘서 고마워여어ㅜㅜㅠㅠㅠ❤️❤️❤️❤️❤️",1개
88,Song,언니 자기관리 팁 같은거 궁금해요ㅠㅠㅠㅠㅠㅠㅠㅠㅠㅠ아니면 잘샀다템 같은거!!! 너무 궁금해요ㅠㅠㅠㅠㅠㅠㅠ dkssudqjshs@naver.com,0개
89,유진,"제가 피부가 진짜 망해서ㅠㅠ 피부 관리 영상보고싶어요!! 그리고 톤별 메이크업 영상도 궁금해요!!

chingchinggim123@naver.com",0개
90,채리채링chaerin,"💕다꾸영상
💕인테리어 영상
💕봄 옷 소개 영상 !!!
💕예쁜 쓰레기 하울 영상 !
언니가 올리는 영상이라면 다 좋지만 저 네 가지 꼭 보고 싶어요 🥰
chae-rin_@naver.com",0개
91,귤됴,큐엔에이 보고싶어요ㅠㅜ,0개
92,AnnaLee,즈하 언니ㅠㅠㅠㅠ레드벨벳 아이린 psycho 뮤비커버 메이크업이유ㅠㅠㅠㅠ,0개
93,짱구는옷말려,"-봄웜톤에게 어울리는 색조 2020편
-여행 브이로그ㅠㅠㅠ
-브러쉬 추천영상
-봄코디영상(에이블리 영상 비슷하게요!!)
지수 인스타에서 보고 디올 립스틱 정말 갖고싶었는데 이벤트해주셔서 넘 감사해요❣️❣️
cutie030623@gmail.com",0개
94,내ID는지꾸,"로즈하님을 어제보고 오늘 또 볼 수 있다니ㅠㅠ 너무 좋아요~ 사비까지 털어가시며 이벤트를 열어주셔서 정말 감사합니다😍 저는 로즈하님이 파워 웜톤 메이크업을 해주셨으면 좋겠어요! 로즈하님은 주로 핑크핑크하고 흰끼가 많이 도는 메이크업을 주로 하셨잖아요 그래서 완전 하얀사람이 파워웜톤 메컵을 하면 어떨지 궁금해요😁 
그리고 디즈니 공주들 커버메이크업 같은것도 올려주셨으면 좋겠어요 특히 신데렐라가 잘 어울릴것 같아요 
앞으로도 영상 열심히 챙겨볼게요~ 사랑해여❤ a71506625@gmail.com",6개
95,루루,"우와~~ 립스틱도 꼭 받고 싶지만 언니 손편지도 더더더 받구싶어요!!
저는 언니 다이어리 꾸미는 거 보고 저도 다이어리 덜컥 구매했는데 다꾸가 처음이다 보니깐 어떻게 꾸며야 할지 막막하더라구요 언니 그림솜씨라면 언니가 직접 그려주시는 수제 다이어리 스티커 제작하는 영상 보고싶어요 
kar9429@naver.com입니다",1개
96,해피으네happyhyepic,"우선 영상을 다시 볼 수 있게 되서 너무 기뻐요 ㅠㅠ 항상 보면서 힐링했던,, 같은 나이라서 더 괜히 공감대 생겨서 더 친근감 있는 느낌이구용 (나혼자ㅋㅋ_) <3
이번에 디올 영상보면서 너무 이뻐서 디올템에도 뽐뿌오는중 ㅠ 당첨된다면 이쁘게 데일리화장하고 립바르고 셀카찍어서 인스타에 올려야겠어요. 
희망 영상리스트는 아래쪽에! 앞으로 더 오래오래보아용!!!! 
* 이메일: minoopin@naver.com

1. 좋아하는 브랜드 특집 영상 (특히 발렌시아가 !!!): 이전 영상들을 보면서 발렌시아가에서도 저렇게 이쁜 아이템이 있었다니 하는 것들이 있었거든요. 이제는 발렌시아가하면 로즈하님이 제일 먼저 떠오르는데, 그 외에도 다른 브랜드 특집 영상들이 보고 싶어요!
2. 피부케어 루틴 영상: 로즈하님과 같은 나이의 친구(?) 로써 요즘 기초 화장품에도 신경을 많이쓰고 있는데, 겟레디위드미가 아닌 완전한 모닝케어 혹은 자기 전의 피부 케어 루틴이 있다면 무엇인지 궁금해요.
3. 운동복/트레이닝복 모음 영상: 편한 복장 트레이닝복이 되게 많았던 걸로 기억하는데, 모음집으로 보고 싶어요! 다른분들도 많은 요청을 주신 걸로 알고 있는데, 기다리고 있습니다. 또 트레이닝복이아니더라도 일상 데일리룩 같은 쇼핑몰이나 요런것들도 함께 추천해주시면 더 좋을 것 같아요 ! 캐쥬얼하거나 러블리한 스타일이 맞는 분들이 로즈마리분들도 많지 않을까요 ?! +_+
5. 브이로그 영상: 특별하지는 않더라도 그 소소한 일상 영상을 통해 힐링할 수 있을 듯해요.",1개
97,목표를향해서,"저는 로즈하님이 요즘 밤에 어떤 스킨케어를 하시고 자기전까지 뭘 하는지 궁금해요ㅎㅎ 나이트케어루틴 영상 찍어주세요🌸🌸🌸🌸
hjh041006@naver.com",1개
98,가자조팝아,"🌹헤이즐 언니랑 서로 메이크업 해주는 영상 (진짜 둘이 케미 최고😆)
🥀메이크업 꿀팁 영상 (ex 자신에게 어울리는 블러셔 혹은 립 고르는 방법)
🌹다꾸 영상 (메이크업 다음으로 제 최애 영상 .. 😍)
🥀옷 코디 영상
🌹일상 브이로그 (정말 별 거 없어도 언니라면 다 좋아요 ㅠㅠ 😍)

안녕하세요 즈하 언니 !! 저 로즈마리 된지 1년 조금 넘었는데 댓글은 처음 달아 보는거 같아요,, 언니를 처음 본 게 17년도? 18년도? 인 거 같은데 정말 언니 영상 한 번도 지루 한 적 없어요 다 너무 재밌게 봤어요 진짜 ㅠㅠㅠㅠ 언니만의 유쾌함(?) 이랄까 이런거 너무 좋아요,, 언니가 18년도에 올린 노랭이 메이크업 그게 너무 예뻐서 한 번 해봤는데 색감이 너무 예뻤어요 ㅠㅠㅠㅠㅠ 그리고 저 언니 덕에 다꾸라는 취미가 생겼어요 다꾸를 언니 영상으로 처음 접하게 됐는데 이정도로 재밌는줄은 몰랐어요 언니 덕에 좋은 취미가 생긴거 같아요 감사해요 ㅠㅠㅠㅠ 🙇‍♀️ 봐요 언니 브이로그 올라 온 거 다 봤는데 제그 다 힐링 되는거 같아요,, 특히 La 영상이랑 오렌지 브라운으로 염색한날!! 제일 재밌게 봤어요 정말 꼭 하루에 한 번은 언니 영상 꼭 보는편이예요,, 즈하 언니 못 잃어 ㅠㅠㅠㅠ 아무튼 언니 영상 항상 잘 보고 있으니깐 악플이나 그런거 신경쓰지 말고 언니 자신을 사랑하면서 지인들이랑 로즈마리들이랑 행복하게 지냈으면 좋겠어요 ☺️ 언제나 저는 항상 언니 편이예요!! 좋은 밤 보내고 앞으로는 행복한 일들만 가득하길 바랄게요 사랑해요 즈하언니 ㅠㅠㅠ😘❤️ kmk559369@gmail.com",0개
99,SeheeJang,"오랜만에 돌아와줘서 너무 너무 고마워요 ㅠㅜㅠㅜ 영상 자체로도 선물인데 이벤트라니..ㅠㅜㅠㅜ 진짜 최고.. 언니를 보면 항상 꽃이 생각났는데 꽃?? 메이크업이라고 해야하나 빨간 장미, 백합, 노란 튤립, 라벤더 같이 그런 꽃 하나 정해서 그에 맞는 분위기의 메이크업 ?? 같은거 보고싶어요 이제 곧 봄이기도 하니까 🌷🌹🌸🌼🌻 사랑해요 로즈하 항상 화이팅 💗
selina010506@gmail.com",1개
100,쏨Some,"🌹즈하 언니 싸랑해요🌹
🌸입학식취소•개강이 미뤄져서 우울한 새내기들을 위한 메이크업영상! + 추천템!
🌸악세사리 추천템!
🌸 다꾸여신 즈하언니의 다꾸영상!
🌸최근에 읽은 책 추천!
🌸최애템들로 이루어진 데일리 메이크업 영상!
🌸디즈니공주/웹툰여주 메이크업 영상! 
🌸화장품(브러쉬 등등) 정리+관리법! 
🌸언니의 일상 브이로그!
🌸언니의 취미 소개 영상!

언니 정말정말 많이 보고싶었어요...🥺🥺ㅠ
2월3일 밤에 언니한테 메이크업 받는 꿈 꿨어요.... 꿈에서라도 성덕ㅠㅠㅠㅠㅠ😭😭😭 잠자는 동안 그렇게 행복했던 순간은 처음이었어요ㅠㅠㅠ!!!
자기전에 항상 언니의 다꾸영상 틀어놓고 이쁜목소리 들으면서 잠든 노력의 결과ㅠㅠㅠㅠㅠㅠㅠ
그래서 일어나자마자 로즈하다이어리에 다꾸를 했어요!!!!!!!!😭
사랑하는 즈하언니 무사히 돌아와줘서 고마워요❤️ 
항상 이쁜거, 좋은거보면 저희 마리들 먼저 생각해주고, 또 사비로 사서 나눠주시고ㅠㅠㅠ
비록 화면상으로 만나는거지만 마음만큼은 정말루 매일매일 붙어있는 기분이에요ㅠㅠ
매 영상을 통해서 마리들에게 크나큰 기쁨과 행복이 되어주는 언니에게 저도 조금이나마 편안한 안식처가 되고싶어요! 
저는 이제 대학생활을 시작하려는 새내기에요!🐥
조금 길었던 수험생활때문에 남들보다 조금 늦게 들어가게되었어요,,, 제 외롭고 삭막했던 수험생활도 언니덕분에 정말 무사히 잘 견딜 수 있었어요ㅠㅠㅠ 점심 저녁시간동안 항상 언니영상 틀어놓고 밥먹었거든요ㅠㅜ 진짜로 이제 썸네일만 봐도 내용 그대로 다 외울정도...💕ㅠㅠ
정말 많이 외롭고 힘들었는데, 고운 목소리와 사랑스러운 마음씨을 겸비한 세상에서 제일 이쁜 언니가 있었기에 잘 버틸 수 있었어요! 언니영상 보는 시간이 저에겐 큰 힐링타임이었어요ㅎㅎ 이 자리를 통해 정말 감사하다고 말씀드리고 싶어요🥰🥰🥰
친구들보다 조금 늦은거같은 불안한 마음도 있고, 첫 사회생활인 대학이라는 막연한 무서움(유정선배는 없고 상철선배만 있다)... 과 설렘?!으로 뒤숭숭한 마음이에요! 
덕질이라고는 태어나서 한번도 해보지 않았던 저의 첫 연예인이자 존경하는 즈하언니의 손편지를 정말 꼭 받고싶어요ㅠㅠㅠ 케이스에 넣어서 가방에 항상 들고다니면서 하루에 3번씩 정독할거에요😭😭😭 또 언니선물 립스틱만 바르고 다니면서 로즈마리인거 티내고 다닐거에요ㅠㅠㅠ😭😭😭 
혼자서 영상 찍으시고 편집하시고 힘드실텐데ㅠㅠ 영상뿐만 아니라 마리들을 위한 선물까지 준비해주셔서 너무 감사해요ㅠㅠ 진짜로 코끝이 찡--했어요😭😭
저에게는 언니존재 자체로 정말 큰 힘이고, 사랑이에요 ❤️ 
항상 감사하고 영원히 사랑해요🥰🥰🥰
bks05145@naver.com",1개
101,YennyRosita,Pls add english subtittle pls because I'm in love with ur video tutorial but i can't understand T_T,0개
102,무소식이Hessosick,"👑하이틴+치어리더 느낌의 첫사랑 기억조작 메이크업! 
🐥화장대의 n번째 있는 화장품으로 랜덤화장 해보기! 
🎀남자친구한테 다꾸 시켜보기

요런 콘텐츠가 보고싶습니당!!! 언니랑 잘 어울릴 것 같구 재밌을거같아여ㅎㅎㅎ 언니 영상은 늘 우리들 생각하는게 보여서ㅠㅠ 마음이 따뜻해져요ㅠ 코로나 조심하시고 앞으로도 늘 영상 기다릴게요! 
togi323@naver.com",1개
103,kaylachen,"🌈학생들이 간단하게 할수있는 학생 메이크업
🌈봄맞이 봄 옷 하울
🌈로즈하님 일상 vlog
skysoda0623@naver.com",1개
104,희진,"🌹계절별 데일리 메이크업
🌹관리특집(피부, 마시지, 헤어케어 등등)
🌹쇼핑하는 모습과 쇼핑한 것들 하울 

추가로 다이어리쓰면서나 저녁에 쉬면서 수다떠는 영상도 좋아요 너무!!!
사실 언니가 하는 거 다 좋아요,,,🥰

요즘 입술이 너무 갈라져서 고민이었는데 좋은제품 나눔 너무 감사해요ㅎㅎ마음도 얼굴도 예쁜 즈하언니
qmawl25@naver.com",1개
105,김보노,"🌸언니 꼭 보고싶은 영상들이 있어요🌸

🌹. 영상 기획부터 화장품 뭐 쓸지 고르고 찍고 편집하는 영상 보고싶어요!
🌹. 아이패드로 그림 그리는 영상요! 아이패드 산지 얼마 안됐는데 무슨 어플로 무엇을 어떻게 그려야할지 모르겠어요ㅠ!
🌹. 저번처럼 일주일?정도의 일상 브이로그 보고싶어요!

[drops97@hanmail.net]",3개
106,여미요미,"1.무쌍들을 위한 메이크업❣
2.팬미팅 or 팬메이크업 영상❣
3.바디케어 영상❣
등등 많지만 ㅠㅠ... 3가지로 적어욥!
사랑해요 로즈하💋💋
(mhappy234@nate.com)",0개
107,이유라,"언니 저는 셀카나 사진 찍는법이랑 쓰는 필터등등을 소개해주셨으면 좋겠어용❕전에두 한번 올리시긴했는데 1년사이에 또 바뀌신것 같아서요ㅎㅎ 언니 인스타 보면서 사진이 항상 이쁘길래 궁금함니다😆  +화장하고 머리감는영상(화장이 안무너지시길래 이것두 궁금해서요ㅎ)
항상 영상 잘보고 있어욤❤❤❤❤❤❤








0127yura@naver.com",29개
108,수연,"코로나 때문에 항상 마스크를 쓰고 다녀야 해요ㅠㅠ 어쩔 수 없이 마스크를 쓰고 나가야 하는 상황인데 마스크를 쓰면 항상 묻어 나오더라구요ㅠㅠ 안 묻고 가볍게 사용 할 수 있는 추천템과 마스크 쓰고도 충분히 뽐낼 수 있는 메이크업 영상 부탁드려요! 
suyeon7138@naver.com",0개
109,홍길동,"🌹로즈하님🧚🏻‍♀️

🥀 안쓰는 화장품을 활용해서 다이어리 꾸미기
    -> 다이어리 꾸미기 영상이 제 최애 영상인데 
      화장품이 색감이 이뻐서 너무 이쁠것 같아요!! 
      언니의 손재주로 이쁘게 꾸며주세요😚

🥀 영화 속 인물 화장하기 (특히 디즈니)
      -> 언니가 어떤 화장을 해도 찰떡이고 프린세스   
         같은 느낌이 있어서 잘 어울릴 것 같아용
        특히 인어공주🧜🏻‍♀️ 와 팅커벨🧚🏻‍♀️이 어울려요

🥀 웜톤 , 쿨톤 화장을 얼굴에 반반씩 하기
    -> 언니는 웜톤 화장을 하면 인간 웜톤이고 쿨톤            
       쿨톤 화장을 하면 인간 쿨톤 같아서 무슨톤인
        지 궁금해여 ‼️

🥀 셀프 네일아트
    -> 지난번에 데싱디바 붙히시는건 봤는데 
        직접 네일아트 하시는 것도 궁금해요🙋‍♀️
         손재주가 좋아서 재밌을 것 같아요😀

항상 언니 영상 재밌게 보고있어요!!
언니 is 뭔들이라 대리 만족하면서 즐거워요 🙃
그래서 무엇보다도 언니의 일상을 담은 브이로그가 가장 보고싶어용 ❣️❤️💓
항상 좋은 영상 기대합니다 🙏

‼️solove34@nate.com ✋",3개
110,개비개비,공주님 자주 올라와서 너무 행복해요ㅠㅠ 엉엉,0개
111,서은하,"🔥언니의 피부 관리법을 알고싶어용 ㅠㅠㅠㅠ 스킨케어 루틴이라덩가... 인생 스킨케어 제품이라던가요! 

🔥hervvv@naver.com
언니 코로나 조심하시구 영상 항상 잘 보고있습니당 ❤️❤️",0개
112,영자,"🌸구독자와 함께하는 겟레디윗미!!—! 아님 구독자 스타일체인지!! 보고싶어요🌸
duddls0509@naver.com 언니사랑해",1개
113,성이름,언니 너무 이뻐ㅜㅜ,0개
114,정보빈,"🍒원피스 추천 또는 하울 영상
🍒하루 일상 브이로그

❤이메일:bobin0112@naver.com 

이미 있는 영상들도 너무 예쁘고 아기자기 해서
너무 너무 좋아서 정말 고민을 많이 하고 내린
결정이엇어요 ㅠㅠ  앞으로 영상 꾸준히 많이
올려주세요 !! 평생 로즈마리 하겟습니다 !!❤💗",1개
115,고구마,얼굴 레전드로 예쁘다 ..,0개
116,,"항상 잘 보고있어요❤️ 요즘 영상 자주 올려주셔서 너무 좋아요..ㅎㅎ 책 읽어주는 영상이나 독서 후에 감상이나 후기같은 영상 보고싶어용!!  아 그리고 이메일 형식 댓글 달아서 그런지 댓이 사라져서 ㅠㅠ junimoz21골뱅이gmail,com 요렇게 달게용,, ㅎㅎ",6개
117,쁑쁑,언니 진짜 너무 잘 보구 있어요!! ㅠㅠ 조만간 다이어리 꾸미기 영상 올라오겠죠..? 빨리 보구싶어요 ㅠㅠ 그리고 항상 겟레디 아침에 틀고 같이 준비하는데 겟레디도 마니 올려주세용 ㅎㅎ 사랑합니당😍😍,0개
118,초쿄,"언니!!🍭 언니는 메이크업도 잘하시고 다이어리꾸미기도 잘하시니까 다꾸 컨셉에 맞는 메이크업하기 두가지를 섞은 영상 보고싶어요!!🎶🦄🦄
gimsun0791@hanmail.net",1개
119,진주,"즈하언니가 꼭 해줬으면 하는 영상
1️⃣해리포터 책 읽어주기!!!(이유는 목소리가 너무 좋아서 ㅜㅜ진짜 asmr해주시면 좋을거같아요!)
2️⃣여행 브이로그(무조건 언니 혼자가는거로...왜냐면 언니 혼자 나오면 그 특유의 조용함과 편안함이 사람을 기분 좋게해요!!!)
3️⃣편집방법이나 편집스타일 영상(언니가 편집하는걸 또 편집해서 올려야하는 고통이 있지만..신방과 재학중이라 언니의 편집 스타일이나 영상 색보정 같은거 배우고싶어요!!! 만약 언니가 교수님이라면 인기강좌 일거에요 ㅜㅜ)
4️⃣봄옷코디 (즈하언니만의 특유한 옷 스타일? 편하면서도 스타일리쉬한!!그런거 ?? 보여주시면서 코디법도 알려주시면 최고일거같애요ㅜㅜ
5️⃣디즈니 노래부르는 영상(언니는 워낙 목소리가 좋아서 녹음?..같은것도 해주시면 좋겠어요!!!디즈니 좋아하시니까 디즈니 ost로....!여러영상들 보면 언니 흥얼거리는거 많던데 흥을 감추지마세효!!)
6️⃣달고나커피 만드는 영상(코로나19때문에 모두 집순이라 달코나커피처럼 4000번 젓는 노동을 하는••• 뭔가 게릴라영상?..으로 하면 재밌을거같아요!!)

언니가 무슨 영상을 찍던 다 좋아요ㅎㅎㅎ❤️❤️❤️
회복하고 다시 돌아와서 너무 다행이고 무리하게 영상 올리려고 하지마세요ㅜㅜ로즈마리들이 항상 응원하고 있는거 잊지마시구효❤️🌈🥰

(yjjloveu@naver.com)",1개
