﻿,youtube_id,comment,like_num
0,아옳이,와....추억 미쳤다.......ㅋㅋㅋㅋㅋㅋㅋㅋㅋㅋㅋㅋㅋㅋㅋㅋㅋㅋㅋㅋㅋㅋㅋㅋ진짜 다기억나욬ㅋㅋㅋㅋㅋㅋ👍👍👍👍👍,190개
1,유웃,"98년생인데 여기 안나왔지만 슈가슈가룬,피치피치핏치,프리큐어,베리베리 뮤우뮤우,무적코털 보보보(?),이누야샤,쾌걸근육맨,캐캐체,따끈따끈 베이커리,가정교사 히트맨,바쿠간,팽이치는거 유희왕,나루토 말고도 더 있는데 기억이안나네
투니버스 황금기때 태어나서 행복햄🥰🥰",407개
2,박시연,개인적으로 레전드 ost는 달빛천사가 아닐까.. 생각합니당,320개
3,뭉스이,별의요정인가 별나라요정 코미인가 그거 아시는분 없으세여..?! 제 당시 최애 만화였는데ㅠㅠㅠㅠㅠㅠ 신발 가방 다 그거였는데 흑흑,120개
4,GAEJOAH개조아,"신의괴도 잔느, 그남자그여자, 펜시라라, 학교괴담, 달빛천사, 다다다, 명탐정코난, 후르츠바스켓, 짱구, 봉신연의, 투하트, 꼬마공주 유시, 슬램덩크, 리리카, 별의요정 코미, 소년탐정 김정일, 원피스, 나루토, 이누야사, 행복한 세상의 족제비, 괴짜가족, 카드캡터체리, 천사소녀네티, 세일러문, 웨딩피치, 미소의세상, 엔젤릭레이어, 체포하겠어, 오나의여신님, 디지몬어드벤처, 레이브, 따끈따끈베이커리, 크르노크루세이드, 쾌걸근육맨2세, 고고다섯쌍둥이, 탱구와 울라숑, 채채퐁김치퐁, 아따아따, 아따맘마, 슈퍼갤즈, 눈의요정슈가, 닥터슬럼프, 우당탕탕 닥터지, 아즈망가대왕, 포켓몬스터...제가 보려고 기록해봤습니다 ㅎㅎ 90년대 만화들 공통점은 오프닝 엔딩이 다 명곡임!!! 특히 펜시라라랑 엔젤릭레이어 모르는 사람 많은데 제발 유튜브에서 오프닝 엔딩 좀 들어주세요 ㅠㅠ 특히 엔딩 진짜 대박 좋음 !! 카드캡터체리 극장판 ost '머나먼 이 거리에서'도 들어주세요ㅠㅠ 여행 하면서 이어폰 꼽고 들으면 만화주인공 된 느낌쓰...♥ '나의 지구를 지켜줘'란 만화 뮤비 ost가 핑클의 영원이었는데 노래랑 만화가 너무 잘어울려서 맨날 투니버스 홈페이지 들어가서 만번은 돌려봤어요...이 만화는 후유증이 오져요... 지금은 세상 좋아져서 모든걸 유튜브에서 찾아 볼 수 있네요",72개
5,유자YUJA,라떼는 마리야 꿈빛파티시엘 이랑 캐릭캐릭 체인지가 진짜 울투라짱캐숑이였지 우리 동년배들은 다 알거여,70개
6,박혜정,오란고교사교클럽이 나왔었던 투니버스 그립누....저녁11시만 되면 하루히랑 타마키를 볼수있었던 시절....후...,91개
7,낙화,90년대 초반이 아날로그 마지막 디지털 초반인 세대라 두가지 다 경험해본게 새록새록 기억나네요ㅎㅎ 어릴때 웬만한 만화 다 봤더니 영상보면서 추억팔이 하다가 기분 좋아짐,138개
8,보라,"댓글에 생각보다 90년대생 아닌분들 많으셔서 놀랐네요🤭 편지지,버디버디,웨딩피치,디지몬,미소 등등 다 넘 추억돋아요😭 좋아하는 남자애한테 러브장주는 친구들도 있었고 저두 카드캡처체리가 최애예여 브금 진짜 ㅠㅠ 레미중에는 보라가 최애!ㅎㅎ 무지개구슬 요술봉 생일선물로 받고 그랬죠.. 글구 그때는 다 구슬동자 다이어리 내부랑 비슷했는데 ㅎㅎ 영아트 필기구 연필 지우개까지 모두 진짜 추억돋네요... 언니 이번에두 저작권 걸릴것같은데..ㅠㅠ 이렇게 그때 시절로 돌아간것같고 공감대 형성할 수 있어서 넘 좋았어요💕💕💕",54개
9,번이번이,와와걸스 아시는분? ㅋㅋㅋㅋㅋ 연예인잡지였는데 초딩때 한창 유행했던 기억이ㅠㅠ,52개
10,진진한하루JINJINDAY,와 동갑이라그런지 유딩때 텔레토비부터 중고딩때 동방신기까지 내 추억 사찰당했다ㅋㅋㅋㅋㅋㅋㅋ,92개
11,새우깡,"와 잊고있었는데 진짜 다시 생각나면서 추억장난아니게 돋는다ㅠㅠㅠㅠ편지지부터 애니메이션,필기구까지,,,,,특히 다른 애니도  정말정말 좋았지만 다다다 진짜 지금봐도 존잼ㅋㅋㅋㅋ다시 투니버스 전성기일 적으로 돌아갔음 좋겠다",47개
12,데린이,ㄹr떼는 말olOㅑ...☆ 종합장이 내 미술노트이자 5과목 필기노트이자 숙제해가는 만능 노트였다구!!,343개
13,식샤를했습니다,패션 메이크업도 좋지만 역시 이런 덕질 컨텐츠를 할 때가 정말 행복해보여서 좋아요 ㅎㅎ,5개
14,김꾸꾸,"93년생 동갑인데 진짜 개추억영상이네요ㅠㅠㅠ엠알케이 캐릭터 오려서 테이프로 감아서 코팅이라하고 들고 다니고 그랬눈데 ㅠㅠㅠㅠㅠ이영상보고 울트라편지 중고로 사려고 알아보는중이요 ㅋㅋㅋㅋㅋㅋㅋ
저도 카아였어여 내 학창시절 우상들,,,❤️5-1=0❤️ 
추가로 기억나는 만화는 핑구, 패트와매트,벡스터연구소? 파워퍼프걸 ㅠㅠ 사랑은 콩다콩,학교괴담,옛날옛적에, 유니미니펫 ㅠㅠㅠㅠㅠ",16개
15,JL,"저도 아직 엠알케이 편지지,꼬비꼬비 인형 다 가지구 있슴돠~ 진짜 특이한 편지지 진짜 많았눈데 ㅠㅠ",5개
16,miknuhcuy,"동년배라 진짜 모르는게 없어서 함께 즐거웠어요ㅠㅠ파자마는 네이버인가 야후에 게임도 있었는데ㅠㅠㅠㅠㅠ
다 너무 추억이네용ㅜㅜㅠㅠ
갑자기 만화는 아니지만 매직키드마수리도 생각나네요ㅋㅋ 거기 목걸이가 어릴때 정말 예뻐보였는데....",22개
17,MCY,다다다 주위에 모르는사람 많던데ㅠㅠ 진짜 너무 재미있죠ㅠ 진짜 띵작입니다 우주 최고에요ㅠ💖,10개
18,진진진,세일러문 말고는 모르는 청소년이지만...ㅋㅋㅋㅋㅋ 그래도 언니가 진짜 너무 신나보여서 보는 제가 다 행복해욬ㅋㅋㅋㅋㅋㅋㅋㅋㅋㅋㅋㅋㅋㅋㅋㅋㅋㅋㅋㅋㅋㅋㅋㅋㅋㅋㅋㅋㅋㅋㅋㅋㅋㅋㅋㅋㅋㅋㅋ,35개
19,대충사는임자,"핑클과 에스이에스처럼 엠알케이와 대적하는
와와109가 없네요!ㅋㅋㅋ추억돋네요...
어린이날때 놀러안가고 엄마한테 이천원만 달라고해서 엠알케이 사러갔었는데ㅋㅋㅋ",61개
20,최경아,라떼 is 말 : 투니버스 전성기.. 92년이죠... 하 .. 그남자 그여자 내용도 잘 모르면서 너무 좋아했구욘~ 날아오르라 주작이여~ 자주 날아 오르셨지여~ 나디아? 라고 그 만화 노래 진짜 띵곡이에요 ㅠㅠ 나디아... ㅠㅠ 아니 진짜 투니버스 최고일때 진심 돌아왔으면 좋겠어요 .. ㅠㅠㅠㅠㅠ 정말 ... 내가 진짜 매일 틀어놓을 수도 있는데... 그 어떤 만화인지 모르지만 지구를 부탁해?? 핑클이 부른 노래도 있어요.... 후.. 여러분 그리고 무적캡틴 사우르스 .. 그리고 막 .. 아 우 몰라 너무 좋아 어디서 이런거 말 못하지 .. 근데 로즈마리분들이랑 하니까 넘 좋잖어~,78개
21,분홍비BOONHONGVI,리리카sos 기억하는 사람 주변에 잘 없었는데!!! 세일러문이랑 웨딩피치는 다아는데 😭 이렇게 아는사람 발견해서 너무 꽉막힌게 뻥뚫린기분👍👍👍,11개
22,깡쥬찌,94년생으로써 핵공감 ㅠ,4개
23,백정현,"온늬 ..제가 로즈하 사랑하는 사람 손들어 .. 하니까 .. 지구가 성게가 되버렸지 뭐에여 ..?
나 지금 찔려서 아프자나 ㅠㅠ 아야아야 ❤❤",30개
24,고구마,90년대에 태어나지 않아서 모르지만 뭔가 보면서 옛날에는 이런게 있었구나 상상하면서 보는 재미가 있네요 ㅎㅎ,40개
25,신정아,latte is horse 어케 몰라 저걸~~~문방구가서 사서 진짜 열심히했는데ㅠㅠㅠ저게 어떻게 구했어요!!!!,22개
26,light,"인스타 사진이 스포글이었어.,. 같은 90년 생이라 너무 행복하다😭😭 즈하 언니랑 공감대 형성🌹❤️❤️",46개
27,빡빡이,11:26 뭐야.. 뭐가 햄토리야..😭💖💖,10개
28,가을,"진짜 레미 엄청 좋아했는데ㅠㅠㅠ 내 저학년때 최고의 만화 꼬마마법사레미 아직도 스티커가 어딘가 존재한다는,,,ㅎㅎㅎㅎ💖 아 다시 보고싶다ㅠㅠㅠ 햄토리도 최고ㅠㅠ 단비도 최고ㅠㅠ흑 언니덕분에 추억여행 제대로ㅠㅠㅠ💖💖💖 늘 고맙고 사랑함니당🌹💖",14개
29,유지를유지하라,"사랑은콩다콩, 캐릭캐릭체인지, 슈가슈가룬, 꿈빛파티시엘 , 미소의세상, 마루토는 아홉살 ㅠㅠㅠㅠ❤️",9개
30,도해,학교괴담도 초딩때 공포애니인 만큼 밤 늦게 방송 해줘서 이불 뒤집어 쓰고 언니랑 달달 떨면서 봤는데 아직도 기억 나는게 어린애들 집에 혼자 있을때 찾아오는 사신의 낫(?) 든 요괴 진짜 무서웠음 사실 아직도 무서워........나이 먹어도 나아지지 않네 ㅜㅠㅠㅜ오프닝은 되게 좋았는데 엔딩에 나오는 요괴들 무서워서 끝나면 다른채널 틀었었음ㅋㅋㅋㅋㅋㅋㅋㅋ 다들 알지...? 나만 아는거 아니지????,24개
31,요꼬,언니 영상이 왜 안 올라오지?했는데 손목 타박상이 있어 편집이 늦어서였다니ㅠㅠ 아프지마요 언니ㅠㅠ 로즈마리들 슬퍼요ㅠㅠ 빨리 낫길바래요!!! 그리고 오늘 영상 추억의 갬성에 젖어봅니다ㅎㅎ 그 시절의 투니버스가 그리워지는 영상...ㅠㅠ,39개
32,리스옐,헉 저는 03년생이라 그냥 아무생각없이 보고있었는데 보다보니 지금 저희집에 엄마께서 가지고 계시는 스티커북이랑 줄넘기 캐릭터가 전부 엠알케이에 나오는 캐릭터였어요...😮😮 또 다시한번 볼땐 즈하 언니덕에 엄마도 같이 추억팔이 했답니댜..🤩💜,22개
33,이현지,진짜 언니 영상보면 너무 아기자기하고 이쁜 영상들이 많아서 너무 힐링되고 해보고싶은 욕구가 완전 뿜뿜 ㅠㅠ !! 😍❤ 오늘도 잘보고 갑니당 ㅠㅠㅠ🙋,5개
34,,아....이 언니...나 또 미치게하네....이 영상 때문에 진짜 뇌 속에서 추억파티 열렸잖아요....달빛천사랑 이누야샤두 얘기해줘요 언니....아악..이 컨텐츠 너무 사랑해..정기 컨텐츠 해줘요 제발..제발....제..발...,6개
35,은서은쇼,3년전부터 게획은 멉니까 도대첶ㅋㅋㅋ그리고 모자!그거 전에 vlog에서 쓰셨던거 같기도 한데 정보좀요ㅠㅠ,22개
36,한보람,미스터 케이 사서 가위질해서 만들고 ㅋㅋ 아 그립다 라떼 ㅠㅠ 로즈하 추억소환 영상 너무 감사해요 추천 백만개 누르고 싶어요 ! 2 탄도 기대합니다 추억요정❤️로즈하,3개
37,민초단,09년생이라 1도모르겠지만 세일러문하고 카트캡쳐 체리는 좋아해요 ㅋㅋㅋㅋ💖 그리고 언니 오늘도 너무 예뻐용 ㅠㅠㅠ 촬영하고 편집하는데 힘드실텐데 이렇게 재밌는 영상올려주셔서 너무 고마워요 !,2개
38,리리리아라라,"만화주제가는 아니지만 급 생각난건,,
이제는 서비스종료된 추억의게임 
그랜드체이스-희망ost 아는사람 ㅠㅠㅠ 
개띵곡인데",5개
39,자축인묘진샤오미배터리,언니가 좋아하는 것들이라 그런지 텐션이 어어엄청 높아졌네료ㅋㅋㅋㅋㅋㅋᕕ( ᐛ )ᕗ,20개
40,뿌뿌,러브장 진짜 ㅋㅋㅋㅋㅋㅋㅋㅋ 지금 보면 개현타옴,2개
41,불낙지,넘 재밌어요.. 이런거 많이 해주세요.. 어엉ㅇ엉 ㅠㅠㅠㅠ 진짜 아는거 나올때마다 책상때리고 있어요..ㅋㅋㅋㅋ,8개
42,호시니,"닥터슬럼프, 엔젤릭레이어, 마법기사 레이어스, 인형공주리카, 하얀마음백구, 별나라요정코미, 디즈니만화동산   행복했다투니버스+kbs",2개
43,가을,"90년생이 아니지만, 오늘도 재밌게 보고 갑니다.그리고 저언니 구독한지 오늘 111일째 되는날이에요.ㅎㅎ    언니 항상 영상 챙겨보고 있어요. 사랑해요.💕🌹🌹💕",3개
44,동그라미,디지몬 나올까 하고 두근두근한 9n년생...디덕 디지몬ㅋㅋㅋ 징그럽다고 해서 시무룩하다가 재미있다고하셔서 다시 기분 좋아졌어요ㅋㅋ엔딩 엄청 좋죠ㅋㅋ아직 친구랑 노래방 가면 부르는 노래에요 ㅋㅌㅌ😘😚,3개
45,PURED퓨어디,아 진짜.....추억 ....아련....🥺🥺🥺 디지몬 엔딩곡은 증말 리얼 띵곡,21개
46,뒹굴뒹굴,진심 추억.......ㅜㅜㅜ 보면서 함께 공감하고 너무 행복했어요!!!!😂😂💗,3개
47,행홍,"헐ㅠㅠㅠ저 어렸을때 봤던 만화중에 가장 좋아하는 만화가 꼬마마법사레민데 저 인형 넘넘 탐나네여 요즘 정주행중인데 20대인 지금봐도 넘나 슬퍼서 청승맞게 엉엉 울면서 보구있어여 ㅋㅋㅋㅋ😭❤️

디지몬 어드벤처도 진짜 넘나 재밌지 않나용? 레미하고 디지몬 시리즈 달빛천사가 추억의 만화들중 가장 재밌는거 같아요 ㅠㅠ하 그때 그 시절로 돌아가고싶어요 언니 영상보니까 또 추억에 빠져드네요 💛",2개
48,688,짱구 스폰지밥 피치피치핏치 슈가슈가룬 좋아하시던분 혹시 있나유?!....ㅋㅋㅋ,4개
49,이정윤,"로즈하님이 좋아한다고 넣으신 카드캡터체리랑 디지몬 ost 부르신 정여진 성우님도 유튜브 하시는데 아시나요?
노래 다시 직접 부르신거 올려주시고 계신데 함 들어보세용!😀😀",3개
50,리리리아라라,"그리그 우리 어렸을때 티비드라마 ㅋㅋㅋㅋ
마법전사 미르가온, 울라불라불라짱, 화랑전사마루, 매직키드마수리 ㅠㅠㅠㅠ

미르가온 그 요요랑 ,울라불라블루짱 보석박힌 팔찌랑 ㅠㅠ 메직키드마수리 목걸이 ,, 캬",3개
51,암거나,"저는 진짜 행복한 어린시절을 보냈다구 생각해요ㅠㅠㅠㅠㅠㅠ 만화들도 재밌는 거 진짜 많고, 놀거리들도 많았고, 학교끝나고 불량식품이랑 분식들 사먹고ㅠㅠㅠ큐ㅠㅠㅠ 추억이 진짜 많아요. 게다가 비슷한 추억을 공유할 수 있다는 사람들이 많다는 게 또 다른 행복 중 하나구요. 근데 미스터케이 탐나네욬ㅋㅋㅋ 때깔이 왤케고운지ㅠㅠ 저 혜자로운 잡지가 당시에 2처넌밖에 안했다니..

+ 로즈하님 카캡 별봉이랑 연동되는 사쿠라 카드(라이트,다크 두버전)랑 카드북도 같이 사신 거죠??! 저도 카캡 젤 좋아하는데 세트로 모으면 더 예뻐요!!

+로즈하님의 고전완구&문구 덕질을 응원합니다😂",2개
52,메롱,동심으로 돌아가셔서 행복해 보이세요 ㅋㅋㅋㅋ😍😍 옆에서 보시는 엄마도 “아~ 저거 나도 많이 봤는데” 라면서 좋아하세요 ㅋㅋㅋㅋㅋ 좋은 영상 만들어 주셔서 감사합니다 ❤️❤️❤️,3개
53,예찐이,와 나때는 저게 인생의 전부였다ㅠㅠ,2개
54,홍지민,"방가방가 햄토리 진짜 귀여운뎈ㅋㅋ
아는건 많았는뎈ㅋㅋ 내용을 몰라서 ㅋㅋ 당장 정주행 하러 가야겠습니닷!!  언니 진짜 행복해 보이네요><",2개
55,여니,아 진짜 덕분에 90년대생인 저도 추억소환하구가요 ㅋㅋㅋ 공감되는것도 많고 감사합니다 ㅎㅎㅎ 파자마시스터즈 특히 진짜오랜만이네요ㅋㅋ,2개
56,재현보조개,와 진짜 키치하다 ㅋㅋㅋㅋ 1990 감성 다시 유행할듯 근데 2000년대 패션이 다시 유행할까...?,2개
57,티니,90년대생으로써 진짜 한개도안빼고 취저에여ㅠㅠㅠㅠ 특히 엠알케이잡지는...!! 저 진짜 컬렉션할정도로 다 모았었는데 중딩이되면서 왜 다 버렸는지 지금 뼈저리게 후회중이네요ㅠㅠ발견해서 갖고있는거 너무너무 부러워요!! 이번영상 너무너무재밌고 힐링되었어요 💘,2개
58,kk,유튜브 알람 왜 일 안하냐ㅠ 공부하기 싫어서 유튭 켰는데 언니 영상 있어서 바로 왔어요💕 언니 영상만 보구 바로 과제해야지..!,4개
59,youngseonpark,아 뭔가 내 어린시절에 다들 같이 실존했던거 같아서 어디서 지내는지 어떻게 잘지내는지 생각하게된다... 마음이 몽글몽글 하네 왠지 코끝이 찡하기도하구 티비 앞에 앉아서 입벌리고 보던 그 시절이 너무 그리워지는 영상...☆,4개
60,빵야빵야,와 진짜 다 안닼ㅋㅋㅋㅋㅋㅋㅋㅋㅋㅋㅋㅋㅋㅋㅋ,2개
61,EDELHA,10:55 귀여워...😄💜,2개
62,눈아나햄치즈야,와 스킬 저 편지지 와 다 추억이다 저거 잘라서 우유곽만들고 ㅠㅠ 옛날. ㅠㅠ,2개
63,정윤서,지나가다가 공중전화박스 보면 신기해 할 날이 올 줄 어떻게 알았겠어요..,2개
64,고전완구키덜트펭쨩,진짜 어릴때 저편지지 한번도 못쓰고ㅠㅠ아까워서 그리고 좋아하는연예인나오면 문방구에서 500원에 잡지사고 진짜🍑  이렇게 큰 으른이는 고전완구 키덜트로 자라났어요👉👈💕 꼬마마법사 레미 세일러문 신의괴도잔느 달빛천사 카캡사 같은 마법소녀완구모읍니다..!  으른인거 채고야 짜릿해🍓🍓,2개
65,Delicia,2:14 i ever had that too and i made a lot of it when i was in primary n for a lil child made that will take more times. After done all that i put it inside my school bag n the next day at school my teacher confiscated it. Which idk why? Cuz i didn't even play with it. I mean it just a paper things i made. That moment really broke my heart as a childㅠ,0개
66,29윤하뀽,대박..언니ㅠㅠ로즈마리들은 영상 늦게올라와도되요..언니 인스타도 소식없고 유튜브도 업로드 안되니까 난 무슨일 있는줄 알고 엄청 걱정했다구...ㅠㅠ손목에 타박상 회복 잘해줘요오!! 이번영상두 잘볼께여 즈하언니 사랑햬🖤🙊🖤,11개
67,김진솔,와 진짜 대박...꺅꺅 거리면서 보다가 파워디지몬 엔딩곡 넣으신거 보면서 크으으 소리냈어욬ㅋㅋㅋㅋㅋㅋㅋ와 저도 언니가 말한만화 다봤어요 진짜 너무 추억ㅠㅠㅠㅠㅠㅠ,1개
68,지수,앜ㅋㅋㅋㅋㅋㅋㅋㅋㅋ 언니 카시오페아였군요 최애가 누구셨나용ㅋㅋㅋㅋ,2개
69,dffessqadfg,와진짜1살차이라 엄청공감되는거많다요 ㅋㅋㅋㅋㅋㅋ 갑자기 추억여행!!!ㅋㅋㅋㅋㅋㅋ 와 전 네티 진짜 조아했었는데!!!! 그리고 머큐리요💙 아 레미도 완젼 ㅋㅋㅋㅋㅋㅋㅋㅋ 대박 옛날거 다버렸었는데 일케 가격이 뛰다니,2개
70,오은설,아진짜 우리 언니 100만은 가볍게 찍어줘야되는데ㅜㅠㅠㅜㅜ 우리언니 넘 좋아여ㅜㅜㅜㅜ항상 화이팅 해요!!❤💖🥰❤😘,2개
71,엥엥,2000년대생이지만 어렸을때 주변에 90년대생 언니들이 많아서 다 알고있어요ㅠㅜㅠㅠ너무 추억..ㅠㅜㅠㅜㅜㅜㅠㅜ카드캡터체리랑 꼬마마법사레미랑 웨딩피ㅣ 미소의세상 고고다섯쌍둥이 빨강망토 차차 방가방가 햄토리 다다다 달빛천사 라라의 스타일기 캐릭캐릭체인지 꿈빛파티시엘 디지몬 포켓몬스터 진짜진짜진짜 너무 좋아했었는데ㅠㅜㅠ주제가 지금도 엄청 많이 들어요ㅜㅡ좋은 영상 감사합니다ㅜㅜㅠ,3개
72,무디니,전 95년생인데 와 진짜 오늘 나온거 다 알아요 특히 카드캡터체리...띵곡 ㅠㅠㅠㅠㅠㅠㅠ 어렸을때 기억나서 너무 좋았어요 감사해요 언니 ..,2개
73,이송희,다다다 나오자마자 소름...진짜 로즈하 언니 알면 알수록 더 사랑하고싶은 사람,3개
74,SY,"와 ,, 진짜 추억이다 ,, 언니 ㅠㅠ 저의 추억을 꺼내주어서 고마워요ㅜㅜㅜㅜ 진짜 다!다!다! 사랑해,, 미소의 세상 사랑해 끄엉아루그엉",2개
75,지똥이,우와 대ㅏㄱ ...진짜 편지지 어렷을때 완전 많이 가자고 놀앗는데 스마트폰 등장으로 기억속으로 잊혀졋던 편지지의 기억이 이 영상으로 ..ㅠㅠㅠㅠㅠㅠㅠㅠㅠ,1개
76,124,와.... 너무 오랜만인 거 같네ㅋㅋㅋㅋ  열심히 자르고 붙이고 했었는데 추억이네,2개
77,태태라서,다마고치 왜없어어 ㅠㅠㅠㅠㅠㅠㅠ책사면 공짜로줬던 그 ㅜㅠㅜㅜㅜㅜㅜ거ㅜㅜㅜㅜㅜㅜ아시는분?,2개
78,KMG,"우주.. 그 때의 2D 남친이였쥬.. 호박 좋아하는 우주.. 
진짜 이 영상 보면서 추억여행 했네요 😄",1개
79,유나chyuna,언니 영상 찍는 내내 넘 신나보여😄미소가 끊이질 않아 앞으로도 로즈언니의🌹 덕질을 응원합니당😘😖,3개
80,HJS,"띵곡 많은 만화하면 달빛천사🌟ㅜㅜ
진짜 인생만화😭💖",1개
81,하하호,저 만들기 편지지 너무 오랜만이에요ㅠㅠㅠㅠ 과자같이 접어서 딱풀로 붙이고 ㅋㅋㅋ,2개
82,daisyl,"정말 추억돋네요ㅠㅠㅠ잊고있었던 아이템들, 이야기들 정말 감성돋게 해주셔서 감사해요👍ㅠㅠㅠㅠ 진짜 뭉클하네요 추억을 다시 회상해볼 수 있게 되었어요 이런 영상 만들어주셔서 감사해용💓💓💓💓",2개
83,핑크고양이,"헐 울트라편지ㅠㅠㅠㅠㅠㅠㅠㅠㅠㅠㅠ00년생이지만 저렇게 한 장씩 뜯어서 상자 접고 편지지 만들고 꾸미고 붙이고 조립하고 하는거 와 진짜 초등학교 때 진짜많이했었는데ㅠㅠㅠㅠㅠㅠㅠㅠㅠㅠㅠ 완전추억이에요진짜ㅠㅠㅠㅠ울트라 편지나올때 진짜 소름돋아서 화면 앞에다 소리질렀어욬ㅋㅋㅋㅋㅋㅋㅋㅋㅋㅋㅋ ""어어어억!ㅋㅋㅋㅋㅋㅋㅋㅋㅋㅋㅋㅋㅋ""",4개
84,Eunji은지,언ㄴ ㅣ뭔데요.... 뭔데 이렇게 사람이 예뻐... 사람이 이렇게 예쁠 수 있는 거였어..?,2개
85,구지GUJI,"이번 영상보면서 추억이 새록새록 떠오르고 공감이 되서 계속 웃으면서 본 것 같아요☺️
완전 힐링👍🏻 저는 달빛천사🌙가 제 최애 만화였는데 언니도 기억하나요? 👀 이런 추억회상 영상 너무 좋은것 같아요! 잘 보고 가용🎈",2개
86,오이잉,와 근데 새삼 진짜 옛날 생각 많이 나네요 진짜로 ••ㅠㅠ,2개
87,eom졔,동갑이라 그런지 다 공감가요ㅋㅋㅋ 전 아직도 디지몬좋아해요~,1개
88,아리와나,아 진짜 추억돋아요 특히 엠알케이 입체편선지ㅋㅋㅋㅋ이쁜거있으면 찢어서 따로 모아놓고 그랬었는뎁..덕분에 오랜만에 추억푱푱 재밌게 구경 잘했어요 즈하님🥰,1개
89,진jin,오늘 로즈하님 메컵 진짜찰떡ㅠㅠ러블리ㅠㅠㅠㅠ,4개
90,제인,언니가 너무 리액션을 잘하셔서..  지금 꼬마 마법사 레미가 너무 보고싶다는...한번도 본적이 없는데 언니가 줄거리를 너무 재밌게 예기해서 좀 있다 볼수 있으면 봐야징!,1개
91,김규리,"언니 오늘이 제일 행복해보이고 귀여워🥰
❤️어덕행덕하세요 언니❤️",2개
92,dffessqadfg,아 햄토리 ㅠㅠㅠㅠㅠ 와 근데 로즈하님 진짜 안본만화가 없으시네요 ㅋㅋㅋㅋㅋㅋ 다보셨어 ㅋㅋㅋㅋㅋㅋ,1개
93,정우진,"언뉘... 어쩌다가 손목을 다쳤어요 ㅠㅠㅠㅠ 이렇게 오랫동안 기획한 영상을 영상 뜨자마자 볼 수 있어서 기뻐요!! 00년생도 껴줘여,, 공감대 많이 겹쳐요 히히 영상 보면서 댓글 다는 중인데 제가 아는 것들도 많이 나와서 좋아여!! 언니랑 같이 기뻐하고 추억회상하고 언니 🥰찐텐션🥰 보는 제가 다 너무 기쁩니당,, 쏘 큐티 걸,,,⭐️ 저도 첫 아이돌이 동방신기였그 버디버디도 하고 ㅋㅋㅋㅋㅋㅋ 애니메이션 오프닝만 들으면 그때 그 시절 티비앞에서의 제가 생각이 납미당,, 투니버스 전성기 진짜 인정이요ㅠ 옛날에 꼬마마법사 레미 다이어리 육공 다이어린데 표지 푹신하구 그거 있었는데 아직 집에 있을거예요,,, 저희 친 오빠가 디지몬 정주행하다가 수능 망폈어요 ㅎ..TMI.. 다다다 우주는 모두의 첫사랑 아닙니까?ㅠ 중간중간 ost 영상 넣어주신거 정성 댑악 ㅠㅠㅠ 하 오늘 공부 접어야겠다,, 댓글 디게 기네,, 언니 덕분에 힐링하고 가요 ㅎㅎㅎ 좋은 밤 되세요!🧡",2개
94,코코,"우와 저도 디지몬ㅋㅋㅋㅋ 그리고 병원가면 항상 봤던 들장미소녀 캔디ㅋㅋㅋㅋㅋㅋㅋㅋㅋㅋ 집에 세일러문 일본판 비디오 다 있었는데ㅠㅠ 지금 다시 너무 보고 싶어요!! 최애 주제가는 슈가슈가룬이랑 유희왕, 카드캡터 체리에요ㅎㅎㅎ
아악 달빛천사를 잊었다니!! 핵띵작 달빛천사ㅠㅠ",1개
95,이희수,와 영아트 필기구ㅠㅠㅠㅠㅠ 완전 잊고 살았는데 너무 익숙해요ㅠㅠㅠㅠㅠㅠㅠ,2개
96,쿄쿅,공육년생이여서 공감은 잘 안가지만 너무 구십년대 문구류? 너무 뽀짝뽀짝 이쁘네여ㅠㅠㅠㅠ 10년만 더 일찍 태어났으면 ㅠㅜㅠ🤣😭🤣😭,1개
97,,"인스타로 저 잡지 먼저 보면서 되게 신기했는데 이렇게 보니까 익숙한 느낌이에요!!╰(*´︶  `*)╯저는 꿈빛파티시엘, 캐릭캐릭체인지 세대라 잘 모르겠지만 편지지 모음은 저도 샀던 기억이 있네요. 아껴 쓰다가 결국엔 하나도 안 썼어요ㅋㅋ",2개
98,정서윤,"언니 오늘 역대급 하이텐션이에요 ㅋㅋㅋㅋㅋ❤❤
손목 조심해용!!",2개
99,꼬꼬,god가 부른 그리스로마신화 주제곡도 진짜 죠아유👍👍 95년생은 공감하구 갑니당 춍춍!,2개
100,정다운녀석,와 다 봤던 만화들 ㅋㅋㅋㅋ 진짜 추억ㅜㅜ 물건들도 하나하나 다 생각나고 ㅋㅋ 구슬동자 그..고무딱지?같은것도 엄청 모앗엇는데 ㅋㅋㅋㅋ,1개
101,jinyoungyang,로즈하님과 동갑이여서 그런지 보는내내 너무 재미있게봣습니닼ㅋㅋㅋㅋ애니메이션 이름 얘기할때마다 주제가 다 생각나곸ㅋㅋㅋ저도 로즈하님 덕분에 문구 좀 둘러보고 와야겟습니당,2개
102,최은빈,와 진짜 다 너무 추억의 캐릭터들ㅜㅜ 옛날 기억이 새록새록 떠오르네요 추억의 문구하면 코디스티커도 빠질수없죠...!! 전 밍크 만화잡지 집에 20권 넘게 소장중입니당ㅋㅋ 앞으로도 추억의 문구 기대할게용!!,1개
103,S2S2s2섬,카드캡터체리는 진짜 인생만화에여 ㅜㅠㅠㅠ너무좋아햌 ㅜㅠ,1개
104,이유빈,언니 진짜 텐션 무엇 ㅋㅋㅋㅋ 언니가 좋아하는 거 하니까 진짜 너무 행복해보여서 너무 좋아요 행복만 하자 장미 공주님,1개
105,나의여름에게,"리리카 sos 알죠알죠ㅠㅠ 저도 마법소녀 시리즈는 진짜 다 본거같아요 저는 특히 별나라 요정 코미를 좋아했어요ㅠㅠ
세일러문에서는 비너스랑 마스를 좋아했고 레미에서는 역시 보라죠ㅠㅠ 저, 저 세일러문 인형도 있었어요ㅠㅠ 친구들이랑 만화 하나 정해서 거기서 역할 하나씩 맡아서 놀고 그랬는데ㅠㅠㅠ 
확실히 즈하님이랑 동년배라 mrk부터 다 기억나네요 추억돋는😂😂",1개
106,서연마리,오늘 나온거 모르는게 많긴 한데 저 엠알케이는  키링 가지고 있어요 ㅋㅋㅋㅋㅋㅋㅋ 그 누르면 약간 폭신한 비닐?플라스틱 재질 키링 아시나용??ㅋㅋㅋㅋㅋㅋㅋ 츄억이다...,71개
107,림샐,"우리 슈가슈가룬 띵작 아는 사람있니 ?!?!?! 개잼이야 ㅠㅠㅠㅠㅠㅠㅠ
프리파라도 최고야 ㅠㅠ",1개
108,jiaYOON,"신의괴도 잔느, 달빛천사도 제 최애였는데ㅜㅜ달빛천사 없어서 아쉬워요👉🏻👈🏻💕💕💕즈하언니 덕분에 옛날 그 시절로 돌아간 느낌이예요🥰🥰🥰다음 다꾸도 기다리고 있어요♥️",1개
109,박박이,살짝 아이들 슈화느낌나요 누나..ㅠㅜ 진짱 너무 귀엽자너ㅜㅜ헝헝ㅜㅜㅜ,0개
110,채니뷰티,와 언니 저랑 세대똑같아서 만화취향 똑같아요ㅠㅠ 친언니랑 얘기하는줄 알았어요ㅋㅋ넘나 정겹다..저 미스터케이는 진짜 대박적..어디서 구해오셨나 신기했는데 중고장터에 판다니 넘 신기해요❤️❤️❤️,2개
111,권유미,와 리리카 얘기할때 너무 공감해서 소름ㅜㅜㅜㅜ,1개
112,탱별,아 즈하언니🌹 진짜 너무 좋은 컨텐츠에여😭 이런거 너무 좋아요 ㅠㅠ 언니가 말하면서도 스스로 행복해보이는게 보여서 더 좋았어요🤦🏻‍♀️🤍 항상 행복하게 유튜브 해주세요💖,1개
113,쪼밍,앜ㅋㅋㅋㅋ같은 90년대 생으로써 넘나추억돋고 언니도 봐서 너무좋아요❣❣영상또기다릴게요 공쥬님,1개
114,졔vlog,와 진짜ㅠㅠㅠㅠㅠㅠㅠ레미 체리 네티 세일러문 ㅠㅠㅠㅠㅠ 요리왕비룡 아시는분? ㅋㅋㅋ어릴땐 진짜 파썰면 자동으로 후라이팬에 들어가는줄 알았어욬ㅋㅋㅋㅋ,0개
115,승주,"03,, 꿈빛파티시엘과 캐릭캐릭체인지 세대 ...없으신가요ㅠㅠㅠ 전 정말 아직도 계속 보는 애니예요 ㅠㅠㅠㅠㅠㅠㅠ❤ 90년대는 많이 모르지만 뭔가 하나라도 아는게 나와서 신기하기두 하구 ..❣",5개
116,김카레,와 추억여행 오진다ㅠㅠㅠㅠㅠㅠ 저장해놓고 또 봐야지..,1개
117,늘,90년대 진짜 다 공감 ㅠㅠㅠㅠㅠㅠㅠ짱이다ㅡ진짜 추억이다..,1개
118,JiyoungLee,0:03 ㅎ ㅏ! 안뇨옹💕💕의 귀여움에서 벗어나지 못하능중🥺💕🥺🥺🥺,0개
119,백소정,90년대의 마지막 사람으로서 처음 보는 것도 있지만 우왕 완전 추억 돋아요ㅠㅜㅡㅠㅡㅠㅜ🤣,26개
120,배수정,보다가 소름 돋았어요 진짜 ㅠㅠㅠㅠㅠ레미랑 디지몬이랑 구슬 동자랑ㅠㅠㅠㅠㅠ 얼마 전에 만드는 편지지 뭐였는지 찾다가 결국 못 찾았는데 언니 덕분에 생각 났오요 오늘 컨텐츠 준비해 줘서 너무너무 고마워요 언니,1개
121,윤보연,"와ㅎㅎㅎㅎㅎㅎㅎㅎ즈하언니 
전 90년대생이 아니라 2000년대생인데 다 알아요ㅋㅋㅋㅋㅋㅋㅋㅋ나 뭐야ㅋㅋㅋㅋㅋ
충격받았어요^^",2개
122,이은서,13:18 언냐 귀여워요ㅠㅠ 오늘도 다들 로즈하하세요ㅠㅠ,1개
123,찍찍마우스,"어휴 알다마다요ㅠㅠ 미스터 케이 오려서 친구들 생일에 편지 주고용! 울트라 편지는 오려서 만들어야해서 손재주 있는 칭구들이 참 잘 만들었었죠! 제 최애는 와와 109 였다구여ㅠㅠㅠㅠ💖 아니면 저는 핑클 편지지에 편지 써서 줬다구용!

교환일기 우정장이라구 러브장 처럼 꾸며서 우정장이라고 친구들이랑 돌려서 적고 그랬죠ㅋㅋㅋㅋ 그 안에 아바타 만들고 밑에 치마랑 바지 윗도리 그려서 샤프로 와다다다다다 왔다갔다 한 다음에 스탑! 하면 손수 아바타에 옷을 그려서 입혀줬어죠ㅠㅠㅠㅠ 정말 추억이당

꼬마마법사 레미 주문까지 기억나요 레미레미도레미 부드럽게~~~~ ! 로즈하님이랑 동갑이라서 추억여행 제대로 떠났네요ㅋㅋㅋㅋ",1개
124,Sam쿵일기,하 쓰읍 다아네..ㅠㅠ 라떼는 브로마이드로 연예인 덕질 오지게 했는데 브마 잡지가 없넹 살짝 아쉽ㅠㅠ 꽃남 카드 모은 지역 없나유? 아바타 다이어리로 스티커 옷입히기 오지게하고 ㅠㅠ 스티커 돈으로 애들이랑 옷 사고팔구• 쓰읍 그립다,2개
125,채은이,언니 기다리구있어영🥺❤️❤️ 다음영상보구싶어여ㅠㅠ❤️❤️❤️,2개
126,보랑,다다다라니!!! 햄토리라니 미소의 세상이라니 아 그냥 다....!!!!! 잊고 살았는데 한 순간 다시 10살이 되었다...😭 너무 좋아요!!😱,1개
127,yy,98년생 저는 천사소녀네티부터 다 아는 만화ㅠㅠ로즈하 님이랑 만화 얘기하고 싶네요ㅋㅋㅋ저도 꽤 만화 많이 봤거든요ㅎ진짜 그리운 시절..아 그리고 저희집도 38번이 투니버스였어요!!ㅋㅋㅋ이번 콘텐츠 진짜 너무너무 좋아요♡,1개
128,Sososok7,진짜 추억이다ㅋㅋㅋㅋㅋ 하 너무 좋아 옛날 애니 얘기하는거 넘 재밌어,0개
129,뽀짝,ㅠㅠㅠㅜㅜ아 이게 향수라는건가 진짜 노래 들으니까 순수했던 내가 생각난다..........,0개
130,수민임,힝 뭐야 90년대에 살고 있진 않았지만 너무 예뻐..,1개
131,GEEZ,와 스마일쿠키ㅠㅠㅠ 어릴때 텔레토비보면서 쿠키 너무 먹고싶어서 꿈도 꿨었어요 쿠키먹는꿈ㅋㄱㅋㅋㅋㅋㅋ 너무추억돋는다ㅠㅠㅜ 레미도 진짜 제 최애 만화엿는데ㅜㅜㅜ,1개
132,hyoen2,98년생 98%공감합니다ㅠㅠㅠㅜㅜㅜㅠㅠㅜㅜㅜㅠㅠㅜㅜㅜㅜㅜ 넘모 추억이에요ㅜㅜ 달밤에 초딩시절 추억여행👻,1개
133,메이야,아진짜 언니보단 어리지만 거의 동년배라ㅠㅠ진짜 추억팔이 지리게 했네요..제 최애 만화는 다다다였어요ㅠㅠㅠㅠ헝헝 다시 정주행각이네요..사랑해요 언니..💕,0개
134,박지현,언니 덕분에 지금 카드캡터체리를 보고있어요!😆 역시 믿보로😍(믿고 보는 로즈하🌹 온니) 저도 들어본 적 있던게 많아서 공감했습니당ㅎㅎㅎ 오늘도 넘나 잘 보구 가영😙😙,2개
135,백주링,추억여행하면 텐션 최고조 됐다가 끝에는 현타오는데 ㅋㅋㅋㅋㅋㅋㅋㅋㅋ항상,1개
136,이경희,"와아앙!!!! 오랜만에 언니가 기분 좋아보이고 텐션이 너무 좋아서 진짜 기분 좋아요❤💓💞💖💕😍😍
저 더보기도 봤져요!!! 언니 아프지마요ㅠㅠㅠ💞",1개
137,뿡뿡,러브장 갬성있다ㅋㅋㅋ귀여워ㅠㅠㅠ 영상 보고 뭔가 그 시절 느낌을 느껴보고 싶어욬ㅋㅋㅋㅋㅋㅋㅋ,1개
138,오억두,90년대생은 아니지만 더 카드캡쳐 체리 마술봉은 가지고 싶네요..♡ 꼬마마법사레미는 제가 유치원다닐때 하는 거 봤는데 핑크를 제일 좋아했어요!,1개
139,이수정,"진짜 너무 추억이에요ㅠㅠㅜㅜㅜㅜㅜ 디지몬이랑 체리 등등 띵곡 퍼레이드,,,, ㅠㅠㅠㅠ 나도 언니랑 저런 이야기 하고싶어요...! 고고 다섯쌍둥이 아는 분 처음봐요!!!!!!!!!갸아아아아악",1개
140,dffessqadfg,헐 구슬동자 대박 ㅠㅠㅠㅠㅠㅠ 저거 구슬 앞으로 발사하는 그거 ㅋㅋㅋㅋㅋㅋㅋㅋ그거 다모아서 놀았었는데 ㅋㅋㅋㅋㅋㅋㅇ우와,1개
141,김유진,어 떡 하 지 ? 🌹우 리 공 주 님❤ ㅠ ㅠ 오늘도 너무 빛나잖아? ㅠ ㅠ ㅠ✨✨눈 부셔서 아무것도 안보여🙅🏻🙅🏻,3개
142,최Cl,"Latte is...와와걸이랑 브로마이드가 쵝오였다...매달 나오면 샀다구,,,",2개
143,이동은,"제 최애 만화인 달빛천사, 로젠메이든, 코난, 이누야샤ㅠㅠ핳 만화 주제가도 진짜류ㅠㅠㅠㅠ최고예용🥺❤️",0개
144,김예지,"언니 ㅜㅜ 나 진짜 유튜버 중에 언니가 젤 좋아요❤️
언니 영상 보는게 최고의 힐링💖 언니가 좋아하는 거 신나서 말할 때가 젤 이뻐요ㅎㅎㅎ 
강이 보이면 리버뷰 로즈하는 알라뷰💜💜",2개
145,GeeK,보면섴ㅋㅋㅋ 잇몸이 다 마르도록 웃으면서 봤어옄ㅋㅋ 너무재밌어ㅠㅠㅠㅠㅠ,0개
146,하루달,빨리 언니 다음 영상 보구 싶어용 ㅠ ㅅ ㅠ 💕💕,2개
147,suzinlee,아 어릴때로 돌아간 이 기분ㅠㅠㅠㅠㅠㅠㅠ지금 들어도 애니 엔딩곡들은 다 너무 좋다ㅠㅠㅠㅠㅠ몽글몽글해진다...............흑,0개
148,SosoDiary,대박.. 나랑 취향 완전 존똑... 나도 비너스랑 릴리가 제일 좋았는데!!! 그리고 또 리리카SOS에서 이건 찐이다..했음 ㅠㅠㅠㅠㅠㅠㅠ 친구들한테 리리카 얘기하면 아무도 모르던데.. 혹시 일요일 아침에 하던 별나라 요정 코미 아시는분.....?,1개
149,mihye,"언니덕에 추억여행 떠납니당ㅠㅠ🤧
그립다 집가면 바로 만화보던 그시절..",2개
150,버거햄,mrk 미스터케이 세권에 십만원 실화입니까... ㅠㅜ 몇년전에 대청소하면서 시원하게 버렸는디...,1개
151,스폰지밥,아진짴ㅋㅋㅋㅋㅋㅋ보면서 너무 공감하고 노래 따라부르고 고전문구 뽐뿌온다...,0개
152,수민,"94년생인데 중학교때 문방구에서 파는 브로마이드잡지가 유행해서 좋아하는 가수가 나오면 꼭 구입해서 모았어요!
지금도 제 침대 수납장 밑에 고이 잠들고 있는데 필요하시면 말씀해주세요❤",1개
153,제케헤이,언니는…진정한 더쿠야… 나도 더쿠의 표본인 언니처럼…열과 성을 다해 덕질하겠어…⭐,1개
154,좋아요굿,이누야샤... ㅠㅠㅠㅠ 아시나요... 셋쇼마루 사랑했다,2개
155,JENNAYUN,ㅠㅠㅠㅠㅠㅠㅠㅠㅠㅠㅠ추억이 방울방울💗,1개
156,돼지파티,즈하님이 말하는거 다 안다ㅠㅠㅠㅠ 추억여행 제대로 하고 가요🤣🤣,1개
157,v현지,러브장ㅋㅋㅋㅋ지금생각하면 이불킥ㅋㅋㅋㅋㅋㅋㅋㅋㅋ🤣🤣🤣,1개
158,nakyungkim,"와진짜ㅠㅠㅠㅠㅠ어릴때 좋아하던 만화 다 언급되서 너무좋아요 ㅠㅠㅠ 정말 추억이당 ㅠㅠㅠ다다다는 진짜,, 만화책 우리아기는외계인도 보고,,정말 볼수록느끼는거지만 즈하님은 저랑 좋아하는 취향이 넘비슷! 해요!! 어릴때 가지고놀던거 좋아하던거 다 나왔어ㅠㅠ저도 어릴때 가지고놀던 장난감 진짜많았눈데 다 어디갔눈지 머르겟서여,,왜 버렷는지 후회되네용 ㅠㅋㅋ 이번영상 감사합니당😍😍😍😍",0개
159,김지혜,"엌큐ㅠㅠㅠㅠ진짜 추억돋는다ㅠㅜㅜㅜㅜ러브러브장 진짜 종합장에다
 열심히꾸미고ㅠㅠ추억돋네요ㅠㅜ덕분에 힐링했어요 추억뿜뿜",0개
