﻿,youtube_id,comment,like_num
0,Arielrose,이해해요 저도 마지막 남은 인간관계들이 박살나서 우울증이랑 불안증이 더 심해졌거든요 언니도 그게 보여요 카메라 어색해 하는 것도 다 보이고 속상하네요 전 오히려 두달만에 마음 추스르고 돌아오셔서 아직도 걱정인걸요 댓글 못보시겠으면 안봐도 돼요 일일이 하트 누르실 필요도 없구요 언니 하고싶은 대로 하고 살아요 다 괜찮아요,13개
1,최도연,박막례 할머니께서 해주신 말씀이 떠오르네요. ‘남한테 장단 맞추지 마라. 북치고 장구치고 니 하고싶은 대로 치다보면 그 장단에 맞추고 싶은 사람들이 와서 춤 추는 거야.’ 말만으로도 위로가 될 지 모르겠지만 이 말을 전해드리고 싶었어요. 힘내세요 로즈하님. 일단 저는 로즈하 장단에 춤 출거거든요! 로즈하님과 로즈마리분들 모두 행복하세요 :),1개
2,빅팡사겨라,"인간관계에 있어서 너무 힘들어 하지 말았으면 좋겠어요
나를 좋아하고 이해해줄 사람들이 어쩌면 언젠가 떠날 수 있겠지만 다시 새로운 사람이 생길 수도 있고 남기도 하고 그러니 떠날 사람은 언제든 떠나요 언니 그니까 너무 신경쓰지말고 또한 남이 하는 말에 너무 깊게 생각할려 하지말고 언니데로 예쁘게 살아가면 좋겠어요 !또한 남이 맞춘 기준에 본인이 지칠때까지 맞추려하지 않았으면해요 모든 것에 완벽할 수 는 없어요 조금 틀릴 수 도 있고 안맞을 수 도 있어요 
너무 신경쓰지말고 하면 좋겠어요  저도 인간관계에 있어서 되게 힘들었는데 이렇게 생각하니 좀 낫더라구요 언니 영상보며 항상 즐겁게 보고 힐링하고 잇어요 ! 처음 댓글 달아보는거 같지만 언니에게 위로가 될지 안될지 모르지만 꼭 깊게 생각하지말아요 ! 
그리 생각하니 좀 괜찬더라구요 얼른 텐션 찾으면 좋겠어요 ㅠㅠㅠ
+) 많은 분들께서 제 말로 위로가 되셨다니 다행ㅇ이고 감사하네요 😊 앞으로 계속 언니와 함께 합시다 !!",895개
3,gente,"10:00 로즈하님 나~~중에 도서 추천 컨텐츠 찍어주시면 너무 좋을 것 같아요ㅠㅠ 요즘 다들 방구석에만 쳐박혀있느라 괜시리 무기력해지고 사람들 만나는 것도 자제하다 보니 핸드폰만 보는 것도 점점 지치고... 그래도 뭔가 생산적인 걸 하고는 싶은데 ㅠㅠ 로즈하 언니 말처럼 단순히 교양 쌓는 것말고도 심적으로 위안받고 재충전하는데엔 책만한 것도 없는 것 같아요 .
갠적으로 에세이 시집 소설 안 가리고 다 읽는데 언니가 소소하게라도 새롭게 발견한 좋은 책들,  재미난 책들 여러권 모아서 추천해주시면 도움될 것 같아서요 :) + 영화 , 넷플릭스도 모아서 문화생활편으로 소개해줘도 넘 좋을 것 같아요 ♡

그리고 언니 너무 너무 기다렸어요 영상 올려줘서  고마워요 ㅠㅠ 덕분에 20분 남짓의 시간 동안 행복하게 봤어요 ❤❤",610개
4,화장품정보알림이,"즈하언니가 사용한 화장품!


-헤라 글로우 래스팅 파운데이션 #17N1: 65.000원
-겔랑 빠뤼르 골드 미스트: 60.000원
-이글립스 블러 파우더 팩트# 21호: 5.900원(랄라블라 가격)
-레어카인드 미니 앨범 1집 #03호: 30.000원
-페리페라 스피디 스키니 아이브로우 #5호(가격을 못 찾겠어요ㅜㅜ)
-에스쁘아 리얼 아이 팔레트 #로지피드: 32.000원
-정샘물 아티스트 콜펜 라이너 #콜브라운: 24.000원
-펜티뷰티 다이아몬드 밤 #How many carats?!: 69.000원
-페리페라 잉크 블랙 카라 #02 볼륨 커링: 10.000원
-코드 글로컬러 무드터치 블러셔 #발레리나 핑크 (단종이래요,,)
-클리오 매드 벨벳 틴트 #09 핑크 에일: 16,000원
-어뮤즈 뉴트로 매트 #04 밀레니얼: 18.000원
-드라이타올: 3.500원


언니 여태 충분히 열심히 하셨어요! 힘들면 잠시 쉬면 되고, 안 힘들면 다시 시작하면 되지요~ 그니까 부담갖지 마시고 하세요. 언제나 언니 응원합니다
(안적은 화장품이나 화장품 정보가 틀렸다면 알려주세용)",18개
5,강가현,"평소 댓글은 안달고 영상은 꾸준히 보면서 응원하던 로즈마리에요! 그런데 언니가 솔직하게 털어놓은 속마음이 로즈마리로서 너무 마음이 아파서 작지만 응원이 되고 싶어 처음 달아봐요!! “무조건 완벽해야해”라는 마음을 조금 털어버리시는게 좋을거 같아요. 물론 조금 부족한 영상들, 정신사나운 영상들, 마음에 안드는 영상들, 수많은 영상들에 불만을 가지는 사람들은 어딜가나 있는거 같아요. 그런데 그런 사람들은 정말 말 그대로 어딜가나 있어요. 너무 완벽해야한다는 마음을 조금 버리시고 로즈마리들은 그냥 언니의 그 자체, 어떤것이든 행복하게 볼 준비가 되어 있으니 마음 편히 조금 부족하다 싶더라도 뭐 어때! 라는 마음으로 한번 차근차근 올려보세요. 한번 시작하는게 어렵지 하고나면 별거 아니라는 생각이 드실거에요! 영상이 조금 부족할지라도 언니가 그 영상에 많은 노력을 했다는게 다 묻어나 보일거에요. 할 수 있는데 안하는 사람은 비판하지만, 노력한사람을 욕하는사람은 그사람이 욕먹는걸로 되돌아오게 되는데 세상의 진리인거 같아요 . 제가 완벽을 추구하는 그런스타일이였는데 그건 정말 제 자신만 힘들게 하는거였다는걸 깨달았어요. 뭐든 못하면 어때 라는 마음으로 도전해보시면 좋겠어요!!! 힘내세요 항상 응원할게요🖤",233개
6,톡신TOXIN,"요즘에 제 상황과 너무 똑같아서 영상 보고 마음이 너무 아팠어요.. 위로가 되는 영상 감사해요! 즈하님도 꼭 행복하셨으면 좋겠어요!💗
맨날 영상 챙겨봤는데 댓글 쓰는건 오늘이 처음인거 같아요 항상 건강하시구 행복하세요 즈하님💗",34개
7,타임라인요정,더보기란 보면 더 안쓰러운게 힘들어서 그냥 쉴수도있고 놀고싶어서 쉴수도있는데 사람들이 그거에 대해서 또 비난을 할까봐 쉬는동안 병원도 다니면서 정말 힘들었다고 본인이 힘들었던 일 다시 언급하는게 진짜 안타까워요..ㅠ 영상 보는내내 말하는거 엄청 신경쓰시는거 같고 더 부담스러우실거 같고.. 편하게 올려주시고 언제나 응원해요 로즈하님!!!,255개
8,이가현,인생에서 잠시 소나기가 온다고 생각 해요 언니 조금만 지나면 저절로 비가 그치고 해가 뜨고 예쁜 무지개가 뜰거예요 힘든 시기가 지나가고 얼른 행복한 날들이 가득한 날이 오길 바래요 늘 뒤에서 언니를 응원해요 유튜브해줘서 너무 감사하고 저의 인생의 원동력이 돼주셔서 제 인생에 언니가 있어서 너무 행복해요 이 댓글을 보실 지는 모르겠지만 너무너무 사랑해요 💗,156개
9,WoW,내가 진짜 이 유튜버를 덕질을 하긴 했구나... 언니 얼굴 보자마자 감격+울먹+기쁨+슬픔에 뛰쳐왔어요 진짜.. 로즈마리는 항상 언니 편... 언니 하고싶은대로 하면서 살아요 뒤에서 항상 응원하고 있어요!,91개
10,이름알려줄수없슈,"언니가 자기계발서나 에세이를 많이 읽는다고 해서 추천하고 싶은 책이 있어요!! 저는 항상 인간관계에 있어서 사람에게 상처를 받을 때나 회의감을 느낄 때, 아무것도 하기싫을 때 이 책을 한 장씩 넘겨가면서 다시 한 번 다짐을 하게 되는거같아요. <발타자르 그라시안-세상에서 가장 이기적인 조언>이라는 책이에요! 제목 그대로 철학자인 발타자르 그라시안이 해주는 조언이에요. 제가 이책에서 가장 좋아하는 구절은 ‘목표와 희망을 가진 사람은 어떤 경우에도 다시 꿋꿋하게 전진할 수 있다.’ 라는 구절이에요. 언니가 이렇게 다시 전진할 수 있었던 건 언니의 목표와 희망 덕분이겠죠!! 언니의 많은 구독자 중 한명일 뿐이지만 언니의 목표와 희망이 되도록 노력할게요! 항상 밝을 필요없으니 조금이나마 내려놓고 기대어 주세요🙏",42개
11,유화,카메라를 오래 못쳐다보시네... 많이 힘들었던게 티가 난다,44개
12,혜린,오랜만에 언니 봐서 눈정화 됐어요오💖  인간관계 때문에 힘든게 제일 스트레스 받는건데 그래도 극복하셔서 진짜 다행이에요!!❤ 언니 다시 돌아와서 넘 기뻐요😊,58개
13,SOY,"제가 즈하님에 대해서 자세히 잘 아는 것도 아니고, 친구처럼 가까운 사이도 아니지만 즈하님이 정성들여 올린 영상들, SNS 등등을 보면서 저는 이미 즈하님한테 정이 많이 들었나봐요... ㅎㅎㅎ 즈하님의 영상들을 보면서 밝고 건강한 에너지를 받은만큼 저도 즈하님한테 진심을 담은 응원을 보내고 싶어요-💕🌸 왜냐면 즈하님은 제가 제일 좋아하는 유튜버니까요!! ㅎㅎ 즈하님은 정말 반짝반짝 빛나는 사람이라고 생각해요😆... 우린 모두 소중한 사람이고, 좋은 사람들만 신경쓰기도 바쁘니까 나쁜 말, 잘 알지도 못하면서 떠드는 사람들은 신경 안 쓰셨으면 좋겠어요 ㅎㅎ 아 언니 진짜 보고싶었어요 ㅠㅠ 💖 앞으로도 자주 영상으로 볼 수 있음 정말 좋겠어요🍃 (엘에이 브이로그도 보고싶어요ㅎㅎ) 코로나 조심하세요😷",100개
14,산책,많이 좋아해요 로즈하님❤️무엇을 하던 응원합니다 그 어떤 것에도 너무 부담갖지 않았으면 해요!,196개
15,윤마리,장미언니이이🌹ㅠㅠㅠㅠ걱정 많았는데 돌아와줘서 너무 기뻐요😭😭 존버는 이긴다!!! 언니아직 힘든데 무리하시는거 아니죠? 힘들면 더 쉬다오셔도 되요. 이렇게 돌아와준것만으로도 고맙고 더 기다릴수도 있어요:) 그저 몸도 마음도 건강만 했으면 좋겠어요💓 언니의 계절에 더이상 추위가아닌 햇살마냥 따뜻했으면 좋겠어요✨ 앞으로의 영상들 기대할게요! 다시한번 돌아와줘서 고마워요💕 로즈하 하고싶은거 다하자!!!!!!,12개
16,효림HYOU,"강이 보이변 리버뷰
바다가 보이면 오션뷰
우리 장미언니가 보이면 알라뷰 ❤❤
언니 진짜 오랜만이에요 🥺❤❤ 언니 진짜 너무 이쁜거 ... 🥺🥰🥰",319개
17,로즈쥬아,"언니 제가 댓글을 잘 달지는 않는데 제가 좋아하는 유튜버가 힘들어하시는 모습을 보고 조금이라도 힘 되시라고 한 번 끄적여봐요 히히
저는 모든 사람이 저를 좋아하진 않아도 싫어하진 않았으면 좋겠다는 생각에 매일매일 행동,말 모두 조심했었어요.근데 어느순간 알게 되더라구요.날 싫어할 사람은 내가 무슨 행동을 해도 싫어할 거라는 것, 그리고 싫어하는 사람은 내가 어떻게 해도 존재할 거라는것을요.
모든 사람이 날 싫어하지 않고 행복하면 좋겠지만 그러려고 애쓰진 않아도 돼요.그냥 그런 사람들 보다 언니가 사랑하는 사람들,아끼는 사람들부터 챙겨주세요.날 좋아하지 않는 사람들을 챙기다 날 좋아하고 내가 사랑하는 사람을 잃고 싶진 않을테니까요.!!!인생 모두 처음 살아보는 거랍니다!!그러니까 언니도 힘내셨으면 좋겠어요.
영상 올려주셔서 너무 감사하고 사랑해여 언니❤️❤️❤️❤️❤️❤️❤️❤️❤️❤️❤️❤️❤️",30개
18,ckylu,"왜 익성댓을 즈하님한테 다는거지··??이해가 안가네 ㅋㅋㅋㅋㅋㅋ
왜 죄업는 사람한테 악성댓을 달지 불똥도 이상한테 튀긴다 정말 ㅋㅋㅋㅋㅋㅋㅋㅋㅋ사람을 그렇게 힘들게 해서 지네들이 뭔 득을 얻는다고 그러는지;; 원..확 나가 뒤져버려야돼 악성댓 다는 사람들은",45개
19,민서minseo,"ㅠㅠ진짜 영상 존버했어요 ㅠㅠ흐러어ㅓㅇ엉ㅠ늦어도 이렇게 다시 돌아와주셔서 감사해요 엉엉,, 이렇게까지 힘드시고 마음고생을 하신줄은 몰랐어요..흑 ㅠ그래두 휴식시간..?동안 조금이라도 회복되셨을거라 믿어요..!!저는 언니가 정말 힘들지 않으셨으면 좋겠어욤..ㅠㅜ🥺악플두 너무너무 마음에 담아두지 않았으면 좋겠구요..!ㅠㅠ언니를 좋아하고 응원하는 로즈마리들이 훨씬 많으니까 ㅠ,, 전 이렇게 시간이 많이 지나서 언니가 돌아와도 언니만의 스타일이 묻어나는..??이런 아기자기하고 큐티한 느낌의 영상이 보고싶었어요..!🥰 늦었지만 새해복 많이받구 마음고생많이 하신만큼 2020년에는 진짜 행복한일 웃는일 많으셨으면 좋겠어요!!  구구절히 얘기가 많았네요 ㅠㅠ 어쨌든 우리 다같이 힘내요,,힘든거 다 뿌시고.!!힣
울 언니 내가 많이 사랑훼..❤️❤️",39개
20,제시하다Jessiehada,"영상 오랫동안 안 올라와서 걱정한 1인~ 사람한테 받은 스트레스는 또 사람(친구)들이랑 푸는거죠 ㅎㅎ 와, 해리포터 번외편 같은게 있네?! 사야겠다 ㅋㅋㅋ 로즈하님 왠지 유튜버 귀상어님 컨텐츠 보지 않아요?? ㅎㅎㅎ 해리포터 다루는 채널인뎅 재밌음!!",13개
21,행복하세요,언니 사랑해요 알림 뜨자마자 헉 헉 거리면서 다려왔어 여전히 예쁜 장미 언니ㅠㅠ❤️❤️ 영상 선물처럼 아껴서 잘 볼게요,237개
22,hc,5:37 일단 물한모금 ㅋㅋㅋㅋㅋ 쪼물쪼물.. 귀엽,7개
23,SopiaPark,언제라도 지칠수 있죠! 그럴땐 쉬고 좋아하는 것으로 충전해주는게 맞는 것 같아요. 저도 그럴때가 있었어서 공감가요. 로즈하님이 추천해주신 책도 읽어볼게요. 응원해요 🌹,18개
24,푸연,저를 포함한 언니 팬들은 언니가 세계 제일 완벽해서가 아닌걸요...쉽지 않겠지만 마음의 짐을 덜어두시는게 좋을 것 같아요 너무 힘들게 자신을 몰아가지 않아도 매력이 넘치는 사람이니까요 아자아자!!,36개
25,체리마루,다른 사람들은 인위적으로 웃는 거 따라하거나 특유의 표정 따라하던데 언니는 걍 일상이 아이린.. 개이뻐요 진짜로ㅠㅠ 21:14,46개
26,투린오,"언니 진짜 마음 고생 많이 하셨죠
팬들도 고생했지만 당사자만큼 하겠느냐만..
앞으로 더 좋은 모습 기대할게요 영상 고마워요",206개
27,1446,오늘 유난히 언니 생각이 많이나서 언니 영상들 정주행했는데 ㅜㅜ.... 진짜 영상올라온걸 보구 너무 놀라서 눈이 띠용하고 달려왔서요ㅜㅜ 흑흑  울 장미언니 너무 사랑혀... 로즈말이들이랑 항상 같이 행복해요!!,18개
28,nnra,사람이라면 힘든 시기가 어쩔 수 없이 한번씩 오는 것 같아요 로즈하님도 항상 그래왔듯이 이번에도 잘 극복하시고 행복한 날만 가득했으면 좋겠어요,38개
29,,즈하 언니에게 힘든일들이 있었군요. 즈하언니 구독자로 영상을 계속 꾸준히 구독하고  예전에 찍었던 영상들도 몇번씩 다시 보는 사람인데 즈하언니도 힘든일이 있을꺼라고 예상은 했었어요. 언니보다 어리지만 저에게도 개인적으로 힘든일이 많았거든요. 그래도 언니의 영상들을 보면서 우울하고 힘들때 하루의 마무리 보내면서 다시 힘내곤 했어요. 저도 많이 힘들었는데 조언 받았을 때 모든 사람이 슬럼프와 우울증이 같이 온다고 하더라고요. 그래도 다시 영상 올려주셔서 팬의 입장으로  너무나 고맙워요.  우리 모두에게 더 좋은일이 일어날려고 힘들었던거고 행복하고 좋은일들이 생겼으면 좋겠네요.,21개
30,보예,"어떤말을 해야 로즈하님이 기운이 날까...조금이라도 미소를 지을까...고민했지만...답이 안나와서!ㅎ
이번영상 올려주셔서 감사하다는 말과,  같이 이겨내보고 싶네요. 저도 요즘...기복이 심해서...",62개
31,딩동,"언니 텐션올려서 말씀하시는거 너무 좋아요..부담 가지지 마시고 저희는 언니영상 스타일이 너무 좋고 늘 즐기고 있어요..해리포터랑 책 얘기 하실때 즐거워하시는거 너무 귀엽고..천천히 화장하시는 것도 친구같아서 더 좋았어요..컴백하신거 너무 응원하구 저희는 언니를 밀어붙이는 입장이 아니라 뒤에서 늘 응원하고..사랑하는 그런 사람들이에요..언니를 알게되고 항상 저런 사람이 되어야겠다.저런 여자가 되어야겠다고 생각했는데..언니가 힘들어 하신  모습도,극복해 내는 모습도 멋지고 본받을 만하다고 생각해요.인생에서 슬럼프가 오는 순간들은 분명히 와요..이번에 경험하신 슬픔으로 더욱 단단해지셨더니 다행이고..제가 입시 치를때부터 안니를 보고 슬픔을 잊었어요-언니도 언니만의 슬픔을 잊는 방법을 잘 찾으셨으면 해요..오늘 소소하지만 무서운 이야기를 밝게 표현해주셔서 감사하구..늘 응원해요! 천천히 해내는 것은 빠르게 망치는 것 보다 훨씬 나은 방법이에요..힘내자구요!!사랑해요..💕🔥✨☘️",6개
32,하선생,즈하님 참 속도 깊고.. 책임감도 크셔서 더 많이 힘드셨겠어요. 근데 많이 쉬었다면서ㅋㅋㅋㅋ유투브각 다 따놓은거 너무... 성실한 유투버ㅜ재질ㅜㅜ 즈하님 더 게으르고 생각없고 그래도 돼요ㅎㅎ 서울여자라는 인스타툰에서 본건데 '이렇게 말해도될까? 누군가에게 상처주는 발언인가? 그래도 해야할 말인데?'라고 고민하다가 '난 우주의 먼지일뿐이다'라고 자기최면 걸면서 소신대로 하고자하는 얘기를 그린다더라구요. 컨텐츠를 만드는 생산자로서의 즈하님의 성찰적인 태도는 너무 옳고 저 역시 그런점을 좋아하지만 사람이 언제나 옳을순 없잖아요... 좀 너그러워져도 된다고! 생각합니다.,6개
33,키커바시리얼현미맛,언니 잘못이 아니니 미안해하는 마음조차 가지지 않으셔도 된다는거! 항상 응원해요 마음도 몸도 아프지 마세요☺️☺️ 으으ㅜㅜㅜ 올 겨울이 제일 추웠다니.. 마음 아파요.. 올 봄은 그 어느 봄보다 따뜻한 봄이 되길 바라요,34개
34,민승,뒤에 책상에 레고 해리포터  귀여운것 아닙니까 ...💖언니 영상보구 기뻐서 달려왔어요ㅠㅠ 원래 하던대로 되지않을수도있고 번아웃이 올때도 있죠 ㅠㅁㅠ 언니가 나아지셔서 다행이에요❤️원래 백명이 좋은말을 해도 기억남는말은 한사람의 나쁜말이잖아요 그런 사람 때문에 고민하시지 않아도 되요! 앞으로 나올 언니 컨텐츠 너무 기대되요🥰  사랑해요 💖💖,11개
35,이은비,언니 혹시 책 추천 콘텐츠 찍어 주실 수 있나욤??언니랑 책 취향이 넘넘 잘 맞을것 같아용💞💞🙏🏻🙏🏻글구 항상 응원해욤!!💝💝,21개
36,강지혜,"7:40 즈하언니 근황 안 궁금한 사람 나와 봐
.
.
.
.
🔫탕!
.
.
또 나와봐",31개
37,HHH,"15:18 ???
ㅋㅋㅋㅋ이때뷰터 왤케 뻘하게 웃긴건지ㅋㅋ 중간이 없는 라이너ㅜㅠ",74개
38,euls,언니 너무사랑해요!❤진짜 언니 집에서만버텨요..코로나걸리면 저 세상잃어요....전언니가 뭘해도 좋아요!❤사랑해요 장미언니 너무보고싶었어요💖💖💖💖💖,8개
39,코코,20:07 이빨에 다묻었어ㅋㅋㅋㅋㅋㅋㅋㅋㅋㅋ 즈하님 오랜만에 영상 감사해요❤ 유튜브는 사적인 면이 많이 드러나는 공간이다보니 푹 쉬면서 충전 잘 하셨길 바래요!  너무 빠르게 준비하지 않아도 로즈마리는 여기서 기다리고 있어요 사랑해요❤,7개
40,엄마가준비해준식사,로즈하님 영상 두번째로 보는데 로즈하님은 인품이 좋으시고 교양있으신게 말하는거랑 취미에서 느껴져요!,49개
41,이송이,"언니 회복하셔서 다행이에요ㅠㅠ❤
무조건 언니 건강이 1순위니까 그 외 것들을 신경 쓰시면서 스트레스받지 않으셨으면 좋겠어요😭언니를 힘들게 하는것들은 모조리 파괴해버리겠어!!! 언니 사랑하고 전 언제나 언니편이에요 장미언니 화이팅!!🌹",23개
42,심서영,"아직까지 목소리에서 힘듬이 살짝 느껴지네요..ㅠ 항상 로즈마리들이 있다는거 잊지마요!!☺️
항상 힘내세요💖언니 화이팅!",26개
43,나예인,즈하님 저는  초등학교때 왕따를 많이 당해서 힘들었거든용 그럴때마다 즈하님영상을 많이보거나 가족분들을 보면서 견뎠었거든요  즈하님도 무슨일이 있든 그거에  신경을 많이 안써도 되요  즈하님은  언제나  저희 앞에서 재밌는 이야기를 해주신다거나 웃어주시는 모습을 보면 기분이 좋거든요 그러니까 항상 힘내세요,22개
44,NatashaNg,Omggggggggg finally ❤️❤️❤️,1개
45,HHH,"에고 우리 언니 아파서 어떡해ㅜㅠㅜㅠ...라고 생각했지만! 그래도 많이 힐링되셨다니 너무 다행이에요😭
진짜 제 최애 유튜버신데 우리 건강하고 오래오래 만나요ㅜㅠ",4개
46,나라김,장미언니! 제 댓글이 큰힘이 되지는 못하겠지만 힘내시구 힘들면 오래 쉬셔도 되요! 1년이든 2년이든 기다리고 있을게요 ㅎㅎ 장미언니가 항상 힘내셨으면 좋겠어요 ㅎㅎ 사랑해요❤❤❤❤,54개
47,jaduo,우아 명언 게으른게 아니라 충전중입니다💜😭😭😭,175개
48,애옹,처음엔 한 마디 말씀도 없이 사라지셔서 보고 싶은데 서운한 맘도 들었어요.. 댓글을 남길까 하다 아니야 이유 없이 그러실 분도 아니고 조금만 더 믿고 기다려 보자! 하고 예전 영상들 재탕하면서 쭉 기다렸어요 ㅎㅎ 영상을 보니 살도 빠지신 거 같고 예전의 발랄한 모습이 조금은 없어진 거 같아 마음이 아파요 ㅠㅠ.. 그래도 많은 걸 깨달았고 재충전의 시간이었다고 말씀하시는 모습이 너무 멋져요 언니가 뭘 하시든 우리가 옆에서 항상 응원할게요 사랑해요 장미언니 힘내요 💕💕,25개
49,유진,혼자 여행 브이로그도 더 올려주실 수 있나욥... 일본 여행 브이로그 느낌 너무 좋아서 매일 밤마다 봐요... 가끔 눈 피로한 날은 소리만 듣는데 완전 라디오 재질... ㅠㅠ 세상에서 제일 힐링되는 시간! ❤️,37개
50,예원,"나의 잘못이 하나도 없더라도 나를 모든 사람이 좋아할 수는 없다는 걸 저도 얼마전에 깨달았어요 ㅠㅡㅠ. 언니도 언니의 잘못은 아무것도 없지만 말도 안되는 사고방식으로 하나하나 꼬투리를 잡고 이건 이렇니 저건 저렇니 하며 비난하고 뭐라하는 사람들이 시간이 지나면서, 유튜브가 발전하는 큰 매체가 되어갈수록 더 느는 것 같아요 언니가 그런 사람들에게 다 맞춰주고 의견을 수용하기에는 벅차고 억울하고 힘들 거예요 ㅠㅠ 절대 그러지 않아도 돼요 그냥 언니 자체를 좋아하고 응원하는 많은 사람들이 있다는 걸 꼭 기억하고 쉴 때는 쉬면서 유튜브 했으면 좋겠어요 사랑해요 💕💕",14개
51,강예빈,"대중들 앞에 서는 직업을 가진 사람들한테 제일 많이 하는 말이 '악플 신경쓰지마라','날 좋아해주는 사람들만 보고 가라'지만 솔직히 얼굴도 모르는 누군가가 다양한 이유들로 날 싫어할 수 있다는 사실을 받아들이는게 얼마나 힘이 들까요.. 익명이라는 점을 이용해서 남을 평가하고,상처주는 사람들이 너무 많고 그 시선을 받아들이는 과정에서 누구나 상처받을 수 밖에 없다고 생각해요 너무 힘들 때는 더 쉬어도 괜찮으니까 자주보다는 오래오래 언니 영상을 볼 수 있었으면 좋겠어요 제게 언니 영상이 힘이 되듯이 제 댓글이 언니에게 위로가 되었길 바래요 힘내시고 항상 좋은 영상 감사해요♡",25개
52,이금동,"언니는 되게 사람들 말 신경 안쓰고 강한 사람일거라고 생각했는데 영상하고 더보기란을 보니까 언니가 사람들 때문에 얼마나 힘들어하셨는지 정말 상상도 안가더라구요,,예전보다 훨씬 조심스러워진 느낌이 괜히 드는것 같기도하구,, 빠르지 않아도 좋아요,,정말 즈하언니,,느려도 좋으니까 언니의 건강이 늘 우선이에요,, 알죠,,,?!ㅠㅠ 좋아하는 사람들만 신경쓰기에도 너무 작은세상이고 짧은 인생이라고 생각해요,, 이 말이 별 도움이 되진 않겠지만 늘 언니가 행복하고 좋은것들만 보시기를 바라는 마음에,,총총,,",142개
53,CardTwo,진짜 너무 예쁘다,3개
54,yunju윤주,"세상에서 진짜 제일 예쁜 언니 공주같은 즈하언니ㅜㅠㅜㅜㅠ진짜 여러모로 마음고생 심했을텐데 이걸 또 어떻게 구독자분들께 전해드려야 할지 이런저런 고민들로 정말 힘드셨을거 같아요....그 마음 다 헤아릴 수 없지만 이제 예전의 텐션으로 돌아가고있다는 말을 해주시니 마음이 놓이고 다행이라고 생각해요...또 힘들때 이야기를, 유튜브활동을 잠시 쉰 이유를 영상에서 덤덤하게 하시는 즈하님 보니까 안타깝기도 하고...그래도 쉬는동안 읽고싶었던 책도 읽으시고 집에서 잘 지내셨다니 다행이예요...그 와중에도 로즈말이들 생각해서 영상도 찍고 그러셨을 생각에 눙물이😭휴지통에 들어간 영상들이 안타깝지만 앞으로 언니 영상들 다시 볼 생각에 기대되고 신나고 행복하고ㅜㅠㅠ언니 자체를 좋아하고 영상을 좋아하는 사람들이 있는 반면에 그렇지 않은 사람들이 영상을 볼수있는것 때문에 걱정도 많이 하시는것 같은데 언니를 진짜 진심으로 좋아하고 응원하는 사람들이 정말정말 많으니 크게 스트레스 안받으셨으면 좋겠어요😢언니 같이 착하고 예쁘고 아름다운 사람이 왜 힘들어해야돼ㅜㅠㅠ오늘 겟레디 횡설수설이라고 했지만 전 너무 재밌었답니다 언니가 어떤 책 읽었는지, 또 다꾸 영상도 찍었다는것도 알았고, 같이 이야기하는 느낌에 편안하기도 했고 이렇게 좋을수가없어요오😊또 패션관련 영상도 찍어본다고 하시니 지금 이거 쓰는데도 들떠요 벌써😆너무 길게 말했는데 결론은 언니 사랑한다는거구요 오늘도 너무 예뻤고 언니는 항상 예뻤고 지금도 예쁘고 앞으로도 예쁘겠죠?!🥰오늘 영상도 너무 잘봤고 앞으로 로즈하❤️로즈마리 행복합시다 사랑해요❤️❤️❤️❤️❤️😘(코로나 조심하세요😖)",18개
55,박지연,언니 그러면 그 나스 볼레로 같은 립제품 만드는 거 안 하는 건가요..?,37개
56,파프리카,즈하님 눈치 보이실 수 있어요 충분히 이해하니까 미안해하지 마세요ㅠㅠ 안 좋은 말 듣고 싶지 않고 나를 잘 모르는 사람들의 비난 받고 싶지 않은건 당연한거잖아요 그럼에도 좋아해주는 사람들을 위해서 용기를 내신다는거 자체가 이미 즈하님은 충분히 노력하신거라 생각해요! 함부로 얘기할 수 없는 상황에서 받는 오해가 얼마나 마음을 아프게 하는지 잘 알기 때문에 오늘 영상보면서 안쓰러운 마음이 많이 들었어요... 이렇게 댓글 남긴다고해서 상처를 다 보듬어드릴 순 없겠지만 즈하님이 스스로 앞으로 나아가시는데 조금이나마 힘이 됐으면 좋겠어요 앞으로도 예쁘게 웃으면서 촬영해주세요♥,9개
57,,"언니 너무 오랜만이고 보고 싶었어요...🥺💗
2년 정도 된 로즈마리로써 하고 싶은 말이 너무 너무 많은데 댓글을 쓰다 보면 횡설수설이 되어버려서 항상 댓글을 못 남겼는데 오늘 언니 영상 보고 응원의 한 마디가 중요하다는 걸 느껴서 댓글 남겨요...ㅎㅎ💕 (사실 지금도 횡설수설하고 있는데... 메모장에 3번 정도 예행연습을 해도 이 모양이네요😖)
아무튼 하고 싶은 말은 언니가 유튜브 채널을 운영하는 데에 있어서 너무 부담감을 갖지 않았으면 하고... 언니를 응원하고 항상 생각하는 로즈마리들이 있다는 걸 알고 조금만 마음을 가볍게 먹으셔도 좋을 것 같아요...☺️🧡
진짜 하고 싶은 말이 너무 많았는데 어떻게 적어야 할 지 모르겠어서... 어쨌든 언니 항상 응원하고 사랑해요 그러니까 너무 많이 스트레스 받지 않으시면 좋겠어요!!🥰❤️
건강 잘 챙기시고 너무 힘들지 않았으면 좋겠네요...😊❣️ 항상 응원하고 있을게요💛💛 사랑해요 언니❤️❤️❤️ (이런 댓글 처음 남겨봐서 약간 부끄럽기도 하고 지금도 지울까 고민 되는데 언니한테 작게나마 도움이 되고 싶어서 남겼어요💕 말이 뒤죽박죽이어서 죄송해요...😥)",66개
58,에리얼,"제가 제일 좋아하는 즈하는 패션 영상이라니요 ㅠㅠㅠ
컴백 해주셔서 감사해용❤️ 이번 휴식기간을 통해 더더욱 단단해졌을거라구 로즈마리는 믿어용🔥🔥
그래두 조금은 나아진 것 같아서 기뻐용😊😊 
예전 텐션만큼은 아닌 것 같아 슬프긴 하지만 즈하님은 다 극복하실 거라구 믿기때문에 그냥 즈하님 영상에만 집중할게요 ㅎㅎ 다시 일어나서 돌아와줘서 고마워용❤️❤️",4개
59,김유진,ㅠㅠㅠㅠ드디어 우런니 왔다ㅠㅠㅠㅠㅠ🌹❤ 언니 진짜 목빠지게 기다렸어요 너무너무 보고 싶었어( ´•̥-•̥` ) 이제 더는 힘들어 하지 마요ㅠㅅㅠ... 언제나 언니 믿고 있는 든든한 로즈마리들이 있잖아(๑•̀ㅂ•́)و✧ 싸룽해 로즈하 제일 소중해💗💗,6개
60,쿠잉,"그냥 솔직하게 이야기하는데 꾹꾹 눌러담은 말못한 이야기들이 많이 보여서 맘아프네요. 저도 요즘 같은 번아웃증후군자로써 응원하고싶어요. 로즈하씨 영상보면서 좋은 꿀팁, 뷰티제품 그리고 위로 많이 받아요. 힘냈으면 좋겠네요.",17개
61,김선정,세상사람들 길을 비켜라 우리 즈하공주님이 납시셨다 사랑합니다 공주님 아프지마요 제발ㅠㅠㅠㅠ,213개
62,ClairesWorld,"Who else is searching for an English comment lol 








Edit: even tho I’m Korean I can’t read it that well... 🤪😂👍🏻",0개
63,피포,가끔은 힘들때 이겨내려고 하는 것 보다는 그냥 지는 것도 좋은 거 같아요 이 영상 올라오자마자 봤는데 언니가 뭔가 전보다 기운이 없어보여서 걱정되어 제가 무슨 말을 못하겠더라고요ㅜㅜㅜ 혹시라도 제 말이 언니에게 부담을 줄까바..  저희는 언니가 힘들때 잠시 쉬어도 영원히 기다릴 자신있으니깐 건강하게 행복하게만 지내주세요 !!,4개
64,,"진짜 제가 제일 좋아하는 뷰티 유튜버 0순위 로즈하 언니 ㅠㅠ 🖤 원래도 차분한 목소리셨지만 이번 영상에서 만큼은 더욱 신중하고 진지하게 말씀하시는게 느껴져요..!! 언니가 작년연말에 준비하고 있던 일에 대해 간간히 언급도 해주시고 그러면서 기대가 됐는데 .. 무산이 되면서 얼마나 마음이 복잡하고 화가 났을지ㅠㅠ 저도 뉴스 기사를 통해서 언니에 대한 악성댓글들을 봤어요 ㅠ 그거 보면서 그렇게 수많은 연예인들이 악플때문에 자살 했지만, 아직도 우리나라 사람들은 그때 잠깐 반성하는척 또 다시 사실이 아닌 부분에 대해 지어내고 .. 욕하는걸 보면서 너무 소름이 돋고 언니가 너무 걱정됐어요 .. 그래도 이렇게 다시 와주셔서 감사해요 어제도 잠들기 전 언니 옛날 영상을 보면서 그리워했는데 ㅠㅠ 앞으로 마음이 완전히 다 추스려질때까지 천천히 영상 올려주셔도 되니까 꼭 언니의 예쁜 얼굴을 세상에 비춰주세요 ❤️ 유튜브 댓글 이렇게 길게는 처음 달아보는데 ㅠㅠㅠㅠ 너무 보고싶었어요 ㅠㅠㅠㅠ😢❤️",4개
65,나는고양이있다,"22:05 언니 이 말이 왜이리 찡할까요...🥺항상 영상 속 밝은 즈하언니만 봐왔다보니 언니를 너무나도 당연한 존재로 생각했던것 같아요ㅠㅠ언니를 유튜브에서 오래오래 볼 수 있을거라고 생각했었는데 이번에 언니의 부재에 마음이 쿵 내려앉았었어요😭 '힘 닿는데까지' 라는 말이 콕 와닿네요,, 노력해줘서 너무 고마워요ㅠㅠㅠ 언니는 전혀 부족한 사람이 아니에요! 여리고 어여쁜 사람이랍니다🥰 언니 로즈마리들이 너무너무 사랑하는거 아시죠?? 저희한테 사랑과 에너지 듬뿍 받으시고 오래오래 보아요❤️❤️",29개
66,songhtll,"언니 힘들고 마음 고생 하느라 수고 많았어요ㅠㅠ💗💓✨ 무엇이든 항상 긍정적으로 생각했으면 좋겠어요~ 다 지나갈 일들이라 괜찮을거에요,, 평생 응원해줄게요💜💜",8개
67,소영,"언니들 너무 좋아했어서 그런건지 뭔지 .. 진짜 처음부터 계속 울었다 정말 ㅠ 관련 기사 봤었지만 언니얘기가 아니었기에 그냥 안일하게 생각했었는데 ... ㅠ 내가 너무 눈치없는 바보멍청이었구나 싶네요 ㅠㅠ 응원메세지, 응원 댓글 한번 남겨주는게 뭐 그렇게 어려운 일이라고 ! 눈치도 없는 나 반성합니다 ㅠㅠ 그리고 제발 아무 잘못없는 사람 건들지맙시다 악플러들 !!! 언니 이번 일을 계기로 더 강인한 사람이 됐음 좋겠어요 그리고 항상 언니를 믿고 기다려주는 사람들이 있다는거 아시죠? 항상 화이팅하세여 !!! + 즈하언니 먹방도 보고싶어요 ...",31개
68,jiwon,안녕하세요! 2년전부터 구독하고 꾸준히 올라오는 영상을 보고 있는 로즈마리입니다🌹 그동안 영상을 보면서 댓글을 한 번도 남긴 적이 없었는데 오랜만에 장미언니를 볼 수 있어서 기쁜 마음에 남겼어요🙈💕 항상 장미언니 영상보면서 정말 많이 힐링하고 대리만족하면서 정말 재미있게 봤어요! 항상 조곤조곤하게 이야기하는 것도 정말 좋아요ㅎㅎ 그냥 언니가 정말 좋아요ㅠㅠㅠ💖 언니가 겪고 느꼈을 힘듦을 전부 이해할 수는 없지만 그동안 정말 고생많으셨어요... 앞으로는 나쁜 일보다 좋은 일이 더 많을거예요! 로즈마리로써 언니가 하는 모든 일을 항상 응원할게요 🥰,35개
69,달곰,"원래 10번 좋은 말을 들어도, 한번의 나쁜말에 무너지는게 사람인걸요! 즈하님이 약한게 아니에용💪",6개
70,melodyK,힘들어 했었던 흑적들이 아직 묻어나는거 같아서 안타깝기도 하고 다시 영상으로 만나서 기뻐요🍒,22개
71,구마,16:59 속눈썹이 왜 이렇게 이뻐요..... 아니 이건 너무하잖아... 인형 눈썹이네요,1개
72,StartofgraceK,"썸넬 너무 이뻐서 홀린듯이 들어와서 처음부터 끝까지 다봤어요ㅠㅠㅠ세젤예,,, ❤ㅠㅠㅠㅠㅠㅠ응원할게요 로즈하님💕꽃길만 걸으세요❣❣",1개
73,rien,1분 1초 눈물 흘리면서 봤어요.. 넘 좋아서ㅠㅠ 언니 쉬고 있을때 저는 유투브 권태기 왔는데 그건 로즈하 영상을 보지 못했기 때문이다 라고 할 수 있는.. 영상 첨에 말할때 막 그런 감정들이 느껴져서 갑자기 맴이 아프다가 중간중간 물먹는 타임에 귀여워서 빵터진ㅋㅋㅋㅋㅋㅋ 새 제품들 영업당하고 가요!!!!! 앞으로도 영상들 기대할게요!! 패션 영상 너무 좋아요 오늘 입은 옷도!!! 목소리까지 너무 좋아요!!!!,32개
74,윤채민,"즈하 언니! 다시 보게 되어서 정말 좋아요!
사실 다꾸 덕분에 언니를 처음 알게 되었는데 화장에는 관심이 없는 저인지라 구독을 고민하고 있었는데.. (패션컨텐츠는 정말 좋아해용!)오늘은 구독하고 가요!ㅎㅎ TMI )저도 어제부터 해리포터 덕후가 되기 위해 책을 읽기 시작했답니다🙌🏻 이 참에 언니에게 영향을 받아 화장을 입문?할 수도 있고 뭐..;언니가 댓글을 다 읽어보셨다고해서 거의 처음으로 댓글도 달아보고 주저리주저리 얘기 해봤습니다! 
즈하언니 사랑 뽀에버❤️🧡💛💚💙💜",4개
75,콩끼,"헐 우리 장미언니 왔네염 ㅠㅠㅠ 언니 사랑해 사랑혀어어어아아아 매일 행복만 해요 💕💖💘💝💞💓💗 언니 다꾸 영상보고 다꾸 뽐뿌가 와서 올해부터 드디어 다꾸 시작 했어요!!!!!! 언니가 알려준 대로 하니깐 너무 재밌구 술술 잘 되더라고요! 매일 다이어리 쓰다가 안쓰고그랬는데 언니가 매일 쓰려고 하지말고 쓰고싶은 이야기 쓰면서 즐겁가 하라고 한 말 듣고 진쩌 너무나 즐겁게 매일 쓰고있어요ㅠㅠ 덕분에 제가 좋아하는 취미, 스트레스 푸는 방법을 찾은거같아요 고마워요 너무너무 기다렸어요ㅠㅠ 언니 영상이 더 보고싶고 그리웠는데 이렇게 보니깐 너무 행복해요 우런니 와줘서 고마워요 ~~~~~! 🥰😘",1개
76,박근령,"헐 좋아하는 유튜버중에 한분이셨는데 영상을 오래못본것같아서 어제 영상 몇개 재탕하고 인스타도 들어가봤었는데 담날 올라오다니,, 놀랐어여,,, 로즈하 짱짱!!!!!❤️",8개
77,정연서,언니 사랑해요ㅠㅠㅠㅠㅠㅠ,2개
78,재은,"약간 오늘 메이크업
슈화+슬기+아이린 같아요ㅎㅎ
그리고 언니 내가 제일좋아하는 유튜번줄 알죠? 오늘 처음 댓글올려보는데
너무 인간관계에 힘들어 하지 않았으면 해요ㅠㅠ엉엉  뭐... 제가 할말은 아니지만...ㅋㅋ
힘내시고 패션영상 많이 올려주시면 좋겠어요ㅎ❤❤❤",36개
79,라온제나,붓팬 라이너ㅋㅋㅋ 어? 이건 잘 나오네!! 어? 이건 안 나오네?? 이거 왜이렇게 귀엽죠ㅠㅠ 이렇게 오늘 또 장미언니한테 987654321번째 치이고 갑니다ㅜㅠ,3개
80,쿄쿅,언니ㅠㅠㅜㅜㅠㅠㅠㅠㅠㅜㅠㅠㅠㅠㅠㅠ 감사합니당 ㅠㅠㅜㅠㅠㅠㅠㅠㅠㅠ,2개
81,현의지,La브이로그 궁금하다궁금해. . .ㅜㅜㅜ,3개
82,Yoonseo윤서,언니❤️마니 힘들었던 것 다 이해 할 순 없지만 언제나 응원하고!💖 앞으론 절대로 힘들지 않기!!🍭항상 로즈마리들이 응원하고 있다는거 알죠?💋계속계속 화이팅 해요 !우리❤️,165개
83,반반,"전 이런 영상이 더 좋아요,, 실수를 해야 뭐랄까 더 애착이 가잖아요 모든지 사람들은 실수 할수있어요 두려워하지말고 술술 내뱉으면서 겟레디윗미 찍어줬으면 좋겠어요 오히려 전 이런 영상이 좋은걸요,,",4개
84,SOY,즈하 언니 나중에 도서 추천 영상도 찍어주세요-!! 📚 언니는 뭔가 문학소녀 같은 느낌도 있어서 더 좋아요 ㅎㅎ 언니가 추천한 책들은 다 읽어보고싶어요😆,8개
85,처돌이,언니 추웠다는 말에 마음 찢어진다 찢어져ㅠㅠ매일 밝은 모습만 봤는데..요즘 방학이라 영상 정주행하고있는데 이걸 이제보다니ㅠㅠ진짜 뭔가 언니보다 나이가 어리지만 진짜 인생엔 뭔가 나쁜일은 한꺼번에오고 좋은일은 조금씩오고 진짜 속상하게 계획도 이상하게되고ㅠㅠㅠ언니 지금은 괜찮으시다니까 다행이에요 인간관계는 진짜 쉽게쉽게 무너지는것같아요..카드집같달까ㅠ언니 진짜진짜 괜찮으시다니까 다행이에요 언니 그리고 영상 올려주셔서 감사해요ㅠㅠ 언니 악플러들있으면 말씀하세요 오함마로 조져버리게ㅠㅠㅠ,2개
86,ku8,ㅠㅠ 영상 보면서 너무 걱정 됬어용... 아프셨어서 마르신 건지 너무 기운이 없어 보이셔서 걱정했습니다 ㅠㅠ 맛있는 거 많이 드시구 아프지 마셔요😢😢,1개
87,,언니 ㅠㅠㅠㅠ,2개
88,GRACELEE,"장미언니 영상 올려줘서 고마워요. 
항상 행복해줘❤️ 응원할께요❤️",5개
89,HyunSi,로즈하님 개인적으로 로즈하님 영상중 브이로그도 너무 잘봤어서  브이로그도 쪼금씩 올려주시면 감사하겠습니다아~.♡,4개
90,하리보,진짜 진짜 보고싶었어요ㅜㅠㅠㅠ로즈하 언니ㅜㅠㅠㅠㅠ,4개
91,깡다,하...진짜 속상해ㅠㅠㅠ울언니 힘들게 하지마ㅠㅠ 울언니 아프고 힘들게 하는 것들 다 디진다 진짜ㅠㅠㅠㅠ,2개
92,eun은,섀도우 색감 너무 예뻐용 여윽시 우리 언니 메이크업 꿀팁들 많이 알아가용💕,2개
93,NYEO,존버 성공.. 후,2개
94,AngKyo앵교,ㅠㅠㅠㅠㅠㅠㅠㅠ사랑해여 보고싶었어요❤️,3개
95,은비,언니 표정에서 말하기 힘든게 보여서 맘 아프네요..😢 아직 휴식이 더 필요한데 두달 넘게 비운게 신경쓰여서 그런거라면 눈치 보지마시구 더 쉬다 오시면 좋겠어요 힘들었을텐데 이렇게 말해주시고 얼른 와주셔서 감사해요♥️,72개
96,유하,"쌍꺼풀 연장 15:24
밑뒤트임 15:40
페이크 래스 15:50
언니ㅠㅜ 눈확장 메이크업 영상 찍어주세요오💖💖",1개
97,CierraChoi,언니... 2달간 언니 영상 정주행하면서 기다려써.... 나 칭찬해조..... 언니 뽀시래기때부터 지금까지 안예쁜 영상이 없어써...아주 칭찬해...,2개
98,뻐영s,진짜 개이뻐...😍,2개
99,Alex56,Long time no see 😭❣️,36개
100,ice빵빠레,"언니 해리포터 얘기할때
텐션 젤 높아 귀여워

으으으ㅜㅜ 공주님 기다렸어요오ㅜㅜ",119개
101,xhjsbje,"진짜 깨~~끗하고 맑게 생기셔서 부러워요
목소리도 이쁘시고^^ 언제나 힘내세요",3개
102,박하빈,괜찮아요 그냥 다 괜찮아요 사랑해요 우리 로즈말이들이! 스트레스 받지 않길 바라요! 인간관계에 너무 상처받지 말길.,2개
103,햄스터,언니 영상 보다보니까 목소리에 힘듬 ? 분위기에서 ? 그런게 느껴져서 너무 속상해요 ㅠㅠ 나는 언제까지나 언니 믿고 응원하니까 항상 행복해요 ! 부탁 아니고 의무 아니고 염원 ? 정도로 하죠 ㅎ̆̈ㅎ̆̈ 내가 좋아하는 사람이 되줘서 너무 너무 고마워요 ❤️,2개
104,EllaMukti,Hello...  ♥,1개
105,유하이,"LA브이로꾸 🙏🏻💓 올려주시면 사랑합니당 💖
 항상 언니에게 말했지만   언니는 충분히 빛나구 가치 있는 존재이고 누가 뭐라하든 로즈하 🌹 니까!! 다 무시해버려요 ㅎㅎ 물론 그게 힘들다는 건 알지만 .. 그래도 언니 자신을 믿고 자신감 뿜뿜 😊 하셨으면 좋겠어요 .. 인간관계든 일적으로 오는 스트레스든 잘 이겨내셨으면 좋겠어요!! 또 힘드시면 언제든 쉬다가 오셨음 좋겠어요!! 우리는 언니가 돌아올걸 믿으니까요!!  항상 존경하고 언니 싸랑합니당 🙆‍♀️💖💖♥️♥️",135개
106,나나,미쳐써ㅠㅠㅠㅠㅠㅠㅠㅠㅠㅠ,0개
107,김유지,유튜브 더보기란 읽고 마음이 진짜 너무 아팠어요ㅠㅠㅠ혼자 끙끙 앓았을것같아여ㅠㅠ즈하님 응원하고 좋아하는 마리들이 훨씬 많으니까💕저희는 계속 응원할게요❤️저희 마리들이랑 20년도 잘보내요 언니😭😘,18개
108,아현,진짜 너무 이쁘다 ㅁ너무너무너무너무너무너무.....,1개
109,수영,언니 저 잘몰랐는데요 저 언니 엄청 좋아하나봐요ㅠㅠㅠ영상이 올라오니 기분이 좋아지고 안심이 돼요!! 그리고 언니가 항상 행복했으면 좋겠어요!!,1개
110,이남재,힘들지마요ㅠㅜ,1개
111,힘을내자,언니 ㅠㅠㅜ진짜 언니 영상올라오자마자 바로 들어왔어요 ㅠㅠㅜ언니 없는 빈자리가 저한테 이렇게 크게 느껴질 줄 몰랐는데 ㅠㅜ지금 정말 기분 좋아요 ㅠㅠ!품위있는그녀도 잘 모르는 분들이 많은데 정말 재밌었죠 김희선 외모에 반하고 김선아 연기에 매료되고 ㅠㅠㅜ🧚🏻정말 언니 너무 반가워요 🥴🥰,1개
112,뿌야,"ㅜㅠㅜㅠ 언니 진짜...너무 보고싶었다구요..엉엉 그래도 언니가 잘 쉬고오셨다니 다행이에오♡ 언니가 회성수설해도 그것마져도 너무..사랑스럽다구요!!
언니 항상 응원해요 화이팅😗😙🌹🌹",1개
113,김예원,"공주님 돌아오셨군요,,,",2개
114,노래방에서,담엔 완죠니 서양느낌 뽝 나는 메이쿠업두 꼭 한번만 해주세영 아이라익도 뽝그리고 쉐딩 겁나하고 누드립 도톰하게 그려서 머리도 좀 자유롭게하구 힙하게 입는 언니 보구싶당,17개
115,백현아제발,언니 영상 보고 너무 기쁘기도 했는데 한편으로는 2달밖에 쉬지 못하고 로즈마리들을 위해 이렇게 돌아와준게 너무 속상하기도 해요... 앞으로는 행복한 일들만 있기를 바래요! 혹시 속상한 일이 생기게 된다면  언니가 괜찮아 질때까지 쉬고 오세요! 로즈마리들은 항상 기다리고 있답니다~ 항상 응원할게요 화이팅!❤,16개
116,김승은,책 추천 영상 찍어주세여ㅜㅜㅜㅠ,1개
117,아도ADO,2:20 우리 공주님 웃는 얼마 만이야 ㅠㅠㅠ😭😭😭,0개
118,BARBIE,끄악 언니 사랑해여ㅜㅜㅜㅜㅜ로즈하 언니가 힘들 때도 항상 응원해드리고 위로해드리는 로즈마리가 될게요~!!힘내시고 2020년에 즐겁게 보내세용,0개
119,블링크,언니 돌아왔군요ㅠㅠ 사랑해요♥️😭,1개
120,AnnaLee,언니ㅠㅠㅠㅠ 진짜 오랜만이예요ㅠㅠㅠㅠ 매일 2달동안 언니 알람 뜨기를 기다렸는데...오늘 기적처럼 알람이 떴었더라구요ㅠㅠㅠㅠㅠ 언니 마음아프지 마요ㅠㅠㅠㅠ 저두 아프잖아요ㅠㅠㅠㅠ 오늘도 영상 레존예ㅠㅠㅠ 사랑해요!,1개
121,조소정,언니 뭔가 오늘 목소리가 운거같은 잠긴 목소리네요ㅜㅜ언니도 사람이니까 힘들땐 쉬고 와요 로즈말이들은 언제나와같이 기다리고 있을게요 언니가 덜 힘들게 영상 찍는게 제일 중요해요 오래가요 로즈하🌹로즈말이,2개
122,JIJI,"언니 진짜 영상 많이 기다렸어요 ㅠㅠ
진짜 언니가 유일하게 영상 스킵안하구 끝까지 다보는 유튜버에요
다시 돌아와줘서 고마워요 ㅜㅜ",2개
123,뱉어1000만가자,언니 진짜 힘든데도 영상 올려줘서 너무너무 고마워요ㅠㅠ언제든 저희가 뒤에서 응원하고 있을 테니깐 힘 내세요😻😻,2개
124,유루우디,영상 넘 보고싶었어요ㅠㅠ 소중한 사람은 예쁜 말만 보기 !!,1개
125,원서,언니 길게말 안할게요 진짜 보고싶었어요ㅠㅠㅠ 언니들을 욕하는(?)사람들보다 언닐더 돟아하시는 로즈마리가 더많다는걸 알아주세요!!,2개
126,릴리봄,즈하언니 다시 돌아와줘서 너무 고마워요 ㅠㅠ 진짜 언니 너무 보고싶었어요😭❤❤ 상처받았던것들 훌훌털어 내고 옆에 있는 소중한 사람들이랑 로즈마리들의 사랑을 듬뿍 받아가세요🥰 언니 진짜 다시 와줘서 너무 고맙구 언니 좋아하고 사랑하는 사람들 많으니까 기죽지마세요❗❗,2개
127,이지원,"언니 나약한 모습 보여도 괜찮아요ㅠㅠㄱ더보기란 읽어보니까 혼자서 속상해하셨을 즈하님 보니까 괜히 저까지 속상해지네요 따흑💧💧뭔가 살도 더 빠지신 것 같구..그치만 미모는 여전히 대유잼입니다..넘예뻐..내 인생 처음으로 구독한 뷰티유튜버 답다구요,, 🌹쉬고싶을 때 쉬어도 괜찮아요ㅠㅠㅠ영상 올리는게 힘드시다면 한 달에 한 번만 올려주셔도 저는 왁왁 주접 다 떨면서 볼거에요ㅠㅠㅠ❤️😭😭영상 올려주셔서 너무너무 감사해요❣️늦었지만 새해 복 많이 받으시구 앞으로의 2020년 행복한 일만 있길 기도할게요!! 꽃길만 걷자 로❤️즈💚하💜",1개
128,삥꾸,언니 기다렸어요̆̈ㅜㅜㅜㅠㅠ 어서와요̆̈ ㅜㅜ,2개
129,HY뿜,"ㅠㅠ언니ㅠㅠ 저는 언니의 다꾸영상을 자주 즐겨보는 예비중인데요, 언니ㅠㅠㅠ 스트레스 받지 마시구 그런 악플다는 애들은 무시해버리세요ㅠㅠ 진짜 악플다는애들은 인간두 아니다ㅠㅠ 언니 화이팅!!",2개
130,떠억뽀끼,아이구ㅠㅠㅠ 영상만 봐도 글만봐도 얼마나 힘들었을지 느껴져요ㅠㅠㅠㅠ 아직도 조금 힘들어보이는데 너무 무리하지 않아도되여ㅠㅠ 힘내라는 말이 도움이 될까 의문이지만 힘내세여ㅠㅠ,0개
131,다현,언니 진짜루 너무 기다렸어요 ㅠㅠㅠㅠㅠ❤️❤️,0개
132,승은,울 공주님ㅠㅠㅠㅠㅠ 언제나 건강 챙겨가며 무리하지 않는게 제일인거 알죠?! 오늘도 넘 예쁜 영상 고마워요♥,0개
133,뿡빵뿡빵,아 언니ㅠㅠㅠㅠㅠ 혼자서 파우더에 스티커 쪼물쪼물 붙이는거 생각하니까 너무 귀여워요 언니ㅠㅠㅠㅠ 오랜만에 언니영상 봐서 자기전에 너무 행복했어요💖💖,1개
134,사랑해혁,화장품 콜라보 준비한거 때문에 힘드신가봐요ㅠ.ㅠ,2개
135,BB,"로즈하님 진짜 진심으로 기다렸어요 ㅠㅠ 매일매일 새로고침하고 언제 소식 올라오나 기다리고 ㅠㅠㅠㅠ 이렇게나 많은 로즈마리들이 기다렸습니다아! 진짜 댓글 남기는 거 처음인데, 그만큼 공백기간동안 너무 보고싶엇던 거같아요!",2개
136,예은,"언니 진짜 제 최애 유튜버 였는데ㅜㅜㅜ
갑자기 영상 안올라와서 얼마나 기다렸다구요😭 기다리는동안 전에 영상도 보고 다꾸도 하고 다시 돌아와줘서 넘 좋아요🥰",0개
137,호박고구마,아 ㅠㅠ 진짜 너무 이뻐요 ㅠㅠ,0개
138,dodo,이 영상으로 참 여리고 따뜻한 사람이란걸 다시 느끼고 가요...💕,3개
139,이현수,에고...얼굴이 반쪽이되셨어여ㅠㅠㅠ흑흑,63개
