﻿,youtube_id,comment,like_num
0,로즈하ROSEHA,"안녕하세요 여러분,,🖤
오늘은 해리포터 특집 다꾸입니당ㅎㅎ
(다음 특집은 디즈니로 해볼까요?🤭💕)
더보기란에 제가 인화해서 사용한 그림이나 사진자료들을 다운로드 받을 수 있게끔 제 블로그
링크를 첨부해놨어요! 들어가셔서 파일 다운
받으시면, 제가 포토샵으로 만들어놓은 자료들
인화해서 쓰실 수 있답니당 :)
그럼 다음 영상에서 또 만나요!!👋🏻 빠잉👋🏻",802개
1,옆으로뚐만가볼랩,공룡은 팔이 짧아 로즈하의 매력에 박수를 치지 못해 멸종 되었다.,370개
2,안신우,로즈하 언니는 그냥 다이어리를 꾸미기만 하는게아니라 앞에 다이어리도 잠시 소개해주시고 다른것 들까지 재미있게 이야기해주셔서 너무 좋아용 ㅠ 다이어리는 로즈하언니 영상밖에 못봐요 ㅋㅋ 물런 다른영상들도 다 보구용 ㅎㅎ,273개
3,JJ,퀄리티 무슨일이야ㅠ 덕후의 퀄은 엄청나다,108개
4,다재다능한하루,아니 다이어리 소개하는게 이렇게 재밌을 줄이야.. 잔잔한 콘텐츠도 즈하님이 하시면 재밌어지는 매직 ㅠㅠ 진짜 최고라구용.. 어떻게 저렇게 이쁘게 꾸미실수 있는거지.. 개인적으로 해리포터 좋아하지만 덕후 수준은 아닌데 엽서랑 스티커들 구매욕구 상승하게 하는 영상이라구요 ㅠㅠ 나도 저렇게 꾸미고 싶지만 그럴수 없음에.. ㅋ̆̈ㅋ̆̎ㅋ꙼̈ㅋ̌̈ㅋ̐̈,91개
5,박지현,장미언니 저는 언니 영상을 오래전부터 꾸준히 본 말이동생인데요..🙊💖 언니와 같은 머글아닌 해덕으로써ㅋㅋ 진짜 이번 영상 너무 좋아요ㅠㅠ 사랑합니다 로즈미온느👩‍🦰🧡 목소리 너무 좋구 나긋나긋하시고 앞으로 우리 꾸준히 바요 장미언니..!! PS. 그렇게 예쁜 얼굴로 살면 무슨 기분인가요.. 궁금해오..               -말이동생 올림💖,126개
6,이윤아,로즈마리를 위해 수익을 포기하다니 .. 장미언니는 빛 ...✨,77개
7,라꾸라꾸,15:22 로즈하 언니에 찰진 오우 쒯 ㅋㅋㅋㅋㅋㅋㅋㅋㅋㅋㅋㅋㅋㅋㅋㅋㅋㅋㅋㅋㅋㅋㅋㅋㅋㅋㅋㅋ아 너무 귀여워ㅠㅠㅋㅋㅋㅋㅋㅋㅋㅋㅋㅋㅋㅋㅋㅋㅋㅋㅋㅋㅋㅋㅋㅋㅋㅋㅋㅋㅋㅋㅋㅋㅋㅋㅋㅋㅋ,13개
8,알수없음,"로즈하 그녀는
동물도 아니야,
식물도 아니야,


할렐루야,,❤️",14개
9,현지,"다음 특집은 언니가 가장 좋아하시는 디즈니
최애 101마리 달마시안 다꾸는 어떨까요?(저
도 최애라서🙊)저도 크루엘라 너무 좋아하
는데 다른 디즈니 오리지널  작품들에 비해 
유명하지 않은 편이라 너무 아쉬워요😭😭
😷 언니 코로나 조심하시고 몸 관리 잘하세요❕ 😷",27개
10,손승연,와 정말 저도 로즈하님 덕에 해리포터 입덕했습니다. ❤️❤️❤️,77개
11,원예지,진짜 꾸미시는 거 칭찬하는건 입이 아프고 글씨체가 진짜진짜...미치심...,16개
12,안보현밖에안보현,근데 장미언니 영상은 정말... 순삭이예여;; 분명 처음에는 헐 10분이나 되넹... 하면서 보는데 정신차려보면 이미 다봄...ㅠㅠ 너무 재밋어용 다꾸 영상 자주 올려주세요!! 😊😊,55개
13,은채원,안녕하세요 로즈하님 예전부터 조근조근하고 다정한 목소리에 반했는데 이번 영상은 역대급으로 좋은 것 같습니다  파워금손에다가 제가 정말루 사랑하는 해리포터 다꾸라뇨ㅠㅠㅠㅠ  !! 사실 이런 댓글은 처음 남겨보는데 유튜브채널 영상 중 통 틀어서 로즈하님만의 그 특유의 분위기와 목소리와 컨텐츠는 아무도 못따라가는 것 같습니다  (비주얼도 ..ㅎㅎ)  그리고 매번 영상을 볼때마다 느끼는거지만 사소한것까지 정보를 다주시고 뭔가 구독자들을 생각하는 마음이 잘 느껴지는 것 같아 매번 감동입니다 로즈하님!! 될 수 있다면 평생 보고싶숨니다 !! 내 동년배들 다 로즈하님 본다!!!!  건강하세요 ㅠㅠ 흑흑 언니 너무 예뻐..,43개
14,나난현아,와.. 언니 진짜 작작해요.. 진짜 영상 퀄리티 저 세상이잖아요... 와 마쳤나봐 나 소름끼쳐.. 와..... 진짜 처음부터 미쳤다,21개
15,맹구야,"잘봤어요 로즈하님>_<
영상보는 내내 배경으로 깔아주신 해리포터 bgm에 마음이 괜히 두근두근하고 설레면서 봤어요ㅠㅠ
저랑 같은 생각하셨어요
저도 해리포터시리즈와 같이 자란거랑 카캡체 카드캡터체리등등 투니x스 전성기에 같이 자란거 행운이라고 생각하던 사람이거둥요ㅠㅠ
또 소름인게 저도 제일 좋아하는 편이 아즈카반의 죄수였어요 제기억에 한동안 안나오다가 뉴스에 영국에서 먼저 영화개봉한다는 소식듣고 한국개봉일만 기다렸었던 그 설레던느낌이 기억나요
역시나 나왔을때 무섭고 신비로운 그 분위기와 역시 해리포터스러운 연출에 더욱더 팬이 되었었답니다
근데 아직 미흡한 초보덕후는 책을 읽다말았다죵ㅜㅜ근데 또 그게 더 좋은게 로즈하님이 책으로 읽는걸 되게 강추하시는거 보니까 처음읽을때 얼마나 재밌을지 기대엄청되요 
아ㅋㅋㅋㅋ너무 흥분해서 댓글이 너무 길었쥬 해리포터수다떨고 싶은데ㅠㅠㅠ 제 주변에는 원피스덕후 이런사람밖에 없어서 여기와서 난리난리폈네요ㅋㅋㅋㅋ로즈하님 오늘도 재밌는영상 항상 감사해유 힐링하고가욤♡♡♡",25개
16,waterbean이수빈,"언니...20주년 개정판으로 해리포터가 새로나오면서 책 번역자가 바뀌어서 지금부터 찍어져 나오는 책의 등장인물이름 다 바뀐거아냐요...ㅠㅠㅠ
시무스피니간은 셰이머스피니간으로, 먼던구스는 먼덩거스 이런식으로 거으ㅣ다....",11개
17,하나솜Hanasom,"덕질한지 이제 4개월 ? 정도된 학생이에요 ! 함께 자란 세대가 아니라서 너무 아쉽지만 그래도 신동사 시리즈를 기다리며 볼수있어 그거로 만족하고있어요 :) 즈하님 너무 부럽네요 😜💦 요즘 즈하님이 책을 보라고 하셔서 책도 읽고있구 즈하님 영상도 열심히 보고있어요 😸❤ 제 최애는 론이라서 귀엽다고 하신말에 백번 , 아니 천번 공감합니다 !!😍 현재는 신종 코로나 19 때문에 난리이니까 몸 조심 하시구 !!💙 언제 한번 된다면 안양에 머글카페 한번만 가보세요 !! 저는 언제한번 안양에 가보았는데 머글카페를 발견해서 달려갔는데 메뉴의 가격은 비싼편이지만 .. 메뉴가 막 위즐리 모카 이런거두 있어서 진짜 짱이예요 ㅠㅠ !💘 물론 공식카페는 아니지만 소소하게 가볼만 해요 !! 짱짱 추천드려요 😊 만약 만난다면 꼭 선물을 드리고싶네요 ㅠㅠ !!🍡💗
진짜 구독 1000만번은 해드리고싶은데 너무 슬프네요 ㅠㅠ😢💦즈하님 ! 이번 영상 다꾸 너무 잘봤구 저도 해봐야겠어요 !! 진짜 감사하구 사랑해요 !🍉😁

 - 즈하님을 보면서 열심히 덕질중인 새내기 덕후 올림 -",63개
18,윤소은,이 정성이며 열정이며 구독자를 재밌게 해주려는 노력등등 다 보여요ㅠㅠㅠ 언니 진짜 우리 오래 가쟈~ 언니 증말루 실물 보면 넘 좋아서 기절할 거 같단 말이에욬ㅋㅋㅋㅋㅋㅋ,10개
19,룰루랄라,진짜 최애 🤎해리포터🤎 컨텐츠 ... 그걸로 다꾸컨텐츠까지 합쳐서 해주시면 너무너무 감사합니다 ... 절받으세요 🙇🏻‍♀️ 항상 대리만족 빡세게 하고 갑니다 !!!!!!!!,39개
20,,진심 언니 굿즈만들어주면안대여..? 최애템구성굿즈라두여 .. 무조건 구매각인데 ..💕,43개
21,깜찍이,장미 언니🌹🌹... 항상 느끼는 거지만 언니 진짜 발음 완전 또박또박해요🙊 딕션 내 심장을 푹푹 찌르는 느낌이야....ㅠㅠ,5개
22,윤마리,"진짜 언니는 감각 센스 금손 삼박자 아주 미친듯이 조화로워서 조아요🥺 어쩜 저럴수가,, GIGA 막혀부려요 (그리구 깨알 책장 넘길때 뾰로롱💫✨ 효과 너무 귀여워용ㅎㅎ)저한테 똑같은 재료주면 전 💩으로 만들어버릴듯 다른것보다도 언니 인화사진이 젤 탐난다구요!!🤭🤭 오늘도 언니덕에 힐링 잘해땨영💜",31개
23,LILY,장미언니의 해리포터 시리즈 최애 캐릭터가 궁금합니다!!🌹,28개
24,미즈하비,"저의 최애 유튜바 로즈하님과 최애 컨텐츠 해리포터 조합은,,, 늘 옳습니다🧙🏼‍♀️🖤",22개
25,이유라,언니가 인트로 찍을려구 열심히 위치잡고 카메라 이동하구 이러는 모습 상상하면 웃음나와여😆 저 언니가 해리포터 책이랑 영화 추전해줄때마다 봐야지 봐야지 하면서 미루고 있었는데 마침 개학도 연기됐구 이참에 한번 봐볼려구요😊 진짜로 언니 영상 볼땐 아무생각이나 고민없이 언니한테만 집중할 수 있어서 너무 좋아요..고마워요❤,23개
26,장워뇨,"안녕하세요?전 로즈하님 애청자 로즈마리입니다😚 전 로즈하님 덕분에 다이어리 꾸미기로 취미로 찾은 초딩 6학년입니다😍 전 자기전에 항상 로즈하님 영상을 보면서 잔답니다❤❤ 그레서 로즈하님 덕분에 코로나19 때문에 너무 심심한데 다이어리로 시간을 항상 보내구 있어요😊 로즈하님의 일상 브이로그,메이크업 영상도 물론 되게 자주보지만, 전 로즈하님 다꾸영상을 50번 넘게보고 다꾸가 이렇게 재밌는거구나,, 해서 다꾸를 시작하게 되었는데요🤗로즈하님 덕분에  저의 취미를 다시 찾게 해주셔서 진심으로 감사합니다🤣😍 그래서  로즈하님 덕분에 다이어리 하나를 행복하게 완성하게 되었어요❤❤ 다꾸 너무 재밌더라구요🤣 전 다꾸재료가 많이 없고 안예쁜 인스밖에 없어서 다꾸를 많이 실패하곤하는데, 로즈하님 동생이었으면 예쁜 스티커로 다이어리 이쁘게 꾸미면 얼마나 좋을까? 라는 생각을 자주 한답니다🤗 (기분나쁘셨다면 정말로 죄송합니다 ㅠ) 전 그래서 원래 자주보는 유튜버라도 알림오면 무시하는데 로즈하님 알림뜨니까 바로 들어왔어요 ㅠ 전 로즈하님 다꾸영상 진짜 기다리고 있었는데 마침 올라와서 오늘도 해리포터 다꾸 잘보고 갑니다👍🤗❤ 진짜 다꾸 진짜 잘하시는겄같아요 ❤🤗 얼굴두 이쁘시고 완벽하신 로즈하님 부러워요🤗🤗 항상 코로나 조심하시구 건강하세요 ❤ 오늘두 좋아요 누르고 힐링 제대로 하면서 갑니다❤
 
로즈하님 사랑해요❤
영원한 로즈마리가 되어줄께요❤❤",27개
27,윤소연,로즈하님 혹시 다음 다꾸영상에 하이틴 여주st로 다꾸해주실 수 있나용?❤️💗❤️,4개
28,김예원,이게 얼마만에 다꾸영상인가ㅠㅠ 롬곡옾눞,3개
29,디어방탄,언니 영상은 꽁꽁 아껴서 밤에 봐야돼요 ㅠㅠㅠㅠ 언니 목소리는 뭔가 나긋나긋 예뻐서 밤에 정말 잘 어울려요 특히 이런 다꾸영상!!,6개
30,빈봉봉,"우와...... 해리포터 짱좋아하는뎅 왕 ❤❤❤해리포터 다꾸해주셔서감사해요
다음은 디즈니🌸",7개
31,이채민,아 진짜 저 글씨체 안예뻐서 다꾸는 쳐다보지도 않고 있는데 언니 다꾸 영상만 보면 자꾸 다꾸 의욕 샘솟아요... 이러면 또 다꾸 용품 사게 되는데ㅠㅜㅜㅠㅠ,5개
32,코코,마지막에 다꾸를 끝낸 만족감과 해방감ㅎㅎㅎㅎㅎㅎㅎ,3개
33,,으아 언니ㅠㅠㅠ영상 퀄리티를 위해서 수익 창출을 포기하셨다는거 보고 유튜브 너무 미워서 언니 영상 파파파파 보려구요❤️ 유튜브 양심 있으면 영상 중간에 광고 하나 안 넣어주는 즈하언니 근들지므르..ㅜㅜ사랄해요ㅠㅠ이번 영상에 아주 로즈하언니의 정성이 너무 잘 느껴져요ㅠ 해리포터 효과가 더해져서 더 영상이 뷰티폴해보이네요( 마치 언니처럼 ) 🥰🥰🥰 따랑해욤,4개
34,김나린,6:27 에 영화리뷰에 always / everywhere 써논거 너무 귀여워요ㅠㅠㅠㅠㅠㅠㅠ 저도 해리포터 정말 좋아하는데 힐링하고가요 ㅠㅠㅠㅠ,2개
35,예원투쓰리포뮤직,와ㅠㅠ 내 최애영화를 주제로 다꾸라니😭❤️,2개
36,허니데이HoneyDay,다꾸다꾸!!! 조곤조곤 말씀하시능 거 너무 좋아요ㅠㅠㅠ 듣고 있으면 그냥 힐링 ㅠㅠㅠ 옛날 영상 정주행 중입니당 ㅠㅠㅠ,3개
37,안되,"제가 젤 좋아하는 언니 다꾸 영상이라니ㅜㅜㅜㅜ 맨날 돌려봐서 이제 외울정도인데 드디어  올라왔다니ㅜㅜ
언니 특유의 영상 스타일과.. 언니의 목소리 얼마나 기다렸는데여ㅠㅠㅠ
진짜 언니만큼 다꾸 잘하는사람 아직 못봤습니다 헝헝렁 사랑해여ㅠㅠ루우",3개
38,한별빛,다음엔 디즈니 특집하면 진짜 너무 좋을거 같아요ㅜㅜ디츠니 덕후로써 진짜 너무 좋을거같아여,3개
39,주원,언니 다이어리 너무 잘꾸미세요 ㅠㅠㅠㅠ 진짜 오늘 영상 분위기도 짱 ㅠㅠㅠㅠㅠㅠㅠㅠ 오프닝 영화속으로 들어온줄 알았잖아요 😭😭 앞으로도 이런 영상 많이 올려주세요 오늘도 잘볼게요 ❤️❤️,3개
40,아이스아메리카노,10:06 다꾸하다가 갑자기 분위기 싸강ㅋㅋㅋㅋ  책 그냥 보여주는 게 아니라 지팡이로 글자 따라가는 거 넘 전문적이에요.!!!,0개
41,최지은,やっぱり可愛い❤️,1개
42,오늘도출근VLOG,"아,,,,, 역시 금손 즈하님❤ 👏🏻👏🏻👏🏻
편집마저도 분위기가 ,,, 😍😍😍",5개
43,임혜란,인스타그램에 봤던 것 같은데? 언니 코로나 바이러스 조심해욯ㅎ 그리고 사랑해요♡♡,24개
44,이수빈,윙가디움레비오우사~,4개
45,당연,하...진짜 언니 어카면 좋져?? 어떻게 이렇게 로즈마리들이 원하는영상을 바로 쏙쏙 뽑아서 영상주제로 만들어주시다녀ㅠㅠ🌹진짜 장미언니 다 해여🌹,2개
46,뇽아뇽아,어머어머엄 왠일이니 즈하 언니 인트로 부터 무슨 해리포터 원작 같어 아 존버 탄 의미있다 너무 뿌듯해 이제 이 영상 조회수 내가 책임진다,4개
47,말하는껌,"영상 보는내내 해리포터의 신비하고 아기자기함에 푹 빠져있던 느낌이에용✨
저는 해리포터1 비밀의방을 젤 좋아해요🥰
신입생 입학식날 차려진 군침나는 음식 가득 만찬상이 너무 좋아서 그거 볼려구 몇번이나 다시 본 것 같아요😆 어린 론위즐리 랍유❤️",2개
48,부탁입니다휴대폰보지말고공부하라고말해줘요,아 몰랑몰랑 해리포터도 좋고 다꾸도 좋아하는 사람은 미쵸.. 사랑해 언니🥳🥳🥳,9개
49,피넛,15:23 오우 쉣 부분 계속 돌려보고 있어요 ㅜㅜㅜ ㅋㅋㅋㅋㅋㅋㅋㅋㅋㅋㅋㅋㅋㅋㅋㅋㅋㅋㅋㅋㅋㅋㅋㅋㅋㅋㅋㅋㅋㅋㅋㅋㅋㅋㅋㅋㅋㅋㅋㅋㅋㅋㅋㅋㅋㅋㅋㅋㅋㅋㅋㅋㅋㅋ아ㅏㅏ 너무 웃겨요 언니 ㅋㅋㅋㅋㅋㅋㅋㅋㅋㅋ💗💗💗,1개
50,후르쯔테일FRUITTAIL,끄아아ㅏㅏㅏ.ㅠ.ㅠ 드뎌 너무 오래만에 다꾸 영상이..ㅠㅠ 너무너무 기다렷어요!!! 분위기도 완전 해리포터.ㅠ.ㅠ 진짜 금손을 넘어선 다이아손.ㅠ.ㅠ😍😍🙈💎,2개
51,백현MGRG,즈하 언니 영상퀄땜에 수익장출을 포기 하셨다뇨ㅠㅠ 진짜 찐 유튜버시다,3개
52,권병현,"헉 언니 저 지난번에 해리포터 다꾸 영상 신청한 로즈말이랍니다ㅜㅜ 제 댓글 보셨는지는 모르겠지만, 너무 기쁘네요ㅠ",3개
53,윤채민,"언니 다꾸영상 기다리고 있었는데...심지어 컨셉이 해리포터...(할말잃음)
진짜 감탄만 하다가 영상이 끝나버렸어여..! 다음 영상에서 봐요🙌🏻😄",2개
54,현서,언니 진짜 사랑해요ㅜㅜ 언니 다이어리 영상만 보면 자동 힐링..❤️,2개
55,은영잉,16:23 듣는 사람까지 행복해지는 언니의 찐텐 소뤼 ~~~ 🥰 드디어 기다리던 다꾸 영상 🖤디즈니 덕후는 디즈니 다꾸도 간절히 원합니다 !!! 🌈 똥손 💩이라 금손 언니 따라잡기 하늘의 별따기 .. 이지만 대리만족의 행복감도 말도 못하게 좋크든여 ㅠㅠㅠ😳👍🏻,3개
56,슈가해,"6:17
언니가 더요🍭❤",6개
57,수경,"해리포터 다꾸라니이ㅜㅜㅜㅜㅜㅜㅜ 저는 언니 다꾸영ㅇ상 너무 힐링되고 재밌고 좋아요ㅠㅠ! 나도 다음에 저렇게 해봐야지! 하면서 정보도 얻구요! 그런데 요즘 제가 다시 해리포터 정주행하는거 어뜨케 아시구😏 이렇게 타이밍딱맞춰서 영상올려주시다니 ㅎㅎㅎ 감사해요 ㅎㅎㅎ 😊😍😍 아글구, 언니 그거 알아요?? 제가 해리포터 덕후가 된 것두, 다꾸에 흥미가 생긴것도 다아ㅏ 언니 덕분이란거😭🌟💕 언니 영상덕분에 행복해지는 취미가 2개나 생겨서 너엄 좋아요🥰 앞으로도 응원합니다🥳🍒💕💕",1개
58,이지훈내가너무사랑해,하...다꾸 영상도 너무 좋은데 자료까지 쓸 수 있게 해주시다니... 장미 언니 그저 빛♥️♥️ 이것도 오백만번 돌려봐야겠어용ㅇ,2개
59,도예2학년15번이에스더,와 퀄리티.....ㅎㄷㄷ 난 안 좋아하지만 내동생이 좋아하던데 왜 좋아하는지 알것도 같고....,1개
60,연비,대박대박 영상 계속 이렇게 고퀄로 만들어주세요,3개
61,너무이쁜똘빡,저 댓글 잘 안적는데 정말 대박이예요..... 해리포터 진짜 좋아하는데 ㄴ너무 제 꿈 로망이예요.. 완전 멋지고 부럽습니다ㅠ👍,2개
62,이은서,진짜 오늘 영상 분위기 취저ㅠㅠ,3개
63,리리,진짜 장미 언니 영상은 한번 정주행 하면 아침에 해뜰때 까지 봄 ㅠ 오늘도 정주행 각,1개
64,호그와트마법부,아 진짜 즈하님 해리포터 영상 볼 때마다 해덕력 점점 상승해서 책 한번더 읽고 싶게 만드시네요 ㅠㅠㅠㅠㅠ,1개
65,VENDARA,"지은언니 제가 제일 사랑합니다 ,, 🙊🙊❤❤❤언닌 진짜 저에게 너무 소중한 존재이자 빛이에요 우주만큼 아니 선사시대만큼 그냥 더더더떠더ㅓ떠ㅓ 많이 사랑하고 오늘 영상도 잘 보고가요 언니 진짜 사랑해요 😽😽😽😽💗💗💗💗💗💗💗💗💗💗💗❤❤❤❤❤❤❤❤❤❤❤❤❤❤❤❤❤",1개
66,보람,"여윽시ㅠㅠㅠ우리 장미언니 편집 내 서타일이야😭😭
우런니 사랑해❤❤❤❤❤❤❤❤ 완벽해ㅠㅠㅠ",1개
67,이혜인,"뜨아아아ㅏ 언니이이ㅣㅠㅠ💕💕미치것다ㅠㅠ😍😍💕
해리포터 컨셉이라니!!😭🥳👍 아껴봐야즤~~😍🌹",2개
68,리스옐,"즈하언니..🌹 이번 영상 주제부터가 해리포터 다꾸라 그런지 분위기도 너무 신비롭고 몽글몽글입미다,, 딱 해리포터 분위기..
심지어 언니 목소리로 2배더 좋아지는것같아요..
진짜 최고 😭🤍",2개
69,틱톡닉네임태리니,음...이언니 해리포터 많이 봤나보군......,1개
70,부산하랑,"빈티지라고 하지 뭐... 이 말이 이렇게 이쁜 말이었나요,,, 너무 천사아닌가요,,,ㅠㅠㅠㅠ💗💓",2개
71,유리,"와 미쳤다...... 언니 처럼 다꾸하다가 영 퀄리티가 안나와서 그냥 보는 재미만 느껴야겠어요!
근데 정말 왤케 사람이 사랑스러운지ㅠㅠ",1개
72,cakestrawberry,可愛い❣️憧れます😍😍,1개
73,Youtube구름캔디,"해덕은 웁미당 ,,,크으ㅡ ㅜㅜㅜㅜㅜㅠㅜ❤❤ 제가 젤 조아하는 다요리와 해리포터의 조합이라뇨 ,,♡ 영상잘볼게용 ! ㅠㅠ 이쁜 영상감사해요!",1개
74,US,"헐 언니 완죤 대박이에여!
저 막 초딩때 해리포터 보고, 마법 놀이했었는데..주문 외우면서;;
그때 생각난다ㅋㅋ
언니도 혹시 어릴때 해리포터 놀이(?) 해써여...?",2개
75,랄로의딸,"와 진짜 대박이다  나는 절대 무리,, 감각이 진짜 넘 조아여",1개
76,핑퐁,저도 언니따라서 다꾸시작한지 꽤 된 로즈마리예여!!항상 다꾸하면서 언니가 해리포터 컨셉으로 다꾸하시는 영상 올려주섰으면 좋겠다 했는데ㅠㅠㅠ 언니 진짜 센스 만점❤❤,2개
77,suzinlee,오마이갓.....나너무좋아.....이언니 찐이야ㅠㅠ진짜 자기가 좋아하는거 저렇게 잘꾸미면 얼마나 짜릿할까......대리만족하구가요언니😍,1개
78,가나다,언니ㅜㅜㅜ 저 언니가 해리포터 책이 짱이라고 해서 읽었다가 광명찾았어요... 진짜 저는 왜 지금까지 영화만 봤는지ㅜㅜㅜㅜ 언니 제 은인이세요♥ 다꾸 넘 이뻐요ㅜㅜㅜ😍,0개
79,TaeinLee,진짜 금손.. 언니 다꾸천재 유전자를 가진게 틀림없어ㅠㅠ 혹시 스터디플래너 꾸미기 (텐미닛) 해주실 수 있으면 넘 좋을 거 같아요♡♡,0개
80,육서연,헐 알람 뜨자마자 온 거 처음이에요ㅠㅜㅠㅠ 타이밍 짱ㅠㅜ 다꾸 영상하면 또 우리 금손 즈하님 아니겠습니까..... 오늘은 이 영상이다❤️❤️ 너무 좋아요,1개
81,황서현,"울언늬.. 진짜 세상 제일가는 금손아니냐구ㅠㅠㅜㅜ 다꾸는 말할것도 없고 가위질은 또 오ㅑㄹ케 잘해요..? 정말 내워너비야 당신,,😂😂 언니 사진들 나눔해줘요,,",0개
82,예슬,영상 시작부터 분위기 미쳤다ㅠㅠㅠㅜㅜㅜ,1개
83,베르가못,해리포터 덕후이자 로즈하 덕후인 저는 이 영상이 너무 행복합니다💕💕❤️❤️😍😍😍😍😍😍💕💕❤️❤️,1개
84,로즈말이Rose,"언니 저 언니 덕분에 해리포터 입덕했어요ㅠㅠㅠㅠ😍
진짜 다이어리 꾸미기도 오늘 아침에도 봤고요 떠안지 영상이 올라오라는 하고 있었는데 
다꾸영상 보다가 알림 뜨니까 완전 달려왔어요ㅠㅠㅠㅠ😘😘😘
언니 진짜 사룽해요😍😍",1개
85,죠닌,진짜 엄청난 해덕 로즈말이는 너무 조아서 웁니다😂😍 다이어리도 정말 예쁘구 언니의 다꾸도 대박이구 그냥 모든게 다 레전드❤️ 저도 최애가 시리우스라 그런지 아즈카반의 죄수를 제일 좋아해요!! 해리포터 관련 영상 자주자주 올려쥬세요🤩❣️ 사랑해용 즈하 언니이이잉🥰,1개
86,황서현,헉 ㅜㅜ언니 가끔씩 블로그도 올려주면 전말 사랑합니다ㅠㅜㅜ😂😂💋💋,1개
87,유복일,하.. 언니 너무 심장아파요ㅠㅠ 목소리 어쩜 이렇게 좋아 ❣️ 저도 해리포터 덕후인데 이렇게 유용한 영상이라니 ㅠㅠㅠㅠㅠ 언니 사랑해요❤️❤️,1개
88,한솔,"와 이번 다꾸 진짜 레전드인거 같아요ㅠㅠ💖 정말 여러 유튜버들 중에서 로즈하님이 영상 올라올때마다 가장 기대하는 유튜버,,❤️ 스킵 하나도 안하고 너무 재밌게 봤습니다🥰 영상 올려주셔서 감사합니다💝",1개
89,친절한뷰티언니쏭냥,진짜 천재야 넌💕,1개
90,토리,"해리포터는 영화보다 진짜 책책책 
영화도 좋지만 책의 반의반의 반도 담지 못한 내용들이 많아요ㅜ",0개
91,김수현,으앙 ㅠㅠㅠ아껴서 볼거야..❤️,1개
92,쩜쩜,"헉 드디어 해리포터 다꾸가 ㅜㅠㅠㅜㅜ 언니의 해리포터 덕후력을 여기서도 잘 볼 수 있었ㄱ슴다,, 오프닝부터 장난 아니네요 후 저 또한 해리포터 덕후라서 울면서 보겠읍니다,,",1개
93,nxxjk,편집 개오져 편안하당..,2개
94,아뇨,15:23 빵터졌어요ㅋㅋㅋㅋㅋㅋㅋㅋㅋㅋㅋㅋ,1개
95,나나미의혼덕일지Nanamijournal,으악 완전 또 힐링 영상을 들구오셨다...ㅜㅠㅠㅜ 다꾸 못하는 똥손은 그저 보면서 대리만족만 합니다ㅎㅎㅎ 재료는 사놨는데 정작 시작은 못하구있네요ㅋㅋㅋ 디자인도 글씨도 스티커도 다 너무너무 예뻐요!!!!! 급뽐뿌와서 다요리 꾸미기 도전해봅니다!!!ㅎㅎㅎ 영상 너무 잘봤어요(하트하트),1개
96,PO뭉게WER,으아ㅠㅠㅠㅠㅠ즈하언니 다꾸영상ㅠㅠㅠㅠㅠㅠㅠㅠ진짜 너무 기다렸던 컨텐츠에요ㅠㅠㅠㅠㅠ사랑해요❤️❤️❤️,1개
97,하늘쓰,다꾸 영상😀❤ 기다렸어여여여영ㅎㅎ 앞으로 자주 올려주세여~♡♡,4개
98,빈빈,ㅜㅠ.. 감독해도 될거같은데.. 영상이 왜케 예쁘지•••○ 힐링영상이닷♡,0개
99,심서영,"진짜 영상 순삭이댜..,,ㅠㅠ 언니 잘보구 가여🥰",1개
100,이주연,포토샵까지 써서 진심으루 다꾸하는 모습 최고에여ㅋㅋㅋㅋㅋ언니 다꾸 보면 참 정성 가득이라 보기 좋은거 같아요! 무엇보다 언니가 찐텐으루 행복해보여서 기분 좋네용🥰,0개
101,이소현,"헐 언니꺼 사진 더 올려줘요😭ㅠㅠ 
내가 다 뽑아버릴 거야ㅠㅠ진짜 존예😘❤️",2개
102,유띨띨,헐 ㅠㅠ 진짜 즈하님이 하신 다이어리 영상은 너무 힐링이 돼용 ㅠㅠㅠㅠ 진짜 밤에 누워서 보기 너무 좋구 영퀄 너무 예쁘고❤️❤️❤️ 목소리가 진짜 너무 잔잔하고 좋아요 즈하님이 asmr 하시면 3초만에 잠들꺼같은 그런 목소리 ㅠㅠㅠㅠ 진짜 항상 너무 예쁘고 감사합니당,2개
103,린린,와 진짜 해리포터 넘 좋아요ㅠㅠㅠ 어쩜 다꾸를 그렇게 잘하시는지... 장미언니 다이어리영상 보면 넘 기분이 좋아요❤ 포근따뜻😌,0개
104,채민큐티,"헐허..ㄹ.. 다꾸영상 많이 기다렸어여♡
진짜 즈하님 영상 넘 제스탈 ㅠㅠ 싸랑해요..",1개
105,쿠우,으어어우유ㅠㅜㅠㅠ 즈하님 저 오늘 교정 들어가서 어제 어금니 발치 4개하고 오늘 장치 붙였는데 진짜 너무 아프고 힘들어서 화나고 슬프고 그랬는데 즈하님 영상 올라온거 보고 신기하게 기분이 좋아졌어요ㅠㅜ😭❤,2개
106,딸기시럽,로즈하님 영상 잘 볼게요 항상 좋은 영상 만들어 주셔서 감사합니다❤️❤️❤️❤️❤️❤️❤️❤️❤️❤️❤️❤️❤️❤️❤️❤️❤️❤️❤️❤️❤️❤️,2개
107,재현보조개,악 해덕은 진짜 울어요ㅠㅠㅠ,1개
108,마지막싶새,8:25 우리집 벽지랑 똑같아서 당황 ㅋㅋㅋㅋㅋ,0개
109,이윤아,진짜 갬성 넘쳐흘러요 ㅜㅜㅜ,1개
110,신디,헉 영상 잘 시청할게요ㅠㅠ분위기 쩔어요 진짜🥺❤️❤️,2개
111,0521박초은,너무 예뻐 나도 저렇게 잘 꾸미고 싶다고!!!ㅠㅠ나는 왜 똥손인거야 ㅠㅠㅠ,1개
112,양소희,왕 진짜 진정한 덕후신걸 오늘 다시 한 번 느낍니다 애정이 느껴져서 너무 좋아요 ㅎㅎ🥰,2개
113,닥터벤데타응원ara,와 진짜 이거보고 해리포터 다시 정주행하고싶어졌어요 ㅜ 실감나게 잘꾸미셨네요!! 멋져요👍👍👍,1개
114,노래방에서,진짜 똥손이라 그냥 대리만족중 행복해 마치 내가 한것같고,2개
115,dkdusans,아니 진짜 얼굴도 예쁘고 화장도 잘하고 다꾸도 잘하고 심지어 글씨까지 예쁘면 어떡해요ㅠㅠㅠㅠ 다가졋어ㅠㅠㅠㅠㅠ❤️❤️❤️,2개
116,나난현아,"두시간동안 세번 보러와써여ㅋㅋㅋㅋㅋㅋㅋ언니 촬영,  편집 왜 다하시나 넘 힘드시겠드.. 편집자 구하시면 좋으실텐데 생각했던.. 나 두들겨 맞자! 언니는 다 계획이있규나..😲💙",0개
117,CanterberyBell,와.. 로즈하님 해리포터 정주행 하려고 지금 유투브로 숨겨진이야기 같은거 엄청 찾아보고 호그와트뽕에 취해있는데 이렇게 딱 올려주시다니 ₍o̴̶̷᷄﹏o̴̶̷̥᷅₎ 영광❤️,3개
118,띵멜,와 진짜 저 해리포터 엄청 좋아하는데 해리포터 굿즈들 엄청 부러워요... ㅋ큐ㅠㅠㅠ 다꾸도 정말 유니크하고 예쁘네영 ㅠ,0개
119,김소현,"진짜 금손이고 저런 아이디어 생각 하는게 천재가 아닌가 싶어요,, 영상 퀄리티도 죽여요🤤 16분을 루팡 당핸숨다,, 맨날 언니 영상 보면 느끼는 거지만 해리포터 한번 정주행 하고 싶은데 넘 많아서 엄두가 안나요.. 하즤만 도전 해봐야게써여 🤍",2개
120,UnippeMagnolia,영상 분위기 미쳤엉 ㅠㅠㅠㅠ 너무 좋아요❤️❤️❤️❤️ 로즈마리여서 행복해 ㅠㅠㅠ💖💖,1개
121,서련,언니 다꾸영상 음청 기다렸다구욧ㅠㅠㅠㅠㅠㅠㅠㅠ 앞으로 다꾸컨텐츠 더 많이 해쥬세용...💙💙,1개
122,진진진,아아아앜!!!!!!!!! 언니 다꾸 드디어 올라왔어ㅜㅜㅜㅜㅜㅠㅠㅠㅜㅠ저는 똥손이라 못하는 다꾸 언니꺼로라도 만족해야져..♡♡,1개
123,곽득철,해리포터 안본사람들 너무 부럽다...ㅠㅠㅠ 갓 개봉한영화 보는 느낌으로볼수있으니까 ㅠㅠㅠㅠ,0개
124,블링크,12:19 헐 누구야 개이쁘다 존예네존예 유명한 배우이신가보다!! 앗 장미언니 였구나 다시 한번 언니 미모에 확신을 가졌어욧😍😍😍😍😍,0개
125,이다빈,"와,,,진짜 언니 다꾸는,,,진짜 너무,,이뻐ㅠ 언니 도대체 못하는게 뭐죠?ㅠㅜ👍💗",0개
126,하늘쓰,로즈하🌹언니 다꾸 실력❤ 장난 아니네옇ㅎ 와..!! 입이 저절로 벌어집니당~😯😆ㅎㅎ 언니처럼♡ 저도 다꾸를 잘하고 싶네여어어엉~ 😊😊,1개
127,감자,"16분 영상인데 영상이 안끝나길 바랬어,,,흐흑 로즈하 다꾸 영상 진짜 최고야",1개
128,민서minseo,ㅠㅠㅠㅠ 이게 진짜 얼마만인 다꾸영상이에요ㅠㅜㅜ흑 존버했어요....❤️자기전까지 이껴바야지 ㅜㅜㅜㅜㅠㅠ이런 아기자기한 영상 오랜만이야 ㅜㅜ🥺,1개
129,하리보,와ㅜㅜㅠㅜㅠㅠㅠㅜㅠㅠㅠㅠ진짜 언니 영상중 제 최애인 해리포터ㅜㅠㅠㅠ 그것도 다꾸라니ㅜㅠㅠ,0개
130,LovelY,진짜 천상여자다,1개
131,유빈09,"로즈하님 목소리가 너무 좋아요ㅜㅜ유튜버중 로즈하님이 가장
좋아요💖다꾸 영상도 정말정말 좋아하는데 이번 영상은 더더욱
좋아요💞저 헤리포터도 좋아하고 다꾸도 좋거든요♡로즈하님 영상을 보면 힐링하는것같고 행복해져요🙃",1개
132,김윤지,"난 언니 목소리와 다이어리가 넘흐 조아..,,♡",1개
133,빵덕이,"언니 진짜 너무 조아조아 ㅜㅜ 오늘 넘 늦게왔다ㅜㅜㅜ
미안해여 ㅜㅜㅜ 영상 아껴 봐야지 ㅜㅜㅜ ❣️❣️❣️🥰🥰",0개
134,이소현,"세상에 🙊🙊🙊 즈하언니의 다꾸영상이라니❗️❗️ 너무 행복합니당 🥰🥰 저 맨날 다꾸할때마다 언니 다꾸 영상들 틀어놓고 정주행하면서 다꾸하면 또 그것만한 힐링이 없는데 새로운 해리포터 다꾸 영상에 로즈마리는 너무 좋아서 울고가요 언뉘 ,, 🥺🥺",2개
135,슬딤,"언니 진짜 역대급 영상이에요 ㅠㅠ❤️
너무너무 재미있게 잘 봤어요💘
다음에는 디즈니 케릭터로 찍어주시면 넘 좋을것 같아요 ㅎㅎ😝🥰",1개
136,힘을내자,와 진짜 볼때마다 감탄하는 것 같아요 ㅠㅠㅜ정말 언니 대박이예요👍,1개
137,,언니 다꾸 솜씨가 너무 좋아여 .. ㅠㅠ❤️❤️ 그리고 글 솜씨도 너무 좋고 즈하언니!! 너무 주책없지만 .. 책 만들어보시는건 어때여 ?!? 매번 영상에서 말도 깔끔하게 잘하시고 ㅜㅜ 사실 그냥 언니가 뭘 하든 다 좋아여 ㅎㅎㅎ...,1개
138,사포뇨,다꾸하실 때 미세하게 댄스파티 음악이 들려서 좋앗어요 ㅠㅠ ㅋㅋㅋ역시 로즈하님 다꾸 넘 좋아여 ㅠㅠㅠ,1개
139,이예진,해리포터 컨셉이라니.. 심장부여잡고 오늘 영상도 잘볼게요 즈하언니 !! 오늘도 좋은 하루보내세요❤,3개
140,당근당근바니바니,"해덕은 웁니다ㅠㅠㅠ
신이 인간세계에 천사를 내려주신게 분명해..",0개
141,피치7,"와 진짜 너무 이뻐요ㅠㅠㅠ
다꾸 요새 잘안햇는데 다시 마구마구 하고싶어지는ㅠㅠ",1개
142,오영주,"헐 언니 진짜 편집 모에요 ....
분위기도 그렇고 오늘 영상 레전드입뉘당
역시 로즈하 언니 금손금손",2개
143,다루하DARUHA,"전 이런걸 기다렸습니다..❤️❤️해리포터컨샙보다,로즈하님 목소리를 보러 왔습니다😻😻(그렇다고 싫어하는건 아닙니당❤️)",2개
144,SHK,저도 책에서만 나오는 사소한 포인트들이 너무너무 좋아요 ㅠㅠㅠㅠ 이번 다꾸 퀄리티 무엇...!!! 영상 보면서 같이 덕질하는거 같아서 넘나 행복했어요💕💕,1개
145,김밈,0:56 헐 저거 저도 있습니다💗사놓고 못 쓰는 중이에요ㅠㅠ,0개
146,련하,우왕.....너무 예뻐요ㅠㅠㅠㅠ😭😭😭😭😭,1개
147,손죵,다꾸 영상 처음 볼 때 헉 했는데 여전히 적응이 안됩니당.. 너무 금손이라ㅠ보는거 자체로 힐링이에용 👍👍,1개
148,밍솔,언니ㅠㅠ 진짜 너무 예쁜 것 같아요ㅠㅠ,1개
149,블링크,진짜 언니 손재주 미쳤어오...빈티지하고 넘 예뻐 ㅠㅠ,1개
150,이지원,영상보고 바로 해리포터 엽서북 사러 네이버로 달려갔습니다••취향이 같으니까 어떻게 꾸밀지 고민할 때 마다 영상으로 알려주셔서 너무 좋아요😭😭오늘도 예쁜 영상 고맙습니다아❤️,1개
151,마르게리따피쟈,Asmr 진짜 잘어울릴 것 같은 목소린데...!!,1개
152,백서현,언니가 오shit 하는거 왤케 귀엽져ㅠㅠㅜㅜ 뭔가 귀엽눠요ㅠ,0개
153,유튜브많이보면안돼,언니ㅠㅠㅠㅠ 자막 글씨체 궁금해여🐰💖💖,0개
154,블레어,꺄 해리포터 너무 젛아여ㅠㅜㅜㅜ,0개
155,지민옵쳐돌이,헤엑....해덕들 쓰러져요...ㅠㅠㅠㅠㅠㅠ 너모 예쁘잖아 ㅠㅠㅠㅠㅠㅠ,2개
156,Biqpdjdle,해리포터 찐덕의 사랑과정성가득담긴 인트로!!!,2개
157,녜은,"미쳤어요 언니 사랑해요ㅜㅜㅠ
내 최고사랑들 해리포터와 즈하언늬❤",1개
158,뿌꿍,헐 다꾸영상!!!ㅜㅠㅜㅠㅠ감사합니둥 ㅜㅠㅜㅠ❤️❤️,1개
159,이지은,와 언니 진짜 너무 이뻐요ㅠㅜ저는 언니영상 분위기가 젤 좋아용♥♡,0개
