﻿,name,thumbnail,view,previous_time,video_url,start_date,comment,likes_num,unlikes_num,time_duration
0,"[샒의삶] 5년차 유투버, 총직원수 2명, 강사원이 관찰한 홍사장의 리얼한 하루 VLOG / 옥외광고 찍던 날",https://i.ytimg.com/vi/kInwRxtEhDw/hqdefault.jpg?sqp=-oaymwEZCPYBEIoBSFXyq4qpAwsIARUAAIhCGAFwAQ==&rs=AOn4CLCZYK9nQnULOt95--WXdrnbATvtbg,14만회,1일 전,http://www.youtube.com/watch?v=kInwRxtEhDw,,댓글 272개,4.1천개,44개,"
      20:39
    "
1,"[샒의삶] 집순이 끝판왕.avi_ ""옥상 테라스""에서 텐트치고⛺️홈캠핑🍳(feat.고깃집 테이블) / 목살+삼겹살+차돌박이+닭꼬치,,,!",https://i.ytimg.com/vi/n-HFkOQncUg/hqdefault.jpg?sqp=-oaymwEZCPYBEIoBSFXyq4qpAwsIARUAAIhCGAFwAQ==&rs=AOn4CLBevztihtnyE4ylpxI1dwWXIXWjqw,20만회,6일 전,http://www.youtube.com/watch?v=n-HFkOQncUg,최초 공개: 2020. 6. 3.,댓글 819개,5.9천개,73개,"
      20:28
    "
2,[샒의삶] 자취생이면 다 이정도 있는건지 판단해 주실 분..? 왓츠 인 마이 냉장고 / 냉장고만 두 대?! 낱낱ㅇㅣ 털어보았다!,https://i.ytimg.com/vi/Rh2MWRCE4wk/hqdefault.jpg?sqp=-oaymwEZCPYBEIoBSFXyq4qpAwsIARUAAIhCGAFwAQ==&rs=AOn4CLDVXRz_VV8fsxTbAaCIUNQr15UjEw,18만회,1주 전,http://www.youtube.com/watch?v=Rh2MWRCE4wk,2020. 5. 29.,댓글 554개,3.9천개,99개,"
      26:51
    "
3,[샒의삶] 일상 : 청보라 옴브레💙염색 + 청보라 나비🦋네일 = 청보라 인간이 되었다! / 주희랑 오랜만에 홍대 외출 VLOG,https://i.ytimg.com/vi/7_rmnrYnPec/hqdefault.jpg?sqp=-oaymwEZCPYBEIoBSFXyq4qpAwsIARUAAIhCGAFwAQ==&rs=AOn4CLDNYCa6Rehr_u30yMJKBCmfpPzc8w,20만회,2주 전,http://www.youtube.com/watch?v=7_rmnrYnPec,2020. 5. 25.,댓글 451개,4.6천개,65개,"
      16:04
    "
4,"[샒의삶] 🏮띵호와 세림반점🏮/ 집에서 짬짜면 만들어 식탁으로 배달하기 / 멘보샤, 칠리새우까지..!",https://i.ytimg.com/vi/tyy3jSrXR-8/hqdefault.jpg?sqp=-oaymwEZCPYBEIoBSFXyq4qpAwsIARUAAIhCGAFwAQ==&rs=AOn4CLCWMKrThIsWRcSi5hrCuJuqLoeEcw,23만회,2주 전,http://www.youtube.com/watch?v=tyy3jSrXR-8,2020. 5. 21.,"댓글 1,024개",6.1천개,91개,"
      21:46
    "
5,[샒의삶] 일상: 홍작가의 인생 첫 '책' 출판 브이로그 📖/ 여행+에세이+꿀팁+만화+다이어리+스티커.. 책마저 맥시멀리스트 / 대박 애장품 이벤트까지📚,https://i.ytimg.com/vi/pg5MdREnqDk/hqdefault.jpg?sqp=-oaymwEZCPYBEIoBSFXyq4qpAwsIARUAAIhCGAFwAQ==&rs=AOn4CLA-IyVwxu17YSst1evexMWg_lXiVA,17만회,3주 전,http://www.youtube.com/watch?v=pg5MdREnqDk,2020. 5. 17.,댓글 476개,4.5천개,74개,"
      28:08
    "
6,"[샒의삶] 자취생, 다이어터 모여라! 집밥 홍선생의 초간단 저염 밑반찬 7가지 만들기 / 집밥 브이로그 VLOG / 레시피 더보기에!",https://i.ytimg.com/vi/8r-gKtKqP1U/hqdefault.jpg?sqp=-oaymwEZCPYBEIoBSFXyq4qpAwsIARUAAIhCGAFwAQ==&rs=AOn4CLBJTHtNIL5Fe00RlikLmszKY2qoSQ,17만회,3주 전,http://www.youtube.com/watch?v=8r-gKtKqP1U,최초 공개: 2020. 5. 13.,댓글 355개,4.1천개,73개,"
      24:27
    "
7,[한달 브이로그] 4월 편: 다이어트 꿀 필수템! 직접 만든 다이어트 다이어리와 추천템 소개 / 다이어트 일상 모음집.zip,https://i.ytimg.com/vi/4prhheN3KrM/hqdefault.jpg?sqp=-oaymwEZCPYBEIoBSFXyq4qpAwsIARUAAIhCGAFwAQ==&rs=AOn4CLDkYAjx682ijhPh1W3bSo-Ju1UTjg,29만회,4주 전,http://www.youtube.com/watch?v=4prhheN3KrM,2020. 5. 9.,댓글 530개,5.2천개,109개,"
      49:18
    "
8,"[샒의삶] 집에서 누구보다 찐허게 전통 홈카페 즐기는 브이로그 ☕️/ 직접 만든 도자기에, 한복입고, 인절미-흑임자 라떼 만들기 (feat. 극한의 컨셉) + 미니 겟레디",https://i.ytimg.com/vi/_N0GfS3lhIo/hqdefault.jpg?sqp=-oaymwEZCPYBEIoBSFXyq4qpAwsIARUAAIhCGAFwAQ==&rs=AOn4CLBgGNojDtpFODx53fIj5IO6mnm97Q,22만회,1개월 전,http://www.youtube.com/watch?v=_N0GfS3lhIo,최초 공개: 2020. 5. 5.,댓글 461개,5.4천개,79개,"
      29:08
    "
9,"[샒의삶] 샒의 뉴-트로 분식점에 초대합니다! / 옛날 떡볶이와 팔뚝김밥, 추억의 피카츄 돈까스 만들기 / 레트로 게임기로 남극탐험, 버블버블, 서커스🕹",https://i.ytimg.com/vi/kiM78LSr9XU/hqdefault.jpg?sqp=-oaymwEZCPYBEIoBSFXyq4qpAwsIARUAAIhCGAFwAQ==&rs=AOn4CLAyGy6vq-h5uOFY5-wNSJN55Tap7w,32만회,1개월 전,http://www.youtube.com/watch?v=kiM78LSr9XU,최초 공개: 2020. 5. 3.,댓글 672개,7.1천개,107개,"
      22:55
    "
10,[샒의삶] 일상: 도자기 전공을 하면 이런 일들을 합니다 / 도예과 졸업생의 리얼 작업하는 하루 브이로그🍶,https://i.ytimg.com/vi/qKrEUMgUBTg/hqdefault.jpg?sqp=-oaymwEZCPYBEIoBSFXyq4qpAwsIARUAAIhCGAFwAQ==&rs=AOn4CLD9Y2mLyhcy9zdDNeXhFyAsUq9C4g,33만회,1개월 전,http://www.youtube.com/watch?v=qKrEUMgUBTg,2020. 4. 29.,댓글 719개,6.6천개,97개,"
      34:36
    "
11,[샒의삶] 일상: 급기야 집에서 케이크🍰와 피자🍕만드는 브이로그 / 크레페 메이커 / 미니 피자 화덕 / 밥버거 메이커,https://i.ytimg.com/vi/_03oUQel8S8/hqdefault.jpg?sqp=-oaymwEZCPYBEIoBSFXyq4qpAwsIARUAAIhCGAFwAQ==&rs=AOn4CLAnO1PgnH04JeYWwiL7Q8Q9i7CCGQ,60만회,1개월 전,http://www.youtube.com/watch?v=_03oUQel8S8,최초 공개: 2020. 4. 24.,"댓글 1,015개",1.3만개,223개,"
      27:30
    "
12,"[샒의삶] 너무 심심해서 미쳐버린 집순이의 세상 알차게 노는법 브이로그 / 글라스데코, 스킬자수, 달고나 만들기",https://i.ytimg.com/vi/XJfV00z8nec/hqdefault.jpg?sqp=-oaymwEZCPYBEIoBSFXyq4qpAwsIARUAAIhCGAFwAQ==&rs=AOn4CLAAHpDQ2MbDp2e9pWeuHQFd2V5HAg,33만회,1개월 전,http://www.youtube.com/watch?v=XJfV00z8nec,최초 공개: 2020. 4. 20.,댓글 936개,7.6천개,91개,"
      23:04
    "
13,"[샒의삶] 일상: 혼자, 집콕 브이로그 / 스물일곱 5년차 유투버의 평범하지만 바쁜 하루 / 마지막 만찬 (feat.짜파게티, 골드킹) / 처음으로 솔직한 이야기와 근황",https://i.ytimg.com/vi/VgJa_Eb_XgM/hqdefault.jpg?sqp=-oaymwEZCPYBEIoBSFXyq4qpAwsIARUAAIhCGAFwAQ==&rs=AOn4CLANvroQiamYlGwtE5tqAx9kRrJKng,36만회,1개월 전,http://www.youtube.com/watch?v=VgJa_Eb_XgM,2020. 4. 16.,댓글 508개,6.3천개,106개,"
      24:01
    "
14,[뉴욕 한달살기 Q&A] 언니 그래서 뉴욕 한달 사는데 얼마 들었어요? / 숙소 정보 부터 최애 맛집까지..!🇺🇸🗽,https://i.ytimg.com/vi/7D05yIkf3Nc/hqdefault.jpg?sqp=-oaymwEZCPYBEIoBSFXyq4qpAwsIARUAAIhCGAFwAQ==&rs=AOn4CLDjlQ8wP4S82LOnUJSow__GlWCHow,22만회,1개월 전,http://www.youtube.com/watch?v=7D05yIkf3Nc,최초 공개: 2020. 4. 12.,댓글 397개,5.8천개,74개,"
      27:21
    "
15,ep8. 일상: 뉴욕에서 아무것도 안하는 날 VLOG / 시리얼 먹고🥣커피마시고☕️넷플릭스 보고💻/ 뉴욕 전경이 내려다 보이는 뷰 맛집 숙소에서의 하루,https://i.ytimg.com/vi/g6NCrL1U6j0/hqdefault.jpg?sqp=-oaymwEZCPYBEIoBSFXyq4qpAwsIARUAAIhCGAFwAQ==&rs=AOn4CLBRVFDMVIP6HbkjlZ_RzruNv6V30A,19만회,2개월 전,http://www.youtube.com/watch?v=g6NCrL1U6j0,2020. 4. 8.,댓글 272개,4.6천개,55개,"
      12:44
    "
16,"[샒의삶] 집에서 심심하니까, 친구랑 서로 인생 화장 해주면서 놀기 / 퍼스널컬러 메이크업 / 봄라이트와 환절기 뮤트 꿀템 발굴🍯",https://i.ytimg.com/vi/xpquShL_8B4/hqdefault.jpg?sqp=-oaymwEZCPYBEIoBSFXyq4qpAwsIARUAAIhCGAFwAQ==&rs=AOn4CLAQhhNRDi5vC2u1zDEaGxyuJ8Sysw,16만회,2개월 전,http://www.youtube.com/watch?v=xpquShL_8B4,2020. 4. 4.,댓글 387개,3.7천개,57개,"
      21:02
    "
17,[뉴욕 한달 살기] #4주차 브이로그 모음집 / 거의 1시간 분량.avi / 꽉 눌러담은 마지막 편 / 뷰 맛집 숙소와 뉴욕 최고 맛집 발견✨🇺🇸✈️,https://i.ytimg.com/vi/V_Vt-Ou4qMQ/hqdefault.jpg?sqp=-oaymwEZCPYBEIoBSFXyq4qpAwsIARUAAIhCGAFwAQ==&rs=AOn4CLC_6uF9jI4-L4hUTiJOw2uNw5LMKw,33만회,2개월 전,http://www.youtube.com/watch?v=V_Vt-Ou4qMQ,2020. 3. 31.,댓글 606개,6.3천개,93개,"
      55:16
    "
18,[샒의삶] 직원(=친구)에게 옷 사라고 100만원 줘보았더니..? / 강쥐가 코디해 준 옷 입어보기👚👖👗 / 대신 시켜보았다 시리즈 2탄✨,https://i.ytimg.com/vi/Tnw9aE1CjrQ/hqdefault.jpg?sqp=-oaymwEZCPYBEIoBSFXyq4qpAwsIARUAAIhCGAFwAQ==&rs=AOn4CLAVkdP3dMi78Ii2Jt_jkvo86-AlSA,11만회,2개월 전,http://www.youtube.com/watch?v=Tnw9aE1CjrQ,2020. 3. 27.,댓글 580개,5.6천개,79개,"
      20:45
    "
19,ep7. 뉴욕 센트럴파크에서 조깅해보았다! / 베이글과 브런치 진국으로 뿌시기 / 나는야 뉴요커(?)🥯🥓,https://i.ytimg.com/vi/obwIrTyBiXk/hqdefault.jpg?sqp=-oaymwEZCPYBEIoBSFXyq4qpAwsIARUAAIhCGAFwAQ==&rs=AOn4CLCQdA-7fJmR2cubO1auTNQdousiEQ,15만회,2개월 전,http://www.youtube.com/watch?v=obwIrTyBiXk,2020. 3. 23.,댓글 223개,3.9천개,80개,"
      13:43
    "
