﻿,youtube_id,comment,like_num
0,ZOO,"쌤 2주 챌린지 시작 하시더니 원래도 탄탄했던 바디 쉐입이 탄탄해진 것 같은 느낌이! 영상으로 느껴져요! 그리고 스모스쿼트는 어디에 집중을 하고 운동을 해야하는지 궁금했었는데 이런 영상을,,! 어쩔땐 엄청 힘들고 어쩔땐 이게 운동인가싶을 정도로 안 힘들 때도 있더라구요. 토요일에 시험 끝나니까 다시 공복 운동으로 화이팅 해 볼게요 ♥️🙏🏻",16개
1,Ashley의쉽게빼는다이어트,하나쌤만 보면서 동작 하고 있으면 왠지 나도 탄탄한 근육걸 된 기분인데 잘못해서(?) 거울 보면 급 현타 와요.... 저도 열심히 하면 하나샘처럼 될 수 있겠죠?ㅠㅠ,73개
2,HaJ,"선생님 내일부터할....







...수있을까요?",29개
3,변현옥,"강샘 운동 1 데이 클리어!! 다리가 덜덜거리지만 허벅지 사이즈가 줄어든다면야!! 
영상 감사합니다.  💗💗",11개
4,이지연,힘들지만 선생님이 활기차게 이끌어주셔서 시간가는줄 모르고 열심히 따라했어요!! 땀이 후끈후끈!! 오늘도 감사합니당 ㅎㅎ❣️,7개
5,나다가,발 방향 바꿀 때 무릎에서 우드득하고 소리가 나는데 아프진 않아요ㅜㅜ 괜찮은건가요?,12개
6,최지봉,자꾸 무릎이 앞으로 발사돼요,7개
7,이지혜,내일 오전운동은 이것으로 시작합니다!,7개
8,잊누와,누워서 보는데도 무셔...,19개
9,MaybeTrue,"언니 100개가 아니라 200개 아니에여......? ㅠㅠㅠㅠㅠㅠㅠㅠㅠ



매트가 밀려서 그렇지 효과는 좋을 것 같아요
근데 다음날 못 걸을듯ㅋㅋㅋㅋㅋ̄̈ㅋ꙼̈ㅋ̆̎ㅋ̐̈ㅋ̊̈",11개
10,루랑이는루르렁,"어제 술 거하게먹고 속죄하는 마음으로다가 다리뿌시러왔습니다🖐
쌤 이거 너무힘든데....요...? 죽을거같은데 샘 허벅지 갈라지는게 너무섹시해서 저다리가 내다리다..라는생각으로했어요
6/6⭕",3개
11,bokrakang,와이드스쿼트보다 재밌어요 ㅋㅋ 신난다. 오늘 도넛츠 먹었는데. 낼부터 3일은 디톡스하고...소식이랑 하나쌤 운동 욜심히 해야죠! 우하하하하하하하하,10개
12,gaby,1일1강 조심히 잘 해보겄습니닷,9개
13,오캄,"오늘부터 매일 2주동안 갑니당!!
6/4⭕️
6/5⭕️",11개
14,구리구리냥,오와....와이드백개도 힘들게 했는데 내일은 이걸로 하체 뿌숴야겠어욥!!,4개
15,이슬기,"일일 일깡!!!! 하나 스트레칭 ㅋㅋㅋㅋㅋ
영상보다 빵터졌어요~!! 
체력이 별로여서 힘든데도, 선생님 영상보면 신나고 힘이나서 끝까지 다 따라하게됩니당 ㅋㅋㅋ 감사합니당~♡♡
비타민같은 하나쌤 항상 즐거운일만 가득하세요 :)♡♡",6개
16,민잉,"13분이라고 쉽게 봤다가 죽을뻔.....ㅠㅠ 
속도가 좀 빨라서 몇개 빼먹었는데 괜찮겠죠ㅠ",3개
17,yujungseo,1일1강!!!!ㅋㅋㅋㅋㅋㅋ 쌤 너무 웃겨용 저 8월 복직인데 복직전에 쌤 도움 좀 많이 받아야겠어요!!,10개
18,아신,"2주 챌린지 시작하겠습니다!
6.5",4개
19,NnnBbb,이거하면 강하나님같은 허벅지 가질수있는거죠? 근데 와이드 스쿼트할때 꼬리뼈 부분이 아픈건 왜그런 걸까요? 그리고 고관절 이라고해야하나? 허벅지와 골반이 이어져 앉을때 접히는 곳이요. 거기가 아파요,1개
20,갓지은밥,"저 무엇보다도 다리가 항상 컴플렉스 였는데 오늘 운동하려고 들어왔는데 운명처럼 이 영상 떠서 뭔가에 홀리듯이 들어와 운동했습니다...😆
하고 나니까 땀 진짜 주룩주룩 나고 힘들긴 하지만 엄청 뿌듯하네요!!
이런 거 처음이긴 하지만 운동 동기부여를 위해서 저도 한 번 댓글로 매일 운동 체크 해보려고 해요! 강하나쌤 믿고 2주 달려보겠습니다👍🏻

6/4 - 허벅지 둘레 64cm
6/5 - 1세트까지만 해도 두번째라고 안 힘드네! 했는데 역시나 끝날땐 땀 줄줄이네요...😂 오늘도 완료했습니다!",2개
21,소정,하나쌤 혹시 슬로우버피 여러가지 버전으로 알려주실수 있는지 요청드려보아요 전신운동인데 서있다가 내려가는 동작에서 무릎을 지나치게 많이 쓰는것 같아서요~~,1개
22,해피해피,와 이 운동도 해보고 싶네요. 선생님 중급자를 월부터 토까지 매일 하고 있는데요. 중급자만 계속해도 부족함없이 될까요? 운동은 6개월정도 되었는데요. 아직도 중급자 힘겹게 하고 있는데 계속 이렇게 해도 좋을지 여쭤보고 싶어요.,2개
23,알통달통TV운동하는여자들,"100개라니!!!
멋집니다!!!!!!!",4개
24,hanaLee,땀 줄줄줄!!!  운동한 맛이나요!!! 최고의 맛!!!,4개
25,쭈개나리,우와!!! 최강! 쉬워보였어요 ㅠㅠ 아니였어요 땀이 줄줄  마지막 10개는 으악으악 하는데 “할수있다 더 즐겁게 “ 파이팅 하시는 강하나샘의 격려로 지금 내다리가 내다리가 아니여유~~~,3개
26,박동희,1:43,2개
27,신민영,안녕하세요 선생님 처음으로 댓글달아봐요:)ㅎㅎㅎ오늘 올리신거 저 10개따라하고 주저 앉았어요....ㅋㅋㅋㅋㅋ전 선생님 다른영상들로 좀 더 강해져서 다시 도전할라구요!!,2개
28,니쩌,하..............지옥으로가는 세계일거같아요,2개
29,김주희,폼롤러 붙잡고 애원하고 있는나를 발견했습니다....ㅜㅜ,1개
30,타코와사비,제발 -5cm!! (๑˃̵ᴗ˂̵)و,3개
31,chaeone,와.. 허벅지 꼭 빼고싶었는데 앞으로 열심히 보고 따라해야겠어요 감사합니다 😆,5개
32,leidianepimentel,❤,4개
33,샤인,선생님.. 참 많은 운동영상들이 있지만 쌤 영상만 땀이나요... 지금 나이아가라폭포 천지연폭포 저리가라에여.. 한달하면 효과있뎄죠?.. 지금정ㅇ신이너무없고.. 눈앞이 희미해요... 열심히할게요.. 💘,1개
34,asdf,하나쌤 근육 볼때마다 넘 감탄해요ㅠㅠㅠ 십년째 제 워너비에요ㅠㅠㅠㅠㅠㅠㅠㅠ❤❤❤❤❤,1개
35,Sun,울 힘찬 하나 언니 보면서 공부 열심히 하고 스트레칭으로 꼭 마무리 하고 잠자리에 든다. 종아리 스트레칭 영상 유용하게 잘 이용하고 있습니다. 감사해요 ㅎㅎ 에너지가 정말 넘치시구나 ㅋㅋㅋㅋ 목소리 우렁차셔 멋지십니다👍,1개
36,타라마음TARAMAUM,"1.25배속으로 했다가..... 힘들어서 현타왔어여...ㅜ.ㅜ
정상 속도로 해야겠어요 
감사합니다. 💞💞",1개
37,슈리,2020.6.5. 이 힘든걸 하네요😱역시 따라하니 다하게되요.ㅎㅎ 엄청 땀이 쭉쭉 나서 개운해요🥰감사합니다.6일,1개
38,선명경,무릎이 아파요ㅠㅅㅠ,2개
39,므넹,"해본다 운동 줄여본다 허벅지
1일차 ○ 혼자 스쿼트100개하고 봐서 죽을뻔...",1개
40,,허벅지가 부실한 사람도 하면 좋은가요?,2개
41,손블리,와우 이거 대박이에요 어제 아침에 하루 했는데 이 근육통은 처음 느껴봐여.. 앞으로 꾸준히 해볼게요🤩,1개
42,yurikim,"완주하는 그날까지 
6/4 2세트
6/5 3세트 완주!",1개
43,JiyeonS,"6/4⭕️
6/5⭕️",3개
44,우답,와이드 동작에서 스모 동작으로 바꿔서 스모 스쿼트할때 무릎이 아파서 약간 발 위치 바꾸고 하면 또 괜찮고 그런데 그래도 효과 있겠죠? 🥺,1개
45,HyeseonSong,"20.06.05금 2주 챌린지 시작.
1.20.06.05금 -am10.51",1개
46,김효진,오아아앙!!!!!!!! 해보고오겠습니다♡♡,2개
47,김상상,ㅋㅋㅋ저만 자꾸 발이 밀려나나요 20개정도 하면 완전 다리찢기ㅋㅋㅋㅋㅋㅋㅋㅋ,1개
48,JeeHweHan,"헉...너무 함들....선생님 이거 나눠서 해도 될까요?ㅠㅠ 아침 30, 점심 30, 저녁 40 이렇게요. 익숙해지면 점점 늘겠지만 한전에는 힘드네요 ㅠㅠ",1개
49,Eli,하나쌤 항상 너무 잘 보고 있어요 ㅠㅠㅠㅠ 근데 제가 완전 앞툭튀 허벅지 예요. 다른 곳은 말랐는데 선천적으로 앞툭튀가 심한데 이 동작들 하면 더 굵어지진 않을까요 ?? 걱정이 되서 여쭤봐요ㅠㅠㅠ,7개
50,아포방포,쌤 ..  운동 안하고 영상만 보고있는데 땀나요 ㅠ 고맙습니당 해볼게요,2개
51,뉴뉴도도,20/06/05 화이팅!,2개
52,SuyeonJeong,1일1강^^도전해볼께용~~,1개
53,bokrakang,홀! 다욧 독하게 도전!!!! 하나쌤 감사감사!!  하나쌤 폼롤러 디게 신기하게 생겼어요. 전문가용이에요?,2개
54,lalaD,전 와이드스쿼트하는데 왜이렇게 무릎이 아플까요?ㅠ,1개
55,히밍이,"내일 못걸을것같아요..ㅎㅎㅎㅎㅎㅎ
근육 넘 부러워요 ㅠㅠ",1개
56,신영원,쌤 내일부터할게요ㅠㅜ,1개
57,김리미,무릎이 좋지 않으신 분들은 힘들겟네요...,1개
58,임수진,감삼다,2개
59,태정태세비욘세,1일 1강 ㅋㅋㅋㅋㅋㅋㅋ 이번운동 넘 재밌네요,1개
60,후추요졍,스트레칭을 해야 내일도 할 수 있다구요....? 내일.... 내일도 해야하나요.....? 해야겠죠.......?...,1개
61,선써니,무릎 좀아픈데 와이드스쿼트해도 되용?,1개
62,JiyoungKim,"도전!!
6/5😀",1개
63,하자운동,진짜 이거하면 2주동안 5cm 줄여지나여ㅜ,0개
64,봉발리맘,"적당한 강도에 운동효과 굿이네요!! 하비부종대마왕인 저는 유산소 전 데일리운동으로 픽💙재생목록저장💙🧡
6/4 ㅇ
6/5 ㅇ",0개
65,limcoco,이거 너무 하고싶은데ㅠㅠ 하체에 근육이 너무 없나봐요ㅠㅠ 속도를 느리게 해놓고도 5개 이상 못따라하겠어요ㅠㅠㅠㅠ 어느정도 하체근육을 만들어놓고 따라하는게 좋을까요??? 근력이 너무 없기는 한데 ㅠㅠ,0개
66,hyoniij,화이팅!!!!!!!!!!!!!!!!!!!!!!!,4개
67,EinekleineNachtmusik,하나쌤 무릎 안좋은 사람도 따라해도 되나요? ㅜㅜ,2개
68,치킨짱,스쿼트만 하면 무릎 안쪽이 너무 아픈데 어떡하나요 ? ㅠㅠㅠㅠㅠ,1개
69,정운동,"강하나쌤 덕분에 오늘도 운동했습니다~~ 마지막 스트레칭을 할때 발목이 너무아파서 할 수가 없는데, 뭐가 잘못된걸까요??ㅠㅠ 엉덩이도 떠서 수건을 두고 하는데, 
무릎을 꿇는것처럼 앉은 다음에 한쪽 다리를 펴야하는건가요?? (발목과 발볼부분이 너무 아파서 할 수가 없어요 ㅠㅠ)",1개
70,j아침바다,열심히해볼께요!!!👍👍👍,1개
71,제이별,허벅지때문에 스트레스인데ㅜ 하나선생님 믿고 이번에도 도전해야겠어요! 그런데 이거 매일 하는건가요??,1개
72,JihyeYoon,와...하나쌤 와이드 100개 하고 있었는데 비슷한건가 하고 들어왔다가 현타 왔...쌤 이거 200개 자나여어어....여...열심히 하겠습니다 땀이 더 잘 나서 좋아요 할수이뜨아아앙!!,1개
73,윤정희,처음부터 끝까지 함께 했어요!!! 저희 스쿼트 몇개 한거죠?ㅋㅋㅋㅋ,1개
74,라H라,6/4 1일 감사합니다!,1개
75,홍은경,내일아침에 하려고 아껴놓고 잇습니다~!!감사합니다🤗,2개
76,롸롸랜드,골반전방경사인데 이 운동 해도 될까요? 영상 잘 봤습니다❤️,0개
77,햇민봉이,앞벅지에 자극이 너무와요ㅠㅠㅠㅠㅠ 어떻게 해야해요??ㅠㅠㅠ,1개
78,쭈개나리,다리가 어제부터 후덜후덜 심하게 근육통이 왔어요~ 스트레칭 하면서 또 계속 하는게 나을까요 다른운동하다가 근육통 쪼금 사라지면 며칠뒤에 하는게 나을까요?,0개
79,springgarden,무릎에 무리가는 동작인가요? 하 벅지 넘 조지고 싶은데 무릎이 안 좋아서요ㅠ,1개
80,으짜,"폼롤러인가요?특이하게생겻어요!
언니겨드랑이살부유방운동도해주세요!",1개
81,전선희,2일째!,1개
82,칼국수좋아,6월 4일 O,1개
83,니키키키킼키키키키,도전이다..,1개
84,프로리유리,하나쌤 저 폼롤러는 뭔가욤? 새로 하나 장만하려는데 특이하니 올록볼록한 부분은 어따 쓰는건지 궁금쓰 🤔  하나쌤의 여리여리하며 탄탄한 허벅지 보니 믿음이 가서 이번 영상 꼭 해볼게요!!,1개
85,캐럿톡pm,선생님!무릎살 빼는 운동해주세요!,0개
86,JiyeongKim,폼롤러는 언제구매가능해요?? 전 이거할때 너무 힘들었는데 스트레칭을 잘해서인지 담날 다리가 생각보다 멀쩡하네요?! 운동꾸준히 해서 그런지 다리가 별로 안땡겨요. 운동이 안된건 아니겠죠...ㅜㅜㅎㅎㅎ,1개
87,꽃향기,저 와이드스쿼트하루200개씩하기도하고100개씩하기도하고했었는데2주동안 아무변화없어서 포기가되더라고요   심한덜덜이 ㅠㅠ 하체비만ㅠㅠ,2개
88,김혜원,6/6🙆‍♀️,1개
89,황원,대박!!!2주 꼭 이어 가보겠습니다^^,1개
90,쩐시Genie,"여러분들... 근육형이신 분들은 허벅지 운동하시면 원하시는 슬림한 허벅지 기대하시기 힘들거에요 ㅎㅎ,,, 스트레칭과 골반 교정 위주로 풀어줘야 합니당,,, 모든 운동을 극한까지 해본 결과 자기 몸 체질 알고 맞는 운동하는게 최고스",1개
