﻿,youtube_id,comment,like_num
0,덤벼너구리,2:05,306개
1,리즈갱싢,카메라 각도를 좀 바꾸시거나 자세를 옆으로도 바꿔서 자세를 자세히 보여주셨음해요 카메라각도가 좀 밑에서 위를 찍는 각도라 말로 설명해주시긴해도 뒷쪽 혹은 옆쪽 자세가 안보이는게 좀 아쉬어요ㅠㅠ,117개
2,차유진,할땐 별로 안힘들었던거 같은데. 안벅지 근육통 최소 3일 갑니다.. 강력해요👍,17개
3,2020,어제 하려다가 미루고 오늘 아침에 따라했는데 내가 이걸 왜 했지 ㅜㅜ 하다가도 어느새 끝나있네요 모두들 예쁜 허벅지 라인을 위해 화이팅👏🏼🦵🏼🦵🏼🦵🏼🦵🏼,10개
4,,"이운동은 자세 잡기가 너무 어렵네요
여러방향에서 자세잡아서 한번더 올려주세요  효과있는동작인것같은데 잘못된 동작으로하면 데미지가큰동작인것같아서요",47개
5,랑랑,"오늘부터 허벅지 이별하기 운동 시작합니다.  매일 안 하면 나 멍멍이 합니다. 
4/16 : O 앉아서 다리 올리는 동작에 다리가 너무 후덜덜 거려서 내 다리가 아닌 줄 알았음
4/17 : O 불금에 맛난거 먹고 눕고 싶었... 지만 운동 함.. 땀이 비오듯이 나서 샤워하는 줄 알았음 역시나 다리 후덜덜
4/18 : 멍멍 머머머ㅓ어엄어어어ㅓㅇ머엄어멍
4/19 : 멍멍 
4/20 : O 주말 개망나니처럼 살아서 반성하고 오늘 마일리 하체와 강하나쌤의 허벅지 이별 운동 같이 함.. 낼 걸을 수 있을까.. 심히 걱정됨
4/21 : O 허벅지는 아직 사이좋게 잘 붙어 있지만 다리가 탄탄해지는 기분이 들어 좋아요😊
4/22 : 멍멍
4/23 : O
4/24 : 왈왈왕와아앙왕왈
4/25 : 왈왈 
4/26 : O
4/27 : O
4/28 : O
4/29 : O",234개
6,맙소사성대장의인생시트콤,"나의 가장 큰 고민이였던 허벅지 안쪽살 월요일부터 일주일 해봐야지 잠깐만 그 전에 짜파게티 하나만 먹고,,,,",70개
7,zn01,"인터벌같은거보다도 이렇게 정확한자세로 호흡 똑바로 하고 천천히 중심잡으면서 운동하는게 진짜... 힘든거같다......
그리고 먼가 자극도 더 잘되고 근육 스트레칭 제대로 되는거같아서 넘 좋음 ㅠㅠ",1개
8,Jihyesim,"선생님 자극 지대로 입니다!!
내일은 골반이깨나 아플거 같아요 ㅎㅎ
운동을 제대로 했단 뜻이겠지요?
언제나 감사드립니다💙
선생님의 자세한 설명과 에너지로 건강과 행복 충전하고 갑니다❣️",7개
9,심예원,열심히 따라하는데 첫동작부터 허벅지 안쪽에 자극이 안오네요ㅠㅠ오다리라 그런지 발끝과 무릎을 같은 방향으로 내리는 것부터가 무리에요... 무릎에 무리가 오는 것같은 기분이 들어요 흑흑 열심히 해봐도 앞벅지만 자극이 오는데 오다리도 그냥 쌤 설명 따라서 하다보면 감이 올까요..? 영상 잘 보고 있습니다♥,1개
10,차유진,첫번째운동 10초버틸때 머리쥐어뜯으면서 버텼어요ㅋㄱㅋㅋ,9개
11,윰윰,오늘도 누워서 눈으로 보며 상상운동... 내일 아침에 꼭 해야지,65개
12,yeoniB,확실히 하나쌤은 몸이 점점 좋아짐ㅋㅋㅋ,23개
13,박찬은,내전근운동하면 생리통에도 좋대요!!,14개
14,김윤서,목소리가 너무 예쁘셔서 들으며 운동따라하기좋아요..💟,6개
15,쑥Ssook,감사합니다 항상 파이팅 넘치는 하나쌤👍,4개
16,국자,쌤~ 너무 잘보고 있는데요ㅎㅎ 혹시 무릎이 안좋은 저같은 사람들을 위해 할수있는 효과좋은 하체운동 없을까요ㅠㅠㅠㅠ,13개
17,pppmy,허벅지 덜덜덜...ㄷ....,4개
18,홍시,허벅지 안쪽 살들이 자아가 생긴거 마냥 지들끼리 트월킹 미친듯이 추는데 난 죽을거 같네,48개
19,퐁당퐁당,이거하고 복근운동 바로했는데 허벅지에 경련이 일어나듯 계속 떨린다고해야하나 통증은 없는데 계속 덜덜이 하는 기분이랄까요...정상인가요?,36개
20,yujungseo,평생 붙어살던 허벅지가 과연 ㅜㅜ 화이팅!!!,4개
21,김은주,"저도 꼭 빼고 싶은 부분이라 운동중인데 자세가 정확한지 알수가 없어 답답 하네요
여러 각도에서 보여주시면 정확한 자세 잡기에 도움이 될것 같습니다",5개
22,정주희,아 뻐근해요 스트레칭할때 우드득 소리나요 ㅋㅋㅋ땀나요,4개
23,leeyeseul,강하나 쌤! 감사합니다 매일 해볼께요!!!,5개
24,소호,코로나 이후로 센터도 못가고ㅠㅠ 수영 복싱도 못해서 5키로나 쪘는데... 집에서 운동도 안되더라구요...선생님 믿고 한번씩 해볼게요!ㅠ,49개
25,Vero9,구독만 눌렀는데 벌써 온몸이 아프다.. 하...,2개
26,정엘사,헉~~~따라 잘 하다가 16분 좀 넘어 포기ㅠㅠ 허리가 자꾸 떠서.. 자세교정후 다시 도전^^,1개
27,AmberrStellar,"선생님 저 오늘부터 
진짜 딱 일주일 해보겠습니다 틈 보고싶어요
4/17 4/18 4/19 4/20 4/21 4/23 4/24 4/25 4/26 4/27 4/28 4/29 5/3",12개
28,JYOUN,"와 살면서 거의 써본적 없는 근육 같아요ㅋㅋㅋ 다리 사이 근육이 이렇게 자극되다니... 역시 강하나 쌤 최고,,,b",1개
29,raina26,12:22 예상치못한ㅋㅋㅋㅋ 동작의 전개라 저만 버벅거렸나요?,1개
30,가던길가세요,2:07 시작,26개
31,,이거 진짜 효과좋아요 코로나로 운동도안하고 먹기만하다가 5키로나쪄서 도저히 안되겠다 하고 시작했는데 하루한번씩 2주밖에 안됐지만 허벅지 사이에 공간이 생겼습니다.. 탄력을 잃었던 허벅지가 올라붙는게 느껴져요! 다들 화이팅.....,1개
32,냐옹,"0:43  여기서 빵터졌어요😆 운동 열씸히 하고 가겠습니다 ~!  아자~!!😀
+와..진짜 하는데 다리후들거리고...땀샤워를 했네요....와....내일도 하겠습니다!
4/21  저녁 12시 왔습니다~!
(하트가 사라졌네욥~♡)",8개
33,영다,❤️,6개
34,더나은,오늘 너무 귀여워요ㅠㅠㅠㅠㅠ💙 사랑해여 언니💜💜💜💜,4개
35,WhatIcallhannah,썸네일 사진 동장 진짜 엄청 어려워보여요ㅋㅋㅋㅋㅋㅋㅋ,8개
36,정혜원,쌤ㅜㅜ 광고가 너무 많아요ㅠㅠㅠ! 하다가 건너뛰기 누르느라 흐름이 끊겨용 흑흑 조금만 없애주세여 하지만 늘 감사해요 많이 버세요 :),9개
37,옴지,"쌤! 안녕하세요!😊 매일 영상보며 쌤이랑 같이 홈트하고 있는데욤, 쌤이 주로 입는 운동복이 궁금해서요..👉🏻👈🏻 혹시 알 수 있을까요? 그리고 짧은 5부 레깅스 어디 제품인지 알 수 있을까요??😶",2개
38,최재은,"3일차인데 오늘부터 출첵하려구요

1일차:❤️
2일차:❤️
3일차:❤️
4일차:❤️
5일차:❤️
6일차:❤️
7일차:❤️

하루마다 1키로씩 빠져요 ㄹㅇ..

살 쪄서 또

1일차:❤️",6개
39,SecondWhy,견갑골에 낀 등살좀 어케 해주세여ㅜㅜ 상체비만 ㅠ,1개
40,박성재,"저는 하체 안쪽에 공백이 생길 때까지 반복해보겠습니댜! 월,수,금 반복 챌린지 시작합니다😍❤️ (안 오면 혼내주세요.....불러주세요....)

4/22(수): O",11개
41,정주희,너무 좋아요 오랫동안 해주세요 늘 감사합니다 ^^,3개
42,혜린,원래 이거 하면 다리가 후들후들 거리는게 정상인가요ㅠ,1개
43,SUNNYKIM,영상 감사해요! 저는 20살때부터 강하나 선생님 하체 스트레칭 꾸준히 했었어요! 효과 완전 좋은데 이번에도 선생님 믿고 도전 해볼게요~!! 근력 없는 저에게 아주 딱이에요~ 영상 감사해요😉,2개
44,조운,좋은 영상 감사합니다.,2개
45,한승희,0:43 웃다 눈물남요ㅋㅋ,40개
46,박은토리,"쌤 복근 공개 텐션 왜캐 귀여우셔요😂😂😂👏👏👏👏
오늘도 건강한 몸을 위해 열운! 
감사합니당❤",2개
47,뿡빵지,여러분 이거 성공후기 알려드립니다.전 원래 키 142에 42키로였는데 전체적으로 허리는 얇은데 허벅지가 너무 두꺼워서 제 몸무게의 10%는 허벅지 같았어요ㅜㅜ 그래서 제가 1번째 동작만 일어나서하고 자기전에 하고 이렇게 하루에 2세트씩 했는데요 2째주 되는날 스키니 쫄바지를 입어봤는데 순간 허벅지가 떼어져 있더라구요...그래서 지금은 1세트씩 하고 있어요! 그리고 중간중간 스트레칭은 다리찟기나 허벅지 마사지 했어요.그리고 공부하때마다 허벅지 사이에 두꺼운 노트 껴놓았구요 한 공부를 1~2시간 하는거 같아요! 지금 5키로 빠졌습니다ㅜㅜ진짜 강추입니다ㅜㅜ완전 11자는 아니지만 그래도 벌어지긴 해여!근데 만족합니다~ㅋㅋ그래서 지금은 말했듣이 1세트만 하구 있어요! 진짜 감사합니다 ㅜㅜ,19개
48,EUNGO,"이거 일주일만하면 정말 허벅지 틈이 생기나요?? 오늘부터 확인들어가볼게요~~ 화이팅!

4/17 ~ 4/24 (4/20 제외) 일주일완료✨

30대후반이라 그런지 쉽게 틈이생기진않네요..... 그래도 아래쪽이빠지고있는게 보여서 내일부턴 쫌 빡센걸로 하려고 해요~ 
여튼 15년동안 찌운 허벅지에 희망이 보이기 시작하니 기쁘네요! 하나쌤 감사해요! 다욧열심히 할게요 ~^^",37개
49,Sunny,"얼마전에 산 청바지 입으려면 요고 해야겠어요.
대체 하이웨스트를 왜산건지 ㅠㅠ 허리가 28이라길래 샀는데 ㅠㅠ 허벅지부터 안들어가요ㅠㅠ
요거 하고 청바지 입을래요~ 오늘부터 갑니다 아자!",1개
50,연소,저 이거랑 사이드킥 같이하니까 숭구리당당으로 걷게되네요ㅠ,16개
51,민잉,"하나쌤 밝아서 저까지 기분이 좋아져요~ 
기운이 넘쳐용 꺄 넘좋아요~~ 오늘도 잘 볼게요😍",22개
52,주다정,덜덜덜 성공했어요✌🏻,2개
53,bonac,아놬ㅋㅋㅋㅋㅋㅋㅋㅋ 선생님 진짜 너무 귀엽고 사랑스러우세요~~ ♥,1개
54,rarayang,"4/20 ✌️
쌤! 근데요 저 자꾸 첫번째 자세 할 때 자극주는 다리 말고 반대쪽 다리가 미끄러져서 자세를 잘 못 잡겠어요ㅠㅠ 흐음,,",1개
55,힘내,쌤!! 하체스트레칭은 이 운동전에 하는 게 나을까요 후에하는 게 나을까요?? 허벅지 살 조지고 싶습당 하체는 갓하나,1개
56,ya,신선한 스트레칭ㅠㅠ 넘나 좋아요 빈공간 만들어볼게여💪,1개
57,왕밤빵,"4월 20일.... 했습니다...! 낼 체육관 가는 날인데 안 가면 또 하러 올게요! 허벅지 덜덜 떨리는게 힘들면서 뿌듯합니다

평일엔 스피닝 하고 주말엔 운동 안 해서 4월 26일은 했어요!!",1개
58,오꾸,"우아 대박!! 진짜 단련되네요
허벅지 안쪽이 후덜덜 🔥
하나쌤 감사합니다",0개
59,JiyoungKim,"3:15 일주일 해볼게욧
4/19🏅 4/20🏅 4/21🏅 4/22🏅 4/23🏅 4/24🏅 4/25🏅 4/26🏅 4/27🏅 일주일은 부족해요 4/28🏅 4/29🍖 4/30🍖 5/1🍖 5/2🍖 5/3🏅 5/4🏅 5/5🏅 5/6🏅 5/7🍖 5/8🍖 5/9🍖 5/10🏅",18개
60,나하,이 영상 너무 좋아요!! 따라한지 10일차에요💓 길지않은데도 하고나서 허벅지가 후둘거려요,1개
61,북극곰,이 운동도 끝나고 따로 스트레칭 해주는 게 좋은가요?,1개
62,체리,"16:22 ㅋㅋㅋㅋㅋㅋㅋㅋㅋㅋㅋㅋ 링잼..
브금 뭐예욬ㅋㅋㅋㅋㅋㅋ",2개
63,AshleeLee,와 효과 직빵이에요..... 오전에 허벅지 사이가 넘붙은것 같아서 이거 꼭해야지 하고 햇는데 오후에 붓기도 같이 빠지면서 급 허벅지 사이에 공간이 생겼어요.....,1개
64,쓰다,누구  일주일 해보고 후기 남겨주삼,64개
65,leidianepimentel,❤,2개
66,Yura,"3:16 시작
4/21 ✔️",3개
67,JieunPark,첫번째 동작 한쪽은 자극이 엄청 잘되는데 한쪽은 아무 느낌이 없더용 ㅠㅠ,20개
68,무민쓰,쉬워요? 쉽다구요? 힘들어죽겠ㅅ어요ㅠㅠ,2개
69,MsGinaKIm,"허벅지가 덜덜덜 떨리네요~  내일이 기대되는 운동이네요^^ 
4월20일🎉",1개
70,최아현,우왕...4/20 뭔가 개운하고 즐겁네요!,1개
71,시홍,"잘려고 누우면 다리가 아파서 힘들지만~!아니~!자고 일어나면 멀어진 나의 허벅지들에 요즘 너무 행복해요,,,,어째 히ㅡ하루하루 허벅지 사이 틈이 팍팍 늘어납니다,,,,하루만에 효과본건 처음이라구요!!
☆하비 인생의 그저 빛☆",5개
72,공유의미학,와! 강하나 선생님 하체 스트레칭 열심히 했었는데 유튜브에서 뵙다니 넘 반갑네요😍앞으로 자주 올게요!!,0개
73,봄봄,1일차😀,2개
74,badalee,3:15 세트 시작,0개
75,01주,"4/20  시작🥰
4/21 O (바지가 헐렁해졌다♥ 이틀째 완료)
4/22 O (좀 타이트한 바지 입음 역시나 힘겹구나.. 힘내서 하자!)
4/23 O
4/24 O",4개
76,저는병신입니다그리고,내일 허벅지에 알이 장난아니게 베겠네요 ㅎㅎㅠㅠㅠ 파이팅 입니댠,2개
77,임경희,"시~~원하면서 묵직한 느낌!!
기분 좋아지는 운동한 느낌~^^
운동 고맙습니다~~",1개
78,알로하알로하,이것만 보면 진짜 당장 해서 틈 생길 것 같은데 상상만 한다..,2개
79,정우느,3:15 시작,0개
80,김서현,"일주일 도전해보겠습니댱🤜🤛
안오면 저 좀 불러주세요ㅠㅠㅠㅠ😫
4.23 ⭕️
4.24 ⭕️
4.25 ❌술 약속,,,,하루 연장하겠숩니당,,
4.26 ⭕️
4.27 ⭕️
4.28 ⭕️
4.29 ⭕️
4.30 ⭕️ 후기 - 빠지긴 빠졌는데 티가 별로 안남. 안쪽에 근육이 생김",18개
81,이진명,"종아리에 효과적인 운동, 스트레칭도 알려주세요!!",1개
82,김은영,허벅지안쪽..늘 힘 없이 출렁이는 살들이 참 답이없었는데 이 운동에 기대를 걸어봅니다ㅎ 매일해도 되는 운동인가요??,0개
83,yange,우아..이거 끙나구내니ㅠㅠ걸어지지가 안아요ㅠㅠ다리에 힘이 풀려서..ㅠㅠ,1개
84,YeonjiLim,바들바듷바듷바들 ㅠㅠㅋㅋㅋㅋㅋㅋ 오늘부터 시작했어요!,1개
85,이선미,4/20 시작!,1개
86,주희전,"4/21 o
4/22 ㅇ 둘째날이 더 힘드네요...
4/23 0
4/24 ㅇ",1개
87,망고베리,"1일차... 하고 나서 다리가 사라졌습니다..
근데 힘든데 비해서 동작은 진짜 간단하네요!!!",2개
88,Marg,2:00,15개
89,송현주,제가 제대로 하고있는지 모르겠어요 ㅠㅠㅠㅠ,1개
90,최은경,♡♡,2개
91,TaEc,"아니.  ""쉽고"" 는 빼주시죠.",2개
92,Lovin,ㅋㅋㅋㅋㅋ오프닝 왜케 똥꼬발랄 귀여우셔용😍😍,2개
93,김부희,"넘 시원해요!! 감사합니다 ♡
4/21☆,",0개
94,헤라봉봉,강사님! 이번 영상 완전 좋아요! 감사합니다~ 오늘 이틀째인데 확실히 자극되고 운동되고 좋아요! 일주일 함께 할게요^^ 주말 잘 보내세요~,3개
95,정재은,"하나쌤 ㅜㅜ
두번째 동작하면 허리아파요...
왜그런거죠ㅠㅠ계속 해도 괜찮을까요..(평소 레그레이즈도 허리아파서 못하거든요..)",0개
96,김채현,진짜 내일해볼게요 ㅎ,2개
97,zoohii,"오늘부터 화이팅! 
4/17 ❤️",1개
98,EunbyeolJeong,"일주일 도전!
4/19",2개
99,youjoypark,선생님^^ 저도 일주일 계속 꾸준히 해볼게요.,1개
100,강딴딴딴,슨생님 저는 이런자세하면 무릎이아파요ㅠㅠ,0개
101,양꽃,"일주일 도전
4/22-4/29",1개
102,꽃봉이,"지금 하고 잠깐쉬는데 안쪽살들이 혼자서 덜덜 떨고 있음..ㅋㅋ
근데 무릎이 아파용 ㅜㅜ",2개
103,YeojeenKim,"일주일 챌린지 오늘부터 시작해봅니다
4/19 🙆🏻‍♀️
4/20 🙆🏻‍♀️ 다리가 부들부들
4/21🙆🏻‍♀️ 오늘 심적으로 너무 지쳐서 건너뛰고 싶었지만 부들뷰들 열심히 따라했습니다🤪 내일 또 만나요 하나쌤
4/22 🤪🤪🤪🤪대자연이 시작되었어요. 생리중 스트레칭으로 운동변경합니다ㅠㅠ 일주일 후에 돌아올게요!!
4/24 🙆🏻‍♀️ 생리통이 약간 심한 편이었어서 무리한 운동은 하지 않으려고 했는데 생각보다 컨디션이 좋아서 돌아옴! 다시 일주일 스타트합니당😎😎😎
4/25 🙆🏻‍♀️
4/26🙆🏻‍♀️
4/27🙆🏻‍♀️
4/28🙆🏻‍♀️
4/29🙆🏻‍♀️",18개
104,주성연,진짜 최고 일주일동안 다른 운동 다 했는데 별로 변화 없었는데 진짜 이 운동 하고 느낀점은 꾸준히 하면 진짜 허벅지 다 빠질거같음  하루 하고 스트레칭 열심히했는데 2센치 줄었음 변화 없던 허벅지가,1개
105,KANG나연,"강선생님~♡
도전해보겠습니다.
자세한 설명과 동작 감사합니다.",0개
106,CrystalLee,마지막 세트 허벅지 파르르~~~~👍,1개
107,청초한편이다,아욱 다리가 덜덜 떨려요🤣,1개
108,warmglow,"후,,, 슨생님 힘들어요 와우 그래도 열심히 해보겠습니다!!! 05/22🙆🏻‍♀️",0개
109,YunaKim,다리들고하는 동작 두번째 세트부터 다리가 허공에서 막 허우적 거려요ㅠㅠ 땀 뻘뻘나네요 ㅎㅅㅎ,1개
110,별다방쏩히,세트를 거듭할 때 마다 다리를 하늘로 뻗어내고 있는 나를 발견 뿌듯,1개
111,뫁,와 첫 동작도 다 따라하기 벅찼어요 어찌저찌 끝까지 했는데 안쪽 허벅지에 이정도 자극은 처음 느끼는 것 같아요 누워서 다리 펴기도 힘들어요 ㅋㅋㅋㅋ 꾸준히 해서 허벅지 떼어내겠습니다 ㅠㅠㅠ!!,1개
112,굥굥이,ㅎㅎㅎ 내다리 체감 마치 코끼리다리...,0개
113,JinLu,"오늘부터 출첵 시작합니다! 
6/1",0개
114,민경애,다리덜덜덜 효과좋아요!!!!! Keep going !!!!,1개
115,김소정,4분 레전드 하체 타바타 연속3번후 얘하러왔어요🖤,0개
116,휴학조하,선생님 보기만 해도 숨차요..,1개
117,간다진하Gandajinha,"5/11✔️ 레깅스입고충격받은날
5/12🤧
5/13✔️
5/14✔️
5/15✔️",1개
118,과학시간TV,허벅지가 달달달 ㅋㅋㅋㅋㅋㅋ,0개
119,안짜르트,죄삼다 .... 무릎이 너무 아파서 못하겠습니다... 이로써 안할 구실을 찾기는 했다만...내 나이 젊은데... 슬프다...,0개
120,Yejin,나도 사이에 츰좀 생겨봤으면 좋겠다,1개
121,여르미,허벅지가 발발 떨리는데.. 실환가요,2개
122,HuiHui,제가 해볼게요 일주일!,1개
123,정지현,"4.21 화 ☺
4.22 수 😚
4.23 목 😊",1개
124,박소정,"일주일 성공하겠습니다
4/22 👍
4/26 👍
4/28 👍
5/1 👍
5/4 👍
5/6 👍",1개
125,정수,썸네일이 너무 빡세보여서 이게 쉽다구요!?😭😂 하면서 들어왔는데 동작은 정말 따라할만하네용 ㅋㅋㅋ ❤ 요즘 집에서 온라인 수업만 들으니까 걷는 시간이 줄어들어서 다리 근육이 사라진 기분이에요... 열심히 따라해볼게요 🙋‍♀️,1개
126,뜨리,내일 꼭 할게요...,1개
127,복숭아,이거랑 복부랑 조져봅니다 화이팅♥️,0개
128,FeromDdkd,"Left: 54.3
Right: 55
4/26✅
4/27✅
4/28✅
4/29✅
4/30✅
5/1✅
5/2✅ 완 
양쪽 1CM씩 줄어들었어요",2개
129,mjk,( ´༎ຶㅂ༎ຶ`),1개
130,띠니,"컵라면 먹고 죄책감에 시작했어요 오늘부터 1일차
일주일 도전해볼게요",1개
131,당나라Dangnara,와 하나쌤.. 헬스밖에 몰라서 큰근육만 써봤는데 안쪽 근육 대박이네요 내일 다리 없어질 각오 하고 했는데 하고 나서 안에 있는 근육인지 지방인지가 지혼자 부들부들 떨려요ㅋㅋㅋ일주일해볼게요!!!❤️🙆‍♀️,3개
132,여눙찡,"스쿼트 챌린지 한달 하구잇는데 3일뒤에 끝나서
바로 이걸로 한달 챌린지 들어갈게요!!",1개
133,데코,다리가 사시나무 떨리듯이 떨리는데 정상인가요..?,2개
134,윤즈,"무릎이랑 허리 통증으로 하다가 잠시 쉬었는데 오늘 다시 시작해요~
5/29 ✅
5/31 ✅",0개
135,syeonKim,일주일 도전 갑니다 🏃🏻‍♀️ 6/5 ⭕️ 6/6⭕️,0개
136,힘내2,"2n년 인생 최초로 허벅지들끼리 떨어져보는 거 보자!!!!!!🔥🔥🔥🔥뽜이아
3:20

4.19 👌🏻
4.24 👌🏻 
4.25(관악산 등산으로 대체)
4.26(따릉이2시간) 낼부터 다시 하나쌤 영상 고!
4.27 👌🏻 이틀간 빡센운동으로 인한 근육통때매힘들어죽을뻔😭
4.29 👌🏻",3개
137,앚지,5/15 시작,0개
138,GabiChoi,일주일 운동도전해보겠습니다두번쨔자세 할때 허벅지는 힘든지모르겠고 배가 세로로 너무아파요 ㅠㅠ 저 잘하고있는건가요 ㅠ,1개
139,예셰쇼,허벅지 바깥쪽도 올려주세요~,1개
