﻿,youtube_id,comment,like_num
0,정준희,중간에 앞벅지 운동 살짝해봤눈데 찢어질것 같은 고통이.. 바로 근육 팍 잡히네여!!! 꾸준히 해볼게욤,8개
1,슈리,"2020.6.1. 아침운동으로 상쾌하게 했습니다.😃온몸이 넘넘 개운해요💕감사합니다. 좋은한주되세요
2일3일4일",4개
2,초식동물,스트레칭이니까 뭐 한번 해볼까?라고 시작했다가 죽다 살아났어요 중간에 포기하고 싶었지만 쌤 설명듣다가 어느순간 계속 따라가는 절 발견 끝까지 완료했습니다ㅋㅋㅋ개운하네요 진짜 단시간 땀샤워 가능합니다!!!,2개
3,콧구멍,"하나쌤 예전에 레전드하체스트레칭 할때도 이 옷색깔이랑 똑같은 색 아니였나요,,?? 벌써 레전드각입니다 ㅠㅠ 내일부터 매일매일 할게요!!! 감사합니다!!!",2개
4,AngieKang,"2주째 홈트 하는 중인데, 아침에 일어나서 강하나쌤 기상 스트레칭 하고, 무리하기 싫어서 15분짜리 다른 유산소 했었는데 
이건 준비 스트레칭도 있어서 아침에 공복 유산소 할때 좋을 것 같아요!! 오늘 발견, 바로 도전합니다!",1개
5,leebucks,"따라해보시길.....내몸에 이런 근육들이 있었나 싶을정도로 전신이 아파옴 ... 홈트 이렇게 제대로 조진적은 처음
 ...",1개
6,알통달통TV운동하는여자들,"운동 끝나면 너덜너덜해지는데
선생님 수업은 더 개운해져요👍",14개
7,김준호,유튜브 알고리즘에 이끌려서 여기까지왔다..남잔데 그냥한번 따라해봤다.. 은근 숨이차고 땀도꽤난다...한번 해볼까합니다 선생님 저 뱃살 빠지겠죠?,15개
8,AshleyAn,강하나 님 버전의 견갑골 안정화랑 겨드랑이 아래 힘 기르는 영상 따라하고 싶어요~~^^,1개
9,HanahanaShim,사랑합니다. 사랑합니다. 언니 항상 건강하셔야 해요. 앞으로 65년정도 더 언니의 스트레칭과 함께 하고 싶어요.♡,1개
10,최이모이모,와... 샘 운동하는데 눈에서 자꾸 땀이나요... ㅠㅜ 이거 정말 액기스네요. 이걸로 정착합니다. 너무너무 감사해요.,1개
11,담하,"좋은 영상 항상 감사해요~~ 홈트한다고 유튭에서 영상 찾아보면  잘못된 자세로 엉성하게 따라하게 되던데 자세하게 설명해주시니 정말 좋은 것 같아요!!

하나 질문이 있는데요!! 몸무게는 적은데  근력이 엄청 부족해서 체지방은 높은경우 어떤 영상을 위주로 보는게 좋을까요??

 근력이 정말 너무 부족해서 겨우 10분 정도 움직이는 걸로 다음날 근육통 생기고 그래요ㅠ
또 근력부족이 문제인지 자세가 문제인지,  런지나 스쿼트 같이 무릎 움직이는 운동을 하면 무릎관절이 너무 아파요ㅠ 코어힘도 너무 없어서 자세도 엉망이고; 그래서 운동을 하고 싶어요ㅠ 무리하지 않구 차근차근 근력을 키우고 싶은데 추천 부탁드려요~!!",1개
12,JihyunKim,저는 하체근육이 엄청 부족한가봐요. 버티기를 하는데 다리가 너무 후들거려서 계속 자세가 무너지네요ㅜㅜ 열심히 따라하면 언젠가 하나쌤처럼 할수있겠죠?,1개
13,녜,와 하나쌤 만나고 항상 영상따라하면 한번은 못따라하는 동작들이 있었는데 이영상은 힘들어도 참고 따라할수있고 다 끝나도 죽겠다는 느낌보단 할만한데?라는 생각이드네요 ㅠㅠ 너무 감사해요 역시 꾸준함이 최고!!,0개
14,용개,"와 진짜 레전드 대 레전드네요ㅠㅠㅠㅠ 쿠폰이라뇨,, 감사합니다♥ 
오늘 하고 자야겠어요 ㅎㅎ",6개
15,SSJ,"설명이 자세해서 너무 좋아요 !
플랭크는 하다가 포기했지만 언젠간 성공하겠지요...? ㅠㅠ",2개
16,CLKim,우와 무릎에 무리 안 가는 운동들이라 너무 좋네요!!,2개
17,히밍이,끝나고 힘들어서 가만히 멍때리고 있었어요...ㅋㅋㅋㅋㅋㅋㅋㅋ,2개
18,윤진,"슨생님,,, 2020 버전에 글램디 콜라보라니요ㅠㅠㅠ 적게 일하시고 떼돈 버세여❤  전 이제 매트 깔러갈게여><",5개
19,깨발랄찌우팸,모든 전신 운동이 다 모아져 있는 압축판이네요! 시간 없을때 이걸로 하면 넘 좋을 것 같아요~ 오늘도 하나쌤 영상으로 열운했어요😉❤️감사합니다~,2개
20,말랑,쌤 이영상도 너무좋아요🤭 요즘 시간없는데 30분짜리라 부담없네요 설명이 넘 자세해서 ‘아 선생님ㅠㅠㅠ’하고 앓는소리 절로나오지만 그만큼 자세 안흐트러지고 힘 빡들어가요 머리는 힘든데 몸에는 좋은ㅋㅋㅋㅋ 믿고보는 하나쌤영상💪🏻,1개
21,이밍TVimingTV,다리 뒤로올리기 동작보다가 다리길이에 감탄하고 갑니댜..👍👍,6개
22,김영진,헐 저희누나가 글램디꺼 찬양하던데  콜라보라니....  신기,6개
23,yugyeongkim,평소 올려주신 타바타 운동 자주하고 있는데 이 영상이 끝판왕 같아요! 감사합니당,1개
24,ESK,선생님 저 1일1영상할게요.. 좋은 콘텐츠 감사합니다☺️☺️☺️☺️☺️☺️,2개
25,차영주,오늘부터 꼬박꼬박 시작할려구요! 1일차 출석 쾅박고가용ㅎㅎㅎㅎ><,4개
26,김혜연,와 언니 벌써 시원할 것 같아요 믿고하는 강하나!,7개
27,진달래꽃,언니 이 운동만 하고 덧 추가해서 운동해야할건없죠!?,4개
28,빨간약,어제 무릎부상으로 운동 뭘 해야할까 고민중이었는데 때마침 알맞은 영상을 올려주셨네여❤️ 자기전에 해야겠어요!!,2개
29,쥬스쌤,갓 올라온 따끈한 영상이네요...!! 자기전 스트레칭 하고나서 보니 있어서 열심히 따라해보고 자려합니다!! 부종도 빠지는 느낌이고 너무 시원합니다 선생님^^ 넘넘 감사해요!! 스트레칭 다이어트 영상 많이 올려주세요💕,1개
30,쀼쀼쀼,오늘 1일차! 목표는 48kg.. 💪🏻,2개
31,조민정,엑기스 동작 총출동이라니..! 글램디 저도 좋아하는 브랜드인데 대박 할인쿠폰 바로 써야겠어욬ㅋㅋㅋㅋ운동은 하나쌤 운동만 할꺼에요🧡,13개
32,MyOnlyAudience,"진짜 하고 나니까 땀 송골송골 다리 후들후들 장난 아니에요ㅠㅠ 
앞으로 꾸준히 할 운동 너로 정했다!!

6/5 🎖",0개
33,진햇살,샘 앞벅지 강화운동을 하려고 힘을 주면 앞벅지 근육이 뭉치면서 쥐가 나는 것 같은 느낌인데 왜 그럴까요? 어케 운동해야 하는지 알려주세요~,3개
34,ahrago,"슨생님 이거 대박이에요...ㅋㅋㅋ 일단 눈으로 봐뒀어요...마음의준비해놓고 따라할게요.,ㅋㅋㅋㅋ",5개
35,미잇츠,세상에 끝판왕이 나온건가요?!!,3개
36,remiremi,오 영상 너무 깔끔하고 보기 좋아요. 소리 효과음도 있어서 운동하기 편하겠어요!,6개
37,오정연,너무 힘들어요 그래두 자극되니깐 조금이라두 빠지리라 생각해요,1개
38,문현주,레전드입니다~~ 👏👏👏,2개
39,정하은,오~ 마침 오늘부터 다이어트하려고 했는데! ㅋㅋㅋㅋ 오늘 밤은 이거하고 자야겠어욤 >.<,5개
40,Ashley의쉽게빼는다이어트,중간에 못 참고 일시정지 눌렀어요^_ㅠㅠㅠ 골반 스트레칭 하는데 몸이 소리를 소리를 305837데시벨로 지르네요ㅠㅠㅠㅠㅠ 하 오늘 회사에서 의자에 삐딱하게 다리 꼬고 앉아있던 나 자신을 때려주고 싶은 맘이에요...☆,4개
41,냥냥냥후뚜뚜빠뚜뚜뿌루룽,언니 이거 스트레칭 맞죠...하드코어트레이닝아니죠...?,1개
42,pinkrabbit,"한달째 강하나쌤 운동 다양하게 돌아가면서 하고 있는데 정말 효과도 좋고 무엇보다 설명 꼼꼼히 해주셔서 최고예요! ^^ 위에 입으신 옷, 2008년에 그 유명한 스트레칭영상에서 입으셨던 그 옷 맞죠? 호호",5개
43,마음부자,"앞벅지 동작 엄청  자극 오네요
목이 아파서 중간에 승모근 하고 끝냈어요 감사합니다",2개
44,윤즈,"운동하고 나면 시원해요~ 꾸준히 하러 올게요~
5/29 ✅
6/3   ✅
6/4   ✅",1개
45,shinohpepe,200529 개운하게 마쳤어요 감사합니다❤,1개
46,YogaSongHayeon,즐겁고 시원한 고통(?) 감사합니다😊,1개
47,minseokim,"홈트는 사랑이지요..
자막있어서 이번영상 너무좋았어요
쌤 운동  너무 좋은데
설명은 간결하게 해주심 너무 좋은걸같은데.. .. .시간도 . 소비된듯.싶기도하고요..동작하심서 설명하기도 힘드실텐테.... 포인트만 알려주심 좋을것같아요",4개
48,김서현,점심에 많이먹었는데 이 영상 따라하니까 소화가되네요!!,1개
49,애벌레찡,역시 하나쌤👍 동작은 초중급 정도인데 콜라보라 그런지 평소보다 설명은 초급에 맞춰진것 같아 설명하실때 혼자 +20개씩 더했어요! 개운하고 너무 좋아요!,3개
50,신혜영,쌤 너무 좋아여 !! 매일매일 하는 걸 목표로 도전해볼게요 !!,0개
51,AhramLee,"이건 다른운동 좀 하고 강해지면 돌아올게요 ㅋ 20분하고 정말  허리가 뽀개질것 같아서 안되겠어요

라고 하고는 결국 끝까지 다 해봤어요 ㅋ 낼 다시 해보겠어요",2개
52,아웅,오늘은자기전에이운동하고자야겠네용~^^,3개
53,bbbo,쌤 배경음악 때문에 목소리가 잘 안들려요ㅠㅠㅠ,0개
54,메로나,브릿지 15초 버티는건 자체 생략했어요 ^^ㅋㅋㅋ 횟수를 거듭할 수록 저는 오징어가 됐는데 쌤은 흔들림이 1도 없으시네요 너무 멋있어요,0개
55,김수희,오늘부터 1일차!!!! 저 건강때문에.. 아빠가 7키로 빼면 동숲 사준다구 그랬는데 언니믿고 갑니닷.. 응원해주세여..♥,6개
56,간다진하Gandajinha,오랜만에 스트레칭 했네요 감사합니다 :),1개
57,duckkim,플랭크 유지가 2초도 어려워요...ㅠㅠ 꾸준히 하면 늘겠죠..? 땀 폭포수같이 나네요ㅠㅠ 개운해요! 고맙습니다,0개
58,이주영,동영상이 업그레이드가 됬네요!!!!! 짱 좋아용,1개
59,얌코코넛,"매일 할게요❤️
5/30 1일차 공복
5/31 2일차 공복",1개
60,MaxVein,"3일차! 다른 운동들보다 부담이 없어서 좋아요:)
4일차-아침 저녁 1회씩",0개
61,디행,슨생님 저 이거 3일째 아침마다 하고있오요... 특히 앞벅지 이렇게 자극되는 운동은 해본적 없는데 제 앞다리살이 곧 빠질것만 같은 느낌이들어요.. 진짜 꾸준히 해볼게요 8ㅅ8,0개
62,곰지,와 조금 땀나네요. 초반에 앞벅지 올리는거 자극 장난아니네요 찢길거같아ㅠㅋㅋ 앞벅지 근육이 부족해서 더 고통스러운건가요..,1개
63,abantu,코로나때 적립해놓은 살들 이 운동으로 다 뿌실거예요....! 1일차!!! 허벅지 쪼개지는 줄 알았어욥 ㅠㅠ,0개
64,슈리,"와.. 30분 길다 생각했는데, 하다보니 후딱 시간이 가네요👍 진짜 힘들었어요. 후달달.. 지금은 시원한 느낌 드는데.. 내일은 근육통 예약이겠죠.🤣 감사합니다💕💕
29일💕31일",2개
65,HyunseonYu,"전신운동 쫙쫙 되네요ㅎ
운동하기 싫을때 하면 좋을듯 해요^^",0개
66,임지아,"설명 때문에 오히려 집중이 안되네요
편집본 만들어주시면 안될까요?",0개
67,뱃살장군송양이,"말모!!! 강하나 스트레칭 
오늘 스트레칭 완료 :)",0개
68,김혜영,아침 따라해보니 정신이 번쩍 들고 좋네요. 그런데 제가 무릎이 약해서 한발 들고하는 브릿지는 할때마다 엉덩이 밑이 아니라 무릎이 아파서...그냥 양발 다 붙인 브릿지로 대체했어요. 그래도 효과는 있을거라 생각해봅니다.ㅎㅎ 안 하는거보단 낫지않겠나 싶어요.ㅎ,2개
69,66밍,"스트레칭부터 근력운동까지 엑기스네옹❤
매일 오겠습니다❣️
5/31 ✔
6/1 ✔
6/2 x
6/3 ✔
6/4 ✔",0개
70,,선생님 혹시 무릎이 이미 안 좋은 사람을 위한 하체 근력 운동 루틴도 있을까요...? ㅠ,0개
71,피카츄,"역시 하나쌤 딴유튜브 전전하다 다시 돌아옴 역시 하나쌤 영상이 짱입니다 
영상 전신유산소 상체 하체근력 일주일에 4일했는데 현재 2주만에 4kg빠졌습니다
물론 식단관리도 철저히했답니다 
몸도 다시 유연해지고 허벅지도 슬림해져서 넘 행복합니다 스트레칭 다이어트가 진짜 짱인거같아요",0개
72,이도경,설명 자세하고 너무너무너무좋아요 !!!!!,0개
73,kim분희,초보자분 하지 마세요 너무 힘들어요....5분만에 포기...저는 근육이 하나도 없는데 버틸수가 없어요...,0개
74,김주희,다리가 숭구리당당... 되버렸는데.. 이거 정상인가요? ㅜㅜ,0개
75,백지영,오늘 늦어서 운동 건너뛰려다가 새영상따라 해보고 싶어서 얼른 했습니다. 뿌듯하네요~  감사합니다.쌤!!,1개
76,연소,요즘 운동루틴을 수정하는 중인데 추가해야겠어요 ㅎㅎ 내일 라방도 기대할게욥~,1개
77,SNN,선생님~ 저는 다른 영상에서도 다리 뒤로 올리기 동작할때 팔목이 너무 아프고 어깨가 천장을 향해 위로 솟아있어요. 팔이 유난히 긴건지 몸이랑 수평도 안 맞구요ㅠㅠ 그러다보니 어깨에 무리가 많이 가는 것 같아요... 뭐가 문제일까요?,1개
78,다요다요,"오늘부터 여름 다이어트 뿌셔!!!!
5/28 163cm / 65kg  👊",6개
79,이믿음,개구리 다리 자세할때 오른쪽 골반이 너무 아파요 다리내릴때특히요 골반 불균형 때문일까요?,0개
80,냠냠,언니 혹시 굽은등? 펴는 운동 알려주실수 있나요 허리랑 등? 사이가 너무 굽어졌어요 ㅠ,3개
81,JanieSuePark,"음악이 두개 섞인건가요,,?",0개
82,JWLEE,"운동은 하나쌤꺼만 하는데 댓글은 처음 남겨요..!  고등학교때부터 다른운동은 안해보고 하나쌤 운동+나름대로 식단조절 해서 8키로 감량했어요..><
유지하면서도 꾸준히 운동하고있는데 이번엔 좀더욕심부려서 45kg가 목표입니다!!
글램디 제품이랑 병행하면서 하나쌤 운동으로 빡세게 해보려구요 의지뿜뿜이에요!!!! ❤ 늘 좋은 영상 주셔서 감사합니다*.* 오늘부터 1일차 시작할께요!!!",4개
83,leidianepimentel,❤,4개
84,진주진주,"강하나쌤 : 다리를 그대로 올려서 버텨주세요
나 : 툭

이 스트레칭이야말로 진짜 끝끝끝판왕이네요
앞벅지 강화운동 진짜 bbbbbbb
글램디랑 같이 먹으면서 열심히 운동할게요!! 쿠폰 잘 썼습니다!!",3개
85,유아아,👍🏻👍🏻👍🏻,1개
86,이다현,"안녕하세요. 매일매일 밤에 강하나쌤 스트레칭 따라하고 있는 구독자입니다.
오늘 새로운 영상을 따라하다가 ‘무릎 접었다 펴기’에서 오른쪽 허벅지 안쪽과 앞쪽에만 자극이 오고 왼쪽에는 상대적으로 자극이 오지 않아서 여쭤봅니다.
강하나쌤 스트레칭 따라하면서 항상 기분좋게 하루를 마무리하고 있습니다. 좋은 에너지와 운동영상으로 찾아와주셔서 감사합니다!!!!!!",1개
87,용디,"158센치/62키로  제가 돌아오지 않을시 댓글로 크게 혼꾸녕을 내주세요 자극되는 심한말도 좋아요
글램디먹고 이 운동만으로 55키로 만들겠습니다
---------------------------------------------
1일차
158cm/61.8kg 
글램디 끝장 스트레칭 👌 (뒤질거같음)
아침: 안먹음 / 점심: 라멘 / 저녁:볶음밥 반공기+짜장소스
레전드 다이어트 주문
2일차
158cm/61.2kg
글램디 끝장스트레칭 👌(개힘듬)
아침:감자전 반쪽 / 점심:까르보나라+립앤아이스테이크 / 저녁: 요플레
글램디 아직 배송안왔음
3일차
158cm/61.2kg
글램디 끝짱스트레칭👌(허벅지 터질듯)
아침:안먹음 /점심:생등심,생갈비,회6점,비빔냉면,아메리카노....이외 부수적인 반찬들 (아무래도 돌아버린듯^^!)
저녁:하도 먹어서 배조차 안고픔^^ 안먹음
(글램디먹는건 낼부터할거니 낼부터 진짜다이어트!)
4일차
158cm/60.1kg 
글램디 끝장스트레칭👌
아침:안먹음/점심:짜파구리 한봉지/저녁:샤브샤브
글램디 cla👌 더블다이어트👌 글램카페👌
(식단조절 안하는데도 무난히 잘빠지는듯 낼부터는 진짜 식단조절하기 제발)
5일차
158cm/59.7kg
월욜후유증으로 운동못함
아침:안먹음/점심:까르보불닭 조그만거+계란2개 /저녁:닭갈비1인분+양배추 많이
글램디 cla👌 더블다이어트👌 글램카페👌
글램디먹고 화장실을 매우잘가게 됨 만족
6일차
158cm/59.3kg
글램디 끝장스트레칭👌
아침:안먹음 /점심:큐브스테이크덮밥 /저녁:닭갈비0.5인분+볶음밥
글램디 cla👌 더블다이어트👌 글램카페👌
다이어트식으로 안먹는데 살빠지는게 신기함
하나쌤 운동은 여전히 힘듬 땀남
7일차
158cm/59.2kg
글램디 끝장스트레칭👌(졸라힘드러!!!!!!)
아침:안먹음 /점심:한솥도시락 떡갈비 /저녁:조샌드위치+생과일주스
글램디 cla👌 더블다이어트👌 글램카페👌
초기평
일주일에 2.6kg 감량. 운동은 할때마다 욕나오지만 초절식하다가 나중에 입터져서 폭식하지 않아 좋음
솔직히 먹는 양만 잘 줄였어도 더 빠졌을듯...? 하지만 줄이다가 나중에 폭식해서 요요오느니
폭식만안하는 수준으로 잘 먹고 글램디잘챙겨먹고 운동잘하는게 더 낫다고봄
2.6kg나 빠졌는데 살 엄청빠졌다~ 이런소리까진 못들은걸로 봐선 약간 묵은똥이랑 붓기가 빠진듯
내일부턴 더 열심히 해봐야지",7개
88,yeyeonGim,브릿지 때 한다리 올리고 하면 허벅지가 아프고 몸이 직선이 안돼요.. 엉덩이가 처져요 그냥 브릿지 해야할까용,0개
89,JK,스트레칭 좋은데 동작 바뀔때의 설명이 너무 길어서 매일 보기엔 힘들거 같아요.. 전 동작 적어두고 그냥 노트 보고 하려고요 선생님 스트레칭 좋은데 매번 느끼는 거지만 설명이 너무 많아요 ㅠㅠㅠ,0개
