﻿닉네임,댓글,좋아요수,날짜
yeondukong연두콩,"❤️당첨자발표❤️ 한분씩 뽑기 섭하잖어유

워커
dbswks092@naver.com

책 (봤던 책들 사놓은 책들 여러권 보내드릴게유)
ss52s@naver.com
yeose07@gmail.com
geeeeeng@naver.com

향수 (여러개 새것 사놓은거 많아서 두분뽑앗슈)
러쉬 - 01esther21@naver.com
랜덤향수 - gkgkdud96@naver.com

다이어트 식품들
푸디티 - wlsgk3329@naver.com
그 외 다이어트 식품들 - sss5389@naver.com

Mct오일 + 키토제닉 책들
ngg1209@naver.com

곤약젤리
rsy0428@naver.com",21개,2020. 5. 24.
yeondukong연두콩,"9:39 무나제품들 필요하신분들 계실까유??
❤️곤약젤리는 제가 새거로 사서 드릴게유❤️
구찌나 닌텐도는 나도 당근마켓에 팔아야해서 안대유~ 갖고싶은것+이메일 적어주셔유🧡
⭐️사연쓰지마셔유 어짜피 랜덤임!!!⭐️
덤 엄청 챙겨갖고 무나 해드려유~~안 필요하심 말구유~~27일까지 신청 받을게유~❤️",392개,2020. 5. 24.
김세린,아니 ㅌㅋㅋㅋㅋㅋㅌㅋㅋㅋㅋㅋㅋㅋㅋㅋㅋ 한국어 자막 켜져있었는데 맨 처음에 언니 인사하실때 괴로운 일 뚜껑 입니다 이렇게 떠요 ㅋㅋㅋㅋ ㅋ ㅋ ㅋ ㅋ ㅋ ㅋㅋㅋㅋㅋㅋㅋㅋㅋㅋㅋ 자막상태 무슨 일..,5개,2020. 5. 24.
이꼬북,"저 진짜 중딩인데ㅜㅜ
돈도 없고 부모님께 사드리기도 죄송해서
한번 와봤습니다...ㅎㅎ
제가 갖고 싶은것은
1.향수
2.워커(검정)
3.곤약젤리
이중에 하나라도 당첨되면 좋겠어유..
메일:nns7905@gmail.com",3개,2020. 5. 24.
원이,진짜 썸네일 보는순간 너무 귀여워서 홀린 듯 들어왔다,23개,2020. 5. 24.
Islee,"연근마켓ㅋㅋㅋㅋㅋㅋㅋㅋㅋ귀여워욬ㅋㅋㅋ
러쉬 향수 진짜 너무 사랑해요ㅠㅠㅠ 
향수 islee694@gmail.com",0개,2020. 5. 24.
서연,"진짜 페북이 문제에욬ㅋㅋㄱㄱㅋ
향수아님 다이어트! yunseoyen@naver.com",1개,2020. 5. 24.
초코송이,"2.책이요!!
요즘 책읽는거에 빠져가지고 읽어보고 싶네요ㅎㅎ(책값이 너무 비싸다늣...)

deapo6939@naver.com",4개,2020. 5. 24.
뜌빕,"광고 건너뛰기가 움직이는 거 보고 ㅋㅋㅋㅋ너무 귀여워가꼬큐ㅠㅜㅜㅜ 심쿵💕
저는 3번인 다이어트!!로 부탁드립니당><
tndjs0202@gmail.com",0개,2020. 5. 24.
8465wl,"💚곤약젤리 받고 싶습니당💚

평소 곤약을 정말 좋아해서 자주 사 먹습니당~
저한테 주시면 유통기한 전까지 다 먹을 수 있어용ㅎㅎㅎ! 두콩언니한테 받으면 정말 너무 너무 좋아서 미칠 것 같아용ㅠㅠ 그리고 인스타로 후기 사진 바로!! 남기겠습니당 저를 뽑아주세효💖

wl8465@naver.com",7개,2020. 5. 24.
DhaHaeChung,"ㅋㅋㅋㅋㅋㅋㅋㅋㅋㅋㅋ진짜 페북 초창기에는 지르다가 한번도 건진게 없어서ㅠㅠㅠ 못 믿겠더라구요ㅠㅠㅠ
향수 아니면 다이어트! jessca8078@gmail.com",0개,2020. 5. 24.
고원빈,"연근 마켓 이름 너무 귀여워요ㅋㅋㅋㅋㅋㅋㅋ
이런 이벤트 너무너무 좋은 것 같아요!
저는 다이어트요!!wonbien218@gmail.com",0개,2020. 5. 24.
세영,"썸네일 진짜 너무 귀여워서 홀린듯이 들어왔는데 완전 멋진 이벤트까지 만나다니 🙊 
향수 혹은 책 ❣ ghfkddl0730@naver.com",0개,2020. 5. 24.
수인,4:26 후두두두ㅜ 나온다 왤캐 웃기죠ㅋㅋㅋㅋㅋㅋㅋㅋㅋㅋㅋㅋㅋㅋㅋㅋ,0개,2020. 5. 24.
장현서,"전 한번도 향수를 써본 적이 없는데 이 기회를 통해서 꼭 러쉬 향수를 써보고 싶습니다!!
janghyunseo12@naver.com",7개,2020. 5. 24.
소연,"연근마켓 ㅠㅠㅠ 휴 진짜 너무 귀여운거아닙니까 
향수 / dlathdus99@naver.com",0개,2020. 5. 24.
정동희,연근마켓ㅋㅋㅋ이름 너무 기엽게 잘지었어여😆 향수 받고 싶네용ㅎㅎ / ehddl1226@nate.com,0개,2020. 5. 24.
김나현,"우악 언니 오늘 화장 너무 이뻐여ㅠㅜㅜ 저는  향수로 신청하겠습니당!!
제 이메일은
pitapat0713@naver.com 입니당!!",0개,2020. 5. 24.
예서,언니 ㅔㅜㅜㅋㅋㅋㅋㅋ 연근마켓이라니요 너무 귀엽잖어요!! 향수 qpalzm1418@naver.com,1개,2020. 5. 24.
지원,"돈이 부족한 학생이라 항상 향수테스터만 킁킁거리는데 이번기회에 러쉬향수 가지고 싶습니다ㅠㅠㅠㅜㅜㅜ 항상 잘보고있어요!♡화이팅😀
cw54w1@naver.com",4개,2020. 5. 24.
정보민,언니 말하는게 너무 웃겨욬ㅋㅋ쿠ㅠㅜㅠ 동물의 숲 너무 가지고 싶었는데 미안한데 귀엽지가 않댘ㅋㅋㅋ쿠ㅜㅜㅜ,0개,2020. 5. 24.
나린,"진짜로ㅜㅜㅜ너무 기여운거 아임니까요오ㅜㅜ:) 연근마켓이라니ㅜ저는 곤약젤리 먹고싶어요! 저도 다이어트 하고싶은데 부모님께서 다이어트 식품 살꺼면 용돈 안준다고 그러세요....ㅜ 그래서 저도 곤약젤리 먹으면서 다이어트 하고싶어요! 
곤약젤리/tldmsdlthd2@naver.com",1개,2020. 5. 24.
,너무 귀엽잖아요 연근마켓ㅋㅋㅋ큐ㅠㅠㅠ저는 향수 신청해봅니당 히히 rina_0323@naver.com,0개,2020. 5. 24.
용두식,"연근마켓ㅋㅋㅋㅋㅠㅠㅠㅠ귀여워ㅠㅠㅠㅠ 언니 저는 향수 주신다면 감사하겠습니다,,♥︎ parkyerin89@gmail.com",0개,2020. 5. 24.
12Cherry,"코로나 바이러스로 확진자가 아닌 확찐자가 되고 있는 1인에게 다이어트 제품 혹은 곤약젤리 둘 중 아무거나라도 무나를 받을 수 있다면 확찐자를 탈출할 수 있을 것 같습니다...ㅜㅜ
두콩ㄴ님 늘 건강 조심해야 하는 거 아시쥬?ㅎㅎ❤️
@lsm030120@naver.com",10개,2020. 5. 24.
예지,"ㅋㄱㅋㄱㅋㄱㅋ아이고 귀여우셔라 당첨되면 감사히 잘 쓰겠습니다!😆
저는 향수로 신청해볼게요!
kimyeji1248@gmail.com",0개,2020. 5. 24.
누리,"연근마켓 귀여워ㅜㅜㅜ 저는 다이어트 신청합니다!!
angela0821@naver.com",0개,2020. 5. 24.
예진장,"연근마켓ㅋㅋㅋㅋㅋㅋ너무 귀여우신거 아입니꺼ㅎ

전 다이어트 제품이여!!! ye4949@naver.com",0개,2020. 5. 24.
뇽뇽,여름인데ㅠㅠㅜ 살 너무 쪄가지고 작년에 입던 옷 다 안맞아요ㅠㅠㅠㅠㅠㅠㅠㅠ 다이어트에 도움 되면 좋겠어요ㅠ                                           다이어트 + lucy0814@naver.com,0개,2020. 5. 24.
jisoo8226,곤약젤리에서 빵터졌어욬ㅋㅋㅋㅋㅋㅋㅋ귀여웤ㅋㅋㅋ 다이어트 jisoo8226@naver.com,0개,2020. 5. 24.
우여진,연근마켓 ㅋㅋㅋㅋ 너무 귀여우어요유ㅠㅠㅠㅠㅠ 저는 다이어트 중이므로 다이어트 ln6535@naver.com,0개,2020. 5. 24.
김지은,"언니 너무귀여워욬ㅋㅋㅋㅋ ㅜㅜㅜ 저향수 진짜 좋아해요!!
머스크향 특히 !
향수용 / ribon10@naver.com",0개,2020. 5. 24.
신지원,알바와 과제에 치어서 사는 대학생에게는 향수는 사치라고 생각했는데 대학교 고인물인 저도 새사람으로 새향기로 태어나고 싶어요ㅠㅠ💖  향수 + ssjw1204@naver.com,2개,2020. 5. 24.
아라비,"향수 + 이메일 : sinjitemee@naver.com
안녕하세요 연두콩언니 ❤ 20대 연두부에요 ! 
20대가 되고, 사람들을 만나면서 향기가 정말 중요하다고 생각이 들었어요. 저를 떠올렸을 때 그 향기가 생각나는 향수를 너무 갖고싶었는데, 막상 향수를 사려고 하면 너무 비싸고, 뭘 사면 좋을까 고민하면서 시향을 해보면 마음에 드는 향수가 없었어요 .. 연두콩언니를 좋아하는 팬으로써 언니가 고른 향수는 저도 마음에 들지 않을까, 20대가 되고 제대로된 향수를 사본 적이 없어서 신청하게 되었습니다 ☺ 연두콩님 좋은 무료나눔 해주셔서 감사해요 💛 베리영도 기대하고있어요 !",12개,2020. 5. 24.
주영,ㅋㅋㅋㅋㅋㅋㅋㅋ연근마켓ㅋㅋㅋㅋㅋ이름 진짜 신박해요 향수+jyson0210@naver.com,0개,2020. 5. 24.
최정인,"연근마켓 신청 : 향수 + jeongjungini@naver.com
러쉬 향수는 넘나리 비싸서 더티 바디스프레이만 썼는데 머스크향이라니요,,,ㅎㅎㅎㅎ샌달우드 최고 좋습니다 🤍",2개,2020. 5. 24.
혜오니,"ㅋㅋㅋㅋㅋ연군마켁 진짜웃기네 
저눈 푸디트 먹어보ㅏ야하나 싶었구 ,, 향수도 멀 사야하나 했는데 ,,!!!!
다이어트 , 향수 !!!!!! 
hwlee3@kuhnil.com",0개,2020. 5. 24.
윤아영,썸넬 너무 귀여우셔서 들어왔어요 ㅋㅋㅋ 무신사 깔았다가 지웠는데 다시 깔아야겠군요.. 향수-ebag17014@gmail.com,0개,2020. 5. 24.
김예인,"🥕연근마켓🥕작명센스 정말 짱짱ㅋㅋㅋ 향수 무료나눔 줄 설게유!! 향수 너무 좋아해서 다 인마이포켓하고픈,,,  그 와중에 베리영 티셔트 넘 예쁘잖아요ㅠ 사실 티저에 두콩님 넘 귀엽고 예쁘고 다 하셔서 오조오억번 돌려보는중💕 1일3두콩!  yein3321@naver.com",6개,2020. 5. 24.
김민주,"저도 맨날 사고 후회합니다 ㅜㅜ ㅋㅋㅋㅋㅋ쿠ㅜㅜ 끊을수 없는 쇼핑 굴레 ㅜㅠ
6번 향수 minjoo030224@naver.com",0개,2020. 5. 24.
김민솔,"궁금한데 당첨되면 너무 좋을거같아요ㅠㅠㅠ연근마켓 다이어트 템 !!!ㅠㅠㅠㅠ

ebkim1224@naver.com",0개,2020. 5. 24.
희건,향수요 향슈 ㅠㅠㅠㅠㅠㅠㅠ다이어트도 좋치만 향수진짜 원츄 ㅠㅠ 성년의날도 비대면으류 하게된 저    ㅠㅠㅠㅠㅠ 듀콩마켓 향수신청해요! conniely7@daum.net,0개,2020. 5. 24.
045J,"언니 영상 잘 보고있습니당❣️ 연근마켓 ㅌㅋㅋㅋㅋㅋㅋ 귀여오요❣️❤️ 저는 향수 처돌이라 향수가 너모 갖고싶네요 ㅠㅠㅠ
당첨이 된다면 꼭 받고싶습니당😭❤️ 이메일은 milk0669@naver.com 이예요!",0개,2020. 5. 24.
정의엽,"연근마켓 넘 귀여워여ㅠ
 책 읽는 거 좋아해서 책 신청합니당!!
책   euiyeubjung@gmail.com",4개,2020. 5. 24.
이승아,다 너무 좋아서 못고르겠네영 ㅠㅠ 곤약젤리나 향수 아무거나 괜찮아유 ~!!            Sal061218@gmail.com,1개,2020. 5. 24.
구구구,"향수요!!! 향수 진짜 너무 좋아해요ㅠㅠㅠㅠㅠ
아직 학생이라 향수 살 돈이없었는데 향수 꼭 얻고싶습니다!!!
scg9799@naver.com 입니다!!",0개,2020. 5. 24.
김민서,요번 영상 메이크업 너무 이뻐요!!ㅠㅠ 영상 올려주시면 감사하겠습니다유ㅠㅠㅠㅠ,0개,2020. 5. 24.
유정,"아ㅜㅠ 언니 넘 귀여워요,,,,,진짜ㅠㅠㅠ 체고,,. 
저는,,  다이어트,, 소심하게 신청해봅니다,,,,!
다이어트  dpfdldpdy@naver.com",0개,2020. 5. 24.
YJ,"연두콩님 오늘 너무 귀여우세욬ㅋㅋㅋㅋㅋㅋ새벽에 페북에 들어가지말쟛!!🤣🤣
저는 다이어트 ksh03027@daum.net 신청하겠습니다!",0개,2020. 5. 24.
태형김,다이어트중인ㄷ 푸디트랑 ㅠㅜ곤약젤리 주세유ㅠㅠㅠㅠㅠㅠ 헝 ㅠㅠㅜ 무나 열어주셔서 감사함니다 두콩님...!,0개,2020. 5. 24.
SUNNYS,"ㅋㅋㅋㅋ지름신 내린 언니도 귀여운건 사기야 사기,,
저도 새벽에 페북 안할거에요 이제,,ㅠㅡㅠ
향수 !! 부탁해요~~
seh0625@naver.com 입니다아❤️❤️",0개,2020. 5. 24.
지현,"연근마켓 짱 귀엽네용 ㅇㅋㅋㅋㅋㅋㅋㅋㅋ
다이어트 + sinjihean01@gmail.com",0개,2020. 5. 24.
스폰지밥,6:43 난줄..... 돈후앙 나오고 주민노가다 하다가 현타와서 안하구있어요 ㅜ,7개,2020. 5. 24.
꾸물꾸물,"ㅋㅋㅋㅋㅋㅋ 저도 다이어트 제품 사놓고 안 쓰는거 많은데,,, 동질감 느꼈습니다.
향수 도전해봅니다  sally2906@naver.com",0개,2020. 5. 24.
박예빈,언니 저 러쉬 너무 좋아해요ㅜㅜㅜㅜㅜㅜㅜㅜㅜㅜㅜㅜㅜ향수 꼭 갖고싶어요 정말로ㅜㅜㅜㅜㅜㅜㅜㅜㅜㅜㅜㅜㅜㅜ yeroro965@naver.com,0개,2020. 5. 24.
HaPark,"연우 연우 연우마켓.. 연근마켓..  ㅠ 귀여우여유ㅠㅠ 사랑스러우 🧡
드럽게 갖고 싶은 것들.. 넘나 많네유 ? 

연근마켓 신청 : 다이어트 
wlsgk3329@naver.com",0개,2020. 5. 24.
eunjiwhite,"와우 연두콩님 너무 귀여워요ㅠㅠ♥♥
저는 2. 책 하겠습니다!! 책 읽는거 너무 좋아해요😜
jisung7872@naber.com",0개,2020. 5. 24.
,"썸네일 너무 귀여우셔서 들어와버렸다 미모 미쵸따,,💖",27개,2020. 5. 24.
sweetandsour,"향수, MCT 오일, 책 인간본성의 법칙 중 하나 암거나 주세유~ duswn412@naver.com  당첨 될라나 몰라~~~~",0개,2020. 5. 24.
안솔,연근마켓 넘 귀여워용 ㅠㅠㅋㅋㅋㅋ 저는 다이어트 나 곤약젤리 용...💖💖 !!!!! nur636@naver.com,0개,2020. 5. 24.
J가영,"연근마켓ㅋㅋㅋㅋㅋㅋ당근마켓 요즘 잘쓰고있는데 완전 격공하는 필요없는 물건들ㅋㅋㅋ
❣저는 다이어트요!! 푸디트 진심필요한 몸띵이..
❣rkdud-443@nate.com",0개,2020. 5. 24.
sk06131,ㅋㅋㅋ아 언니 너무 귀여워용ㅠㅠ  향수 sk06132@naver.com,0개,2020. 5. 24.
다해라,"돈 없는 고등학생인데 ㅠㅠ 좋아하는 선배가 이 향수 뿌리고 다니셔서.. 봤는데 러쉬.. 너무 비싸더라구요..받고 선배랑 공감대 만들어보고 싶어요😂 
향수 + seonyeongbae14@gmail.com",23개,2020. 5. 24.
디디,"영상 잘보고 있어요!너무 귀여우신거 아닌가요?ㅋㅋㅋㅋㅋㅋ저는 곤약젤리요!
princessyjm@naver.com",0개,2020. 5. 24.
만월,"저 머스크향 좋아하는데ㅠㅠㅠ 무나하시기에 기쁜마음으로 참여해봅니다!

향수 : qhrudwjd97@naver.com",0개,2020. 5. 24.
박현아,4:00 광고 건너뛰기 뭔뎈ㅋㅋㅋㅋㅋㅋㅋㅋㅋㅋ 너무 귀엽자나ㅜㅜㅜ,6개,2020. 5. 24.
육문희,향수요!!!언니 그 향수 완전 제 최애탬ㅇ에여ㅠㅠㅠㅠ 저 주세욥❤️exovsm@naver.com 이요!!!!!!!!,0개,2020. 5. 24.
붐붐바스틱,연근마켓 존귀ㅠㅠㅠㅠ 연우언니가 제일 존귀ㅠㅠㅠㅠㅠ,22개,2020. 5. 24.
김진주,"너무 귀여운거 아닌가요?ㅠㅠㅠ
저는 확찐자가 되서 다이어트신청합니다ㅠ
다이어트 연근마켓 신청 
soonjongko106@ naver.com",0개,2020. 5. 24.
죠수,"향수향수향수 넘 갖고 시퍼요ㅜㅜㅠㅠ 이런 무나 넘 조아요🤍  감사해요ㅎㅎㅎ 항상 잘 보고 있습니당

연근마켓 신청: 향수 j2574664@naver.com",0개,2020. 5. 24.
슈슈,"곤약젤리에서 진짜 빵 터졌어요
후회하는게 너무 귀여워여ㅋㅋㅋ

책, sumin6186@naver.com",0개,2020. 5. 24.
오오아예,"신청: 다이어트, 책, 향수 중에서 아무거나♡
이메일: dhgusrud2963@naver.com",0개,2020. 5. 24.
이민경,🥕연근마켓🥕라임 미쳤닼ㅋㅋㅋㅋㅋㅋㅋ이와중에 베리영티 밖에 눈에 안보어유😆😆,16개,2020. 5. 24.
김민지,"ㅋㅋㅋㅋㅋㅋㅋㅋ오늘 너무 귀여워요❤️

향수 greatalswl04@naver.com",0개,2020. 5. 24.
조윤주,"연근마켓 너무 귀여워요ㅠㅠ
향수, andtlfdl43@naver.com",0개,2020. 5. 24.
유또,"연군마켓이라니ㅠㅠㅠ넘무기여웡 ㅠㅠㅠ💚❤💚❤
다이어트 !! dahy97@naver.com",0개,2020. 5. 24.
최수빈,저 다이어트가 시급합니다ㅠㅠ 살쪄서 교수님께서 뭐라고 하시네여...😭 제발 제발 뽑히길🙏🏻다이어트 + subing1209@naver.com,0개,2020. 5. 24.
찜니망개,"독서기록장 채워야하는 중3입니다ㅋㅋㅋ 집앞 도서관도 안열고 집에는 동화책밖에없어서 채울래야 채울 수가 없어요ㅠㅠ 한권이라도 보내주신다면 감사히 다 읽고 독서기록장 써서 수행평가 잘 받을께요!
arim4345r@naver.com",3개,2020. 5. 24.
정영신,"저도 구찌 운동화 있는뎁 진짜 무거어용 ㅠㅠ 
운동화는 괜차는뎅 무거워서 돌덩이같아여 ㅠㅠ",0개,2020. 5. 24.
이,"연근마켓ㅋㅋㅋㅋㅋ로고 바꾸신것두 기야워유
향수~ rudwls3477@naver.com",0개,2020. 5. 24.
정0h,ㅋㅋㅋㅋㅋㅋㅋ새벽에는 쇼핑하면 안되는고 너무 공감해요....다이어트 제품 원해요♥️♥️♥️ kimm1217@naver.com,0개,2020. 5. 24.
또융,ㄷ...다이어트 해야되는데... 학생이라 돈이없네윳!!ㅠㅠㅠㅠㅠ 고냑젤리나 다이어트제품 갖고시퍼유... 0503syn@naver.com,0개,2020. 5. 24.
,"MCT오일 ㅠㅠㅠ요즘 건강이 많이 안좋아져서 영양제에 눈을 떴어요,, 같이 늙어가는 처지에 한번 기대해봅니당 ☁️🤍🤍🤍(dbqls3768@naver.com)",4개,2020. 5. 24.
이혜진,진짜 목소리 짱 귀여워요ㅠㅠㅠ다이어트요!ekfrnl12@naver.com,0개,2020. 5. 24.
지연,"오늘 메이크업 너무 예뻐유🙊 실례가 안 된다면 영상으로 만들어주실 수 있으실까유...? 진짜 완전 딱 제 스타일이에유‼️
곤약젤리 <popaz613@naver.com>
제가 쩨일 사랑하는 청포도맛이라니💖💖",0개,2020. 5. 24.
김유진,"향수 919dbwls6119@naver.com
콩언니 너무 귀여워여 ㅋㅋㅋ",0개,2020. 5. 24.
회오리진배,"향수 : seoyung1128@naver.com

ㅋㅋㅋㅋ광고 건너뛰기 넘 귀여워용",0개,2020. 5. 24.
잉잉,ㅋㄱㅋㄱㅋㅋ 부엉이 원래 벌레랑 곤충류 무서워해서 그래여 물고기는 괜찮아요!,3개,2020. 5. 24.
나현,"다이어트 식품 정말 간절합니다아ㅠㅜㅜㅠ 
다이어트 ( skgus5211@naver.com)",0개,2020. 5. 24.
박현아,"이렁거 신청 첨해보는데,,, 평소에 유튜브를 잘 안봐서 모르다가 두콩님 오늘 첨보고 바로 구독했어요!!! 고3인데 새벽에 공부하다가 곤약젤리 쪽쪽먹는거 조아해섶,,, 곤약젤리 신청할게욥!
곤약젤리🤩gusdk4477@naver.com",1개,2020. 5. 24.
땡큐노,연근 마켓ㅋㅋㅋㅋ 구ㅏ여워요ㅠㅠㅠ 저는 다이어트로 신청이요!! 지금 마침 2주째 다이어트 중인데 아직 3키로밖에 안 빠져서.... pinkyhj318@naver.com,0개,2020. 5. 24.
하은,"언니 너무 귀여우셔요😭😭😭😭
연근마켓 이름 너무 귀여운 거 아닌가요😍😍
5. 곤약젤리
이메일: lesw2760025@naver.com",1개,2020. 5. 24.
최강천민,"다이어트 가지고싶습니다ㅠㅠㅠ학생이라 돈이 없어서 다이어트 제품을 따로 산다거나 하지 못하는데 요즘 살 때문에 너무 스트레스 받아서ㅠ저거먹으면 그래도 조금이라도 도움이 될까싶고,,,부탁드려요 언니
sollchan@naver.com",3개,2020. 5. 24.
박주현,"연근마켓ㅠㅠㅋㅋㅋㅋㅋㅋ저는 책 신청할래요📕📗📘📙 
joohvely@naver.com 인간 본성을 알아보쟈..!",0개,2020. 5. 24.
yukim,"우앙 언니ㅠㅠㅠ 집에만 있다보니 다이어트 너무 필요합니다... 부탁드려요😭 
다이어트+dbdnjs0728@naver.com",0개,2020. 5. 24.
유안의삶을즐기세요,저희 어머니도 당근마켓 애용자에용ㅋㅋㅋㅋㅋㅋㅋㅋ향수 jihye3245@naver.com,0개,2020. 5. 24.
수경,다이어트+이메일: dustls3125@naver.com연두콩언니 너무 귀여워영 >< 당첨되면 잘쓰고 리뷰도 잘 올려볼게용!! 사랑해용!!,0개,2020. 5. 24.
김예주,아 언니 귀요미ㅠㅠㅠㅋㅋㅋㅋㅋㅋㅋㅋㅋㅋㅋㅋㅋㅋㅋㅋㅋㅋㅋㅋㅋ무나가 뭔가했자나유ㅠㅠ,3개,2020. 5. 24.
은행,"신청: 책, 향수, 곤약젤리 중 아무거나💚
이메일: cheeze1122@naver.com",0개,2020. 5. 24.
끅끅,"연근마켓이유~? 애용해야겄네유 ^^

책도 좋구유... 다이어트도 좋구유 향수도 좋아유 ^^  eastlimm6944@naver.com",0개,2020. 5. 24.
애어캡뽁뾱이넘버원,유튜브에서 제일 동안 아닙니까 정말..?신기함 연두콩의 시간은 멈춰있다 ㄷㄷ,0개,2020. 5. 24.
룰루랄라집사,헐 ㅠㅠㅋㅋㅋㅋㅋㅋ저도 한끼 곤약젤리랑 동물의숲....사놓고 후회중이애오ㅠㅠ 다이어트한다고 사놓고 안먹어서 무료나눔하구..동숲도 너무 하고싶어서 온라인다운받았다가 한달하고 안하게되네요 ㅠㅠㅎㅎㅎ...,0개,2020. 5. 24.
아현,"우와 ㅜㅜ 향수 부자시네유 .... ㅠㅠㅠ 저는 향수가 하나도 없어유 향수 하나 꼭 꼭 갖고 싶어유 ㅠ ㅠ 하나 주시면 평생 쓰도록 할게유 💛💛💛💛
(dkgusml@naver.com)",3개,2020. 5. 24.
김유진,"키토제닉 다이어트에 관심이 있어서 최강의 식사 책이나 mct오일이 궁금해요!

1998yg@naver.com",0개,2020. 5. 24.
이승은,"언니 베리영 옷들 엄청 기대하고 기다리고 있어요 ㅠㅠㅠ❤️

곤약젤리 + lse1004_@naver.com",0개,2020. 5. 24.
김은주,"향수 kej1999@naver.com
언니 너무 귀여운거 아닙니까ㅠㅠㅠ",0개,2020. 5. 24.
슬기,"향수 slki2001@naver.com
진짜 갖고싶어요유ㅠ ㅠㅠㅠㅠㅠㅠㅠ 향수 애제자로써요 ...!!!!!!!",0개,2020. 5. 24.
mena,"2. 책 특히 인간 본성의 법칙이요 ㅠㅠㅠ 제가 책 읽는 걸 정말 좋아하고 책에 환장합니다!! 특히 두꺼운 거요 ㅠㅠ 읽어도 읽어도 끝이 없는 거!! 하..너무 좋아요..하.. 도서관에서 빌리면 맘편하게 못 읽는 거 아시쥬? 2주내에 반납해야하니께ㅠㅠㅠ 짧은 책은 빌리고 두꺼운 책은 구매해야 하는 것이쥬 😭 찔끔 찔끔 읽어도 다시 책상에 오면 읽을 게 남아있다는 게 참 제 삶의 낙이죠 ㅠㅠ ㅎㅎㅎㅎ  엉어ㅓㅇ우ㅜ우우ㅜ 앞으로 읽을 게 많다는 그 쾌감 넘 좋아요 ㅠ 혹시 안 읽으신다면 받고 싶어요 !! 하핳... 


e3282@naver.com",14개,2020. 5. 24.
지혜,연근 마켓 이름이 너무 귀엽네용 ㅋㅋㅋ 저는 향수요!!!leesi8644@naver.com,0개,2020. 5. 24.
박채원,"향수 신청합니다! 연두콩님 너무 귀여워요ㅠㅠ
qkr25987@naver.com",0개,2020. 5. 24.
chrisshl,"""향수"" 신청합니다!
연근마켓 이름 넘 잘 지으셨어요! 귀여워요
러쉬 좋아하는데 당첨되면  잘 사용할 수 있을 것 같아요 제게는 ""갖고싶은 템""입니당💜

lucky7tina77@naver.com",0개,2020. 5. 24.
삡삡,"최강의식사, 향수 너무 필요해요ㅠㅠㅠㅠ
mighan2@naver.com",0개,2020. 5. 24.
장미,"연근마켓 넘 귀엽네용.. ❣️ 다이어트템 신청해 봅니당 집에만 있다보니 다이어트가 시급해욥 ㅠㅠ
caflorence@naver.com",3개,2020. 5. 24.
영화보는두더지,"연근마켓ღ 저는 향수 신청해요!! 향수 너무 조아해서 주시면 정말 잘 쓸 수 있답니다٩( ᐛ )و 


dbfdbf 네이버",1개,2020. 5. 24.
김정우,"6:50 그랬냐↗️😆동숲캐릭터 따라하는거 너무 귀여운거아녜요?ㅜㅜ 
다이어트/dldpqhs1234@naver.com",0개,2020. 5. 24.
김채민,언누ㅜㅜ 넘 귀여워💟ㅕ.. 다이어트 kcm_00@naver.com,0개,2020. 5. 24.
용용,"향수 rkgus6425@naver.com 
머스크향 향수 제가 진짜 사랑합니다,,💜",0개,2020. 5. 24.
qkffbwp,"연우님! 저는 평범한 고등학생입니다. 평소에도 밥먹거나 자기전이나 영상 자주 챙겨보고 연우님 너무너무 좋아해요. 항상  어떤제품을 사야되나 싶으면 항상 두콩언니 영상 보면서 결정하는거 같아요. 설명도 알기쉽게 잘 해주셔서 그런가 실패하는 것도 별로 없고 친구들에게도 많이 추천해주고 있어요. 좋은 영상 많이 올려주셔서 감사해요. 그날 하루 정말 피곤하고 힘들어도 연우님 웃으시는 것 보면서 다 잊고 맘편히 자는 날이 많네요. 항상 감사하고 사랑합니다. 앞으로도 잘 부탁드립니다, 연우언니😆

이런거 신청하면 당첨 안 되는거 알면서도 혹시나 하면서 계속 하게 되네요ㅠㅠ (사실 댓글하나라도 더 달고 싶은것도 있ㄴ...)싸릉합니다💕
저는 !다이어트! or 향수요..! alrnrrpwjd12@gmail.com 입니당~ !",16개,2020. 5. 24.
김민아,연두콩님! 티셔츠 정보 알려주실 수 있나요..? 너무 예뻐요ㅠㅠㅠㅠ,0개,2020. 5. 24.
주핸,"4:40 다이어트 
영상 평소에도 보고 있었는데 보던 중 푸디티 되게 궁금했는데 혹시 받을 수 있다면 먹어보고 싶어요ㅎㅎㅎ juhyuns0212@naver.com",0개,2020. 5. 24.
김용선얼굴천재만재,"연근마켓 졸귀ㅠㅠㅠㅠㅠㅠ 
향수+이메일 dongyun1397@naver.com",0개,2020. 5. 24.
빈티지로즈,"연근마켓 ㅋㅋㅋㅋ 영상 너무 좋아요~~
저는 향수요~~ 
yennnny12@gmail.com",0개,2020. 5. 24.
NoworNever,"연근마켓 신청 : 워커 신발 emily429@naver.com
무나 이벤트 너무 감사합니당ღ 항상 영상 잘보고있어요!!ღ'ᴗ'ღ",0개,2020. 5. 24.
블리,오늘 영상도 너무 귀여워요!! 항상 잘 보고 있어요ㅠ 사실 제가 얼마전에 남친이 생겼답니다! 그 남친에게 잘보이고 싶어요 ㅠ 언니만큼 예쁘지 못해서 향수로라도 유혹하고 싶네요 ㅎㅎ 농담이구 저도 예쁜 향수 써보고 싶어요 ㅠㅠ    향수 gksyourim03@naver.com,0개,2020. 5. 24.
갱m,"연근마켓 ㅋㅋㅋㅋ넘 귀여운거 아닙니까?? 마침 다이어트 관련 간식이나 보조제 엄청 찾아보고 있었는데  당첨되면 엄청 좋을거 같아요 !! 
다이어트 pmin1030@icloud.com",0개,2020. 5. 24.
나의빛,"요 영상에서 하신 화장 메이크업 영상 올려주세요!! 너무 예뻐용💓💓
향수 piedpiper.917@gmail.com",0개,2020. 5. 24.
S2ul9ii,"4:03 광고 건너뛰기 이리저리 움직이는 거 넘 귀여워유ㅠㅠㅠㅋ̤̫ㅋ̤̮ㅋ̤̻ 5/29 베리영 드디어 출시💚 기다리고 있었습니다. 제대로 모시겠습니다.
🍏 책 + ss52s@naver.com 🍏
저는 연우 언니의 책이 궁금해요!! 태어나서 처음으로 다이어트도 시작해서 책에서는 어떤 얘기를 하고 있을지도 궁금하고 그 외에 언니는 어떤 책을 읽으시는지도 궁금해여!! 월간 연두콩 올려주실 때 개인적으로 언니의 책 추천을 좋아했답니다 (*˘◡˘*)",6개,2020. 5. 24.
마리얼Ariel,러쉬 좋은데 ㅠ 안쓰신다니    향수~ cocoa2652@지메일닷컴,0개,2020. 5. 24.
원정,"헉 ㅠㅠㅠ 향수요 !!!! 향수에 관심이 너무 많은데 아무래도 가격이 부담되어서 잘 못 사고 있어요...ㅠㅠㅠ 이런 무나 해주셔서 감사해요,,, 🤍😭

ejw031223@naver.com 감사합니댜ㅠㅜ",0개,2020. 5. 24.
달동,"연근마켓 무나 신청: 향수
이메일: qaz8173@naver.com

절 향 러버 저에욧!!! 바닥에 있는 마지막 한방울까지 탈탈 털어쓸 자신 있습니당 꺄♡",0개,2020. 5. 24.
뉸냔,"향수 
hyunjung4086@naver.com

연근마켓이라닠ㅋㅋㅋㅋㅋ넘 귀여워욬ㅋㅋㅋㅋㅋ 요즘 향수에 빠져서 향수에 관심 많은데 향수무나라니ㅠㅜㅜㅜㅜㅜ 받게되다면 뿌릴때마다 언니 생각하면서 기분좋게 행복하게 쓸게용ㅎㅅㅎ
인증은 당근연근 필수져~!!ㅎㅎㅎㅎ언니 사랑해뇨ㅠㅠ",0개,2020. 5. 24.
가앵,베리영 티셔츠 넘 예쁘다...!20: 진짜루...,6개,2020. 5. 24.
예지,연근마켓 귀여워요 ㅠㅠㅠㅠ 저는 다이어트 신청이욥 yeji1683@gmail.com,0개,2020. 5. 24.
JihyeHwang,후회템 좋은 정보 감사합니다! 담번 구매시 참고할게용😃   책 선택할게용🙌jhh5425@nate.com,0개,2020. 5. 24.
송송,"귀엽구만유~ 지는 향수유~❤️
bubble_s@naver.com",0개,2020. 5. 24.
120,"향수+yyfu4537@naver.com
제 진짜 추억의 향인데 비싸서 못사고 있어요ㅠㅠ",0개,2020. 5. 24.
윤예림,"향수 + kkdg1105@naver.com
오늘도 깜찍한 영상,,, 언니 사투리(?) 나올때 넘 취저에오...♡",0개,2020. 5. 24.
,헐 저 향수 엄청 좋아하는데 그것도 자스민이랑 머스크 특히 절 향이요 ㅜㅠㅠㅠㅠ 향수 원해요 완전 ㅠㅠ💗 myleejeno23@gmail.com,0개,2020. 5. 24.
김민성,"다이어트 열시미 하고 잇어요ㅠㅠㅜㅠㅠㅠ 저 주세용오오옹 ❤️❤️❤️
다이어트 + minseong818@naver.com",0개,2020. 5. 24.
야여,"앜ㅋㅋㅋㅋㅋㅋㅋㅋㅋㅋㅋ언니 전 다이어트요!!!! 승준생이라 너무 절실하네요,,,, sunyoung4475@naver.com 입니댱,,,💗",0개,2020. 5. 24.
