﻿닉네임,댓글,좋아요수,날짜
yeondukong연두콩,CC Click please💚,100개,2020. 4. 10.
청청,"향수얘기 말씀하신거 너무 공감돼요.내가 좋을려고,내가 맡았을 때 좋은 향으로 뿌리는 것입니다ㅠㅠ남 좋으라고 뿌리는거가 아닌!내가 원해서 뿌리는거다!!!",234개,2020. 4. 10.
최다니,향수에 대해 말씀하실때 너무 공감됬어요ㅠㅠ!!  나 좋으라고 내 기분 좋아질려고 뿌리는건데 왜 마케팅은 그따구일까했지만 소비가 있으니까 그렇게 광고하겠지 생각하고 말안했거든여.. 그래서 저처럼 불편을 느낀다는 연두콩님 이야기 듣고 급 공감대 형성한 느낌이예요:) 나중에 추천해주신 향수 냄새 맡으러가봐야겠어요ㅎㅎ 추천감사합니다!!☺,109개,2020. 4. 10.
리호즈주,"당신의집사 막내 마케터입니다...! 전 성덕이어유
두콩님 개강메이크업 영상 보던 때가 어제같은데 살다가 이런날도 오네요 ㅠㅠ
저희 대표님께 말씀드렸더니 너무 좋아하시면서 두콩님과 구독자분들을 위한 소정의 선물을 드리고 싶다고 하십니다. 메일로 연락드려도 될까요?",32개,2020. 4. 10.
채채ChaeChae,저 연두콩님 유튜브 커뮤니티에서 프라이머 소개해주셔서 고민즁...... 왜냐면 제가 좋아하는 마스크팩도 주더라구요...... 고민중... 영상보고 더 고민중.. 설명 너무 귀엽게 잘해주시네요...❤️,104개,2020. 4. 10.
HSPark,2:43 진짜 우리언니 이러케 열씸히 하는거 닥자담당자가 알아줘씀 조케따..💚💚 믿고사는 두콩언니💚 결제하러가유,79개,2020. 4. 10.
뤼뤼미뤼,저도 향수에 대한 그런 생각 싫드라고요 ㅜㅜ 향덕은 슬프욤,32개,2020. 4. 10.
붕도리,"어느분 유튜브에 이런 댓글이 올라 왔더라구요
' 인류역사 최초로 티비 앞에 누워서 아무것도 안하는 걸로 
인류를 구할 수 있는 시간입니다. 이거 망치지 말자~' 라는 말인데 너무 핵공감!!!
그리고 허락도 없이 연콩님 보며 힐링하고 갑니다~^^*
연콩님 이모티콘이랑 그 이모티콘이나 얼굴 그림으로 굿즈 만들면 내가 살께요 ㅎㅎㅎ",31개,2020. 4. 10.
Yjhappy,나 파란 벽지방 부터 구독하면서 두콩언니 춤추는거 처음봄 언니 춤 잘추시네!!!! 영상한번 각 ???,35개,2020. 4. 10.
Chunnia,"연두콩님이 스스로를 집순이 집순이 하셔도 얼마나 착실하게 사시는지 그 부지런함에서 나오는 추천들이 소개를 받는것만으로도 머릿속에 나를 위한 계획을 세우는데 엄청 도움이 많이돼요. 이렇게 살아라하는것도 아닌데 아 나도 잘 좀 해야겠다 하는 생각이 드는? 
그래서 쓰신 안경 예쁜데 정보 좀 주실..?",31개,2020. 4. 10.
김소현,"이번에 솔라바이옴 앰플 진짜 좋다고 해서 꼭 사야지 했는데 이렇게 열일해주시면 절대 당장 삽니다. ㅠㅠ 영상 들어오자마자 바로 링크 타고 구매했어요!! 이렇게 퍼주는 구성으로 저렴한 가격에 사용할 수 있게 제공해주시면 너무 행복해여.... 아우 그냥 우리 두콩언니 사랑해요♥ 건강,코로나 조심하시구 더더더 행복해지시구 좋은 일만 가득하세용~!~!~!",38개,2020. 4. 10.
인영,주문했슈 주문했슈 영업당했슈...,16개,2020. 4. 10.
눈누난나디봉님,"언니 진짜 뱁새 닮았어요,,,슬기로운 의사생활에 배우 전미도님 닮았어여,,,,,진짜 너무 뱁새상이에여,,,,,,,,,",7개,2020. 4. 10.
JaeWonPark,전에 집사 궁금해서 이용해봤는데 한번만 쓸 줄 알았는데 계속쓰게돼요ㅋㅋㅋ돈 버는 이유가 생겼습니다:),5개,2020. 4. 10.
연주,0:08 아 언니 너무 귀여워....ㅠㅠㅠㅠㅠ,7개,2020. 4. 10.
이민경,우주인이 왜 있나 했었는데 다 이유가 있었군유 오늘 메이크업 안경이랑 너무 찰떡같이 잘어울려유~!~! 무조건 알림 맞춰놓고 사야겠어유~!~!,8개,2020. 4. 10.
최루루,언니 춤 출때 생글생글 마치 like orange 톡 talk 사랑해여,7개,2020. 4. 10.
0서,제 월급 바칠게여...,7개,2020. 4. 10.
DI,울 언니 백만 됐으면 좋겠다... 내가 진짜 조아해... 진짜 오래 언니 영상 봤어... 언니 영상은 무슨 영상이든 그냥 본다구...,6개,2020. 4. 10.
신다인,언니 오프닝 인사 넘나 발랄하네유 보는 저까지 기분이 좋아지는 텐션~!~!~~!❤️,6개,2020. 4. 10.
고구미,베리영 첫 콜라보 축하드려요❣️❣️ 이런 좋은 구성 성사해주셔서 감사합니다😍,5개,2020. 4. 10.
스폰지밥,아낰ㅋㅋㅋㅋㅋ 연두콩님 영업 말퉄ㅋㅋㅋㅋ 무조건 사겠습니다..!!!!! 프라이머 제품 어디서 본 이후로 기다리고 있었는데 이런 구성이라니ㅠㅠ,9개,2020. 4. 10.
붐붐바스틱,아니뭐야 우리언니가 준비한 구성품 대박이잖어ㅠㅠㅠㅠㅠㅠ 아니그리고 두콩언니 춤추는거 엄청귀여워ㅠㅠㅠㅠㅠ,3개,2020. 4. 10.
점점,연두콩님 젤 좋아하는거 공들이는거 소개할때 특징: 제가 00에는 돈을 안아껴요~~ 이거 진짜... 찐인데 심지어 써보면 좋음;; 두콩님 찐.. 좋템 쵝오...,6개,2020. 4. 10.
김아라,진짜 생활밀착형 유투버 두콩님😊💕,6개,2020. 4. 10.
혜미,언니 ㅠㅠ 제 통장을 다 털어가도 좋아요 ㅠㅠ ♡,6개,2020. 4. 10.
svinyl,언니 안경 정보 알 수 있을까요??ㅠ,4개,2020. 4. 10.
조영은,"언니 뭔데 이렇게 귀여워 ?.?.?.?.?..... 나보다 10살 많은 거 마졍
ㅛ ?",3개,2020. 4. 10.
변우경,두콩님 눈물을 담았으니 꼭 사야겠어요! 구성 미쳤고 직접 그린 거라니ㅠ거울 너무 귀여워요!!! 영업 당해버렸어요..저는 프라이머로 픽 하겠습니다 역시 영업요정 연두콩씨❤,5개,2020. 4. 10.
afy,영상 올라오기전에 구매했어요 ㅠㅠㅠ 완전 기대중입니다❤️,7개,2020. 4. 10.
김민채,아유 ㅜㅜ 늦게 봐가지구유 그래도 샀슈 다행히 ㅜㅜ 인스타 보자마자 샀슈.. 아니면 큰일날 뻔 했슈 ㅜㅜ 씻느라 시간을 까먹어서 식겁했자녀유.. 그래도 이렇게 혜자혜자한 구성에 가격까지 너무 고마워유.. 쉽지 않았을텐데 너무 고마워유 잘쓸게유💚💚💚💚💚,3개,2020. 4. 10.
황채하,결제하고 와서 영상봐요😆,5개,2020. 4. 10.
얌얌,"쵝오의 집에서의 향수는 댕댕이 키우는 자만이 얻을 수 있는 꼬순내 임니더,,껄껄,,",7개,2020. 4. 10.
오삐약,연두콩님은 진짜 말씀도 잘하셔서 나도모르게 아 사야겠다 구매 해야겠다 생각이 들어요ㅋㅋㅋ 그리고 사는 저를 발견..,2개,2020. 4. 10.
이지영,5:31 따잇!,2개,2020. 4. 10.
danoou,"아 언니ㅠㅠㅠㅠ 춤출때 귀여버 죽어요,,,진짜 함박웃음지어뎌요❤",1개,2020. 4. 10.
hummingy,아니 이 구성 머에여 안살수가 없쟈나여 ㅠㅠㅠㅠㅠ 앰플 고고 했슴니당 !!!!!!!!!!!!,3개,2020. 4. 10.
이채원,"오늘 너무 고흥분이세요ㅋㅋㅋㅋㅋㅋ
기분이 너무좋아보여요❣❣",3개,2020. 4. 10.
초승달,프라이머 결제하고 영상 보러 왔슈💚,3개,2020. 4. 10.
집토끼,언니는 정말 영업왕이야....연두콩 최고ㅠㅠ,2개,2020. 4. 10.
QuadBox,Hi.. Yeon i hope you'll have a simple makeup grwm.. Hehe love lots from an international fan,1개,2020. 4. 10.
고윤경,흐엥 너무 귀여워요ㅜㅜㅜㅜ 아니 진짜 어떻게 이렇게 깜찍하세유..?!ㅜㅜㅜㅜ,1개,2020. 4. 10.
짱박보검,언니 이가 너무 이뻐서 실례가 안된다면 교정하신건지 원래 고르신건지 여쭤봐도 될까용?오늘 영상도 너무 힐링이였답니다~~~~~♡♡,7개,2020. 4. 10.
송이,촉촉한 썬크림 필요했는데 샀어용~ 감사합니다ㅎㅇㅎ,3개,2020. 4. 10.
튀기기직전,아아가가아아ㅏ규ㅠㅠㅠㅠ 언니 너무 귀여우엉ㅎ유ㅠㅠㅠㅠㅠㅠㅠㅠㅠㅠ 미친 언니얼굴보고 코로나 가랭이 찢고와짜나 우리언니가 지구구한다,1개,2020. 4. 10.
박수아,있는돈 없는도 모아 프라이머산 후 영상 봅니다!!! 선앰플도 너무너무 사고 싶지만 돈이.....,3개,2020. 4. 10.
변백현사랑해,춤추는거 완전 귀여미ㅜㅜㅜㅜㅜ꿀팁ㅠㅠㅠㅠㅠ❤️,1개,2020. 4. 10.
고구마,이 언니 춤추는거 너무 귀여운거 아니냐곸ㅋㅋㅋㅋㅋㅋㅋㅋㅋㅋ,1개,2020. 4. 10.
김예슬,연두콩님 영상 볼 때마다 제 방에 제품들이 늘어나는 것 같아요...ㅠㅠ 믿고사는 연두콩님!! 이번에도 좋은 제품 추천해주셔서 너무 감사합니다😍😍,2개,2020. 4. 10.
보라,두콩언니 안경이 너무 이뻐요ㅠㅠ 혹시 정보 알 수 있을까욥???,2개,2020. 4. 10.
JINHYE,아 나 진짜 연두콩님 너무 좋아 어떡해~~ 당신이 최고야 연두콩~~ 평생을 함께해주라 사랑해~~,1개,2020. 4. 10.
씨앙이다나는,"두콩언니는 어떻게 집에 있는데 이렇게 이뻐유❓오늘도 잘보구 가유~👀
                                                 👃
                                                 👄",3개,2020. 4. 10.
걸어서차밭속으로Amazingteawalks,연두콩님🧡 행복한 모습이 쫘라라 느껴져서 너무 좋네유💚 앰플이랑 베개 고고~~,2개,2020. 4. 10.
김지원,인스타 스토리로 보고나서부터 계속 기달렸어요 ㅠㅠㅠ흑 ㅠㅠㅠ 💗앰플이랑 프라이머 같이 되어있는 구성은 없는건가유 ~? 💗💗💗,2개,2020. 4. 10.
집사랑,"저 진짜 작년까지 낮이든 밤이든 불키고 살아야했는데 올해이사오면서 햇빛들어오니까 너무 행복해요 비타민E였나 그거 많이 뿜뿜하시고 건강하시고 사랑합니다
근데 언니 볼따구에 뭐 바르셨슈",4개,2020. 4. 10.
CharlotteY,앰플세트 주문해따아 ❤️,2개,2020. 4. 10.
jianleepro,엉엉..귀여워....언니맞냐며...ㅠㅠㅠㅜ 언니 평생 연두부 할게요 충성충성❣❣,1개,2020. 4. 10.
LauraBoix,"Thank toi it was really helpful ! 
I can wait to visit Korea, everything seems so convenient there ( for example the app for cleaning 🧼 with the reviews, I like this idea a lot ! ).",0개,2020. 4. 10.
자몽해,언니 당신의집사 추천 코드 알려주시면 안되남유ㅠㅠㅜ😭,2개,2020. 4. 10.
프린스송,믿고 산다 라고 읽고 연두콩이라 말한다.,3개,2020. 4. 10.
김킨더킨더,진짜 꽁꽁숨겨둔 비상금 털어서 앰플로 샀슈💙 두콩 언니 증말즐말 사랑해유 내가❤️❤️ 앰플이 새로워 보여서 샀슈💛💚💛💚,1개,2020. 4. 10.
블루,"명불허전 집순이는 오늘 잇템 많이 알아갑니다-! 언니의 모든 영상은 다 유익해서 너무 좋아요, 넉 놓고 보면 영상 끝나가요ㅠ",1개,2020. 4. 10.
세리닝,"바로 결제했어유~~💚
믿고 사는 연두콩 추천템! 손거울 너무 귀여워요🍓",2개,2020. 4. 10.
혜뮤,언니 나 거진데 앰플세트 사버렸어요 책임져요! 흑흑 (˃̵͈᷄⌓˂̵͈᷅) 그와중에 춤 추시는거 왜이리 귀여우신지...! 제가 댓글에다가 주접 떨거 같..,2개,2020. 4. 10.
러비월드,"바로 샀어여,,, 배송만 기다려요,,, 내 목 빠져,,,",2개,2020. 4. 10.
mkKim,말투갘ㅋㅋㅋ펭수같어 뭐뭐습니다!,1개,2020. 4. 10.
EYeon,프라이머로 구매했어요! 좋은 기획 상품해주셔서 감사합니다아😊,2개,2020. 4. 10.
송유진,앰플도사고 프라이머도삿어용 ㅎㅎㅎㅎ 이벤트참여도나중에할께용😍😍😍,2개,2020. 4. 10.
nyoungnyoung,우히히 집에서 바르는 썬크림 필요했는데 넘 좋아요! 바로 겟 했어요!,2개,2020. 4. 10.
nyoungnyoung,웃으면서 춤추시는거 졸귀탱!,1개,2020. 4. 10.
Y,언니 ㅋㅋㅋㅋㅋㅋㅋㅋㅋ 집에서 안심심하게있겠네요 ㅋㅋㅋㅋㅋㅋㅋ집순이 자극받구 향수사고 닥자x베리영구성품 사러갑니당  (๑˃̵ᴗ˂̵)و 💚,1개,2020. 4. 10.
뽀잉뀨,ㅠㅠㅠㅠ언니 오늘 기부니 왜케 좋아보여요ㅠㅠㅠ 엉엉 내가 다 행복해,1개,2020. 4. 10.
스폰지밥,"프라이머 일단 샀고 언니 영상 보는데..
내가 건성이네..? 집순이라 가벼운 거 바르는 게 활용도 높을 것 같네..?
앰플도 사러 갑니다...♡♡...",1개,2020. 4. 10.
Yoni,연두콩님 영상보고 산 제품들은 무조건 평타이상치고 저한테 잘맞아서 추천영상당 1개는 무조건 사는듯요! 일단 프라이머 주문햇읍니다!! 가까운 집앞 카페갈때 바르면 좋을것같아서요❤💝 구성진짜 퍼펙트합니다 감사합니다 😊,1개,2020. 4. 10.
성아영,안그래도 실시간 보고 대기타다가 오늘 올리브영 가서 테스트 해보고 왔지요! 앰플이 확실히 좋긴하더라구여! 근데 워낙 파워 지성이라 프라이머로 주문하러 갑니다 사랑해요 두콩님🥺💕,1개,2020. 4. 10.
semiyoon,오늘도 집순이 필수템 영상 잘 봤어요! 좋은제품과 푸우짐한🐻 구성 감사합니당 ㅎㅎ저는 선앰플로 구매했어요 ㅎㅎ 두콩님 러뷰 :)💚,1개,2020. 4. 10.
SooYummy수야미,꼭사겠습니다!!! 언니추천템은 다 믿고 산다!!!ㄲㅣ야 ㅎㅎㅎㅎ,1개,2020. 4. 10.
션딩,아뭐하지... 앰플도 좋고 프라이머도 좋아요ㅠㅠㅠㅠ,1개,2020. 4. 10.
Riley,언니 언니가 추천해준템 사고 삶의 질이 상승했어요..💓 감사합니다아~ 😘😘😘,1개,2020. 4. 10.
Chloeee,으갸갸갸 이렇게 빨리빨리 영상들이 올라오면 너무 좋아요😁😁,2개,2020. 4. 10.
yupppron,저 기다렸다가 샀어여 닥자닥자,2개,2020. 4. 10.
김가현,오늘 알림 울리자마자 달려왔네요^^맞아요 집에서도 선크림 필수 정도로 발라야 한다고 하더라구요 형광등에서 자외선 나오고 휴대폰에서도 나오고 컴퓨터하는 사람도 발라야 한다고 하더라구요^^주저리주저리 쓰느라고 길어졌네요 ^^오늘 잘 보고 갈께요^^,2개,2020. 4. 10.
스토리베리,커뮤니티 보자마자 대기타다가 바로삿지유 구성이랑 가격이 너무대박인데 우째안사유 이런구성에 가격만들어주셔서 감사합니댜❤ 언니 저스트댄스추는거 너무귀여워요ㅠㅠㅠ,2개,2020. 4. 10.
염염tv,언닝 블러셔 궁금해여ㅠㅠㅠ코랄인듯 감귤인듯 모징ㅠㅠ,0개,2020. 4. 10.
다현,집순이 왔어요~ㅋㅋ,1개,2020. 4. 10.
yeeunP,"저,, 연두콩님 집 클리너 입후보할래요 방바닥이 거울이 되도록 번쩍번쩍하게 만들 수 있슴똬!!!",2개,2020. 4. 10.
무미찌,누나... 홈쇼핑가자,2개,2020. 4. 10.
바니면,앟 집에만 있는다고 스위치 산다고 돈이 없...ㅋㅋㅋㅋ큐ㅠㅠㅠㅠㅠㅠ,0개,2020. 4. 10.
N뮤뮤,"하,,,, 연두콩 언니의영업에 오늘 또 넘어갑니다 저는 🙊🙊🙊 저 나중에 자취를 혼자서 완벽하게 해낼 때가 된다면 꼭 당신의 집사 어플 사용해야겠어요!!!! ㅠㅠㅠㅠㅠㅠ 오늘도 꿀템 많이 알고갑니다 감사해유 연두콩언니💓💕💗💘💞",1개,2020. 4. 10.
우미리,"두콩언니 넘 좋아유💚
항상 좋은 정보 감사해유~~구매완료!!",1개,2020. 4. 10.
o혜린,언니 영상 잘 보고 있어요 ❤️ 스트레스 받지 마시고 롱런하자구유 ~~~ ╰(*´︶`*)╯,1개,2020. 4. 10.
이연,귀여운 두콩님께서 열심히 푸쉬해주셨다길랭 믿고 앰플 바로 질렀어용🌸🌸🌸🌸,1개,2020. 4. 10.
토마토맛토,언니..미안해...7시에 영상열리고 바로 품절되면 어떡하냐구 언니자신을 과소평가하지말랬는데 저녁밥 우적우적먹느라 이성잃어서 조끔 늦게샀옹🤣ㅋㅋㅋㅋ다들 공홈 회원가입하고 사세요~첫구매+사은품 총3개나 더 주네요~,2개,2020. 4. 10.
지윤박,온니 영상 어제 오늘 연속으로 보니깐 행복해요💖💖💖 학원끝나고 바로 왔어요오🥰🥰🥰,1개,2020. 4. 10.
양이,8:16 베리영 핸드폰 케이스인가요??너무 이뻐여!!!,0개,2020. 4. 10.
LilZnoem,So beautiful 😍❤️,1개,2020. 4. 10.
선영은,"나갈일 없어 묵혀두던 제 용돈을 마치겠습니다..
갓두콩님!!!😂",1개,2020. 4. 10.
젤리빈JELLYVIN,썬크림사야하나💓💓💓,2개,2020. 4. 10.
SonneLee,진짜 좋은 혀클리너 쓰면 삶의 질 급상승이죠. 깨끗한 삥끄 혀를 보면 기부니가 좋아진다구욧! 언니 추천템 한 번 써봐야겠어요ㅎㅎ,0개,2020. 4. 10.
ldudw,말투가 동물의 숲인가싶습니다 아니면아니겠습니다,1개,2020. 4. 10.
홍세연,오늘 영상 레전드찍었다.,1개,2020. 4. 10.
Suio,우런니 믿고 아묻따.. 바로 결제했..👍🏻🤍,1개,2020. 4. 10.
이은서,오늘도 그렇게 내 지갑은 텅장이 되어따,1개,2020. 4. 10.
표코몽탤찡과,오아아아ㅠㅠㅠㅠㅜ 강제 집순이 완전 인정해요.. 자발적으로 안 나가는 건 상관 없는데 강제로 칩거당하니까 기분이 구린....ㅠㅠㅠㅠㅠㅠ 저 말랑해보이는 빈백 넘모 사고 싶네요ㅠㅠㅠㅜ,0개,2020. 4. 10.
조윤제,영상 보고 영업 당했슈 좋은 소비였슈...😎,1개,2020. 4. 10.
소정,울 두콩언니...춤도 잘 추고 못하는게 뭐야...💚😤,1개,2020. 4. 10.
윤소연,"선프라이머 곧 지를거같애요,,,,,, ㅠㅠㅠ 월급 들어왔으니!!!  입고 계신 찰떡 반팔티 정보 알려주실 수 있으신가용???",2개,2020. 4. 10.
캘든토깽이,울 두콩언니 하고 시픈거 다해♡,1개,2020. 4. 10.
judyslife,와우 이틀내내영상이라닛,1개,2020. 4. 10.
cyk,향수광고 얘기 너어어어어무 공감 ㅠㅠㅠ,0개,2020. 4. 10.
이서현,해외 연두부 운다...😢,1개,2020. 4. 10.
쓰쨔,집에서 썬크림 ㅋㅋㅋㅋㅋㅋㅋㅋㅋㅋㅋ 미치겟네 ..,0개,2020. 4. 10.
bemybrownie,앰플 결제하고 댓글 달러 왔슈🚀🚀🚀,1개,2020. 4. 10.
박선화,건성에 365일 선크림 맨날 바르는 저한테는 한줄기 빛 같네요....스킨케어단계가 늘어날수록 밀려서 고민 많았는데 ㅠㅠ완전 찾던제품!!!!!!!! 영업당했숩미다^.^,1개,2020. 4. 10.
신영현,저스트댄스하는거 저랑 완전 같아요 ㅋㅋㅋㅋㅋ 저보다 나으신걸요..? 전 흐느적흐느적.. ㅌㅋㅋㅋ,0개,2020. 4. 10.
세림,연두콩님... 춤추실 때 후드티 브랜드 뭔가요ㅜㅜㅜ 머리 스타일이랑 너무 찰떡이에요!,0개,2020. 4. 10.
해피한민지,연두콩님 저도 집순이인뎈ㅋㅋㅋ 남자꼬시는 향수 마케팅 불편한거 정말 공감해요 전 집에서 향수 칙 뿌리고 킁킁대거나 베개에 뿌리고 냄새맡으면서 자요,0개,2020. 4. 10.
ssong,언니 팔로우 업는 저만 쓰는 인스타 계정에 올려두 이벤트 참여되나용..????.... 암튼 언니 믿구 바로 구매 ♥︎,2개,2020. 4. 10.
3636,영업을 영업한다고 대놓고 얘기해줘서 더 믿음직스럽고 당장 쇼핑하고 싶고 곧장 결제하고,1개,2020. 4. 10.
민지아JiA,안경 너무 귀여워요 두콩님🥰,0개,2020. 4. 10.
서연,이벤트 감사해요❤️❤️프라이머는 시간이 지나도 건조하지 않겠죵🥺?..?!,1개,2020. 4. 10.
K율,연우언니! 저도 거북목에 베개 유목민인데ㅠㅠ 리브맘베개 사려고보니 후기에 냄새가 심하다는 얘기가 많더라구요ㅠㅠ 베란다에 며칠 내놨는데도 냄새가 안 빠졌다는 글을 보니 고민이 돼서요...ㅜ 언니는 냄새는 괜찮으셨나요??,0개,2020. 4. 10.
리몰,헐 저거 온라인으로만 구입할수있는건가요????ㅠㅠㅠㅠㅠㅠ손겅 ㄹ 넘  예뻐,1개,2020. 4. 10.
얌얌,❤️,2개,2020. 4. 10.
시우달링darling,집순이가 짱이죠 아무래도...❤️ 언니 요즘 많은영상 올려주시는거 사랑합니다🥰,4개,2020. 4. 10.
손채은,언니 혹시 빈백의자 어디서 샀나욤 ??ㅠㅠㅠ,0개,2020. 4. 10.
펌킨호박,근데 언니 와중에 점점 더 어려지는 거 같어... 너무예뻐 광ㅇ광😭 💝💝,0개,2020. 4. 10.
종강내놔,향수 마케팅 얘기 너무 공감돼요! 요즘 그런 광고들 너무 많이 나오는데 연두콩님이 한 번 꼬집어 주셔서 속시원했어요 추천하신 제품 꼭 한 번 시향해 보고 싶어용,0개,2020. 4. 10.
지영,역시 연두콩님☺️혹시 당신의 집사 어플로 베란다 청소도 가능할까요?ㅠㅠ,0개,2020. 4. 10.
도유정,"맞아요 ㅠㅠ 향수 얘기 공감돼요. 저는 종종 유튜브 광고에서도 유혹한다는듯이 말하는 향수광고보면 좀...이해가 안되고 별로였어요.
향수는 내가 원해서 ! 내가 좋아하는 향을 뿌리는거라고 생각해요!",0개,2020. 4. 10.
justlife,해외 미얀마 는요?? ㅠㅠㅠ 넘 갖고 싶네요. Dr Jart  없어요 여기,0개,2020. 4. 10.
박채원,너무이쁜 듀콩이언니ㅠㅠ폰케이스 정보 알려주실수 있으시나용😂언니만큼 기엽구 이뻐서요!,0개,2020. 4. 10.
jhmjJ,"오늘 영상 너무 도움되어요!! 
특히 낮은 베개 좋아하는 집순이로서 저 베개 살려구요!!>_< 
닥터자르트 선크림도 두콩님이 소개해주시니 더 믿음이 가네요 
앞으로도 생활에 필요한 좋은 제품들 많이 많이 추천해주세여😆",0개,2020. 4. 10.
뚬니,예전에 불리1803 향 너무 좋다고 하셨던거 기억하는데 아직도 좋아하시나요☺️??,0개,2020. 4. 10.
Yjhappy,언니 저저번영상에서 솔라바이옴 맞췄던 구독자에유  영상 보기도 전에 샀슈. 이런거 많이 해줘유 언니가 추천 해준 제품은 믿고 사니까유 오늘 하루 종일 7시만 기다룠슈 아 그리구 커피 머신 소름.....저도 한 삼일전인가 샀는데... 두콩언니 픽이라니 우리 같아 커피마셔유,8개,2020. 4. 10.
동동,제품 구매하구 왔슈~ 언니 춤신춤왕ㅋㅋㅋ 내가 이 구역의 아리아나다~~~,1개,2020. 4. 10.
Yenaricco,강아지두 빈백이 편한가봐요 ㅠㅠ기여워,0개,2020. 4. 10.
가락이,당신의집사 어플 완전 신박!! 꿀정보 감사드려용♡♡,0개,2020. 4. 10.
나는,언니 베리영 티랑 폰케이스 다 너무 예뻐요!!!!,0개,2020. 4. 10.
남유램,언니의 일상도 마니마니 보여주세용!!ㅎㅎ,0개,2020. 4. 10.
조세연,혹시 오늘 쓰신 안경 정보 주실 수 있을까요..? ㅠㅠ,2개,2020. 4. 10.
펀치,헐 언니 안경에 머리 묶은거 왤캐 이뻐요...?,0개,2020. 4. 10.
LHD13,맞아요 ㅠㅠ 향수에 남자향 여자향이 어딨어 남자가 꽃향기 좋아할 수도 있는데 ㅠㅠㅠㅠ,0개,2020. 4. 10.
JYD,필수템보단 사심템+광고느낌이 더 커서 스킵...,0개,2020. 4. 10.
이진경,"두콩님,,,,,, 지금 완전 딱 필요한 영상 아닌가요💚💚💚💚",0개,2020. 4. 10.
니니의성장일기NINIsGrowthDiary,"재생 1분만에 결제했어요 언니.,,,,🙌",0개,2020. 4. 10.
따로시,언제나 믿고 쓰는 연두콩님 추천 제품들..! 이번 영상도 넘 알차네요 흑흑 향수 얘기도 너무 공감갔어요 그런 광고 멘트들 볼 때마다 눈쌀 찌푸려졌었는데..! 향수는 내가 그 향을 좋아해야 쓰는거죠 ㅎㅎ,1개,2020. 4. 10.
김재균,연두콩님 영상 넘넘 잘보고있습니다. 저 궁금한게 있는데 답변해주시면 정말감사할게요 혹시 쓰시는 카메라 기종이 어떻게 되시는지 알려주실수 있을까요~?,0개,2020. 4. 10.
AKIKOHYUN,The dance was Soo classic...🇰🇷🇰🇷🇰🇷🇰🇷💖💖♥,2개,2020. 4. 10.
욜루얄루,프라이머선크림안건조한가요?,1개,2020. 4. 10.
검은콩,"집순이라 괜찮을줄 알았는데 너무 무기력해져서 잠을 많이 자다보니  밤낮이 바뀌고 게을러졌어요ㅜ 
집에서도 부지런히 움직여야지요ㅎㅎ  제가 그 정리 잘 못하고 손이 느린 사람입니다ㅋㅋ",0개,2020. 4. 10.
DearCactus,맞아요 그런 마케팅 하는 향수는 너무 지겨워요 ㅜ 향수는!!!! 나 좋자고 뿌리는 거다~~!! 연두콩님 매번 잘 보고 있어유 😍,3개,2020. 4. 10.
,かわいい…🥰🥰🥰,0개,2020. 4. 10.
퐁퐁,텅브러시 별로셨나용 ㅠ?? 당연히 돌기형보다 브러시형이 백태가 더 잘제거 될줄알았는데ㅠ 후기궁금해여오!,0개,2020. 4. 10.
자몽레몬,뭐양 이언니 춤도 잘춰 :),0개,2020. 4. 10.
비숑,언니!! 전 지성인 중딩인데용 피부화장은 평소 하지않습니다!! 앰플이랑 프라이머중에서 너무너무 고민되는데ㅠㅠ 어떤걸 사야할지모르겠어요ㅠㅠ😭 그리고 앰플이랑 프라이머 폼클렌징으로만 안지워지고 이차세안해야하나용?(꼭 답변해주세요ㅠㅠㅠㅠㅠ💖,1개,2020. 4. 10.
뿌앙,"집순이가아니였은데
코로나때문에못나가니. 강제 집순이가 되었었요
다귀찮아지고요ㅎㅎ",0개,2020. 4. 10.
차태식,두콩님 집돌이 필수템은 없을까유..?,0개,2020. 4. 10.
am4,연두콩님!무기차차가 유기차차보다 성분이 더 좋다고 들어서 프라이머 사려고 하는데 여드름이 정말 많아서 써도 되나 고민되네요ㅠㅠ유기차차는 많이 바르면 몸에 안 좋지 않을까요??헝..선크림 사야 되는데 어떻게해야할지 모르겠어요,1개,2020. 4. 10.
유영주,영상보기전에 앰플이랑 프라이머선 둘다 구매햇지요,1개,2020. 4. 10.
