﻿닉네임,댓글,좋아요수,날짜
yeondukong연두콩,"연우입니다 흐흐
작명소 물어보시는 분들 커뮤니티탭 봐주세유‼️😊",423개,2020. 4. 21.
어깨도라방스김동영,"연우?!!!!!!!!!!!!⍥⃝ 
who is 연우!?!!!!!!!!!⍥⃝


𝒎𝒚 𝒈𝒊𝒓𝒍 .....",583개,2020. 4. 21.
Jella젤라,쌍커피 귀여워 ㅠㅠㅋㅋㅋㅋㅋㅋㅋㅋㅋ,278개,2020. 4. 21.
푸르른하늘빛꽃,인생이 안풀린다 싶으면 이름 바꾸는 것도 한 방법이라 생각해요🙂 '연꽃 연'자는 어디서 보기를 이름에 쓰면 안되는 한자라고 본거 같던데 바꾸길 잘한것 같다는 생각이 들어요! 이름 바꾸면 자주 불러주면 좋다고 하던데 그런 의미에서  당분간은 댓글 남길때 연우님이라고 남길게요😁,821개,2020. 4. 21.
Chunnia,"저도 아빠 죽고 실직 당했을 때 고시원 혼자 살면서 십만원 주고 바꾼 이름 받아가려고 나서며 걷던 그 겨울날이 생각나네요. 어릴 때부터 정말 왜 나만? 왜 이렇게까지? 라는 생각 참 많이 했던 시기였던것 같아요.
 고통스러운 의문에 사주를 봤었는데 이름에 쓰인 자가 사주랑 안 맞대서 새 이름 받으러 간 거였다가 결국엔 개명 안 하기로 결정했었지만 이렇게 연두콩님의 개명 소식을 들으니 연두콩님 이름 바꾸신 게 저에게도 어떤 전환점의 한가지 일이 될 것 같아 용기가나는 기분이에요. 저랑 똑같이 30년 옛 이름으로 사셨고 이젠 연우님이 되셨으니 다 화락할 일만 남았을거에요",447개,2020. 4. 21.
연우연우,댓글창이 내 이름으로 가득차있엌ㅋㅋㅋㅋㅋㅋ,120개,2020. 4. 21.
유이연,10:29 농협은행에서 터졌어욬ㅋㅋㅋㅋㅋㅋㅋㅋㅋ 아니 이걸 아무도 언급 안 하신다구?ㅋㅋㅋㅋㅋㅋㅋㅋ,128개,2020. 4. 21.
승삔,이젠 “조연우”로 살면서 행복한 일만 가득가득하기를 바랄게요!!!! 하루하루가 지날수록 행복이 배가 되는 삶을 살았으면 좋겠어요! 무슨 일이 있었던 건지 모든 것을 알진 못하지만 불행한 일은 이제 “연주”라는 이름과 함께 멀리 갔을거에요. 항상 뒤에서 응원하고 있을게요! 행복하셨으면 좋겠어요!💕💕💕,160개,2020. 4. 21.
소다,"5:25 5:25
5:25 5:25 이름 바꾸시게 된 계기
저도 한자 개명하려고 준비하고있어요ㅎㅎ 원래 있던 한자뜻이 좋은 편이 아닌것도 있고 여러가지 이유로 새롭게 바꿔보고싶어요 연두콩님도 개명함만큼 생활이 풍족해지셨음 좋겠어요!🤗🥰
렌즈 너무 잘 어울려요 렌즈이름 메모하고갑니다🤭",196개,2020. 4. 21.
찡니,어떻게 저 얼굴이 30대냐구... 언니는 나에게 영원히 20대야...,9개,2020. 4. 21.
부소영,언니 웃어도 될지 모르겠지만 루희ㅠㅠㅋㅋㅋㅋㅋㅋㅋㅋㅋ 루희만 들었을땐 귀여웠는데 예상치 못했네옄ㅋㅋㅋㅋㅋㅋㅋㅋㅋ연우라는 이름 언니랑 너무 잘어울리고 예쁜 이름인거같아요!! 언니 그리고 언니가 사랑하는 주변 사람들 모두 다 행복했으면 좋겠어요❤️,118개,2020. 4. 21.
조뮤뮤,연우언닝💚💚앞으론 좋은일만 가득하길 바랄께요😊😍🙏,53개,2020. 4. 21.
에틴,연우연우연우연우연우님❤️ 개명하면 이름을 자주 불러줘야한대요 😆😊,74개,2020. 4. 21.
태연,8:48 ㅋㅋㅋㅋㅋㅋㅋㅋㅋ 듣다가 흠칫햇네,65개,2020. 4. 21.
니니냐니뇨,우와 연두콩님 본명 연주도 잘어울린다고 생각했는데 연우 너무 잘어울려요 제가아는 연우도 연두콩님같은 이미지인데 뭔가 신기,74개,2020. 4. 21.
은숑,아니ㅋㅋㅋㅋ 루희 너무이쁜데..하핳 그래도 연주일때도 연우일때도 연두콩언니는 안바뀌잖아요! 연주일때도 연우일때도 사랑합니다 언니,77개,2020. 4. 21.
,"근데 연우님 힘든 얘기 듣고있으면 저랑 너무 비슷해서.. 굉장히 동질감? 그런 게 있어요. 저도 어릴 때 인생굴곡사가 너무 심했었고 죽을 뻔한 적도 세번 정도 있었고 그 와중에 납치당했다가 도망친 적도 있어서 왜 나만 이런가, 전생에 나쁜 일을 얼마나 한건가 그런 생각 자주 하거든요. 지금도 마찬가지지만. 그래서 연두콩님 더 응원하게 된 것도 있어요ㅎㅎ 우리 그래도 꿋꿋하게 행복하고 안전하게 평온하게 잘 살아봐요. 참고로 저는 올해 36입니닷. 연두콩님 같은 동생 있었으면 ㅠㅠ 흑흑",20개,2020. 4. 21.
낑뀽깽꺙,30년 연주로살았으니 이제 연우로 산다는 마인드 넘좋은거같아요 ㅠ 30년동안이나 살았는데 어떻게바꾸나라고 생각할수도있는데! 연우언니! 연두콩님 사랑해요옴😆😆❣❣,70개,2020. 4. 21.
김땅,연두콩님 어려우셨던 시간에 대해 말씀하실 때 항상 우울이 생각보다 깊으셨던거같아서 마음이 어렵지만 이렇게 연두콩님이 어떻게 나아가시는지 공유해주셔서 좋고 감사해요! 말씀하신대로 지난 30년과는 또 다른 풍요롭고 즐거운 삶 사시길 바랄게욧❤️ 항상 응원할게요 💚,78개,2020. 4. 21.
프린스송,"""연우""라는 이름을 가지고 이제는 좋은일 행복한 일만 가득 하시길 바랄께요
연우님 킹왕짱👍항상 건강하세요오:)",32개,2020. 4. 21.
초케,언니 이름 조연두도 좋았을거 같은늑힘 ㅋㄱㅋㄱㅋㄱㅋㄱㅋㄱ 지금 이름도 물론 이뻐용,17개,2020. 4. 21.
junggreen,뭔가 찰떡! 개명하셨으니 이제 좋은 일들만 가득하시기를💕,43개,2020. 4. 21.
뚜디니,꺄 연두콩님 저 베리영거울 !! 받아보니까 실물이 더 예뻐요💘💘 파데프리했는데 피부 실화인가여 진짜;;;;;;; 저도 따라서 선크림 야무지게 쓰고 파데프리 메이크업 하겠습니다😆😆,17개,2020. 4. 21.
에츄,연우든 연주든 언니는 사랑입니당 ( ◜‿◝ )♡,11개,2020. 4. 21.
팡이,"헐 언니 개명하시면서 저랑 이름이 똑같아지셨네요 화들짝!!! 저는 고울연 옥돌 우인데, 우리 같은 음절 이름 가진 사람들끼리 대단하고 행복하게 살아봐요 제 이름이 괜스레 더 좋아지네요~ 고맙습니다 ㅎㅎㅎㅎㅎ응원할게요!",7개,2020. 4. 21.
김규리,세에상에.... 나 더보기란에 제품 사는 구매처 링크까지 남겨두는 유튜버 처음본다... 센스 오지구요 배려 지리구요 연우언니 짱이구요~~~~,21개,2020. 4. 21.
다재다능한하루,헉 아직 보기 전이라 어떤 내용인지 넘나 궁금한데요...?̆̈!❤️ 오늘영상도 잘볼게용 ㅎㅎ,29개,2020. 4. 21.
예나,ㅁㅊ 제목에 놀라서 들어와따 세상에ㅠㅠㅠㅠㅠㅇ0ㅇ,17개,2020. 4. 21.
honghong,이언니 우째.. 이래 이쁘실까 오늘도 너무 귀욤귀욤 하십니당..,16개,2020. 4. 21.
앙기모띠주는나무,"진짜 이언니는 볼때 마다 너무 귀여워...
최강 동안이라굽...나는 노안인데 나랑 얼굴 바꿀래여 언니?ㅜㅜㅜ",14개,2020. 4. 21.
o3odls,4:42 예 ? 30대요 ?,7개,2020. 4. 21.
랄랄라,"연우라는 이름 잘 어울려요~ 이름을 들었을 때 털털하구 귀염둥이 옆집 언니 느낌?
우때문에 털털하구 연때문에 귀여운 느낌은 살아있는 느낌적인 느낌!
물론 연두콩님이 제일루 잘 어울립니다요 ㅎㅎ",12개,2020. 4. 21.
AmilYoon,"유튜버가 큰 대중에게 말하는 직업이다 보니 아무리 영상에 말을 많이 해도 눈 앞에 들어주는 사람이 없어서 ""내 말을 들어 주는 사람이 있을까?"" 라는 고독감이 있었을 수 있을 것 같아요..연우님을 걱정하고 응원하는 팬들이 있고, 우울한 모습과 감정에 솔직한 모습도 모두 아껴줄 사람들이 있으니 앞으로 연우로써 즐겁고 행복한, 그리고 좋은사람들이 함께인 인생을 사셨으면 좋겠어요. 앞으로도 더 잘되고, 더 많이 성장할 연우님을 위해 응원하겠습니다!",11개,2020. 4. 21.
김연주,아아.. 나와같이 술좋아하는 연주님은 가셨지만.... 연우님도 좋아요😊 앞으로 연우님 열심히 응원할게요!!ㅎㅎ,25개,2020. 4. 21.
라떼는마리아,조루힠ㅍㅌㅋㅌㅋㅋㅊㅌㅊㅋㅊㅋㅊㅋㅊㅊㅋㅊㅋㅊㅋㅍㅌㅊㅋ히잌ㅌㅊㅊㅋㅊㅋㅊㅊㅋㅋㅌㅊㅋㅊㅌ개명추카해요 앞으로 더 멋진 인생 살길 바래용!!!!!!,20개,2020. 4. 21.
씨앙이다나는,"두콩언니가 바꾼 이름도 이쁜이름 일것같지유:;:;❤사랑해유😍도움됬어유❗
마스크에 저의 화장이 너무 많이 뭍어나는데 이거 보고 메이크업 해야겠네유",60개,2020. 4. 21.
HoseonLee,새이름이 훨씬 잘어울리고 이미자랑 잘 맞아요. 뭔가 전이름이 쎄고 안어울리는 느낌이었는데 연우가 제이름 찾아간 느낌이네요.,4개,2020. 4. 21.
지윤박,오 알람 뜨자마자 왔어 언니 인트로부터ㅜㅜ 사랑해용🥰🥰,10개,2020. 4. 21.
신정아,조루 희...라니ㅋㅋㅋㅋㅋㅋㅋㅋㅋㅋㅋㅋㅋ연우가 딱이에요!!!넘 잘 어울려요ㅎㅎㅎㅎ연우의 인생은 앞으로 꽃길만 있을거에요🌸🌼🌺🌸🌼🌺,8개,2020. 4. 21.
죄짓는기분이야,헐 뭐야 오늘따라 너무 더 통통튀는ㄷ염???,5개,2020. 4. 21.
진32,"30 인생 연주로 살았으니 앞으로 연우로 살아보자는 얘기가 너무 좋아요! 연주언니 그동안 너무 힘든 일들을 겪고 버텨오느라 고생했어요, 이제는 연우언니 저희랑 행복하고 즐거운 일만 가득하게 바랄게요 ♥︎♥︎♥︎",9개,2020. 4. 21.
데미,언니!! 언니는 이름이 바뀌든 안바뀌는 저희한테는 소중한 연두콩이에요!!,2개,2020. 4. 21.
신은하,저렇게 컨실러 발라도 평소 화장하는 거랑 전혀 다름. 훨씬 가벼움,2개,2020. 4. 21.
오도독,8:03 오잉 내가 눈 깜빡이는줄 😳😳😳,3개,2020. 4. 21.
honghong,언니 만의 특유의 말투  ~하네유 에 빠져 버렸습니다용... 너무 귀여우세요 진짜루  중독 된것같아요!!!,6개,2020. 4. 21.
소다D,봄웜 되고싶은 갈웜ㅠㅠㅠㅠㅠㅠㅠㅠㅠㅠㅠㅠㅠㅠㅠㅠㅠㅠㅠㅠㅠㅠㅠㅠㅠ,3개,2020. 4. 21.
이이,이렇게 메이크업도 하면서 얘기 듣는 거 너무 좋아요ㅠㅠㅠㅠ 자주 해주셨으면 좋겠어요ㅎㅎㅎ 얼굴도 화면 가까이여서 메이크업 보기도 좋았어요!! 오늘도 최고였습니다~~,2개,2020. 4. 21.
3636,아 이런.. 앰플샀는데 프라이머도 사야겠다 ㄷㄷㄷㄷ,2개,2020. 4. 21.
김규나,꺄아아아 연우언니 ㅠㅠㅠㅠ 제가 아는 연우 중에서 젤 좋아합니다..❤ 늘 응원해요!! 저도 개명한 사람인데 이름 많이 불러주는게 중요하다고 하더라구요! 울 연우 언니 더더 잘되길 빌구 ㅎㅎ 연우 언니 오래 봐요! 🥰 🧡,22개,2020. 4. 21.
보람이,11:54 들숨 ㅋㅋㅋㅋㅋㅋㅋ 웃겨요!!,2개,2020. 4. 21.
련묘,저도 연꽃련(연)자 쓰는데ㅠㅜㅜ,4개,2020. 4. 21.
박연주,언니랑 이름 똑같아서 행복했는데ㅜㅜㅜㅜㅜ 지금 이름도 이뻐요ㅜㅜㅜㅜㅜ❣️,2개,2020. 4. 21.
반유민,누가 언니를 30세로 봐......찐동안이다ㄹㅇ,3개,2020. 4. 21.
정인영,저두 크로스페이드 샀어요ㅜㅜㅠㅠ코랄덕후로써 안 살 수가 없는 색인것 같아요ㅜㅜㅠㅠ,2개,2020. 4. 21.
토마토맛토,"2:49 저도 프라이머로 샀는데 첨에 안 흔들고 썼더니 층분리가 일어나더라구요 중지로 둥글리면서 바르는 법 담부터 써볼게용🙆‍♀️💕 저도 개명인이에요!! 전 아주 어릴적에 바꿨어욯ㅎ호
9:39 편집 취향저격ㅋㅋㅋㅋㅋㅋㅋㅋㅋㅋㅋ
10:28 뭐얔ㅋㅋㅋㅋㅋㅋNHㅋㅋㅋㅋㅋㅋ",11개,2020. 4. 21.
뿡삥빵,언니랑 이름이 같아 졌네유ㅎㅎㅎㅎㅎ,2개,2020. 4. 21.
소라색우비,와 언니 너무 좋다ㅠㅠㅠㅠ 언니는 그냥 다 좋아!!,1개,2020. 4. 21.
CH96,와아ㅏㅏㅏㅏㅏㅏ시청 전에 댓글달아야죠-!! 언니 오늘도 영상 고맙습니다😆 연우라는 이름으로 첫 영상!! 잘보겠습니다💚 16년도부터 언니 영상보고 메이크업 시작한 연두부인데 ㅜㅜ 언니 영상 정말 유익하고 도움이 많이 돼요-❣︎ 라이브 방송도 자주와줘서 고맙고 감사해요💚💚💚💚💚,14개,2020. 4. 21.
김승연,"10:38 연우언니 마음=내마음..💚
그래두 언니는 잡티가 많이 없어서 파데'만' 안써두 피부표현 너무 예쁘쟈나요 😚",1개,2020. 4. 21.
밤길조심해,"언니 그냥 이름 조시 부시로 개명해요ㅠㅠ
내  마음을 조시고 부셨잖아용!",2개,2020. 4. 21.
HeHymnOfDeath,이 언니는 당최 안 늙네...2010인가... 초딩 때 화장 궁금해서 화장하는 법 쳐봤을 때 언니 영상 떴을 때가 엊그제 같은데... 저 이제 성인이에여...ㅠㅠ,1개,2020. 4. 21.
김하은,조루희ㅋㅋㅋㅋㅋㅋㅋㅋㅋㅋㅋㅋㅋㅋ아 언니 너무 웃겨요ㅜㅜㅜㅋㅋㅋㅋㅋㅋㅋㅋㅋㅋ,1개,2020. 4. 21.
채민정,아니 어떻게 저 얼굴이 30대야... 넘 기엽뽀짝하다ㅠㅠㅠㅜㅜㅠㅠ,0개,2020. 4. 21.
햄찌,진짜 잘어울려요 이름!! 잘하셨네요 저도 어릴때 너무 힘들었던 사람이라 개명도 생각해봤어서 응원합니다:>,2개,2020. 4. 21.
Grace,언니 저도 요새 이름 바꿔야하나 고민중이었는데 ㅋㅋ큐ㅠㅠ 언니 영상 보니까 바꾸고 싶어지네요 ㅎㅎ 연우 언니 이름 넘 잘 어울려유💚,2개,2020. 4. 21.
MinjiKim,연두콩 언냐 보면 만화에 나오는 아기자기한 여주 같다 ㅜ 넘나 기욤,1개,2020. 4. 21.
기다림,ㅠ ㅠㅠ ..언니 영상 보는게 요즘 낙이에요 넘 무기력.. 고마워용 🥺🥺💙,7개,2020. 4. 21.
singing,개명 너무 축하드려영~~ 😆🥳 저도 개명인인데 사주이런거 안믿지만 이름의 뜻은 믿어요 이름 따라가는게 있는 것 같아서 ㅎㅎ 앞으로 연우언니 행복한 나날만 보내세여😊🤗,1개,2020. 4. 21.
sue,귀여워요 ㅠㅠㅠㅠㅠㅠ,3개,2020. 4. 21.
이지희,언니가 힘드셨었다니 ㅜㅜ..앞으론 우리 꽃길만 걸어요 ㅠㅠㅠ 언니 진짜 사랑하긔...🙏❤,2개,2020. 4. 21.
김예은,와 진짜 이번 메이크업 레전드...너무 제 취향입니다ㅠㅠ,0개,2020. 4. 21.
이수정,새로바꾼 이름 되게 잘어울려요!!! 원래 연우같은 느낌,2개,2020. 4. 21.
BinH,"오늘도 너무너무 사랑스러운 연우 언니❣️❣️
저 진짜 선크림 바르고나서 손에 찝찝함 땜에 물티슈로 항상 닦는거 완 전 공감되요ㅠㅠㅠㅠ 이번에 선크림 한번 바꿔봐야 겠어요ㅎ😍",1개,2020. 4. 21.
유유,와 메콥 색감 진짜 찰떡 ㅠㅠㅠㅠㅠㅠ 저 립 갖고싶네여 ㅠㅠㅠㅜ 렌즈는 무엇일까용,1개,2020. 4. 21.
혜링,와 이 썸넬을 보고 어떻게 지나가... 진짜 되게 조그만 상큼 귀욤 자몽같다...!!!!❤,0개,2020. 4. 21.
팔월,루희..ㅠㅠㅋㅋㅋㅋㅋ조연우조연우조연우! 그리고 여전히 연두콩 언니 울 언니 🥺🤍,1개,2020. 4. 21.
Alice,나랑 같이 대학 입학해도 안 이상할 동안 외모......ㅠㅠㅠㅠㅠ 넘 카와이 앰플 탐난다 그리고 새로운 이름 너무 잘 어울려요,0개,2020. 4. 21.
공공,"서율 서윤 이런 이름 엄청 흔하고 요즘 애기엄마들이 자식들 이름에 엄청 많이 쓰는 이름이라서 지금 애기들 좀 크면 반에 같은이름이나 비슷한 이름들 엄청많을듯
너무 유행타는 이름..?",7개,2020. 4. 21.
이연우,"헉 언니 !! 저랑 같은 이름이네용ㅠㅠㅠㅠㅠㅠㅠ💗 저는 아빠께서 이름 지어주셨는데, 저희 아빠도 처음에  '연'을 연꽃 연을 쓰시려다가 뭔가 슬픈 분위기? 아련한 느낌? 때문에 안쓰셨다고 그러시더라구요! 그래서 저는 연꽃연 대신 '고울 연', '넉넉할 우'를 쓴 이름이 되었답니당💗 tmi쥬?..... 흔한 이름은 아니라 반가워서 ㅎㅎ... 쨌든 혼자 엄청난 내적 친밀감이 느껴지는구만유.. 같은 이름쓰는 사람끼리 같이 행복합시다 !!!!!!!!???!!)? 예 ?!!!?!!!?... 사랑한다구유... 넘 좋다 ...🌷❤️",1개,2020. 4. 21.
소미,아니누가 언니를 30대라고 생각해요 진짜 귀여워 ㅠㅠㅠㅠ,0개,2020. 4. 21.
SooYummy수야미,연우언니 너무너무 좋아요 💚💚 이제 더더 좋은일만 가득할거고 우리가 함께할거에요 💚💚 오늘도 수고 많았어요💚💚,3개,2020. 4. 21.
정한,썸네일보고 심쿵해서 들어왔짜나요ㅠㅠㅠ💓💓,1개,2020. 4. 21.
이정현,"연우,, 이름이 너무 고와요❤️❤️ 순딩순딩한 언니한테 찰떡이다 진짜",2개,2020. 4. 21.
hummingy,두콩언니 믿고 닥터자르트 선앰플 샀는데 진짜 잘산거 같아요 하나도 안답답히고 너무 좋아요 ㅠㅠㅠㅠ 또 살거에여 연우언뉘 채거채거,1개,2020. 4. 21.
리나,"언니 저랑 같은 조씨에용 ㅋㅋ
저도 나라 조 쓴다는!!
바꾼 이름 정말 잘어울려요
연우연우연우연우연우연우
새 이름 많이 불러줘야한대요!!♥",1개,2020. 4. 21.
,헐 아니 예전부터 고등학생이신줄알고 봐왔는데 ㅋㅋㅋㅋㅋㅋㅋㅋ진짜 동안 여신 인정🖒🖒🖒,1개,2020. 4. 21.
침침,언니 이번 영상 진짜 너무너무너무넘무 예뻐요ㅠㅠㅠ 옷두 찰떡이구 언니 보고 있으면 기분이 좋아져요 크헝 이름도 짱잘어울려여!,0개,2020. 4. 21.
상큼Kiwi,"연우라는 이름이 더 잘 어울리시는거같아용~~
행복한 일만 가득하시길 바랍니다 연우님🥰",1개,2020. 4. 21.
뽀짝,헉 연두콩언니 기획으로 닥터자르트 사면 훨씬 싸네용...!!!!! 물론 저는 이벤트 당첨 돼서 받은 거지만 돈 주고 샀다면 이렇게 샀을 듯ㅠㅠ🤭,1개,2020. 4. 21.
SHERUCORONA,"아니 이 언니는 나이를 어디로 먹는거지?? 
똥으로 바로 나오나바ㅠ",2개,2020. 4. 21.
유나찡,"오늘텐션무슨일이에욬ㅋㅋㅋㅋㅋㅋ복숭아죠???????하다 갑자기 미친거닠ㅋㅋㅋㅋ
ㅋㅋㅋㅋ넘귘ㅋㅋㅋㅋㅋㅋㅋ맥스메쉬도 너무 예뻐요..!!",1개,2020. 4. 21.
따봉도치ThumbsupDochi,아 오늘 하루종일 되는 일도 없고 힘빠지는 날이었는데 ‘조루 희’보고 진짜 미친듯이 웃었어욬ㅋㅋㅋㅋㅋㅋㅋㅋㅋㅋㅋㅋㅋㅋㅋㅋㅋㅋㅋㅋㅋㅋㅋㅋㅋㅋㅋㅋㅋㅋㅋㅋㅋㅋㅋㅋㅋㅋㅋㅋㅋㅋㅋ 우리 연우님 언제나 행복만 가득세여💕,1개,2020. 4. 21.
seulapark,저도 원래 한글이름 이었는데 한자이름 으로 개명했어요ㅎㅎ 개명하고 더 잘 풀리는 것 같아요 연두콩님도 더더 잘풀리시길 바랄게용ㅎㅎ,1개,2020. 4. 21.
수수수수수,10:02 와진짜 생각없이 보다가 아이유랑 똑닮...💗 넘예뻐,0개,2020. 4. 21.
브라운,10:28 농협은행ㅋㄱㅋㄱㅋㄱㅋㄲㅋㅋㅋㅋㅋㅋㅋ아 개웃김,0개,2020. 4. 21.
붕도리,"연우! 그럼 연꽃 연을 바꾼건가요?? 
바꾼 이름 한자 도 알려주떼연~우^^",2개,2020. 4. 21.
율이,언니   이름징짜잘바꾼거같애요..느낌이진짜좋아요 오..❤️ 근데언니랑 저랑 먼친척~?!?저도 나라조씨에요❗️❗️,2개,2020. 4. 21.
난영,"헐 이름 너무 이뻐요 ㅠㅠ
연우라는 이름 예전부터 예쁘고 뭔가 
귀엽다고 생각했는데 연두콩님이랑 완전 잘어울려요 ㅠㅠㅠ😭😭😍😍😍",0개,2020. 4. 21.
김지영,농협은행 뭔데ㅋㅋㅋㅋㅋㅋㅋㅋㅋ아ㅋㅋㅋㅋㅋㅋㅋㅋ언니 진짜 매력둥이,0개,2020. 4. 21.
님팬,언니 렌즈 정보도 부탁드려용용,6개,2020. 4. 21.
haha,저는 연꽃하가 이름에 들어있어요ㅜㅜ너무 힘든일이 있어서 한자만 개명했었어요 이름 개명한만큼  연두콩 언니도 앞으로 좋은일만 있었으면 좋겠네요🥰,9개,2020. 4. 21.
조다은,연두콩님 솔직히 너무 예쁘셔서 진짜 ‥ 화장해도 예쁘고 안해도 예쁘셔 잘보구있어요,0개,2020. 4. 21.
은빙구,탠저린칩 바를 때 쓴 브러쉬 정보 아시는 분ㅠㅠ,1개,2020. 4. 21.
홍세영,오늘도 여전히 최고 깜찍 ㅜ ㅅ ㅜ,1개,2020. 4. 21.
쇼다미,ㅋㅋㅋ파우더 가루 날릴때 저도 모르게 같이 후 불어버렸어요😂,0개,2020. 4. 21.
새벽별,"연우라는 이름 너무 예쁜 것 같아요! 이름 바꾸신 만큼 앞으로 연우 언니에게 좋은 일, 행복한 일이 많아지면 좋겠어요🤗❣",1개,2020. 4. 21.
웅앵웅앵,참 귀엽다....이 언니는 참 귀여워...내가 중1때ㅜ부터 언니를 봤는데..난 이제 고3인데 언니는 참 그대로다... 진짜 모자 딱 쓰는데 육성으로 아 귀엽네..라는 말만 반복중..,0개,2020. 4. 21.
KMG,앜ㅋㅋㅋ 중지 이모티콘 모자이크한 거에서 터졌네요 🤣 립 색깔 진짜 예쁘네요 대박,1개,2020. 4. 21.
하나,언니 너무 귀여유ㅓ요 연우언니 💚💚,1개,2020. 4. 21.
전서영,10:28 ㅇㄴㅋㅋㅋㅋㄱㅋㄱㅋㄱㅋㄱㅋㄱㄲㅋㅋㅋㅋㅋ 농협ㅋㅋㅋㄱㅋㅋ은행ㅋㅋㅋㅌㅋㅌㅌㅋㅋㅋㅋㅋㅋㅋㅋㄱㅋㄱㅋㄱㅋㅋㅋㅋㅋ,1개,2020. 4. 21.
이셍이,"울 언니는 뭘해도 잘어울려! 너무 예뻐! 최고야!
저희 앞으로도 오래오래 봐요🥰",1개,2020. 4. 21.
젤리빈JELLYVIN,연우언니...! 히힣 처음붙러보는데 이제 자주 부를깨용♥️ 같은 조씨라서 행복해유💝,0개,2020. 4. 21.
,두콩님 믿고 프라이머 샀는데 구성도 알차고 잘 산거 같아요 손에도 안끼고 ㅠㅠㅠ 체고에요 ❤️,2개,2020. 4. 21.
예림,연우언니!! 이름 너무 예뻐요!! 앞으로 나쁜 일 없이 항상 좋은 일만 있길 바라요❣🙆‍♀️,1개,2020. 4. 21.
정우진,10:30 농협은행 ㅋㅋㅋㅋㅋㅋㅋㅋㅋ 연우언니 앞으로 꽃길만 걸어요!♡♡,0개,2020. 4. 21.
최시시ChoiSiSi,으어어 왜 저만 나이먹는거 같죠...,1개,2020. 4. 21.
조혜영,"언니를 진짜 몇년동안 봤는데 조씨인걸 오늘 처음 알았어요 ㅋㅋㅋㅋ왜 몰랐징 ㅎㅎ
연우라는 이름이 너무 잘 어울려요 언니!! 정말 유해지고 따뜻한 이름인 거 같아요 ㅎㅎ앞으로 달라진 언니의 이름처럼 행복한 나날들을 보냈으면 좋겠어요! 사랑해요 항상 고마워요^^고맙습니당",1개,2020. 4. 21.
민형,아 너무귀여워 엉엉 연우언니 날가져,1개,2020. 4. 21.
미깰라띵뿡빵,두콩언니랑 띠동갑 연두부입니당.. 초딩때부터 언니 학생 메이크업 영상 보면서 용돈 아껴서 화장품 사가지고 서툴게 따라하던 게 엊그제 같은데 제가 벌써 18살에 언니는 서른이네요..! 요즘 저도 학업이랑 진로 이런거에 많이 치이고 힘들어서 언니 옛날에 힘들었다는 얘기 들으니까 제가 다 마음이 아프네유😭 지금은 웃으면서 얘기하지만 그 당시에는 얼마나 힘드셨을까 하는 생각에 야밤에 눈물 콸콸 쏟아유 ㅠㅠ 너무 힘드셨을텐데 잘 버텨서 지금 77만 연두부들과 함께 웃으면서 얘기 나눠주셔서 너무나 감사하구 고맙구 그래유😂 흑흑 연우언니 앞으로는 좋은 일들만 있으셨으면 좋겠어유🥰 물론 힘들 때도 있겠지만 잘 이겨내셨으면 좋겠어용 💚저두 공부 퐈이팅해서 2년 뒤에 언니가 올리는 새내기 화장품 추천템 가방 추천 옷 추천 영상 보고 풀착장해서 예쁘게 대학 들어갈게유 😎 주저리 주저리 무슨 말을 한 건지 모르겠지만 암튼 연우언냐 유튭 오래오래 해줘서 넘 고맙구 사랑한다구여 ~~ 💚💨,2개,2020. 4. 21.
조희현,우왕🥰 저도 나라 조씨 써용! 괜히 반가워용ㅎㅎ,1개,2020. 4. 21.
변백현사랑해,언니진짜 뱀파이어아닌가요??????20살이라해더 믿겠어요ㅠㅠㅠㅠㅠ정말ㅠㅠㅠㅠㅠㅠㅠㅠㅠㅠ 넘 어려보이구ㅜㅜ예뿌고 귀엽고 사랑스럽고 이름바꾸신거 축하드러오❤️❤️❤️❤️,1개,2020. 4. 21.
박민규르르륵,헙 이제 연우언니라니 연주던 연우던 언니면 다좋아요❤️❤️ +(이제 좋은일만 있길 바랄게요 언니😭),2개,2020. 4. 21.
메리Mary,"늘 언니 영상보며 행복했는데, 연우라는 이름 덕에 더 행복해지겠어요 !!💓",1개,2020. 4. 21.
우왕,조루 희 ㅋㅋㅋㅋㅋㅋㅋㅋㅋㅋㅋㅋㅌㅌㅌㅠㅠㅠㅠㅠㅠㅠㅠㅠㅠㅠ미치겠다 휴 언니 새 이름으로 더 행복해지세여!!!,0개,2020. 4. 21.
DrHan,"여러분 솔라바이옴 앰플 너무 좋아요
근데 단점이 엄청 묽어서 막 펴바르다가 눈에 한번씩 살짝 들어가는데.....엄청 아파여
조심조심 바르세여....방금도 바르다 눈알에 발라서 고통받다가 댓글달러옴ㅋㅋㅋㅋㅋㅋㅋㅋㅋㅋㅋㅋㅋㅋㅋ",1개,2020. 4. 21.
blue,연두콩의 연은 변함이 없네요💚🤍 아니 루힄ㅋㅋㅋㅋㅋㅋㅋㅋㅋ 완전 빵터졌어요....🙅‍♀️🙏🏻 연우 정말 여리하고 분위기 있는 이름같아요❣️,1개,2020. 4. 21.
우미리,"연두우우우우우(언니)콩(언니)💚
항상 응원해여~~!!!!행복하세용🙈",1개,2020. 4. 21.
3107김래영,와 이영상은 다시봐도... 이영상진짜 이메이크업 진짜 너무이뻐요,0개,2020. 4. 21.
피넛,"연우님! 연두콩님😊 이름이 아주 찰떡이십니다💗
브러쉬가 궁금해서요🥰
이니스프리 티라미수 색상바르실때 뭐 쓰셨어요?
그리구 애굣살에 바르실때 무슨 붓쓰셨는지 알수있을까요! 붓이 너무 쪼그만해서 잘 쓰일것 같아 물어봅니다💗💗",2개,2020. 4. 21.
김예은,아 미틴 개행복해,1개,2020. 4. 21.
연주,언니 이제 저랑 이름이 달라지셨어용..근데 연우라는 이름이 왜 이렇게 찰떡이신지ㅠㅠㅠ❤,1개,2020. 4. 21.
eunjaechung,언니 썸넬 색감도 그렇고 보정법 너무 궁금해요!!! ㅜㅠㅠㅠㅠㅠ 보정법 영상 혹시 찍어주실 수 있나요ㅜㅠㅠ 썸넬 피부도 너무 좋아보여용 ㅜㅠ,0개,2020. 4. 21.
SuKyoungChoi,농협은행ㅋㅋㅋㅋㅋㅋㅋㅋㅋㅋㅋㅋㅋㅋㅋㅋㅋㅋㅋㅋㅋㅋㅋㅋㅋㅋㅋ아시는 분들 있나요...?ㅋㅋㅋㅋㅋ,0개,2020. 4. 21.
진이,오늘도 너무 예쁜 연두콩님😆,0개,2020. 4. 21.
뮤뮤,조루희 ㅋㅋㅋㅋㅌㅠㅠ언니 바꾼 이름 너무 이뻐요😘,0개,2020. 4. 21.
김소연,연우님 개명이유 5:29 부터 나옵니다 여러본~,1개,2020. 4. 21.
김수연,언니는 대다내.. 나는 프리를 넘어서 비문명인이 되어가고있어..,0개,2020. 4. 21.
타다,이 언니는 나이를 왜 안먹는 거 같지 맛이 없나,2개,2020. 4. 21.
인생은혼자야임마,"언니 30대???????? 나 10대인데 언니보다 늙었어.............. 인생은 뭘까,,?",3개,2020. 4. 21.
정연주,저도 이름 연주인데... 남동생 이름이 연우에요ㅋㅋㅋㅋ,1개,2020. 4. 21.
김나영,연우언니 오늘도 너무 예뻐요ㅠㅠ❤️,0개,2020. 4. 21.
김유경,카페모카리카노라니 완전 귀요미빵한 작명 아닙니까ㅠㅠㅠㅠㅠㅠㅠㅠ ㅠㅠㅠㅠㅠㅠ 난 언니 쌍커풀에 껴 죽어도 좋아...,0개,2020. 4. 21.
샤인,저도 개명할건데 연우라는 이름 너무 예쁜것같아요 언니랑 잘어울려요 ! 💚,1개,2020. 4. 21.
지오,"저도 18년을 다른 이름으로 살다가 최근 개명을 하게 되었어요! 연우 언니처럼 막 힘든 일이 있진 않았지만 나름 이름에 대한 스트레스가 있었거든요.. 아직은 저도, 제 주변 사람들도 어색해하지만 잘 적응해 보아요! 앞으로 좋은 날이 많길 바랄게요!❤️",0개,2020. 4. 21.
서연우,저도 연우에여!!! 이름이 같아져서 좋네용!!😆,1개,2020. 4. 21.
수연,연우 언니! 앞으로는 연두부들이랑 행복할 일만 있을거에용~~😍😍,1개,2020. 4. 21.
붐붐바스틱,저도 중성적인 이름이라 개명하고싶은데ㅠㅠㅠㅠ연우도 너무 잘어울리세요!!!!,0개,2020. 4. 21.
우주니,언니 ㅋㅋㅋㅋㅋㅋㅋㅋㅋㅋㅠ 많이 힘들저ㅋㅋㅋㅠ 아이고 꼬망이 산책 가려고 화장하는지 몰랐다구요!! ㅋㅋㅋㅋㅋㅋ,0개,2020. 4. 21.
빠마머리앤,연우라는 이름도 귀엽고 잘 어울려요!♡,1개,2020. 4. 21.
지우니,30 잉생이라니..,0개,2020. 4. 21.
신예스비룽,"언니 진짜 귀여워요..♡ 연주도 이쁘고 연우도 이쁘고 연두(?)도 이쁘고ㅎㅎ
그 이쁜 이름 지어준 작명은 어디서 하신 거에요??😃",0개,2020. 4. 21.
루루,연우언니♡ 둘중에 뭐살지 엄청 고민했는데 정했어요 감사해용 히히,1개,2020. 4. 21.
춘댕,진짜 콩같이 생겼다는게 이런 걸까...ㅠ 너무 귀여워요..❤️,0개,2020. 4. 21.
0Z00,"새이름 동글동글 연두콩님이랑 너무 잘어울려요!
이름도 연두콩님도..넘흐 농협은행인것...😗",1개,2020. 4. 21.
도화지,연우님 블러셔 바를때 왤케 귀여워욬ㅋㅋ,0개,2020. 4. 21.
soyoung,연우님 새로운 이름으로 앞으로는 좋은 일만 많길 바라요. 😊,1개,2020. 4. 21.
쿨톤핑크이수나,연우언니네요!!! 연우 너무 잘 어울려요ㅋㅋㅋㅋ새 이름으로 더 행복하고 좋은 일만 가득하자구요🌸,0개,2020. 4. 21.
덕만이,저렇게 밝은 얼굴로 힘든 일을 털어놓으니까 ㅜㅜㅜㅜㅜ 애구 무슨 일인지는 모르지만 힘내줘서 고맙고 항상 긍정적인 에너지 많이 줘서 고맙습니다 !!!,0개,2020. 4. 21.
간식간식,연우.. 너무 예쁘다 연우 연우 연우.. 연우... 진짜 청초한 이름인거같아요,0개,2020. 4. 21.
현아,언니 렌즈 뭐에요?? 너무 예뻐요ㅠㅠㅜㅜㅠ,0개,2020. 4. 21.
