﻿닉네임,댓글,좋아요수,날짜
로즈하ROSEHA,"⭐️instagram @xoxohaji⭐️
영상 업로드에 대한 정보나 저의 일상등은 인스타그램으로 더욱 빠르게 받아보실 수 있어용😍
안녕하세요, 여러분~! 오늘은 오랜만에 별 거 없는 일상 브이로그 영상을 가져왔어요,,허허❤️
생일선물 언박싱이랑 하울 등등이 포함되어서 오늘도 역시나 하이텐션 주의!👀 입니다ㅋㅋㅋ
그럼 영상 재밌게 봐주시길 바라요 >^<
(다음주에는 말 많은 겟레디윗미 영상 올릴게욥! 기다려주세요~🌝💕💕)",437개,2020. 5. 23.
헤이즐Heizle,내시키💙💙💙💙💙💙💙💙,1개,2020. 5. 23.
BlueEye,영상이 이렇게 길다니... 아껴두고 아껴두고 보고 다시보고 다시볼꺼에요!!! 언니의 평범한 일상도 너무너무 궁금해요🥺 요리를 하시는것도 보고싶어요ㅜㅜ🥰사랑해요❤️❤️,345개,2020. 5. 23.
하프,언니는 왜 계속 이뻐???? 너무 여신이잖아 로즈마리 맘을 홀렸어!! 나는 죽기 전까지 로즈마리야!!💖,21개,2020. 5. 23.
김소현,어쩜 언니 같이 아기자기하고 이뿐것들 잘 찾아서 잘 사시는지 ㅠㅠ 하울 넘 조아여 시간 가는 줄 모르고 보게됨 ㅠㅠ,5개,2020. 5. 23.
Germanharibo,로즈하님🌹🤍❤️ 구독한 이후로 처음 댓글 다는데 오늘 영상은 증말 취저탕탕이라 댓글을 안 남길수가 없었네여ㅠㅠㅠㅠㅠㅠ 이런 아기자기한 당장이라도 뽐뿌오는 제품들 하울과 중간중간 브이로그까지 정말x999 잘 봤어요 :) 앞으로도 이런 영상 계속 올려주세욤 응원합니당!!👏🏻👏🏻👏🏻👏🏻👏🏻💖,8개,2020. 5. 23.
MeetDK,헉 목동 교보라니ㅜㅜ저희 집 앞이라 진짜 자주 가는데 왜 언니 한번도 못 뵌 거죠ㅜㅜㅜ다음에 꼭 한번 만나 뵐 수 있었으면 좋겠어용❤️❤️❤️,24개,2020. 5. 23.
수갱,즈하님 168cm 케이스라는 사이트에 하트 모양 스마일 그립톡도 있고 하트 모양 안에 스마일 꽃 그립톡도 있어요! 즈하언니가 좋아하실 거 같아서 댓글 남겨요 💕 보고 좋아하셨으면 좋겠어요❣❣오늘도 좋은 영상 감사합니다 건강하세요➰🌹,115개,2020. 5. 23.
김지수,"23:43 부분에 흥얼거리시는거 혹시 국민,,,체조,,노래인가요?🤔,,, 아무 생각없이 보다가 이게 뭐였지 한참 생각했어요 ㅋㅋㅋㅋ",68개,2020. 5. 23.
smile,몽글몽글하신모습 진쫘ㅋㅋㅋㅋㅋㅋㅋㅋㅋㅋㅋㅋㅋㅋㅋㅋ양이 말을하는것같아욬ㅋㅋㅋㅋㅋㅋ,60개,2020. 5. 23.
여름여름해,"솔직히 이런 영상에 싫어요 누구냐?
로즈마리의 이름으로 용서하지 않겠다",33개,2020. 5. 23.
박둥둥,8:58 열자마자 떨어진 ㅠㅠ 눈치없는 에어팟 😂ㅋㅋㅋㅋㅋㅋㅋ 언니의 현실반응ㅋㅋㅋㅋㅋㅌㅌㅋㅌㅌㅋㅋㅋㅋㅋㅋㅋㅋㅋㅋㅋ 공주말투로 쉣이라고 하니까 넘 귀엽짜나요 💕,17개,2020. 5. 23.
요롤로로,4:10 언니...300m 밖에서 봐도 언니의 미모밖에 보이지 않을 것 같은걸료......,23개,2020. 5. 23.
susu,23:43 언니 흥얼거리는 노래 익숙해서 뭔가 했더니 국민체조 노래...ㅋㅋㅋㅋ즈하 언니도 역시 뼛속까지 한국인이었다...,20개,2020. 5. 23.
뚜둥,나진짜 즈하언니가너무 좋고 소중해서 영상 막 아껴서 보고 또 돌려보고 한다구요 ㅠㅠㅠ 언닝 진쨔 사랑🙈❤️,3개,2020. 5. 23.
말하는껌,"지치고 지겹고 힘든 일상 속 당신의 vlog는 
한줄기의 빛.......✨🥺
30분이나 된다니ㅜㅜ넘무 행복해요오😭❤️",35개,2020. 5. 23.
032690,별거 없다니.... 진짜 영상 너무너무 알차다... 세상에🥺😣✨🌟💛💛💛💛💛,5개,2020. 5. 23.
김예빈아이즈원,30분이나 되는 영상에 광고 하나 없다니..언니는 대천사십니다.. ❤️❤️❤️❤️❤️❤️,9개,2020. 5. 23.
안녕,진짜소름. 어제저녁 루이비통 사이트 구경하다가 이가방보고 무의식결에 로즈하스타일이네~ 생각하고말았는데 ㅋㅋㅋㅋㅋㅋㅋ진.차.소.름.,8개,2020. 5. 23.
뿡빵뿡빵,세상에 언니 .. 처음 등장할때 인형인줄 알았져❤️,5개,2020. 5. 23.
명치치myeongchichi,9:10 너무 귀여웤ㅋㅋㅋㅋㅋㅋㅋㅋ 5번은 돌려봤어요ㅜㅜ,3개,2020. 5. 23.
룰루랄라,30분영상에 광고 하나 없다니.. 즈하 언니 천사야..,14개,2020. 5. 23.
진진진,언니 부럽다.... 저런 헤어벤드에 저런 솜사탕 가방도 잘어울리고......내가 하면............완전 예쁜 쓰레기..장난감...끄어엌,27개,2020. 5. 23.
로리,아 뭐예요 언니 헤어밴드 언니랑 완전 찰떡 아가같아용,15개,2020. 5. 23.
쏨Some,"영상 길이보고 너무 설렜잖아여><💕💕💕
매일매일 아껴보고 밥먹으면서보고 잠들기전에보고 멍때리다가보고 나가기전에보고 그럴꺼에요❤️
목소리마저도 너무 이뻐서 귀호강까지 할 수 있었어요🥰
요즘 제일 행복할 때가 언니영상 알림뜰 때에요><
오늘도 이쁜 영상 준비해주셔서 정말 감사해요❤️
다음 영상까지도 늘 행복하세요❤️❤️❤️",3개,2020. 5. 23.
놀이콩,"벌써 시간이 가버리다니 ㅠㅠ시간이 후딱 ㅠㅠ
로즈하님 영상보면 시간이 금방 가는듯👍🏻👍🏻",4개,2020. 5. 23.
로즈쥬아,"아 너무 햄벅,,,❤️!❤️!
아기다리고기다리던 영상인데 
제가 너무너무 좋아하는 브이로그라늬🌺🌺
언니는 사랑입니ㄷr
아니아니 별거 없어도 돼여😭😭
언니만 있으면 돼💕
진짜진짜 사랑해요 이렇게 긴긴 브이로그를
올려주셔서 정말 감사합니다 아껴 보겠습니닷!!
아니 계속 보겠습니닷!!❣️
+와 저 진짜 깜짝 놀람욬ㅋㅋ중간중간 얼마까지 본지도 확인 한 하고 얼 빠진 듯이 보고 있었는데 이제 본격적으로 봐야지 하고 시간 확인하니까 30분,,,,,,,,헐,,,,시간 너무 빨리 감
언니 영상 준비하는 동안 호그와트 갔다 왔죠,,,마법을 걸어논 게 분명해,,,,,진짜 미쳤어 오늘 영상 진짜 미쳐써,,,😍
사랑해여r 
+  21:24
립스틱이 너무사고 싶지만 언니의 다음 립 추천 영상까지 기다릴꼬야!!언니가 추천하는고 살꼬야!!!언니의 화장품 추천 영상 진짜 최꼬야!요!
+   27:48 
헐 깜놀 넘 예쁘쟈나요 화장 찰떡이쟈나요,,뭐가 맘에 안 들어여😭😭
갑자기 오류나서 카메라 떴는데 진짜 
현타옴욬ㅋㅋㅋ
+ 14:27
와.........진짜 예뻐...넋 놓고 봤,,ㅋㅋ
저두 사고 시프네유ㅠㅠ
케이스 완전 언니 같아욤!!❤️
화려해 예뻐 짜릿해
요
+  26:04
어?인스타에서 봤던 그 사진!!!!(반갑반갑)
언🌹
언니
언니는
언니는 오
언니는 오늘
언니는 오늘도
언니는 오늘도 넘
언니는 오늘도 넘 예
언니는 오늘도 넘 예뻐🌸
언니는 오늘도 넘 예뻐요🌸
언니는 오늘도 넘 예뻐🌸
언니는 오늘도 넘 예
언니는 오늘도 넘
언니는 오늘도 
언니는 오늘
언니는 어
언니는
언니
언🌹
옛날부터 해 보구 싶었던 고..희희희😅",3개,2020. 5. 23.
1학년7반13번유수아,비상 작품 설명 읽다가 풉 하는거 왤케 웃길까옄ㅋㅋ 예뿌고 귀엽구 혼자 다행...❤,31개,2020. 5. 23.
라즈베리무스케익,"언닌 진짜 신데렐라가 부모님께 사랑 듬뿍받으면 언니같을 것 같아요❤ 너무 예쁘고 사랑스러워요💛💛
항상 행복하시고 응원할게욥🥳🥳 사랑합니당٩(ˊᗜˋ)و",22개,2020. 5. 23.
맞나,21:27 네? 봄웜은 드러눕습니다,5개,2020. 5. 23.
이쟁찌,"28:16 이날 화장 너무 예뿌다 ㅠㅠㅠㅠ
+ 헉 근데 즈하님은 맘에 안 드셨구나 ㅠㅠ 깔끔하고 예뻐요
저번에 인스타에 올린 꽃구경 하는 길냥이 본 날 그날인가봐요🌸",11개,2020. 5. 23.
al,"6분전인데 사람 짱 많아..
언니의 인기란😉",37개,2020. 5. 23.
yeonyoo,"에어팟 케이스와 키링을 달기위해 
에어팟을 사는 배운사람 로즈하😚",6개,2020. 5. 23.
꾸미꿈,아 사랑해 우리 언니 최고야 🤦🏻‍♀️💙,37개,2020. 5. 23.
재은,"언니 마음에 안들어요...





제 맘 '안'에 들어요!!!❤❤❤
빨리 왔어요!!!👣
코로나 조심하세요ㅠㅠ지은언니!!💗💗💗💗",29개,2020. 5. 23.
hyoen2,영상이 이렇게 긴데 광고하나 없다니 ㅜㅜㅜㅜㅜ 쭉 뚫린 고속도로마냥 속시원한 재생바에 마리뽕 가득 채우고 잼게 봅니다💜💜💜💜,2개,2020. 5. 23.
박꽁,로즈하님답게 물건들이 다 핑크핑크.귀염뽀짝이네여.ㅎ잘보구가여^^,2개,2020. 5. 23.
이한송,"이상하게 막힘없이 본다 생각했는 데 광고가 하나도 없어ㅠㅜㅠㅠㅠ 역시 즈하님 쫭!!💕💕 얼른 하이틴💗 컨셉 영상이랑 코로나19ㅠㅜㅜ 빨리 끝나서 하울에서 찍었던 옷이랑 신발이랑 가방하고 여행브이로그 찍은 영상이 보고 싶네여ㅠㅜㅠㅠㅠㅜ
+그립톡으로 인생 전 후가 달라진다는 느낌이 나만 느끼는 게 아니였어!!!!
🤜💜🤛",2개,2020. 5. 23.
은영잉,"23:43 무슨 노래 허밍하시지?? 했는데 국민체조라는 ㅋㅋㅋㅋㅋㅋ 너무 귀엽잖아 ,, ㅋㅋㅋ 😍",9개,2020. 5. 23.
조한나,정ㅈ말 이언닌 공주인가 사람인가.....,20개,2020. 5. 23.
조윤빈,"헐! 귀하디 귀한 로즈하님의  브이로그..🤭
오늘 완전 계 탔네요..헤이즐님과 로즈하님 영상이 같은 날 올라오다니..!!
헤이즐넛 이자 로즈마리는 여기서 잠듭니다..🥀",22개,2020. 5. 23.
정윤서,즈하님 지금 새벽인데 갑자기 즈하님이 떠올랐어요 언니의 환한 얼굴과 귀에 쏙쏙 들어오는 목소리는 정말 기분이가 좋아져요 오늘도 좋은 하루 보내세요,2개,2020. 5. 23.
사랑해서수진,7:50 미쳤다 손하트 너무 귀엽다,3개,2020. 5. 23.
애옹식Aeongsik,단발 대찬성이요🙊,7개,2020. 5. 23.
비글미유l천방지축일상vlog,9:00 ㅋㅋㅋㅋㅋ세상 청순한 얼굴과 그렇지못한 말투ㅠㅠㅠ왕 귀여워요ㅠㅠㅠㅠㅠㅠ❤️❤️❤️❤️,1개,2020. 5. 23.
Seonmin,언니 에어팟 아무것도 모르고 귀에 바로 꽂고 소리 안들린다한거 넘 기여운거 아녀요ㅠㅠㅠㅠㅠㅠ 그리고 역시나 실망시키지 않은 로즈하언니의 하울... 언니 반응도 넘 리얼해서 좋고 제품들도 하나같이 이뻐서 넘 좋아요!!! 오늘도 언니는 이쁨... 💕,2개,2020. 5. 23.
채은이,장미언니..❤️ 사랑해..❤️,2개,2020. 5. 23.
다회하고싶은거다회,"영상 길이 31분🤭🤭🤭
즈하언니 내가 꼭 데이터 켜고 볼게요💜",17개,2020. 5. 23.
옐뷰니,저 루이비통 가방은 그냥 즈하님을 위해 나온거네요ㅎㅎ💗,24개,2020. 5. 23.
소연,23:43 국민체조 노래 흥얼 - 귀요워..🖤,3개,2020. 5. 23.
짠효띠,ㅋㅋㅋㅋㅋ진짜 즈하언니가 에어팟 샀다고 하자마자 엄청 귀엽고 깜찍한 키링과 케이스 사겠구나..! 생각햇는데 바로 나오네룜ㅋㅋㅋㅋㅋ,1개,2020. 5. 23.
안신우,"진짜 에어팟을 쓰기전과 후로 나뉘는 것 처럼
로즈하 언니를 만나기전과 후로 나눠지는 것 같아요 ㅜㅜ❤️
저 진짜 지루한거 싫어해서 다른영상 10분만되도 안보는데 언니영상은 길면길 수록 너무 좋아요ㅠㅠ🌸🌺",5개,2020. 5. 23.
정사각,아 처음 오프닝 머리에 한거 너뮤 취저❤️❤️,3개,2020. 5. 23.
뇽뇽,와 안마의자까지..!! 역시 즈하언니는 집순이 우등생 ㅋㅋㅋㅋ,2개,2020. 5. 23.
정서윤,9:07 세상 우리언니 졸귀탱...❤❤,2개,2020. 5. 23.
,"오늘 처음부분 메이크업이 너무 궁금해요 ㅠㅠ 
혹싀 저런 느낌으로 학생메이크업 다시 올려주실수 있을까요ㅠㅠㅠㅠㅠ",3개,2020. 5. 23.
주연,루이뷔통 선물을 보자마자 저것은 헤이즐언니가 선물해줄것을 알았고 그 안에 가방은 그전에 샤넬가방과 컬러감이 비슷할것을 예상했지만 그걸 맞춘내가 너무 놀라웠다👏🏻👏🏻진정한 로즈마리❤️❤️이자 헤이즐넛ㅎㅎ 언니 이렇게 긴 일상 브이로그 넘좋아요!! 오늘도 재밌게 맘 힐링하면서 보구가요💗,4개,2020. 5. 23.
사라앙,예쁜거 짱 많은 언박싱🎁🛍📦글리터들 하나같이 다 반짝 반짝 예뻐서 뭘 사야할지 모르겠어요:),2개,2020. 5. 23.
junicorn123,백구아가씨...넘무 귀여워요 엉엉,10개,2020. 5. 23.
요정이빨,혹쉬 로즈하님 예전 핑크색 배경에 검정 영어 레터링 폰케이스 구매처 아시는 분 계신가용...?ㅜㅜ 흑흑 너무 예뻐서요💖,29개,2020. 5. 23.
전혜리,"헐 언니ㅠㅠ 진짜 너무너무 이뻐요ㅠㅠㅠ 진짜 브이로그 많이 올려주세요ㅠㅠ 언니 영상이 젤 좋음ㅎㅎ
글구 언니 단발해도 이쁠거 같긴한데 저는 장발에 한 표! 하여튼 언니 넘 이쁘고 귀엽구 혼자 다함",5개,2020. 5. 23.
세은,ㅜㅜㅜㅜ 아까 영상 올라오자마자 봤는데 시험공부때문에 .. 밤새는데 하 공부지겨워서 또 보러 왔슴당😍 언니 영상 정주행 4번째에요.. 사랑해여❤️,2개,2020. 5. 23.
쁍,09:09 09:55 너무 귀여운거 아닌가요ㅠㅠㅠㅠ  아 심장아파 🥺😂💙,2개,2020. 5. 23.
이시원,"헐 ㅠㅠㅠ 언니 30분짜리 영상이라니 ㅠㅠㅠ 
사랑해요오오오 ㅠㅠㅠㅠㅠ",9개,2020. 5. 23.
정은D,언니 하이틴 룩 영상 꼭 올려주세용ㅇㅜㅜ 진짜 기대 기대😭😘😭😘,3개,2020. 5. 23.
Amiami,언니 오늘도 너무 예뻐요ㅜㅜㅜ진짜 사랑해 언니가 최고야,5개,2020. 5. 23.
승주,울언니 등장 ㅠㅠㅠㅠㅠㅠㅠㅠㅠㅠㅠㅠㅠㅠㅠㅠ 엄청 돌려보고 있었어요ㅠㅠㅠㅠㅠㅠ😍🤣🥰🥰🥰🥰,2개,2020. 5. 23.
말랑이,왁 언니 ㅠㅠㅠㅠㅠ 너무 보고싶었어요 ㅠㅠㅠㅠ 진짜 저 이런 영상 너무 좋아해요 ㅠㅠㅠ 저번에 먹방이랑 언박싱있는 영상 야금야금 진짜 많이 봤는데ㅜㅜㅜㅜㅜㅠ 넘 조아여 ㅠㅠ 이것두 아껴봐야지... ㅜ,1개,2020. 5. 23.
김민솔,"즈하님 즁말 애기 같애요 ,, 넘 사랑스러워...❤️ 진짜 이런 영상 올려주시면 넘 사랑합니다🌹💖",8개,2020. 5. 23.
주주주,미니백이나 아이디어스 케이스나 진짜 우리 즈하언니 취향이네요! 언니 일상 그냥 다 너무 좋아요ㅠㅠㅠㅠ 30분 영상 길이도 너무 좋고 그냥 진짜 사랑합니다ㅠㅠㅠ❤️,1개,2020. 5. 23.
강성아,"21:55 아ㅠㅠ 진짜 마스크 세상졸귀ㅠㅠㅜㅜ 어떻게ㅠㅠㅜ 너무 귀여운 우리 장미언니,,ㅠ",3개,2020. 5. 23.
,23:42 국민체조 ㅋㅋㅋㅋㅋㅋㅋㅋㅋㅋㅋㅋㅋㅋㅋㅋㅋㅋㅋㅋ익숙하다 했네... 국민체조~ 시작!,2개,2020. 5. 23.
별미다이어리,드디어 영상♡,3개,2020. 5. 23.
먀옹,즈하님 오늘 너무 귀여워서 행복하실때 저도 같이 웃게되네요..감사합니다❤️,2개,2020. 5. 23.
베니,24:01 심쿵💜,1개,2020. 5. 23.
ChanMohMohAung,어니 진짜 영상 많이 올리면 저 진짜 엄청 행복할거예요 . 어니 보기만해도 너무 좋아요 제가 미얀마사람이에요 . 유튜버중에 언니가 제일 사랑해요 ㅋㅋ ❤️,1개,2020. 5. 23.
하하호,처음 화면 왜캐 귀여워요ㅋㅋㅋㅋ 저보다 언니지만 너무 귀여워요..,1개,2020. 5. 23.
뻐큐쌍,봄웜톤 립스틱ㅠㅠㅠ 존버할게요 너무 기대된다아아ㅜㅜㅠㅠ😭❤️❤️❤️❤️,2개,2020. 5. 23.
김원래,29:44 방이 그냥 다 핑크야💞💞,1개,2020. 5. 23.
Yebbuni1,1빠닥 언니는 그냥 공주 그 자체 ... ❤️❤️ 오늘도 영상 잘보구 가여 ㅜㅜ 역시 로즈하 브이로그 짱,2개,2020. 5. 23.
지안,너무 좋아영❤️❤️❤️,4개,2020. 5. 23.
박박박,우와앙 생일때 엄마께 항상 꽃다발을 드리셨다니... 완전 효녀 아닌가요..? 어머님께서 엄청 뿌듯하시겠어요!!!,2개,2020. 5. 23.
지현,뭐야 인트로 누가봐도 공주님 아침일상,5개,2020. 5. 23.
정다히,"엌ㅋㅋㅋㅋ 언니 굳이 이어폰 있는데 에어팟을 왜 사는 거지 생각한 사람 저에요,,, 이해 못했는데 이제는 이해가 간다쥬💕💕 온니 영상 얼마만에 보는지 몰라 너무 좋아요 지짜 ㅠㅠㅠㅜㅜ",1개,2020. 5. 23.
김예은,스킵 하나도 안했어 .. 너무 재밌다,2개,2020. 5. 23.
euls,우리언니 처음에 갖태어난아기같아ㅠㅠ,2개,2020. 5. 23.
이은서,오모나 언니ㅣㅣㅣㅣㅣㅣ 일상 브이로그 좋아요ㅠㅠ 오프닝 미모도 반짝반짝 해요ㅠㅠ,7개,2020. 5. 23.
쏘쏘아현ahhyeon,언니 ㅜㅜ 언니가 쓰는 폰트들이 너무 궁금해요 ㅠㅠ 근뎅 언니 머리에 쓴거 너무 기여워용 ㅠㅠ ❤️❤️ 언제나 제 롤모델 이십니다 🥰,2개,2020. 5. 23.
나리,와 ㅠㅠ 브이로그다 ㅠㅠ 언니 오늘도 이뻐요 ㅠㅠ🥰🥰,3개,2020. 5. 23.
양서윤,21:57  언니 힙한 모자에 완전 큐티한 마스크 .... 조합 뭐에요 ㅋㄱㅋㄱㅋㄱㅋㄱㅋ 귀여엉,1개,2020. 5. 23.
로지벚꽃,"언니는 항상 물건이 없으면 구입을 안한다고 하셨던 것 같은데 폰케이스는 다르네용 ㅎㅎ 
폰케이스 너무 예쁘네용 !",1개,2020. 5. 23.
,장미 언니 카메라 초점 잡는 표정 지대 귀엽다.. 😐,10개,2020. 5. 23.
신이유,"별거없어도 올려주세요🙋‍♀️ 중 한명
언니 영상은 일상자체가 힐링
뷰티유투버st 영화가 있다면 요론느낌
과제스트레스 영상보구 풀고가용💝",14개,2020. 5. 23.
한울,아닠ㅋㅋㅋㅋ너무 귀여우신 거 아니에요?? 내 핸드폰이 나 에어팟 산 거 어떻게 알았지????ㅋㅋㅋㅋㅋㅋㅋㅋㅋㅋㅋㅋㅋㅋㅋㅋㅋㅋㅋㅋㅋㅋㅋㅋㅋㅋ,2개,2020. 5. 23.
하진,진짜 볼때마다 힐링이다...ㅠㅠ❤❤❤,2개,2020. 5. 23.
다솜,즈하언니의 하울보는맛에 삽니다..💙,8개,2020. 5. 23.
김민경,증말... 후.. 오늘 영상도 너무 좋다....😭😭❤️ 그리고 언니 먹는 모습도 많이 보고싶어염 왜냐하면 언니 먹는 모습 너무 이쁘고 마약 같아서 그 몇개 안되고 몇초되는 영상 도너츠랑 핫바 먹는거랑 떡먹는거... 거즘 매일 찾아보는 거 같아여.... 많이 보여주세욤..🙏🏻,2개,2020. 5. 23.
선바의오른팔,로즈하님... 저 심심한 건 어떻게 아시고 30분짜리 영상을...🙆‍♀️❤ 감사합니당 행복하세요💓,27개,2020. 5. 23.
김유지,내가 얼마나 기달렷는지 언니는 모를꺼여..❤️,6개,2020. 5. 23.
서연마리,"8:59 장미언니 이러는거 오늘로써 총 세번째... 손가락힘 길러요 언니❤️ 진짜 브이로그 쩰 좋아하는데,, 🌷🌹 
우리언니 영상만봐도 되게 행복해보여서 기분 좋아요 ㅠㅠ",7개,2020. 5. 23.
호이호이잇,"헐ㅜㅜ다음 영상 봄웜톤 추천 립스틱이라니 오마이갓ㅠㅠㅠㅠ진짜 각잡고 기다립니다요ㅠㅠㅜㅜ올라온 영상보면서 다음 영상 기대하고 기다리게되는 마력의 로즈하 영상,,,,💖",1개,2020. 5. 23.
김민서,헉 로즈하님 영상 엄청 기다리고 있었는데 왜 알람이 안 울렸을까요ㅠㅠ하이텐션 너무 좋고 이번 영상도 예쁘셔요😍 저도 봄웜이라 봄웜립 영상 엄청 찾아보는데 준비중이라시니 너무 기대됩니당💕💕,2개,2020. 5. 23.
윤아,생일에 어머니 챙겨드리는거 진짜 좋은 것 같아요... 저도 올해부터는 제 생일에 엄마도 챙겨드려야겠네용 ㅠㅠ,2개,2020. 5. 23.
까슬까슬키위맨,즈하언니가 행복해하시는거같아서 저도 기분이 좋네요🥰🥰,2개,2020. 5. 23.
임수진,"봄웜은 언니 립 추천 영상만 기다려요,,, 언닌 완전 인간 봄,,,",2개,2020. 5. 23.
태경,등장 약간 아기같이요 ㅠㅠㅠㅠ ㅎㅎ 너무 예뻐❤️❤️❤️,4개,2020. 5. 23.
EunseoPark,언니 이목구비가 제 미래보다 뚜렷해요ㅜㅜ❣,1개,2020. 5. 23.
HopeFul,와악 ㅜㅜ 공부하다가  너무 집중이 안돼서 올라왔나 하고 들어왔는데 드디어ㅜㅜ올라왔길래 잠깐 보려다가 삼십분 후딱 갔어요ㅜㅜ 진짜 재밌게 봤어요 언니 보구 공부자극 돼서 더 열심히 하겠습니당 총총,1개,2020. 5. 23.
임채은,23:42 국민체조 노래(?) 언니 너무 귀여워요 ㅜㅜ 😍😍😍😍,2개,2020. 5. 23.
FALL7INMANGGAE,언니진짜 그냥 명상하는 영상이여도 너무 좋으니깐 올려주세요ㅠㅠ 언니너무 보고싶어요ㅜ 오늘 영상이 길어서 언니 오래 보고가니깐 너무 좋타😆 언니 오늘도 너무 이쁘고 사랑해요오💖🥰,1개,2020. 5. 23.
유띨띨,헐 뭐에용 ㅠ 진짜 오늘 청순청순 청순열매 ㅠㅠ💖,2개,2020. 5. 23.
다영,장미언니 처음 장면 머리 너무 귀여운 거 아닌가요ㅋㅋㅋㅋㅋㅋㅋ😍,2개,2020. 5. 23.
태경,진짜 전부터 알고는있다가 점점 자주자주 보다가 완전 빠져서 이제 댓글까지 달고 이게 바로 로즈마리맞죠!! 💛 너무 사랑해여ㅜㅜ❤️❤️,1개,2020. 5. 23.
나노,"역시.. 하울이 짱이야ㅠㅠ 짜릿해 
대신    돈써주는 컨텐츠같아서 보는 재미가 쏠쏠해요ㅋㅋㅋ",2개,2020. 5. 23.
YeoulKim,"몇년간 쭉 긴머리 하신거같은데
단발 해보는것도 좋을거같아요! 기분전환이요🥰",1개,2020. 5. 23.
불낙지,즈~하~온~니~사~랑~해~여~❤️,3개,2020. 5. 23.
chloe,헐대박 언니 홀로그램 테이블 저도 사려고 담아놓은건데ㅋㅋㅋㅋㅋㅋㅋ평소에도 언니랑 취향 비슷하다고 생각했는데 깜놀했어용 언니가 산건 저도 다 취저❤❤,1개,2020. 5. 23.
RK,9:09 귀여워서 이마 인정사정없이 쳤더니 이마에 구멍 남,1개,2020. 5. 23.
흥해라우주소녀,으헝헝 오프닝 애기 아닙니까ㅠㅠ 너무 귀여워요ㅠ,2개,2020. 5. 23.
감자,왜인지 모르게 언니만 보면 웃음이나고 행복해요ㅜㅜ 언니 얼굴(영상)만 보고 있으면 힐링되고 즐거워지고 너무 기분이 좋아져요ㅜㅜㅜ!! 사랑해요 진짜 언니 좋아하게 되서 얼마나 행복한지 몰라요! 로즈마리 영원해~~~!!!!,21개,2020. 5. 23.
김신디,"헤이즐언니가 선물해준 가방 보자마자 진짜 딱 언니 스탈ㅋㅋㅋㅋㅋㅋ ""난 가방이고 난 로즈하꺼야~""이런 느낌ㅋㅋ",1개,2020. 5. 23.
Naeun나은,"영상뜬거 보자마자 웃음이 나와요 ㅜㅜ
힐링 그 자체..💖💖
오늘 영상도 재밌게 볼게요 !!",1개,2020. 5. 23.
김윤지,"언니 오늘 렌즈 정보 궁금해요ㅜㅜ 너무 예쁩니다,,🌸🌸",2개,2020. 5. 23.
시드,"언니 저 언니도 에어팟 안 쓰길래 아 역시 나만 에어팟 안쓰는게 아니구나 나만 필요성을 느끼지 못하는게 
아니구나 위안삼았었는데 사버리시면 어떡합니까...",2개,2020. 5. 23.
호이호이잇,아 저 병아리 캐릭터 진짜 넘 기엽자냐여ㅠㅠㅠㅠ병아리 마스크 끼고 나왔을땐 진짜 넘 기여워서 울뻔ㅠㅠ,0개,2020. 5. 23.
지니,27:47 와 진짜 이 날 레전드로 예쁘신데요ㅠ,1개,2020. 5. 23.
예원투쓰리포뮤직,꺄ㅠㅠㅠㅠ 언니 영상 떴다❤️❤️ 사랑해요 🥰,2개,2020. 5. 23.
박지우,언니가 이렇게 열심히 마음에 들 때까지 편집해줘서 영상이 더 이뻐보이나봐요 옛날 영상도 지금 봐도 하나도 낯선감 하나 없이 너무 예뻐요 언니 영상만 매일매일 기다려💕,1개,2020. 5. 23.
김지영,"그냥 영상이 너무 힐링된다 ㅜㅜ 일상브이로그 너무 오랜만이에여 😂 목욕물 받아놓구 영상보느라 물넘쳤어요,,",1개,2020. 5. 23.
아린버디,다이어리영상 찍어주세용♡♡♡,6개,2020. 5. 23.
소연SOYEON,로즈하🌹❤,2개,2020. 5. 23.
아도ADO,즈하공주님 일상 브이로그 진짜 얼마만이에여 ㅠㅠㅠㅠㅠㅠ 오늘은 기념일로 정해야 되요 ㅠㅠㅠㅠ 언니 사랑해요🌸🌸🌸🌸🌸🌸🌸🌸😍😍😍😍😍🥰🥰🥰🥰🥰🥰,1개,2020. 5. 23.
yoonna,헐ㅠㅜㅜㅠㅠㅠ일상브이로그 너무 어랜만이예요 ㅠㅠ💗💗💗💗💗💗,2개,2020. 5. 23.
CatherineHuh,아니 장미언니의 일상 브이로그라니...!!내가 제일 좋아하는 건데ㅠㅡㅠ길으니깐 아껴서 봐야지 후훗,1개,2020. 5. 23.
왈왈이,조곤조곤하고 또박또박한 목소리로 주접말하니까 너무 귀여워요 언니ㅠㅠ 언니 영상보면서 늘 힐링합니당💖,1개,2020. 5. 23.
피넛츠,4:00 도로시.. 부자였구나... 루이비통 레드슈즈였다니?!,1개,2020. 5. 23.
안되,인스타보고 완전 기다렸다구요ㅜㅜ 오늘 영상도 너무 따뜻하네요 ㅎㅎㅎㅎ 힐링하고가용 !!!,2개,2020. 5. 23.
KathyNam,ㅠㅠ 언니 단발 꼭 해주세요 넘넘 예뻐요 ㅠㅠㅠ 긴머리도 존예시지만 단발머리 가발 쓰셨을떼 넘넘 진짜 레알 여신이에요 ㅠㅠ 💖💖💖💝💝,2개,2020. 5. 23.
,와..진짜 이언니 영상은 하나하나가 소중해 와...🌹,1개,2020. 5. 23.
이다빈,"와 오늘 영상 길이 31분이당ㅜㅠ 진짜 넘 죠아ㅠㅜ💗💗 언니 진짜 왤케 이뻐요?ㅠㅜ
진짜 곤듀님이야ㅠㅜ💗💗💗",1개,2020. 5. 23.
이진아,즈하님 유튜브충인 제가 스킵안하고 영상 보는 유일한 유튜버에여 ㅎㅎ ㅠㅠㅠㅠㅠ 평생 유튜버 해주세요 사랑해여 ❤️ 언닌 뼛속까지 유튜버,1개,2020. 5. 23.
gente,소소한 일상 엿보는 건데 너무 힐링 ㅠㅠㅠ 별 거 없다고 하는 영상도 별 거가 되어버리는 매직 🌷🌷🌷💫,1개,2020. 5. 23.
김서연,너모 예뻐버리네ㅠㅠ,2개,2020. 5. 23.
shines,00:01 언니 ㅜㅡㅜㅜㅠ영상 틀자마자 이렇게 귀여워도 되는 겁니까ㅜㅜㅠㅜ,0개,2020. 5. 23.
문채원,브이로그💗💗💗 언니 잠옷 무슨일이야 ㅠㅠㅠ 귀여워ㅜㅜ,1개,2020. 5. 23.
다연,"난 맨날 장미언냐 영상 기다린다구ㅠㅠ
게다가 오늘 영상 엄청 길단말이야ㅠ❤😭 
진짜 긴영상 보고싶었는뎅..맨날 영상 끝날때
마다 아쉬웠는데 언냐 최고야🌷❤👍👍
나만 그런거 아니겠지??  장미언니 사랑해여🌷
언니 영상은 그냥 좋아...하..🌷🌷❤
❤늦었지만 생일 축하해요ㅠㅠ❤",1개,2020. 5. 23.
가현gahyun,언니 처음부터 제 맘을 두들겨패면 어쩌라는 거죠ㅠㅠㅠㅠㅠㅠㅠㅠㅠ 첨부터 너무 귀여운 거 아닌가요ㅠㅠㅠ❤️❤️❤️❤️,0개,2020. 5. 23.
indiansummer,"09:11 졸귀,,, 똑똑한 핸드폰",1개,2020. 5. 23.
진진,저두 맘마미아 카페 진짜 좋아하는뎋ㅎ 이렇게 또 통한 느낌 ㅎㅎ 언니는 매일 하루하루가 이쁘네여 진짜루!! 언니 영상보면서 다꾸에도 취미 생겨서 벌써 1년째 꾸준히 기록하면서 있어여🌸❤️🌸 좋은 취미 만들어주셔서 너무 감사하구 다음 영상도 재미있게 볼 대기타고있을게여❣️,1개,2020. 5. 23.
남채린,"으악😭❤ 영상 너무너무 좋아여....❤ 일상브이로그 소소한 일상 이런거 너무 좋아요!! 영상 길어서 아껴볼거에용!!💕 
아 그리구!!! 언니 씰스티커 바인더?! 스티커 보관함 구매처좀 알려주세요....",1개,2020. 5. 23.
오늘도보아밤,"로즈하님ㅠㅠㅠㅠ
너무 예쁘세요❤🧡💛💚💙💜💗😭😭
목소리,외모,물건 고르는 안목 어느하나 완벽하지 않은 게 없어ㅠㅠ",2개,2020. 5. 23.
히지,시간가는줄모르고 봣네요ㅜㅜ 뭔가 주변사람들을 행복하게 하시는 힘이있는거같아요❤️ 저두 보면서 너무 가분좋아진답니다 ! 항상응원해요언니 !,1개,2020. 5. 23.
김정하,요즘 코로나때문에 심심 했는데 30분인 영상을 올려서 너무 좋았어욥!! 로즈하님 메이크업 영상보고 메이크업 하기 시작했어용~~ 저의 스승님🥰 코로나 조심하세용❤❤,2개,2020. 5. 23.
엘로,"꺄악❤️ 즈하 언니 영상은 언제나 조아💜
언니 많이 많이 사랑해용🌹🌹🌹💕💕💕",12개,2020. 5. 23.
영,"와.. 이렇게 긴 영상에 광고 하나 없다니 ㅠㅠㅠㅠ
언니 너무 센스있잖아요 !! 오늘도 잘볼게요 🥰🥰",2개,2020. 5. 23.
도리곰,오쒵에서 빵터졌어욬ㅋㅋㅋㅋㅋㅋㅋㅋㅋ귀여웤ㅋㅋㅋㅋㅋㅋㅋㅋㅋㅋㅋㅋㅋㅋㅋㅋㅋ,1개,2020. 5. 23.
김신영,아니 영상 자막 글씨체가 너무 예버요ㅠㅠㅠ 손글씨같고 깔끔한데 귀엽고 즈하언니랑 너무 잘어울려.. 무슨 글씨체일까여...,1개,2020. 5. 23.
민경,"이번 영상 특히 좋네용ㅠㅠㅠ 진짜 좋아하는거 소개받는느낌 ,,, 오늘도 배우고갑니다요
좋아하는걸 잔뜩 들고댕겨야 조크든요~~~!~!",1개,2020. 5. 23.
김재연,언니 하울 하는거 쫑알쫑알 너무기여워요 ㅜㅜㅜㅜㅜㅜㅜㅠㅠㅠㅠㅠㅠ❤️❤️ 에어팟 써보지도 않고 에어팟 케이스에 큰 케이스에 키링에 ㅋㅋㅋㅋㅋㅋㅋㅋㅋㅋㅋㅋㅋㅋㅋㅋㅋ 아이고 역시 언니는 내 최애 진짜 행복한일 가득하길 바랄게요❤️❤️,1개,2020. 5. 23.
랑비,"우리언니청순해서어떡해•••
진짜 너무너무 사랑스러워 ㅠㅠ",0개,2020. 5. 23.
