﻿,youtube_id,comment,like_num
0,로즈하ROSEHA,"안녕하세요! 여러분 :)
3달 전에 출장으로 갔던 엘에이에서 찔끔찔끔(?) 영상을 찍었었는데요,, 재미없어서 안올릴까 하다가ㅠㅠㅋ 우리 로즈말이들의 요청이 많아서 요번에 편집해서 가져왔어요,,🖤
부디 재밌게 봐주시길 바라용🌹〰️🌹 히히 그럼 모두 굿밤!!🌙✨",12개
1,헤이즐Heizle,ㅠㅠㅠㅠㅋㅋㅋㅋㅋㅋ너무너무 아쉬운 여행이였다ㅠㅠㅠㅠㅠ 그립네...ㅠㅠ😭😭😭,765개
2,Yejin,이제 헤로,55개
3,Forever,🌸믿고보는 갓즈하 브이로그 🌸 그 전에 브이로그들을 몇탕을 봤는지ㅠㅠㅠㅠㅠㅠㅠㅠㅠㅠㅠㅠㅠㅠ💖💖💖💖,384개
4,후추,진심 헤이즐님하고 로즈하님은 천생연분인가봐여... 맨날 의도치않은 트윈옷 차림 이여서 저도 여행갈때 두분 처럼 사이가 좋고 또 친구랑 저렇게 간즤나고💖 이쁘고💖 화려하게 입고싶넹요ㅠㅜㅠㅠ  오늘도 영상 잘 볼게요🔥,286개
5,이윤아,"쌩뚱맞지만 .. “엄마에게 메이크업받기” , “엄마에게 로즈하메이크업해주기”  이런 영상 재미있을것같아요 ..ㅎㅎ ❤️❤️",403개
6,이희수,"로즈하님 해외 브이로그는 볼때마다 꿈을 꾸는 느낌으로 푹 빠져서 보는 것 같아요! 그 전 브이로그들도 얼마나 돌려 봤는지 몰라요:) 이번 영상은 해질녘 야자수 거리, 디즈니랜드가 정말 대박이었어요!!  오늘은 볼때 얼마나 남았는지 계속 확인할 정도로 아껴서 봤네욥! 항상 좋은 영상들 올려주셔서 감사해요💖💖💖",239개
7,JJ,로즈하님 여행브이로그가 짱... 막 다채롭고 몽골한 느낌 개죠아 로즈하님 여행브이로그 몇번씩 돌려보는지 모르겠어ㅜ,286개
8,sophiXD,나만 로즈하님 브이로그가 제일 재밌는 건가...❤️,431개
9,박반솔,"즈하언니 착한줄 알았는데 안착하네요
 
 
 
 
 
 
 
내 마음에 안착",86개
10,보송,제가 왠만하면 댓글을 달지 않는데 제가 너무너무 좋아하는분이라 안 달 수가 없네요. 진짜 너무 예쁘시고 귀여우시고 존잼이예여 진짜 너무 사랑합니다(⊼⌔⊼ ),161개
11,Yebbuni1,언니 브이로그가 최고인듯 진짜 ...❤️❤️ 편집을 이렇게 이쁘게 신경쓰는 언니는 정말.... 보는 로즈마리들 기분이 너무 좋다 ❤️❤️ 코로나 조심하세요 언니 ㅠㅠ,126개
12,퍼플아미,"🌈저만 그런가 9시 10분까지 있다가 오늘 안올라올 줄 알았는데 영상 올려주셔서 감사해요!! 오늘 영상도 꿀잼🍯
언니 요즘 열일 하는것 같아요.고맙구 사랑해여🥰❤️💕",14개
13,슬기로운서연생활,"장미 언니의 LA브이로그!!!!!짱 좋아유!!
진짜 디즈니 랜드 가는거 버킷리스트인데
한번도 못갔어요;;😳대리만족❤
스티치모자 짱 잘어울려요!!💓
귀염귀염😆",8개
14,말하는껌,"즈하언니 브이로그는 한번 터치하면 항상
모든브이로그를 정주행하게 되요.......🤭😚
봤던거 보고 또보고 한두시간 뚝딱 사라져 증말!
나라에서 허락한 유일한 마약=즈하언니브이로그
랍유해요😘",23개
15,yoesmik,언니ㅠㅠㅠ제가 진짜 언니한테 말해주고 싶은 문장? 이있었는데 제 기억에서 사라져버렸네요😂😅 다음에 생각나면 꼭 댓글로 달겠슙니당...(어쨌든 즈하언니는 세달 전에도 이뻤네요..😉🥰),9개
16,bemyJ,즈하님ㅠㅠ 앞으로 LA 자주 가주세욤... LA편들이 너무 재밌어용 😘,9개
17,수샒,헤로 조합은 진짜 사랑입니다 ❤️,4개
18,은상이,15:36 하늘 뷔스티에랑 그 옆에 옷들 너무 이쁘지않나요ㅜㅜ보였으면 바로 샀을텐데 엘레이..^^,3개
19,512진아인,로즈하&헤이즐 언니의 미모는 오늘도 열일중! 둘다 생얼도 너무 예쁘자나요❤❤,30개
20,쥬쥬,3:28 뭔가 nurture your dreams일 것 같아요!! 꿈을 키워라!!,50개
21,김수진,헐헐 언니! 아디다스에서 이쁘다고 고르신 그 운동화!!! 저도 너무 예뻐서 사려고 돈 모으는 중인 운동화에요❤️❤️❤️ 우연히 언니랑 같은거 골랐다는게 갑자기 행복해지네요ㅎㅎㅎㅎ 매번 언니 영상 보면 그 나라나 지역 꼭 가고싶어지고 추천템들도 막 사고ㅠㅠ 역시 믿고보는 즈하언니😍,9개
22,나기소,"하 역시 로즈하X헤이즐 브이로그가 제일 재밌어 ㅠㅠㅠ 
오늘도 그녀는 존예롭다",51개
23,혜쁘미,아징짜 한부분도 놓치지않을라고.... 눈 완전 크게떴다고 나...... 즈하 짱....사랑해 내 즈하 언니 .....💗💗💗💗,59개
24,예영,언니 여행브이로그는 뭔가 알록달록...❤️💜💙 그래서 기분 좋달까... 옷이 알록달록해서 그런걸까요? 아니면 언니가 넘 알록달록 아름다워서..?,7개
25,정다히,우와 잠시만 이따 더 자세히 봐야겠어 일단 keep 언니 오늘두 너어어무 예뻐요ㅠㅠ 🥰🥰🥰 요런 브이로그 영상은 아껴봐야 돼.... 하 너무 좋다,5개
26,휘자TV,이번 브이로그는 눈이 되게 즐겁네염 영상살려주셔서 제가 다 감사합니다🙈😊집밖에 못나가는 이시점에 대리만족으로 정말 즐겁게봤어요ㅠㅠ❤️얼마전에 언니 경주브이로그 한번 더보면서 아..여행브이로그 새로 업뎃되길기다렸는데👍💋,7개
27,예은,"6:22 편하게 입고 가는거 치곤 너무 명품이고 이쁜데여..♡
울 언니들이 입으면 뭐 다 이뿌징❤❤❤",21개
28,라은,"조회수많이많이올라서울언니여행다니면서힐링하게해주세여장미언니웃을수있게해주세여우런니오늘도짱짱예쁘고귀엽다큐티뽀짝프리티당신이렇게브이로그를올려주니내가기분이너뮤좋은걸,,,❤❤❤",36개
29,죽방멸치사랑해,뭐 한게 없다니...언니 미모가 다했어...,9개
30,지원,이번영상 절대 노잼 아니였어요 ㅠㅠ  이번에도 힐링 제대로하구가네요 헤헤 역시 편집이 핑크핑크 하구 너무 이뻐요 ㅠㅠㅠ 글구 자막에 언니 손글씨 들어갈때 너무너무 좋아요 ㅠㅠ 이뻐요너무 😍😍😍 근데 언니는 모자 안쓴게 훨씬 이쁜데 이쁜얼굴 가리지말구 좀보여주세요 ㅠㅠ 흑흑 ㅠㅠ 그리구 언니 저번영상에 가발 너무 잘어울려서 깜짝놀랬어요 썸네일 너무 이뻐서 ㅠㅠㅠ😭😭😭🥰🥰🥰🥰 그 색으로 염색 하셔도 잘어울릴거 같아용😍😍😍 언니 항상 화이팅이에용😍😍😍😍,12개
31,김가현,"즈하님 영상은 씻고 자기 전에 누워서 보면 
정말 몽글몽글 하니까 이따 자기 전에 볼게요 ╭( ･ㅂ･)و ̑̑",44개
32,san,하 너무조아 진짜 일주일에 2개라니’ㅜ💓,5개
33,김혜진,브이로그가 엄청  포근한 느낌이에요💖 자기전에 이 영상보고 힐링해요🥰,10개
34,WitchLeopard,컨버스 완전 제스타일인데ㅜ한국에 없는것만 사오셔서 앓고 있어요.....😱🐆😱,36개
35,socha소차,"헤로야ㅜㅜㅜㅜㅜ
이조합을 기다리고기다리고기다리고ㅜㅜㅜㅜ
너무 좋아아ㅏ앙ㅇ💙💙💙",6개
36,jess,14:15 여기 노래 뭔가요,16개
37,승은승은seungeun,로즈하님 브이로그는 너무 아기자기하고 영상미가 너무 예뻐요ㅠㅠ,3개
38,이하영,여행 못 가고있는 나에겐 선물같은 영상♡,2개
39,AngKyo앵교,"이렇게 연달아서 올려주시면,,, 감사합니다😍♥️",11개
40,김주하,"언니 넘 잼써요!!!
즈하언니가 헤이즐언니랑 함께있는
브이로그 넘 좋아하고 그랬는디
이렇게 또 ❤️❤️
난 언니가 넘 좋아❤️❤️",6개
41,겅겅겅,로즈하님 덕분에 힘들고 고단했던 하루를 몽글몽글한 기분으로 기분좋게 잠들 수 있을 것 같아요😊❤️ 오늘 꿈은 로즈하님 영상처럼 분홍 분홍한 예쁜 꿈을 꿀 수 있을 것 같네요❤️ 로즈하님도 좋은꿈 꾸시고 많이 사랑합네다..😍,35개
42,비용이,유일하게 절대 건너뛰기 안하고 배속 안하고 처음부터 끝까지 행복하게 보는 로즈하님 영상:) 오늘도 좋은 영상 잘봤어요 언니ㅜㅠ,10개
43,1학년7반13번유수아,마침 이젠 추억속..☆ 의 그 많은 브이로그들 보면서 그리워하고 있었어유... 이번 엘에이 브이록도 재밌었어욥!! 저이제 댓글 마니다려구유☆☆ 이렇게 해외 브이록 보면 항상 너무 대리힐링이랄까 그런게되는거같아용 너무조앙♡♡♡,54개
44,ABCABC,와 .... 진쨔 개잘어울려요 모자까지 ... 완전 울언니꺼 😘😘,4개
45,찰리,하.. 언니 저는 원래 여행 자주 안 가서 두분이나 헤로하 여행 브이로그가 제일 좋은데 진짜ㅠㅠ 여행 브이로그가 나오다니 너무 기뻐욤 체고입니당.. 여행영상 마ㅏ마마ㅏㅏ많이 찍어주세요ㅠㅠ❤️❤️🌹🌹,2개
46,Jennytime,핑크색 나이키 점퍼 정보 좀 알고 시퍼요ㅜㅜㅜ ㅜ흑흑 ㅜㅜㅜ,5개
47,이유라,언니 진짜 어제드 영상 올리구 오늘도 올려주시면 너무 고맙자나요오...😭 정말루 빨리 올려구 노력했는데 늦어버렸네용...💧 메이크업영상두 브이로그 영상두 편집이 너무 이쁘구 언닐 가장 좋아해서 그런지 언니 영상은 항상 기다리게 되고 댓글도 꾸준히 다는것 가타영😊 영상볼때마다 힐링되고 편안해서 자주자주 돌려보네요😍 언니한테 고마운점이 정말 많아요ㅎ 사랑해요오❤❤❤❤❤❤,3개
48,고구마,진짜 왜케 이쁜 것일까🥰,2개
49,위즈원DANITY,17:51 에 저기 가게 어디이신지 아시는 분 알려주세요🙈 저 원피스 취향저격인데 ㅠ,5개
50,sudal,헐... 장미언니 진짜 너무너무너무너무 사랑해요!! 제가 젤로 좋아하는 브이로그네요!!!,6개
51,이경희,헐 대존예!!! 항상 로즈마리를 위해 노력해주시고 이렇게 편집해서 올려주셔서 감사합니당💓🌹💖,49개
52,진짜잘생김아니근데세븐틴,"세상에ㅠㅠㅠㅠ 전 언니 브이로그가 제일 좋아요ㅠㅠㅠ 언니는 진짜 매일 예쁘셔,, 사랑해요 언니ㅠㅠㅠ❤❤",5개
53,영은,원래 언니 영상 자기전에 보고 편하게 자는데 언니 인스타 스토리보고 화나서 당장 달려왔어.. 말도 안되는 소리 하는사람들 끈질기게 많아도 그냥 그러려니..넘겨요ㅠㅠ🤯😭언니 상처받고 슬퍼하는것 같으면 약간 같이 다운되는..아! 그이구 우리가 좀 부족하게 볼테니까 수익 포기하zl마..😫 난 언니가 적게 일하고 돈 많이 벌었으면 좋겠어❤️❤️❤️,9개
54,디어방탄,둘이 넘 잘 통해요ㅠㅠㅠㅠ 행복해보여서 제가 다 기분이 좋네요... 여행가고싶다 ㅠㅠㅠㅠㅠㅠㅠ😭😭,1개
55,HSS,19:36 헤이즐님의 최애 구찌가방ㅋㅋ,9개
56,심서영,"역시 언니 브이로그가 재일 짱이라구요💖
즈하언니 최고야💖",4개
57,와랄랄라,강제 집콕 중 랜선 여행 같은 느낌ㅠㅠㅠ 게다가 러블리한 로즈하 언니!!!!! 선댓후감상이지만 벌써 기분이 좋습니당💕,2개
58,정한나,아껴뒀다가 드디어 보는ㅠㅠㅠㅠㅠ로즈하님 브이로그 특히 여행(외국) 브이로그는 최고예요.. 울언니 행복만해ㅠㅠㅠㅠ항상 응원해요 건강도 항상 조심하구 완전 사랑해요ㅠㅠㅠㅠ❤️,3개
59,서연마리,알람이 왜 안뜬거죠... 진짜 장미언니 사랑해요 어엉어어엄청 기다렸어요 브이로그...🌷❤️,14개
60,애옹이,헤로갑시다 헤로~!,3개
61,박혜리,언니의 조곤조곤 브이로그 넘 좋아요ㅠㅠ +) 언니의 브이로그 속 살짝의 비글미도 ㅎㅎㅎ,4개
62,하은,0:56 연두콩님 같애용ㅋ큐큐ㅠㅜ,6개
63,이가진,두분이서 케미 너무 좋아 진짜❣️,2개
64,진리,"16:06 아진짜 왤케 목소리 귀여워요 ㅠㅠ🤍🥺
그리고 짜증내는 헤이즐언니 뭔데 왤케 좋ㅈㅣ ❤️",2개
65,PO뭉게WER,즈하언니 영상 끝나갈때쯤이면 너무 아수어요ㅠㅠㅠ 더보고싶어서ㅠㅠㅠㅠ그래서 맨날 끝나면 다시 돌려봐용❣️,2개
66,윤뱅,진짜 엘에이 하늘 미쳤다ㅜㅜㅜ저기 살면 일상이 하이틴일듯ㅜㅜㅠㅠ 그나저나 울 즈하언니 브이로그 색감은 진짜 미쳤습니다,15개
67,어디긴어디야집이지,언니!!✨✨ 언니가 이 댓글을 보실까 모르겠지만 빈말이 아니구 언니 브이로그는 정말 힐링이에요..❤️ 겟레디윗미나 다른 영상에서보다 언니의 내츄럴한 모습이 많이 나오고 자연스럽게 나오는 언니의 말투에 웃음이 실실 나요••고유한 분위기가 너무너무 매력😭🥰 그냥 많은 로즈마리들 중 하나이지만 브이로그가 많이 올라왔으면..한답니다!! 그럼 이만 뿅,2개
68,안나,16:09 ➡️이부분 너무귀엽자나ㅠㅠ❤️💜💜,1개
69,최은수,헤로곤듀님들이 젤 조아,3개
70,김콩콩님,영상으로 간접적이지만 대리만족과 몽글몽글 빠져들어  기분좋게 해주는 로즈하님 💗🙆‍♀️ 홧팅이에요오 🙂🙂,1개
71,설보라,17:50 즈하언니 인성 어쩔거야ㅠㅠ 물 가져다주는 분한테 고맙다고 하구ㅠㅜㅜ 물론 미국이라 못 알아들으셨겠지만...,24개
72,윤송아,"진짜 브이로그만 기다렸어요♥ 지짜 너무너무 예뻐요💕
장미언니 브이로그 찍어주셔서 감사해요😭",5개
73,HYMIN,"드디어 올라왔당…즈하님 브이로그가 젤루 잼있어욤…💕 막 즈하님만의 브이로그 색감이 완전 힐링되는 느끰…또 목소리도 조근조근 이뻐서 ASMR듣는 기분쓰…! 그래서 항상 잘때도 즈하님 영상 꼭보고 자욤💞 즈하님 친구들 만나거나 했을때 
텐션도 조치만 이번 영상같이 조곤조곤…
얘기하는 느낌이 전 더 조하욤… 
결론은 즈하님 영상이라면 다 조타는거…ㅎㅋ 
아 암튼 사랑해요💕✨💖🌟💘💌💋",14개
74,로지,아 언니 ㅠㅠ 내가 진짜 믿고보는 언니브이로그 얼마만이예요 ㅠㅠ❤ 오늘도 힐링하고 가요 😘❣,3개
75,웅냠냠,ㅜㅜㅜㅜㅜ 헤로 조합은 늘 최고...💖💖,2개
76,수연,진짜로 언니가 체고에여ㅠㅠㅠ❤❤❤❤❤ 브이로그 몇번씩 돌려봐여😻😻,2개
77,학교가고싶다,아 진짜 브이로그 맛집ㅠㅠㅠ 영상 스킵 1도 안하고 계속 본 영상은 항상 로즈하언니 영상 밖에 없는 듯ㅎ해요ㅋㅋㅋ!!🌸🌸🌸,2개
78,김효진,드디어 언니 브이로그!!!!!! 언니 완전 기다렸잖아요..ㅠㅠㅠㅠㅠㅠㅠㅠㅠㅠㅠㅠㅠ 🥺🥺 오늘 밤도 이거 보고 충전!,3개
79,불낙지,살앙해요 로즈하 기다리거 있었어여ㅠㅠㅠㅠ,3개
80,jieun92pm,Yaaay!! I miss your vlogs so much!  💜💜,0개
81,쏨Some,"혹시몰라서 카메라 켜주셔서 감사해요오ㅠㅠㅠ❤️❤️
영상 보는 내내 너무 행복했어요🥰
언제 어디서나 저희 로즈마리들을 위해서 영상 찍어주시는 언니께 정말 감사해요❤️
저희 연예인이 되어주셔서 감사해요ㅠㅠㅠㅠ힝
다음 영상으로 만날 때까지 항상 평안한 날들 보내셔야해요!!!ㅠㅠㅠ 언제나 언니를 응원해요!!!❤️❤️❤️",2개
82,뽀뽀후,귀여워 증말 ㅠㅠㅠㅠㅠㅠ💕💕,2개
83,ChaeYeonKim,헤로 브이로그가 찐이다.. ㅠㅠ 생얼인데도 너무.. 예쁘좌나욥 ㅠㅠㅠㅠ,11개
84,로즈즐넛,맨날 밥먹으면서 장미언니 겟레디윗미or브이로그 보는 사람 나와요,3개
85,탄산,"대박 즈하언니,,, 저 원래 올해 샌디에고 엘에이 어학연수 예정이었눈데😭😭 코로나 때문에 내년으로 미뤄져서 우울해하던 찰나에 이런 선물을,,,흑흑 기다려도 안올라오길래 존버 포기한 참이었는데 세상에 😭❤️ 너무 좋아요ㅠㅠㅠㅠ❤️❤️❤️❤️❤️",7개
86,신정아,아 진짜 로즈하언니는 영상편집 색감이랑 그런게 너무 아기자기하고 막 그냥 너무 좋아요😭❤️,2개
87,박경린,와우..즈하님 브이로그 너무너무 보고싶었어요ㅠㅠㅠㅠㅠ 아 이거 아껴볼꺼양..💖,3개
88,이름없음,4:51 언니 그래서 다음 컨텐츠는 asmr 어때요..?❤️,3개
89,맹구야,"13:35 어~여기귀엽다💕 가게도 귀여운데 목소리도 너무 사랑스럽쟈나요ㅋㅋㅋ강아지들만 보면 꼭 귀엽다고 한마디씩 해주는 사람들 있던데 로즈하님도 그렇네요 저도그렇답니다ㅋㅋㅋ한화면에 예쁜게 너무많이 담겨서 눈돌리냐고 바빴어유😹 저도 요즘 홀로그램, 이리디센트에 빠져사는데 영상보니 또 사야할것이 생겨버렸네욤💓🙆 잘봤어오 즈하님💑 다음영상 또 일주일 기다릴 생각에 눈물흘리다 자러가욤😿",1개
90,후르쯔테일FRUITTAIL,언니 여행브이로그 정말 보구싶었어요!!!! 오랜만에 이즐언니랑두 가치 영상에 나와서 헤이즐넛&로즈마리는 너무 행보카네요..ㅠㅠㅠ♡♡♡ 이 집에 답답한 시기에 언니의 미국 여행브이로그로  힐링 지대로하구가요!!!! 이 영상 두고두고 잘볼께요! 이 엄청난 미국 브이로그 영상 살려서올려줘서 너무 감사함니담!!!!❤💎😭🙈👑,18개
91,오삐약,아 제가 다 힐링되네요ㅠㅠㅎ코로나땜에 여행도 못가고 이러고 있는데 대리만족 만땅하는거같아요!!감사합니당😍,2개
92,오늘밤은치맥,꺅 즈하언니의 브이로그라니ㅠㅠㅠㅠ 넘나리 기다리고있었어요ㅠㅠㅠㅠㅠ😭😭😭❤️❤️❤️❤️❤️언니는 오늘도 빛나시네여,1개
93,암거나,16:30초부터 팅글쩌는데 언젠가 단순한 asmr도 해주셨으면 좋겠어용ㅎㅎ,1개
94,왜그러세요,아니 온니 이렇게 영상을 많이 올리시면 너무 좋자나여!!,16개
95,신지윤,커ㅠㅠㅠㅠㅠ로즈하 사랑해❤️😭,1개
96,고채은,너무너무 예뿌세여ㅕㅕ❤️❤️❤️❤️,1개
97,잉찌,와....진짜.... 배경도 이쁘고 두 분도 너무 이쁘시고ㅠㅠ 저 진짜 디즈니랜드 가서 노는 모습보고 울컥했어요ㅠ 나도 저렇게 마음맞는 친구랑 예쁘게 놀고싶고... 미국도 정말 가보고싶어요ㅎㅎㅎ 그냥 가볍게 보려다가 완전 뭔가 인생의 큰 의미를 찾은거같은 영상 ㅋㅋㅋ 완전 잘 올리셨어요 ㅎㅎㅎ 둘이 완전 잘어울리세욯ㅎ헤,4개
98,햐기여자,로즈하님  영상을 보면 로즈하님만의 감성이 진짜 낭낭한 것 같아요 저는 디즈니 영화들 보면 좀 오히려 너무 행복하고 동화스럽다보니 대리만족 되고 힐링 되고 그러는데 왜인지 언니 영상 볼 때도 되게 행복해지는 느낌..?? 언니 앞으로도 오래 봐요🌸🌸,1개
99,suzinlee,LA는 진짜 도시자체가 동화속같은 느낌....색감이 다했다...🌈💖 도시가 참 언니랑 넘 잘어울려요!!!!,1개
100,김미니미,즈하언니 영상은 뭔가 패션컨텐이든 브이로그든 물흐르듯 자연스럽고 편하고 목소리톤 자체도 안정감있어서 일상처럼 즐겨보기 딱좋음ㅎㅎ,2개
101,푸푸뿌꾸얌,즈하는 브이로그가 제일 재밋어 ㅠㅠㅠㅠ,1개
102,감자깡,갓즈하 브이로그ㅠㅠㅠㅠㅠㅠㅠ 완전 감격ㅠㅠㅠㅠ 헤이즐 언니랑 찰떡궁합인데ㅜㅜ 둘 나온 브이로그 적어도 각 5번씩은 봤는데 정말 성은이 망극하옵니다,3개
103,나영,마리 원피스에 비친 언니 그림자ㅠ 너무 귀여워요 😭,3개
104,youtubetutorial,온니랑 헤이즐님은 완전 쇼핑 소울메이트 같아요 ㅜㅜㅋㅋ 어쩜 취향이 비슷하면서 살짝(?) 다른 느낌이에요,2개
105,윤총총chongchong,포 러브앤 레몬 너무 안타까운것..저번영상에서 다 너무 예뻤는데요 ㅠㅠ,1개
106,민서minseo,"ㅠㅠㅠㅠ브이로그 ㅠㅠㅠ이게 얼마만이야 ㅠㅠㅠㅠㅠ 언니 브이로그는 진짜 믿고본다구요.....세상 몬가 몽글몽글해지고 아기자기한,, 고런 느낌을 받을수있는건 언니브이로그뿐이에요,,,힐링 ㅠㅠ🥰❤️",1개
107,푱푱,아 사랑해요ㅠㅠㅠ그냥 짱예쁘네 진짜ㅠㅠㅠ💗💗💗💗💗💗언니 이렇게 예쁜거 보니까 솔직히 말해요 진짜 선녀죠??,2개
108,밍밍파워,로즈하 ❤️ 헤이즐 여행브이로그 세상에서 제일 재밋다🤍,2개
109,이나영,두분 케미 항상 넘 좋긔ㅠㅠㅠㅠㅠㅠㅠㅠ,2개
110,민동쓰,ㅠㅠㅠㅠ매일 좋은곳에서 여행다니시면 좋겠다ㅜㅜ 언니 브이로그가 제일 좋아요!!!,0개
111,조예원,보는 것만으로도 너무 힐링이다.. 편하게 여행하는거 ㅜㅜ 좋아보여ᵕ̩̩ㅅᵕ̩̩ఇఇ,1개
112,류은정,어머..ㅠㅠ 이걸 지금 보다니!! 대박대박 전 로즈하님의 여행브이로그 너무 좋아용♥️♥️♥️ 대리만족...?ㅎㅎ 꿀쟈앰 커로나조심하세유,2개
113,주주주,공주 언니 사랑해ㅠㅠㅠ❤️❤️❤️,0개
114,별별,진짜 즈하님의 브이로그는 정말 너무나 행복한 기운을 주는것 같아요❤,1개
115,베르가못,로즈하님 마지막에나온 흰색에 핑크자수있는 트레이닝복 한국에서는 아예 구할수없을까요?? 저 로즈하님이랑 취향존똑이라 저 트레이닝복 너무 갖고싶어요ㅠㅠㅠㅠ 20번은입었다는 교복이라고적으셨는데 왜인지 이해가요💕 한국에서는 구할수없을까요? 미국직구하더라도 저 가게 매장명을 몰라서 힘들겠죠?ㅠㅠ,3개
116,사랑Sarang,9:45 뒤에 아저씨? ㅋㅋㅋㅋ,2개
117,옌콩,꺄우 넘 기다렸던 영상ㅠㅠㅠㅠ 드디어!̆̈ !̆̈ 헤로 너무 좋아여❤️❤️❤️❤️언니 쌩얼? 인지 여튼 모자쓴 모습 너무 이뻐여ㅠ 갖고싶움 즈하언니얼귤,3개
118,온니,"1월에 찍은 영상을 4월에 올리는 장미 언니 ㅋㅋㅋㅋ넘 귀여워 .,,,....브이로그는 항상 언니꺼만 챙겨봐요 ㅠㅠ 사랑해요 언니",1개
119,미누,언니가 무슨 영상을 올리던 너무 좋아요ㅠ.ㅠ 너무 행복해♥ 시간가는줄 모르고 보게되는 영상을 만드는 언니는 마법사😍,2개
120,hhy,언니 저 일빠!!!!!❤️❤️❤️,2개
121,이지민,요즘 너무 답답해서 여행가고 싶었는데 언니 덕분에 간접적으로라도 미국여행해서 좋았어요😝오늘 영상 올려주셔서 너무 감사해용❣️언니 아프지말고 건강하게 오래오래 봐요!! 오늘은 제가 언니 덕분에 행복했으니 언니가 좋은꿈 꾸며 푹 자길 기도할게요✨🌹🙏,11개
122,한별빛,즈하언니 브이로그 보는거 너무 재밌어ㅜㅜㅜㅜ,1개
123,리틀줄리엔강,에보키니 스트릿거리 진짜 이뿌다,1개
124,hyoen2,아니 이게 어떻게 재미가없죠????ㅠㅠㅠㅠㅠㅠ 완전 재밌고 힐링되고 다되는데ㅠㅠㅠㅜㅜ 제가 주접을 못떨어서 이만큼으로밖에 표현을 못하는게 아쉬울정됴ㅠㅠㅠㅜㅜ 언니 저때 사온 물건들 하울영상도 올려주세요~~!!!  시간이 지났으니 착용감이나 등등도 너무 재밌을꺼같아요😍😍👍🏻😍😍💙,5개
125,DDs,로이즐 너무 조씀다 이조합 영원히 ❤️❤️❤️❤️❤️,1개
126,최Cl,13:39 뭔가 에버랜드 직원들 옷 같당ㅋㅋㅋㅋ아마존같은...ㅎㅎ,0개
127,손지원,장미언니 브이로그가 짱이자나여ㅠㅜㅡㅜㅡㅜ 을매나 기다렸다고오오요💖💖💖진짜 제 최애영상 사랑해빔💗💗💗💗💗🌹,0개
128,장지우,"브이로그 진짜 조아요 너무너무 조아요 ㅠㅠㅠ
언니가 쇼핑하는거 대리만족 오져요 ㅠㅠ",2개
129,진리,내가 젤 사랑하는 언니의 브.이.로.그 !!!!!!!!!!!!!!!!!!!!!!!!!!!!!!!!!!!!!!!!!!❤️🤍🐰❤️🤍🐰헤이즐 언니랑 🦋💙,1개
130,훈비,미친거 아니냐구... 헤이즐x로즈하 믿고 보는 브이로그 맛집❤️,4개
131,보라,"언니..이 시기가 그때 힘들었던 때 맞죠?ㅠ 게다가 몸도 아프시구... 오늘 저두 기분이 안 좋아서 항상 힐링하는 언니 영상 보러왔는데 보고싶은 LA영상 봐서 좋으면서도 언니가 걱정되네유😭😭 언니 지금은 불면증 좀 나아지셨나요?? 언니가 더더 행복하기를 바라면서,,💓💓",14개
132,팔도BBcream,하루가 침침..했는데 언니 영상보고 힐링하고가요❤️❤️❤️ 갑자기 행복해졌어 ㅠㅠ😍😍,2개
133,아카이슈이치,악 언니 영상 올라와따ㅜㅠㅠ❤️행복해🌸🌸🌸🌸🌸🌸🌸🌸🌸🌸,0개
134,셀,제가 언니 브이로그 제일로 좋아하는 거 아시죠ㅠㅠㅠㅠ!!! 역시 로즈하 언니 오늘도 행복해요💙💙,0개
135,미유밍웅,"언니들 ㅠㅠㅠㅠ 전 두언니조합이 세상에서 젤조하요 ㅠㅠ 힐링된다 ,, ♡",2개
136,쩜쩜짬,ㅠㅜ엉니...침대에서 불면증이라고 막 그러실 때 너무귀여어어노어ㅠㅠㅜ완전 순두부..물만두..ㅠㅜㅜ,1개
137,,너무 이쁘고 힐링 되요ㅠㅠ♥그 자막에 막 하트같은 이모티콘 되서 된것두 진짜 귀엽구 조곤조곤 말하는것도 넘 젛내용😝😝마지막쯤에 트레이닝복 진짜 완전 언니꺼💕이뻐용 ㅠ 힙하구ㅎㅎ 오늘 영상도 짱❣♥💕💖,1개
138,Youtube구름캔디,"언니 인생 여행지라는 엘에이 또 가셨구뇽 !!  으어ㅓ ㅜㅜ 저도 외국, 키치, 블링블링 요런 갬성 너모 좋아해서 보는내내 눈호강햇어용 ㅠㅠ💖 저도 나중에 엘에이 꼭 갈거엥용ㅇ ㅜㅜㅜ 후ㅜㅜ",1개
139,김근영,이 조합 체고야아ㅜㅜ 언냐들 사룽해여엉!!ㅎㅎㅎ,1개
140,유지우,헐 ㅠㅠㅠㅠ 아 진짜 기다렸어요ㅠㅠㅠㅠ 딱 뜨자마자 본당 히히💝💝💝💝💝,0개
141,0420s,너무 이쁘다...❤️,1개
142,최유선,한 번도 스킵 안 하고 보는 언니 브이로그♥♥,2개
143,RAINALee,6:25 에서 나온 나이키 옷 저도 있어요! 진짜 이쁜데 언니가 입으니까 더 이쁘네용....😅😍,0개
144,EunseoLee,언니이! 유투브 댓글 처음달아봐여 ...ㅎ 진짜 항상 너무 잘보고있으니까 자주자주 올려줘요 💖💖,1개
145,,에잉ㅠㅠㅠㅠㅠ안망해쒀요ㅠㅠㅜ  이번 브이로그도 너무 재밌어요!!!! 진짜루!!!!!!!!!!!!!!!!!!!!!!!!😆  쫌 편안? 하기도 하구!! 이번 영상에서 언니 되게 연두부 같이 나왔어요 넘 기요워🙊 짧게짧게라도 영상 찍어줘서 너무 고마워요ㅠㅠㅜ🥺🥺  어제도 예쁜 영상 올라왔는데 오늘도 올라와서 넘무 행복해요 ㅠㅠㅠㅜ💖 재미없다고 영상 안올릴생각 절☠대 하지마세요😭 말이들은 언니가 뭘 어떻게 찍어서 올리든 영상 올라오면 행복하거등여😚💖,1개
146,배아현,엘에이 진짜 너무너무 가고 싶었는데 영상 보니깐 더 빨리 놀러가고 싶네요 ㅠ 영상미도 너무 예쁘고 제가 좋아하시는 두분 영상이니 더 💖💖,0개
147,YoungSogno,언니 복귀하시고 너무 열일하셔서 로즈마리로써는 너무 좋지만.. 한편으로는 너무 무리하는거 아닌가 걱정도 돼요 ㅠㅠㅠㅠ 너무 부담 갖지 마시고 항상 행복하셨으면 좋겠어요😁💜,0개
148,호냥,영상미 진짜 미쳐써용ㅠㅜㅜ 너무 이쁘다요!! 이쁜영상 올려줘서 고마워요 언니❤,2개
149,조예원,언니 이번 브이로그도 몇백번 복습할게용 ㅠㅠㅠㅠ❤️❤️,2개
150,로즈쥬아,"언니 사랑해요❤️❤️
오늘도 넘 이쁜걸요😍😍
언니 영상 요즘 자주 올라와서 넘우 행복합니닷
언니 보는 낛으로 살아요💜💙💜💙",1개
151,주주주,갓즈하 브이로그 너무 좋아...💓 영상 길이도 혜자야 오늘도 언니 덕분에 대리 힐링하고 가용💕,1개
152,사민아,기분좋아지려면 무조건 로즈하언니 영상봅니다💖그래서 요즘 계속 언니영상 정주행중이에여,2개
153,룰루랄라,"언니  오늘도영상올려주셔서~^^
제눈이 호강하네요 😁감사하고사랑합니다❤",2개
154,꿀단지초코맛,진짜 브이로그 중에 로즈하님것만 챙겨봐요... 볼때마다 너무 행복해지는 영상들 늘 감사해요❤️,2개
155,고도리,"흑흑흐ㄱㅜㅜ
헤이즐언니랑 즈하언니랑 같은앵글에 나오기를 얼마나 기다렸던가ㅜㅜㅜ😭
증말사랑합니둥❣❣❣",1개
156,요로라,언니 LA브이로그 너무 조아요ㅠㅠㅠㅠ헤이즐언니도💖💖헤.로 케미 너무 좋습니다💗💗,1개
157,지윤,오늘밤은 이거다ㅠㅠ 언니영상과 편집과 언니의 말투와 언니는 맘을 편해지게??기분좋게 해준다고 해야하나? 진짜 힐링 그자체...언니 사랑해요..진짜..,1개
158,쩜쩜,언니만의 이런 브이로그 갬성에 미쳐서 돌아버릴거같아요ㅜㅜㅜㅜㅜㅜ헤이즐 로즈하 케미 너무 좋당,1개
159,prumii1220,헐! 1등이에요💗 장미언니! 오늘도 좋은 영상 올려주셔서 고마워요💗💗💗💗💗💗,3개
