﻿,youtube_id,comment,like_num
0,말왕TV,"말왕TV에서 운동과 관련된 실험 컨텐츠에 참여해주실 구독자분을 모집합니다.
고정댓글의 양식을 아래 메일로 보내주세요.
ragoona@naver.com


이름 
나이 
거주지 
말왕TV 구독시기 
간단한 본인소개 
키 / 체중 
본인어필 (ex. 3대 200, 헬스경력 6개월, 햄최 8개 등) 
여자친구or남자친구 유무 (중요) 
연락처",479개
1,김린직,"next is ""GAMST""",35개
2,구독하면로또1등당첨,"무심코 지나가는길 저를봤다면

당신은 천운이 함께할것입니다

좋아요 누르시고

인생역전 대박나시고 행복하세요^^",486개
3,이족가,"""BRING US GAMST""",521개
4,잘먹는롤쟁이,"GAMST SAYS

""OW↗️↘️ ssa bar juck yee go""",155개
5,곰탱,"킴성태 3대

1. 코 높이 150
2. 코 퍼짐 200
3. 콧구멍 넓이 합 300

총 650 코더아머 착용 쌉가능",112개
6,이희원,"Next is ""GAMST""",33개
7,우대대대,와 성태형이 말왕이랑 만날 줄이야 ㅋㅋㅋㅋㅋㅋㅋㅋㅋㅋㅋㅋㅋㅋㅋㅋㅋㅋㅋㅋㅋㅋㅋㅋㅋㅋㅋㅋㅋㅋㅋㅋㅋㅋ 상상도 안되는 조합인데,435개
8,DaegeonKim,깨박이도 한번 부르자 ㅋㅋㅋㅋㅋ 평소 잔근육 잔근육 하더니 얼마나 있는지 좀 보게 ㅋㅋㅋㅋ 재밌겠다,41개
9,이준희,근데 성태 개 깔끔하게 추가 진행이라던지 되게 잘하네 ㅋㅋㅋ 입담은 되게 좋네,124개
10,CIRCULAR,"Next is ""obbayasalido""",112개
11,규우,킴성태님 사람 너무좋아보이신다 ㅋㅋㅋㅋ너무좋다 ㅋㅋㅋㅋ,54개
12,정때지,와 근데 운동 경험이 없는데 데드 자세가 미쳤네..,53개
13,오준석,성태형 기록도 기록이지만 말왕님한테 예의있게 말씀하시고 운동 매너도 좋으셔서 영상 보는내내 사람좋단 생각 엄청 들었네요ㅎㅎ,23개
14,Almightyp,성태님 관상이 복서임 ㅋㅋㅋ 근성이 보임 ㅋㅋ,48개
15,실버원탑가렌,"Next is ""justlikethatKR""",871개
16,JeonYule,앜ㅋㅋ성태얔ㅋㅋㅋㅋㅋㅋㅋ촬영날 잠도 몇시간 못자고 나갔을텐데 잘했닼ㅋㅋㅋㅋ,38개
17,삼대500헬린이,01:07 형 언제적 660이야 형도 삼대 오랜만에 측정해보자,97개
18,에벤에셀,근데 진짜 운동신경이 있는건지 힘이 좋은건지 아니면 우리들 눈높이가 낮아진건지 대단하다,171개
19,ImAngry,10:13 성태 말대로 집에서 앉아서 게임하는게 일인 사람인데 저정도면 헬스도 재능충 맞다 ㅋㅋ,39개
20,호반,"WE WANT ""Just Like That""",426개
21,AlexHAn,헬스첨 하는거 맞냐 ㅋㅋㅋㅋ 데드 폼봐라 재능이 진짜 있으신듯,84개
22,주정환,나온 사람들중 한명이라도 운동에 재미 재대로 붙여서 몇개월 후에 말왕이랑 3대 측정 다시 하셔서 말왕이 뿌듯해 하는거 보고싶당,10개
23,지훈,진짜 개웃기네 ㅋㅋㄱㅋㄱㅋㅋㄱㅋㄱㅋㄱㅋㄱㅋㄱㅋㄱㅋㄱㄱㅋㅋㄱㅋㄱㅋ,5개
24,저다이,"성태오빠가 여기서 왜나와..,,, 깜짝 놀랬잖앜ㅋㅋㅋㅋㅋㅋㅋㅋㅋㅋㅋ",40개
25,김현호,성태형 귀엽네ㅋㅋㅋㅋㅋ,6개
26,데스난,뜬금 여기서 킴성태를 보네ㅋㅋㅋㅋㅋㅋ,8개
27,menzet,최약체가 되버린 장쥐환ㅋㅋ,6개
28,김한결,"성태다!!ㅋㅋㅋㅋㅋㅋ
여기서 보니 반갑누~",3개
29,SuHak,"성태도 나왔는데.. 
"" Plz Next is Gamst...!! """,588개
30,성이름,하 ㅓ 성태형 ㅋㅋㅋㅋㅋㅋㅋㅋㅋㅋ❤️,4개
31,익명,볼 때마다 느끼는건데 여기 게스트들은 다 여기오면 착해지네,4개
32,이제헌,우리 성태형은 배그도 광탈 죠랄 각인데...,3개
33,yasuo연구소,알로항 알로항 너무 꿀잼이다 ㅋㅋ.,3개
34,박상현,근데 진지하게 운동신경자체는 뛰어난편인듯? ㅋㅋㅋㅋ 자세가 처음하는것치고는 굉장히 안정적임 ㅋㅋㅋ 말왕티비 게스트중 원탑 ㄷㄷ,76개
35,김기연,09:03 뒤에 런닝머신 몸매...🤭,4개
36,뽀때또,4:52 얼굴 1초 마동석,17개
37,hahasilsil,킹성태 다른 영상보다 키가 많이 작아보이네 ㅋㅋ,2개
38,Agens,9:57 형 낯설다...,23개
39,말감,와 이러다 리얼로 감스트 나오는거아냐???ㅋㅋㅋㅋㅋㅋㅋㅋㅋ,284개
40,사룽해예지야,3:23 매생이 축제,15개
41,주멘,코성태가 왜 여기에있어ㅋㅋㅋㅋㅋㅋ,3개
42,최민호,8:05 스쿼트 표정 개웃기네ㅋㅎㅋㅎㅋㅎㅎㅋ,6개
43,겨울,집안에서 겜만 하는데 200이면 기본적으론 꽤 힘이 있는거임;;,26개
44,OCA,미라클 나왔으면좋겠다ㅋㅋㅋㅋㅋ,470개
45,졸라맨,ㅋㅋㅋㅋㅋㅋㅋㅋ 성태형 원래 처음보는 사람한테도 험한데 왜 이리 순해졌어,26개
46,구독눌러라,성태님왜께솤ㅋ손이 공손해져용ㅋㅋ,2개
47,박동진,형ㅋㅋㅋㅋㅋㅋ 형이 여기서 왜나와 ㅋㅋㅋㅋㅋㅋ너무 좋아 ㅋㅋㅋㅋ,7개
48,정진영,ㅋㅋㅋㅋㅋㅋㅋㅋㅋ 이형 무거운거 들고난 후에 자꾸 앓아 앓기는 ㅋㅋㅋㅋㅋ 느하~냐하~으에..ㅋㅋㅋㅋ,2개
49,동탄초등학교유희왕카드도둑엄준식,와 여기서 성태형이 나오네 ㅅㅂㅋㅋㅋㅋㅋㅋ 레전드다,166개
50,mokmok2,와씨 개쌔노 저게되구나 첨하는사람이,4개
51,BYUNGSEEN,9:03 뒤에 여성분 3대도..,5개
52,DongHyeonJang,스쿼트를 왜이렇게 뒤로가서 해ㅋㅋㅋㅋ,23개
53,살자행복하게,ㅋㅋㅋㅋㅋㅋㅋㅋ성태,2개
54,알로항,"4:20 스승님!!!
9:30 오면살려!!",12개
55,박성호,"형 솔직하게 말해서
3대측정 프로그램도 좋지만
'오늘의 운동' 이나 '운동리뷰' 
이런 형의 매력터지는게 더 보고싶어",31개
56,더블물범,ㅋㅋㅋㅋㅋㅋㅋ킴성탴ㅋㅋㅋㅋㅋ,2개
57,spinA,ㅋㅋㅋㅋㅋㄲㅋㅋㅋㅋㅋㅋㅋㅋ 형이 왜거기서 나와...?,2개
58,차녀기,우린 원한다 'Justlikethatkr'.,86개
59,골,쥐환야 대체 운동을 얼마나 안한거야 ㅋㅋㅋ,1개
60,킹동혁,"말왕형은 이 컨텐츠할 때 제일 많이 웃는 것 같음 ㅋㅋㅋ🤣
실압근 킴성태..👍",24개
61,다이어터공대생,나만 그런가...? 킴성태님 어깨랑 팔 두꺼워요.ㅋㅋㅋㅋㅋㅋㅋㅋㅋ😊😊😊😣😆😀,23개
62,이동혁,"""Next is Park Gwang Wo""",4개
63,김도형,next is “DDDD”,731개
64,김현준,1:29 gta에서 도둑 캐릭터 만들고 걸어 나오는거 같놐ㅋㅋㅋㅋㅋㅋㅋㅋㅋㅋㅋㅋㅋㅋㅋㅋㅋㅋㅋㅋㅋㅋㅋㅋㅋㅋㅋㅋㅋㅋㅋㅋㅋㅋㅋㅋㅋㅋ,25개
65,맹글맹글,제발 보겸님도 해주세요 ㅠㅠㅠ,2개
66,송e,아 표정봐 ㅋㅋㅋㅋㅋㅋㅋㅋㅋㅋㅋㅋㅋㅋㅋㅋㅋㅋㅋㅋㅋㅋㅋㅋㅋㅋㅋ진짜 아저씨 같애 ㅋㅋㅋㅋㅋ,28개
67,수,Next is “JUSTLIKETHAT”,656개
68,송건기,성태가 ㅋㅋㅋㅋㅋㅋ,2개
69,아롱이,9:35ㅋㅋㅋㅋㅋㅋㅋㅋㅋㅋㅋㅋㅋㅋㅋㅋㅋㅋㅋㅋㅋㅈㄴ 웃기네,1개
70,이동건,아 진짜 개웃기네 ㅋㅋㅋㅋㅋㅋㅋ,1개
71,정춘식,괴물쥐는 얼마나 괴물이였던거야 ㅋㅋㅋ,1개
72,박성후,성태형 홀스킹 옆에 서니까 왜이리 큐티해보이노..,2개
73,이경규,"목표가 왜 괴물쥔데 ㅋㅋㅋㅋㅋㅋㅋ
웃긴데 잘해 더 웃겨 ㅋㅋㅋㅋㅋ",1개
74,CHOI줘패,성태가여기서 나왔다니ㅋㅋㅋ,2개
75,현규,런닝입으니까 ㄹㅇ그냥 동네아저씨네ㅋㅋㅋㅋㅋㅋ,1개
76,양지달,8:02 표정 예술이네 ㅋㅋㅋㅋㅋㅋㅋㅋ,1개
77,garnoh,킴성태닷!! 알로항~,3개
78,박지호,2:19 여기서 불—편 한것을 찾아보시오(5점),0개
79,홍지환,1:30 ㅋㄱㅋㄱㅋㄱㅋ gta 캐릭터 걸어오는줄 알았엌ㅋㅋㅋㅋㅋㅋ 넋이 나간거 같앜ㅋㄱㅋㄱㅋㄱㅋㄱㅋ,0개
80,핑계대지않습니다,왔구나 코태식이~,212개
81,김무관,ㄴㅇㄱ 상상치도 못한 조합이네 ㄷㄷ,1개
82,김종훈,성태님 생각외로 운동 개잘하시네..,1개
83,오랑우탄,겨드랑이가 왜저리 누래 ㅋㅋㅋㅋㅋㅋ,1개
84,가나다,컨텐츠 진짜 잘짰다ㅋㅋㅋㅋ 감스트나 뜨뜨 해주세요,1개
85,SunwooMoon,"Next is ""BoHwang""",21개
86,몬스터캣,허리 통증 심해보이는데 ㄷㄷ 또 들긴 드는데 무리하는거 아닌가 싶네요 ㄷㄷ,1개
87,윤창훈,어케 만났지 ㅋㅋㅋㄱㅋㄱ 말왕과 킴성태 ㅋㅋㄱ,0개
88,냥선생,"Next is ""oh ssabaljuckyeego""",1개
89,8282,다음주자는 시미켄 어때 ? ㅎㅎ,235개
90,모지리스트,8:59 저 여성분의 이름이 궁금하구나..,0개
91,전승우,"말왕의 3분의 1인가.... 3등분의 말왕....
대단하군....",1개
92,델레알리,8:05 여기 뚜둑소리 안들림?ㅋㅋㅋㅋㅋㅋㅋㅋㅋㅋㅋㅋㅋㅋㅋㅋㅋㅋㅋㅋㅋㅋㅋㅋㅋㅋ,8개
93,훈스,성태행님 부끄러워하는거 귀여움ㅋㅋㅋㅋㅋ,0개
94,weatersep,섭외 미쳤다 ㄹㅇㅋㅋㅋㅋㅋㅋㅋ,127개
95,다그종,깨박이 형 형도한번하자 ㅋㅋㅋㅋㅋ,1개
96,한진규,이건 진짜 뭔조합이얔ㅋㅋㅋㅋㅋㅋ,0개
97,운동하는멸치WorkoutMotivation,"180cm 55kg 멸치인데 3대측정 가능한가요? 데드 90kg 들어본 기억이 있습니다! ㅋㅋㅋ
요즘 영상에서 3대 측정 많이 나와서 괜히 궁금..",24개
98,장현우,섭외력 뭐야 진짜 ㅋㅋㅋㅋㅋㅋㅋㅋㅋ,0개
99,k이히,와 근데 성태 힘 쌔네 ㄹㅇ 헬스 안했는데 이정도면 진짜 대단한건데 심지어 키도 안큰데,68개
100,이주현,2:57 점천수형이 왜 여기서 나와?,0개
101,JunBrother,앜 ㅋㅋㅋㅋ아직 영상안봤는데 벌써 웃김 ㅋㅋㅋㅋ,0개
102,이지훈,"""같은 옷"" 다른느낌.",2개
103,김석민,ㅋㅋㅋㅋㅋㅋㅋㅋㅋ근데 스쿼트 렉에서 너무 멀리하는거 아냐 형?,0개
104,moksu,"난 또 강성태 3대 측정한다는 줄...
ㅋㅋㅋㅋ",0개
105,정현,"5.10 오전 5시 55분 오피셜
""말왕님 3대측정 6월에 나갑니다""
GAMST",1개
106,겸,교도소 모범수 같아 ㅋㅋㅋㅋㅋ,0개
107,알렉스구,진짜 성태 너무 웃겨 ㅋㅋ,0개
108,피자맥주,"다음은 190cm에 100kg의 피지컬 원딜왕쥬지
신궁 프레이",1개
109,김세영,거인과 난쟁이 같닼ㅋㅋㅋ,0개
110,일이삼사,깨지컬 교지컬 보고싶다 ㅋㅋㅋ,1개
111,유기농,말왕님 방송에서 ㅋㅋㅋ 성태님을 볼줄이야 재밌게 봤어요~~,1개
112,강위너쓰,04:19 성태 배그방송인줄ㅋㅋㅋㅋㅋㅋ,168개
113,비밀스런이여름Summersecret,ㅋㅋㅋㅋㅋ투샷 미친다,0개
114,김성민,재미도 있는데 힘이 생각보다 쎄서 놀랐다 ㅋㅋ,0개
115,뇽뇽이,ㅋㅋㅋ 귀엽네 성태,0개
116,KevinKwon,성태형 왜 여기있어..ㅋㅋㅋㅋ,0개
117,HuhVocal,성태 개웃겨 ㅋㅋㅋㅋㅋㅋㅋㅋㅋㅋㅋㅋㅋㅋㅋㅋㅋㅋ 근데 잘해 ㅋㅋㅋㅋㅋㅋㅋㅋㅋㅋㅋㅋ,0개
118,찬아리,9:40 개웃기넼ㅋㅋ,0개
119,흰돌이,진짜 볼때마다 게스트 섭외력 미뗫고 ㄹㅇ...,1개
120,손선저곤,뜨뜨님 오면 재밌을거 같넹ㅋㅋ,0개
121,김지호,직업특성상 못할수박에없는데 진짜 잘하네 역시 성태형,205개
122,SinMAKgg,형이 여기서 왜나와??ㅋㅋㅋㅋㅋㅋㅋㅋㅋ,0개
123,이재강,뻥 안 ZH리고 미라클형 가자ㅜㅜㅜ,0개
124,djK,0:55 어딜가든 월클쥐 ㄷㄷㄹㄷㄷ,0개
125,안세훈,ㅋㅋㅋㅋ  ㅈ성태,1개
126,마이야매취미생활,뭐지? 왜케 자세가 안정적인데 ㅋㅋㅋㅋㅋㅋㅋㅋㅋ,211개
127,진,말왕형 언제적 660이야 ㅋㅋㅋ,0개
128,쥬티,대박성태오빻ㅎㅎㅎㅎㅎㅎㅎㅎㅎㅎㅎ와,1개
129,Coguma,0:33 왜이리 귀엽냐,0개
130,김민중,과로사가 전수찬보다 3대 5kg더 치넼ㅋㅋㅋㅋㅋ,0개
131,Canal73GD,미라클 형님 가자 제발 ㅋㅋㅋㅋ먼데이걸 형님,67개
132,양시웅,아니 성태가 여길 왜나오노ㅋㅋㅋㅋㅋ,0개
133,윤지혁,깨박이랑ㅋㅋㅋ 싸패님도 가즈아~,0개
134,sunhaGif,"싸패형도 했으면ㅋㅋㅋㅋㅋㅋ
힘은 진짜 센거 같던데 개밥이 조지는거 보니까",0개
135,정지우,뜨뜨 오면 좋겠다...,1개
136,sujung,성태가 운동을 한다니ㅋㅋㅋ,0개
137,김수환,스쿼트 렉없이하는거 넘나 불안 ㅠㅠ,0개
138,,성태 귀여엉,1개
139,잌앜,이 형 ㄹㅇ 운동파면 지리겠네 ㅋㅋㅋㅋㅋ,0개
140,김재현,감스트 링피트 하는거 보니까 여기 꼭 나와야됀다,27개
141,스파이,쇠질 처음해본 사람이 벤치55들고 데드90을 뽑네ㄷㄷㄷㄷ 헬망주다,0개
142,할거없음,오유오웅 스승님ㅋㅋㅋ,0개
143,쌀밥위에갈비찜,3대 측정 1등해서 치킨먹으면 닭가슴살만 먹어야겠누ㅋㅋㅋㅋㅋㅋㅋㅋㅋ,0개
144,AlexYoon,와우 성태 너무 의외야...영상 잘봤습니다,0개
145,정비,성태진짜 재능이야 ㅋㅋㅋ,0개
146,이바다,3:00 겨드랑이 색이....,0개
147,정연빈,스승님 형님 ㅋㅋㅋㅋㅋㅋㅋㅋㅋㅋㅋ다튀어나오네,0개
148,이승태,아니 진짜 변강쇠시네 ㅋㅋㅋㅋ 그냥 기본적인 힘이 엄청 좋으시네,66개
149,항상킴죠랄,알로~항! 코만큰줄알았더니 힘도세네,0개
150,지나가던초밥,아 순간 그 공부의 신 강성태인줄 ㅋㄱㅋㅋ,0개
151,이호주살이,울 성태는 재능충~~~ㅑㅑㅑㅑ,0개
152,은찬,ㅋㅋㅋㅋㅋㅋㅋㅋㅋㅋㅋㅋㅋㅋㅋㅋㅋㅋ 킴성태 말왕 이라니 쩐다,0개
153,웃긴채널,"2:59 This is ""JUNGLE, AMAZON""",147개
154,핑거티티,성태님왜거기서나와 ㅋㅋㅋ잼게보고갑니다 응원합니다,0개
155,닭가슴살싫다,4월 29일 오후 9시 39분 현재 64만5천회 조회수 ㄴㅁㄷㅇ,1개
156,TheDreamer,운동하면 그래도 괜찮겠는데 ㅋㅋㅋ생각보다 골격도 그리 나쁘지않고 힘도좋고,0개
157,송주최,스쿼트할때 표정 야무지네 ㅋㅋㅋㅋㅋㅋㅋ,0개
158,김태호,깨박이 ㅈㄴ 궁금하닼ㅋㅋ,0개
159,삼뚝,알로항~,2개
