﻿,youtube_id,comment,like_num
0,임성우,옛날 브이로그 향수나는 느낌이라 너무 좋다..,128개
1,정현,형 브이로그 갬성 좋다... 항상 재미있고 활발한 영상만 있는 것보다 이렇게 편안하게 볼 수 있는 영상도 있는게 좋은 것 같아! 형 앞으로 이런가 많이 부탁해!!,170개
2,훈s,도대체 지금 몸이 골격근 45면 전성기때 몇인거야;;;;,140개
3,DA,4:29 너무나도 자연스럽게 염분 섭취하네..,304개
4,코바포장,"역시 말왕은 운동 영상과 브이로그다,,,",182개
5,lemontea,1:00 빠르게 싹! 싹! 싹! 해도 진짜 자극이 없네??,111개
6,김태웅,"가끔은 이렇게 진지한?
꾸미거나 만들어진 영상보다
있는그대로의
형을 보여주는 영상도 좋아~!",142개
7,손민국,13:12 살인미소 형그냥 언제나 화이팅이야,20개
8,TylerB,6:25 형 입꼬리 살짝 올라가는거 다 티나..,36개
9,박수홍,이번영상 옛날 브이로그 느낌나고 너무  좋다 쌀왕형,56개
10,닐리리야,05:23 관리를 안해서 저정도면 ㅋㅋㅋ 이야..,39개
11,고구마사줘,0:01 안입은 줄 알고 진짜 깜짝 놀람;;,76개
12,이성직,멸왕형..... 다시 2년전 말중의 왕으로 돌아갈수 있길 바래..,47개
13,빠박이,13:11 미녀분 등장,48개
14,뽕창인생,"본 컨텐츠나 오늘의 운동 컨텐츠 찍을때 카리스마 넘치는 말왕형 모습도 좋지만 이렇게 브이로그로 우리형같은 친근한 모습의 영상이 올라오니 좋네요. 저번에 같이 홍어 먹을때도 말씀 드렸지만 형 진짜 우리 친형 닮았어용ㅋㅋ
앞으로도 항상 팬으로써 응원할께용💪🏻






마지막으로 힐링 포인트 보시면서 마무리 하시죠 13:08",76개
15,재경,12:30 방에 모기있는줄 알았네,65개
16,신사임당,5:17 말왕갓 인바디 ㄷㄷ,107개
17,김영인younginKim,너무 활력이 없어보인다..,54개
18,박재석,형 옛날 느낌나고 보기좋다,10개
19,최영우,얼마만에 브이로그야..,12개
20,,3:15초부터 나로는 노래 제목 궁금하신분들  Vic sage-toxic입니다,33개
21,SunO,2:12 와 저거 다 한 번에 먹는거 실화냐 ㅋㅋㅋㅋ,42개
22,김태웅,10:00 옹동이가 귀여워  >_<♡,32개
23,꾸애액,형 뭔가 기운없어보여요!! 힘내,26개
24,이은호,말왕 이런 감성 진짜 오랜만이다...,26개
25,황진이,뭔가 옛날 느낌나고 좋음,3개
26,김민서,03:49 운동쉬어도 백키로는 여전하구마이,26개
27,홍길동,6:26 형 시험문제 3점짜리 하나 틀리고 우울해하는 학생같아,2개
28,진짜끝내준다,행님 머리계속 그렇게 묵다가 40대에 빠집니다..ㅠㅠ,30개
29,777RECODE,12:26 기능이 ROCK 실화냐...,14개
30,JH웰치스고기Moon,30대 들어와서 부터 4년정도 헬창짓 하고 있는데 진짜 헬스란 운동은 성장호르몬 남성호르몬 공짜로 펑펑 나오는 시기에 조져야함. ㅜㅜ 호르몬은 물론 회복력도 차이 많이나고 운동에만 집중 할 시간도 없음.,80개
31,SuperKorea,몸무게 대비 골근 45에 체지 8%면 미쳤는데 형 기만자야?,49개
32,GARLICTUNA,13:10 안녕~,24개
33,Young,12:30 the song of New Jersey's Jot Bob,62개
34,감사욤,말빡이로서 이런 영상 너무 좋타..,8개
35,정태성,난 이런게 좋단 말이야! 단지 말왕이 보고 싶을 뿐임,2개
36,홍지헌,이번영상 너무좋다..,6개
37,MamamamPark,형님 우울하지마쇼,6개
38,NaYa,수능 만점 받던 사람이 한개 틀렸다고 우울해 하는 느낌이예요. ㅋㅋㅋ,2개
39,김민철,말형 이번영상 진솔해서 넘모 좋았으 :),22개
40,멍렁이,와우 97점 말왕님 항상 응원합니다! 좋은 운동 재밌는 운동영상 많이 찍어주세요!,31개
41,사이결튜브SIGYOLTUBE,형 인바디는 홀딱 벗고 재야 정확하다고 합니다. 다시 재 주세요,9개
42,lkdp,와.. 골격근이 체중절반을 그냥 넘었네.. ㄷㄷㄷ,1개
43,유호연,운동 브금 너무 좋네요 아는분 제목좀요,19개
44,김안농안농,"옛날에는 100kg찌우기 할때 고추,밥,샐러드,우유 먹으면서 했는데 지금은 나름 풍족해졌잖아 100kg 만들기 다시 해줬으면 좋겠네요 물론 호르몬이 그때랑 다르게 많이 줄었겠지만 100말왕 궁금하네",1개
45,캐심장,킹기훈 3대 기대대노 헤비급이자넉ㅋㅋㅋㅋ,4개
46,안아프게맞는법,"다음 3대는 기훈이네 ㅋㅋㅋ
인직이도 쌉가능이다",1개
47,minminminmin,형 아무리 보조제라도 너무 먹는거아니여? 간 작살나면 어떡해;,20개
48,재루스,운동 쉽게하고 재밌게하자 말왕형 우울해 하지 말고 화이팅!,1개
49,봉명동불빠따,전교 1등이 문제 하나 틀리고 우울해하는 영상이네요 ㅡㅡ,1개
50,관짝엉덩이짝짝,2:08  구라인줄 알았는데 진짜네 ㄷㄷ,23개
51,shakermaker,와 골근 미쳤네ㅋㅋㅋㄱㅋ,1개
52,123123,말태식이 돌아왔구나..,2개
53,김태웅,"와...
영양보조제 실화임?
뭐뭐인지 궁금해 형 알려줘~",65개
54,개서진,"킹기훈3대측정 나온다니 ㄷㄷ...
그리고 형님 화이팅 하십쇼 소녀스러운 모습으로 돌아오시기 까지 기다리겠습니다",1개
55,성쿠룩쿠,2:10 영양제 저렇게 한꺼번에 먹어도 몸에 무리 안가나요?,1개
56,정말좋더라,"A : 너 점수 몇나왔어?? 난 70점 나옴 ㅋㅋ 꽤 잘나온듯
B : 아 존나 망했어....
A : 몇인데??
B : 97점... 
A : .. ㅆㅂ???",37개
57,고준호,말왕형님 그동안 알고리즘으로만 보다가 오늘 영상보고 구독 좋아요 알람설정 박고 갑니다.형님의 진정성에 동기부여 엄청받고 갑니다 말왕 화이팅!!,1개
58,전지훈,말왕형님~ 운동 할 때 항상 조심하고 안전하게 해용 응원합니다👍👍화이팅!!!,1개
59,SeungsooHan,이런 컨텐츠 너무 맘에들고 기다려ㅛ습니다 ㅠㅠ,1개
60,내츄럴킹,옛날느낌 나서 ㅈㄴ좋다,1개
61,김동연,말왕님 드시는 영양제 뭐뭐있는지 다알려쥬시명 감사하겠습니다,1개
62,지찬TV,말왕님 왜 이렇게 우울해 보이나 했더니... 배가 고파서 그랬던 거였군요.☺👍👍,28개
63,윤성식,3:30 오우쒯 ㅋㅋ 랩 들어가는 순간의 분위기 너무 담백하고..,1개
64,노래듣는게쩰좋아,"이런영상 너무,기다렸어요!!ㅠㅠ와 이 초기 감성 너무좋당 ㅋㅋㅋ '맥주를 들이마시고' 가 머릿속에 절로 떠오르는영상",1개
65,NarniaGwangpan,쌀왕형 영상 오랫동안 미뤄놨다가ㅋㅋ 이번 영상은 그 옛날 세븐이 인터넷쿠폰으로 기름 먹이고 새벽우농하던 그 갬성이 약간 느껴져서 넘나 꿀잼..,0개
66,leegalaxy,인위적이지 않은 사람미가 보일때 휙 끌리는거 같음.. 구독 합니다,1개
67,전예준,저 나이키 가방 모델 이름 아시는분계신가요,1개
68,잘생긴꺄로띠,ㅋㅋㅋㅋㅋㅋㅋㅋㅋㅋㅋㅋㅋ꽝꽝꽝ㅋㅋㅋ귀여워,0개
69,jihokim,노래 뭐예요?? 운동 할때 좋은 운동 추천좀 해주세요,2개
70,구경꾼,3:38 개인저장,9개
71,손형준,형 진짜 멋있어 응원할게!!,0개
72,윤창하,1:10 슥삭삭,1개
73,인생한방,올마트라블씸쏘 활어회~,2개
74,ChanceX찬스,형 예전 부터 팬이에요 하트 한번 눌러주세요♥,3개
75,sjr,형 진짜 열심히 사는구나.. 항상 응원할게 !,1개
76,상도동헬스왕,요번 영상 너무 좋다 구독자 9천명일 때부터 구독자였는데 최근 올라오는 말왕형 영상 자꾸 안보고 넘기는게 많았는데 오늘은 너무 좋았다 형 이런거 자주 올려줘 형은 브이로그가 딱이야!!,1개
77,예버디,영양제 너무 많이 먹으면 간 탈나는데..힘들다 싶음 필요한것만 먹길,1개
78,조민기,골격근량 개높다............ ㄷㄷ,1개
79,솔개와대머리,12:24 여기서 락은 lock의 오타인가요 아니면 뜻이 있는 rock 인가요? 모르겠어서.. ㅎㅎ,2개
80,크라운가드,13:10 존잘,1개
81,장덕수,97이 좋은 점수가 아니라니..ㅜ 나뒤쇼 형님ㅜㅜ,0개
82,TaewookKang,ㅠㅡㅠ 머리가 하얗게 새어버린 말왕니뮤ㅠㅠ,0개
83,이소현우림,와 골격근 45.1에 체지방8. 대박,1개
84,엉가잇엉가잇,10:22 다크서클 심하다 형 ..  좀 쉬어야 되는거 아녀 .. ?,0개
85,,11:24 1일 7꽝,1개
86,읽어주는카린TV,랄랄님이랑 같이 찍으신 거 보고 채널 놀러왔오욥ㅋㅋㅋㅋㅋ분장 너무 잘 어울리셨는데..🤦🏻‍♀️,0개
87,3대몇이누,이런 모습 너무 좋아 형 자주보여줘 항상 응원할게!,0개
88,deeShine,영양제 안먹는줄 알았는데 엄청 먹고있었네 ㅋㅋㅋㅋㅋ왜 한번도 안말해줬어 형...뭐 먹는지 공개 ㄱㄱㄱ,2개
89,마자신있나,"형 뭔가 예전영상보는거같고 좋다..
이런거 가끔ㅆㄱ해줘",0개
90,박황쌍,말왕형 이런영상 너무좋아,1개
91,김형수,몸무게 93당시인 저와 골격근량이 같네요 ㄷㄷ 미쳣다.. 체지방량이 9키로차이네..엄청나시네요 항상 즐겨보고있습니다,1개
92,justinTerry,말왕형 친근하고 인간미 넘치는 영상 너무 좋아연 ㅇㅅㅇb,0개
93,바쿠,이런 일상 영상도 좋다,1개
94,WOOGIE우기,이런 갬성 너무 좋다..,0개
95,뱃사이공,10:21 형 40대 후반 자연인같아,0개
96,ok,골근 45 ㅁㅊ ㅋㅋ,1개
97,포핏,마지막빙구웃음ㅋㅋ다들꼭보세요ㅋㅋ세상해맑 ㅋㅋ☺,0개
98,꼬도기,"몇살부터 기초대사량 100칼로리씩 빠지죠?
ex 20세 1600칼로리
ex 21세 1500칼로리",1개
99,Do,알약량 ㅁㅊㄷㅁㅊㅇ,1개
100,첵스한테감자깎이는성태,3:21 오른쪽 벽에 말왕이 굳이 15분거리의 헬스장을 가는 이유,0개
101,손준범,형 운동할 때 캔유 씨더 라잇 틀어주세요 ㅎㅎ,1개
102,도전100일헬창키우기,호랑이가 살쾡이가 되는일 없게 건강하셍,1개
103,슈퍼비트,12:30 이히이잉~ 기모링~,0개
104,Mrphysioed,12:25 기능이 rock?.. 형 편집자님 영어 공부도 좀 시켜줘,2개
105,배불러배불러,1:19 그 다리알배길때 바르는 멘소레담(?)인가 화~한크림 그거 얼굴에바르는줄,0개
106,TylerB,12:24 기능 = 돌 ㅋㅋㅋㅋㅋㅋㅋ,0개
107,,형님 머리 회색으로 유지 어떻게하시나요 보라색염색했다가 물빠지면 그렇게 유지되나요? 무슨색 염색했는지 알려주세오 말왕향님 제발ㅠ,1개
108,권세용,이런 쏘쏘한 혼 영상감성도 좋아요! 또 운동동기 부여 많이 받고갑니다! 감사합니다 화이팅!,0개
109,이진우,오히려 이런 영상이 운동 자극 더 강하게 오는거 같아요,1개
110,찰리,와 영양제 기똥차게 드시네예.. 간 만렙이신가요,1개
111,김건희,형 이런 영상 많이 올려줬으면 좋겠어,1개
112,University,10:15 형 왜 할아버지 됐어..?,0개
113,릴쿠기,진짜 말형을 보는듯한 느낌..이런영상도 가끔올려줘요 말형,1개
114,남극펭귄,나는 이제 86인데ㅜㅜ,1개
115,전강이,이런 예전 느낌 영상도 진짜 좋다,0개
116,김솔빈,영양제 한쿰을 한번에 드시다니 미뗫다 ㅋㅋㅋㅋ,0개
117,인삼,"루트 (몸무게÷BMI) = 180
말왕님 키 180",2개
118,흉직,중2병 걸린 소년마냥 혼자 씨부렁거리면서 찍는 vlog가 얼마만인가...,1개
119,윤성식,킹기훈 3대 언제 업로드 되나요? 기대되용,1개
120,촌동네노인정홍삼캔디도둑,와... 골근 엄청나게높네요 진짜..,0개
121,Young,1:00 질레트,4개
122,taaeekkk,형 이런 영상 너무 좋다,0개
123,JosephLee,이번영상 진짜 좋다  다듬어진 날 것의 모습,0개
124,김형렬,옛날 초창기vlog 갬성 ㅈㄴ좋네,0개
125,닥터피쉬,그래 형 컨텐츠도 좋지만 이런 걍 블로그 같은 것 도 좋아 :),8개
126,괴생명체신촌지앵,3:11 개인하는 운동? 개인운동 하는?ㅋㅋㅋㅋㅋㅋㅋㅋㅋㅋㅋㅋㅋㅋㅋㅋㅋㅋ,10개
127,가나다라,"형님... 제가 멋진 축구선수가 되기 위해 매일 훈련하고 또 운동하는... 그런데 발을 다치는 바람에 축구를 쉬고있습니다....
빨리 괜찮아지면 좋겠습니다..ㅠㅠ
발이 아픈 원인도 정확히 모르는지라....ㅠㅠ
살려주떼용.ㅠ",1개
128,워니수워니,와  체지방8인데 군대때 체지방6이었던 미친후임있었는데 엄청난거였네 ㅋㅋ,1개
129,상원,3:30 부터 시작하는 노래 제목좀 알려주실수있나요?,0개
130,Penonbeat,머리 진짜 잘때 몰래 짜르고 싶다,0개
131,최민준,이런 영상 너무 좋아요 많이 만들어주세요~,0개
132,MOP,와~ 멋지냉 👍 말형 열심히해요 ❤️,0개
133,이종혁,말왕님은 하견형 어깨에요?,2개
134,minjilee,아직도 ㅋㅋㅋ그집에? 대단하다ㅎㅎ이번편좋다ㅡ나긋한모습,0개
135,병주,85키로에 골격근 45면 진짜 괴물이다..,0개
136,,골근 45에 체지방 8이면 우울해야 되는구나.....,1개
137,GARLICTUNA,0:01 ㅗㅜㅑ,8개
138,재건축갤러리,3:15 배경음악 뭔지 알수있을까요???,0개
139,바른영한사나이,영상이 담백하니 좋네요 형님 예전 같지 않은 몸이지만 그래도 아직 괴물이십니다. 항상 응원해요!!,0개
140,HazelC,흐잉ㅎㅎㅎㅎㅎ 넘조아,1개
141,난Baige,"야스오 머리진짜 잘어울린다👍🏻👍🏻 
난 형 몸처럼 될거야! 형 짱",0개
142,큄우룡,말왕이형 단백질 많이먹으면 간에 안좋을텐데 ㅠㅠ 간 잘 생각하고 먹어 형❤️,0개
143,Bga,6:51 백지영 DASH,0개
144,김진혁,저는 어깨인대 늘어나서 계속 쉬고 있어요...ㅜㅠ 어깨는 좀 오래쉬어야 한다는데 어느정도 쉴지 감도 안잡히네요,0개
145,kegllie,중간에 나오는 노래 알려주세용❤️,0개
146,태까추,이런 영상은 진짜 찐 말왕 팬들이 보는가보다,0개
147,heeei,골격근량 130프로 넘어가는거 실화냐;;;,1개
148,블루맨,오늘의 운동 영상 속 화려한 말왕형님도 좋지만 이런 일상적인 모습 보는것도 좋네요,0개
149,박찬웅,형 난 이런게 좋다❤️,0개
150,SBG,3:29 옆에 누구세요?,1개
151,송승호,형 유산소 하는데 최적화가 체지방률 10이 넘어야돼 ?? 가벼울 수 록 좋은거 아니였어 ?? 너무 궁금해 !!,4개
152,SCh,11:25   우리조카 보는것같네요 귀여워요 아주그냥,0개
153,마포불주먹,형 몸관리잘행!! 화이팅~!,0개
154,쌈아치,진짜 오랜만에 인바디네 궁금했는데 해줘서 고마워,2개
155,임수진,말왕님 잘생기고 몸도좋고 너무 멋있어요❤️❤️❤️❤️❤️❤️❤️,0개
156,GGD,형은 진짜 헬스보다 미식축구 운동에 대해서 알려줄때 가장 행복해보인다 어린아이 같아,0개
157,KyleWalker,오 킹기훈 3대 기대된다,1개
158,중코비,이런 영상 많이 찍어주세요 너무 좋아요!,0개
159,ARREMESS,12:37 노래도 회복단계라 안되는거지 형?,0개
