﻿,youtube_id,comment,like_num
0,최보라,하이밝♡운동후 전신근육통때문에 폴대에 수액걸기힘들었는데ㅋㅋ오늘은 다풀려서 너무개운합니다~ 지금보니까 네네봇인가 네네를엄청많이했네요ㅋㅋ 말왕님 배려많이해주셔서 감사합니당 운동 너무즐거웠어요 계속응원할께요! 그리고 생일축하드려요♡,12개
1,KP,"남자 : 접선 - 운동 - 손절

여자 : 접선 - 남친유무 점검 - 잡답 - 인생얘기 - 잡담 - 사심이 들어간 운동 - 잡담 - 익절",16개
2,정재훈,5:15 She is ap lyeok bab sot,445개
3,JeongGyuSHIN,3:36 He is ganhosa,589개
4,바밤바,여자랑 할때랑 남자랑할때 영상길이가 너무 차이나는데ㅋㅋㅋㅋㅋㅋ,735개
5,한량,7:21 눈과 마음이 딴데 있죠,148개
6,RhinoTattoo,14:19 They’re deon jil kka mal kka,278개
7,SuHak,우리 인직이형 살 좀 빼줘.. 이대로 가다간 형 예전으로 돌아가버렷..!!,351개
8,찰스다내가,4:20 누님 복근이 ㅎㄷㄷ하군요,80개
9,레알악플보면짖는다,여자분 키나 골격이나 기본 프레임이 너무 좋네요,96개
10,이주연,5:38 7:26 ㅋㅋㅋㅋㅋㅋㅋ너무 귀여우신데?,116개
11,흐으앙,14:18 오뚜기 준비~ 오뚜기 발사~,114개
12,코R라,"여자분 너무 매력있으시네 ㅋㅅㅋㅋㅋㅋ
모든 의료진분들 화이팅 !!",313개
13,운동하는고등학생헬린이성장일기,5:01 압력밥솥,121개
14,mushroom,"운동하는 사람이 여자일때 영상 길이 증가한다는 썰이 사실이었군..
2년만에 본 합숙자 약 8분.. 이번 영상 19분..? 무엇

결론: 옛정<이성",188개
15,backhomeway,00:29  don't have any boyfriend?,120개
16,남선,16:20 간호사한테 실려가보고싶어서 몸부림치는 붉은적토마,9개
17,4윤하가부릅니다비밀번호4885너지,14:10 뱃살 기여웡,7개
18,김세원,3:10  손발 같이움직이는데?ㅋㅋㅋㅋㅋㅋ,61개
19,손경철,8:40 여섯 다음에  여덜인지 30년 만에 알았습니다,32개
20,아페세,13:50 ㅗㅜㅑ,24개
21,강충구,15:07 인도에서 무슨... 주왕형 말접 좀 그만해;;,14개
22,DA,4:43 머리색도 처키야.... 졸귀........ㅠㅠ,57개
23,몰랑,"형..영상길이 온도차 머야 
이럴수록 남자팬들은...




포기못해",62개
24,문성일,3:08 육상부인데 같은 발 같은 손...?ㅋㅋㅋㅋㅋㅋㅋ,24개
25,쿤이,5:30 뒤에분 복근;;,27개
26,ya놀자,14:17 던질까 말까 던질까 말까,34개
27,강산Vlogs,옛날갬성 말왕 ㅅㅌㅊ,47개
28,LandDeutsch,이 컨텐츠 좋은거 같다,40개
29,moo이스,치이이이 갸귀엽네 ㅋㅋㅋㅋㅋㅋㅋㅋㅋㅋㅋㅋㅋㅋ,72개
30,HANNIM,"처음으로 댓글 남겨봅니당ㅋㅋ 저는 여자 구독자인데 이번 영상 정말 재밌게 봤어요!
그동안 말왕채널 영상을 다른운동 배우는 것만 띄엄띄엄 봤는데 이렇게 초보자 + 여성 대상으로 설명해주시니까 도움도 되고 힘들어하는게 공감도 가서 재밌게 봤어요ㅋㅋ",50개
31,일산보안관,"진짜 저도 중환자실에 40일정도있었는데. 진짜 중환자실간호사분들은 천사였어요.
대소변에 양치에 머리감겨주고 몸닦아주고 수염까지ㅜㅜ  정말 중환자실에계신간호사분님들 너무고생하시고 정말 감사합니다. 진심으로",10개
32,90Hyunss,05:34 여기서 졸귀ㅋㅋㅋ 치이이이이익! 으이이익익! 아 미치겠네ㅋㅋㅋ,16개
33,이진관,형 영상길이 뭐야ㅋㅋㅋㅋㅋ,41개
34,MamamamPark,하트 제발 주지마 형,46개
35,유니o,강아지상의 매력이 이런거구나..,6개
36,조Sunn,이분 되게 귀엽닼ㅋㅋㅋㅋㅋㅋ,37개
37,박상준,와 근데 이분 다리라인이 진짜 너무 예쁘신거 같아요...,13개
38,메갓,영상길이 19분 무엇? 남자와의 온도차이ㄷㄷ,18개
39,한창성,5:22 치이이....귀엽♡,6개
40,SEULGLE슬그리,"보디가드 썬그리가 찰떡이시네요.. (휴..나랑은 친구대행이여서 다행이였다...hue..)
생일축하드려요 말왕님🎂 ☺️🎂",31개
41,SBG,5:25 여기부터 말왕 ㅈㄴ멋있노 진짜 운동받다가 싸겠다,1개
42,이용태,너무 귀여우신데 ㅋㅋㅋ,7개
43,최익현,13:48 ㅗㅜㅑ,6개
44,곰슬기,이분 너무 귀엽다ㅋㅋㅋㅋㅋㅋㅋ,10개
45,장한솔,소리내는거 너무 귀엽네 ㅋㅋㅋ,9개
46,헐크,'꽃이 폈구나'ㅋㅋㅋㅋㅋ 뜬금없이 터졌네,3개
47,kimkimkim,ㅋㅋㅋㅋㅋㅋ 보라님 이마 손에 갖다대는거 귀엽다,14개
48,최지민,14:25 던질까 말까 던질까 말까,19개
49,흉형,ㅋㅋㅋㅋ 구독자분 치~~~~~하는거 왠지 치코리타같앜ㅋㅋㅋ,17개
50,Son,안검하수 ㅈㄴ 웃기네 진짜 ㅋㅋㅋㄱ,7개
51,민호MINHO,"형 남자 간호사 구독자는 운동 안시켜주나요 ㅎㅎ





(덜렁)",17개
52,NotoriousMMA,5:39 히이이이잉 기모륑~,6개
53,MOP,14:13 형.. 풍차는  왜돌려? 🤦🏻,5개
54,이진우,ᕙ(•̀‸•́‶)ᕗ 하이bar,36개
55,KP,많이 쓰다듬어 주세요 ㅋㅋㅋㅋㅋㅋ,2개
56,앙기모링,0:39 초등영단어 500을 까먹은 말왕,4개
57,으뉴으뉴,말왕님 넘 좋아요 ㅠㅠ 저랑 결혼..... 간호사분 기엽다!,6개
58,읽어주는카린TV,여자분 너무 귀여우신데욬ㅋㅋㅋ,1개
59,갓민혁,이 누님 너무 귀여우시다 ㅋㅋㅋㅋ,3개
60,GHKIM,5:47 말 되게 멋있네  형 생일축하드려요❤,14개
61,빨간짜장탕수육,이야 20분 달달하다ㅋㅋ,3개
62,이재원,형 왜 여자만 뽑아 쥬지들도 지원했는데ㅠㅠ,12개
63,기릿보이,ㅋㅋㅋㅋㅋㅋㅋㅋ치이이이이이이 취사가 완료되었습니다.,16개
64,LIMCEO임대표의맛집탐방,ㅋㅋㅋ 여성분 취향이 확고하시네 ㅋㅋㅋ,17개
65,SHMoon,귀엽고 직업에대한 사명감도 멋지고 운동도 즐기고;;; 매력개쩐다,6개
66,주영정,준나 귀엽따,3개
67,MOP,ㅋㅋㅋㅋ 말왕좋아서온거 넘강조하냉 ㅍㅎㅎㅎㅎ,30개
68,권병준,간호사분 너무 귀여우시다 허헣,11개
69,자유를찾아서,여성분 너무 성격좋다 착하다 ~♡,2개
70,헬스어린이,간호사님 넘 멋지고 예뻐요^^ 득근하세요,4개
71,minminminmin,와 호우연도 영상길이가 10분이 안됐는뎈ㅋㅋㅋㅋㅋㅋ19분?ㅋㅋㅋㅋㅋㅋㅋㅋ,7개
72,손우석,ㅋㅋㅋㅋㅋ분량차이 역시 형 생일축하해!!,1개
73,JYH,간호누님 진짜 동안이시네!,2개
74,김준범,이쁘다...1시간짜리로 만들어줘,3개
75,김민섭,귀여우면서 이쁘네,2개
76,50대몸짱TV,와 스벅 프라푸치노 ㅎ 역시 여성분 대우는 다르군요 ㅎ,56개
77,이재윤,"간호사시군요, 힘드실텐데 응원합니당!",19개
78,youngmikim,"""주접떠는 보디가드~"" ㅋㅋㅋㅋㅋ 요번 수업도 유쾌 ㅎㅎㅎ",0개
79,MikeShin,이분 성격 너무 좋으시네요,3개
80,안녕,형 요즘 왜 운동영상 안올려ㅜㅜ 동기부여 찍게 좀 올려줘❤️,2개
81,팍소니,보라띠 눈이 참 착하다.,3개
82,joelee,3:09 말하자마자 같은발 같은손ㅋㅋㅋㅋ,0개
83,르르김태룡,"귀여우셔ㅎㅎ
이~~~~이~~~",1개
84,권마이클,ㅋㅋㅋㅋㅋㅋㅋㅋㅋ5:50 치이이이..ㅠㅠ개웃기네,0개
85,테디,이런 사심 컨텐츠 너무 좋다 형,1개
86,말고기,요즘 아주 보기좋아 말왕형 ^^,2개
87,JaeminYoo,푸핰ㅋㅋ말왕님 안검하수ㅋㅋㅋㅋ,0개
88,서나,물리치료사도 운동시켜줘요><,3개
89,밀밀키보이,싱글생글 넘이쁘시다게스트분ㅋ에너지뿜뿜,1개
90,늦깎이엔조잉,벌써 종영이라구요?! 나다산 너무 재밌는데ㅠㅠㅠ더 좋은 컨텐츠 해주시겠죠!! 저도 허리 안좋은데 영상 잘보고 갑니다~ 말왕님 영상 정주행하면서 운동시작 했는데 요즘 할수 있는 홈트영상도 (말순이버전) 부탁드려요!!,1개
91,넵튠,"ㅋㅋㅋㅋ
치이~치이~
찌익 찌익 생쥐 됬음 ㅋㅋㅋ",0개
92,stone,말왕형 삥 뜯기고 살아?😭,1개
93,지민문,영상길이 19분 실화냐 ㅋㅋㄱㅋㄱㅋㄱㅋ,0개
94,동구김,이분도 유투브 곧 하시려나ㅋㅋㅋㅋ,0개
95,이민호,엄청  매력있으시다..,2개
96,현성재,히에에~ 이거밖에 생각이 안나네 ㅋㅋㅋㅋㅋㅋㅋㅋㅋ,0개
97,김,오늘은 오히려 말왕이 게스트한테 돈줘야할판인듯 시급만원으로 통일하자,4개
98,콜록콜록,형 옛날부터 궁금했는데 진짜 3대 600넘어?,2개
99,널디보이,19분 실화냐 시작하자 마자 웃네 형..,1개
100,숙주,영상길이 보소 ㅋㅋㅋㅋ일관성갑,0개
101,안석준,머리 색이 맨날바뀌네 ㅋㅋ,1개
102,최재훈,여성분 너무 귀엽고 매력터지네욤,1개
103,90Hyunss,볼 때 마다 새롭고 볼 때 마다 귀엽다ㅋㅋ 인클라인 머신할 때 추왕이형 집중해서 쳐다보는게 간식 달라 하는 강아지 같아ㅋㅋㅋ,0개
104,린짜흐,졸라 화내누ㅋㅋㅋ쿠ㅠ무섭누,0개
105,식김춘,8:27 라면 사라? 사라고 EC,1개
106,헬린헬린,이~~~~~잌~~~~ㅋㅋㅋㅋㅋ,0개
107,아자아자,말왕..잘하네..👏👏👏👍☝️💪🤗,1개
108,Pennywise,귀엽고 매력 개쩐다 ㅋㅋ,0개
109,감사욤,"형 pt 잘한다. 자세 알려주는걸 떠나서, 사람들 동기부여 제대로 복돋아주네",24개
110,KANGHYEHOON,여자분 성격 쾌활하시고 약간 마마무 솔라 닮으신거 같네요!,2개
111,NarniaGwangpan,ㅋㅋㅋㅋㅋ저분 볼매네ㅋㅋㅋ,1개
112,마히르,좋아서 왔다니깐 왤캐 좋아해 형..,1개
113,신수현,영상길이 20분 실화냐 ㅋㅋㅋㅋㅋ,0개
114,원원,처음 시작할때 bgm 뭔지 아시는분있나요ㅜㅜㅠㅠㅠ 너무궁금한데 제발 알려주세요....,0개
115,페페,아니 ㅋㅋㅋㅋ 영상길이 차이 골때리네,0개
116,쥐괴물,ㅋㅋㅋㅋㅋ귀엽,0개
117,에벤에셀,월세 32만원으로 다시 첨부터 리셋??!ㅋㅋㅋㅋㅋㅋㅋㅋㅋㅋㅋㅋㅋㅋㅋㅋ,0개
118,DAIMIG,형머리 볼때마다 뿌리쪽 땡겨서 아플거 같애ㅋ쿠ㅜ,0개
119,Wakdoodle,누나 성격 좋으시네여 ㅋㅋ,1개
120,홍성민,하이바~!! 이분 네네봇이시네요 ㅎㅎ 근데 에너지가 너무 좋다고 해야할까 밝고 젊은 에너지가 보기 좋습니다.,2개
121,양항규,잘 봤습니다~!! 치이이이~~~ 치이이이이~~~~~~~~~ㅎㅎㅎㅎ,0개
122,홍진영아이러브,와... 부럽다,1개
123,김삥뽕,아니형 제목ㅋㅋㅋ,0개
124,토마토,오늘도 형 되게 행복해보이네 ㅋㅋㅋㅋㅋㅋㅋㅋㅋㅋㅋ,0개
125,이두tv,피트니스웹툰보고 이거보니까 이상한생각이드네,1개
126,짱마라,에너지가 굉장히 좋네요 보는 사람도 기분 좋아짐 ㅋㅋ,1개
127,ByeonghyoJeong,영상시간 길어서 좋습니다 ㅋㅋ,0개
128,전서준,4:01 완전귀엽..,0개
129,MOP,4:20 뭔데? 4월에 크리스마스임? ㅍㅎ,0개
130,박민혁,영상 길이 차이 ㄷㄷ,0개
131,안성수,와ㅓ 근데 이쁘시다 엄청,1개
132,유민준,5:16 뒤에 거울 앞에서 배까고 사진 찍으시네 여성분 ㅋㅋㅋㅋㅋㅋㅋㅋ,1개
133,박성준,형 나도 운동시켜줘ㅠㅠ,0개
134,영삼큐큐,저도 말왕님께 운동 배우고 싶어요 3대 운동이요 ㅋㅋㅋ 구독자와의 만남 또 하시나요 ㅋㅋ,0개
135,박찬영,형 오늘 생일이잖아 축하해,1개
136,헤엄TV,저분 다음날 팔 못쓰실듯ㅋㅋㅋㅋㅋㅋㅋㅋㅋㅋ,0개
137,우주의보석MeandtheUniverse,ㅎㅎ 간호사쌤 왕귀여워여,1개
138,MOP,형...요가랑 봉을 참 좋아해... ㅋㅋㅋ,0개
139,슬픈케챂,허리디스크 있는 30세 간호사입니다 전 줄 알았네요ㅋㅋㅋㅋㅋㅋㅋ 너무 도움이 되는 영상이었습니다 감사합니다,0개
140,오윤재,중학생인데 3대측정 해보고 싶다,1개
141,ji,3:39 사--심,0개
142,,형님 생신축하드려요!,1개
143,YogaSongHayeon,즐겁게 시청했습니다^^ 좋은 영상감사합니다!,0개
144,HughMa,말왕 기분좋으니나도 좋음 ㅋㅋ,1개
145,김소연,저도 운동좀... ㅋㅋㅋ,0개
146,징크스,0:27 합격!,0개
147,김세희,앜ㅋㅋ 피티받는 내 모습이랑 똑닮 ㅋㅋㅋㅋㅋㅋㅋㅋㅋㅋㅋㅋㅋㅋ 나도 압력밥솥 김빠지는 소리 내봐야겠다 ㅋㅋㅋㅋㅋㅋㅋㅋㅋㅋㅋㅋㅋ 치~~이익 ㅋㅋㅋㅋㅋㅋㅋㅋㅋㅋㅋ,0개
148,백석현,말왕형 운동 알려주는거 멋지당~~,0개
149,최준호,19분 ㅋㅋㅋㅋㅋㅋ,1개
150,드루와드루와,간호사님이 먼 방송을 이렇게 잘해 ㅋㅋ 끼가 있으시네,2개
151,김세웅,말왕형 운동좀 시켜 주세요ㅠㅠ,0개
152,류겸,제목만 보고 영상 길겠다 싶어서 왔어 형ㅎㅎㅎ 역시나네 잘보꿰,1개
153,얼큰TV얼굴큰뜨거운세형제들,"14:10 소림축구 태극권?
간호사분 집중력과 끈기가 좋네요!ㅋㅋ",7개
154,수학정석,"0:57 ""갑자기요?"" 위험...",22개
155,JAESEOKPARK,아...누구 닮았드라 누구 닮았드라 했는데 롤 프로게이머 젠지 정글 클리드님 생각났어 ㅋㅋ,1개
156,MOP,우리말형~ 생일축하해~ 😊👍,1개
157,준서최,말왕님 꿀탱탱3대측정 하시나요?,1개
158,이병욱,영상길이 20분 말 다했누 ㅋㄴㅋㅋㅋㅋㅋㅋㅋㅋㅋㅋ,0개
159,데몰아,나 다시 산다 꿀잼이었는데 종영 넘모 아쉽 ㅜㅜ,0개
