﻿,name,thumbnail,view,previous_time,video_url,start_date,comment,likes_num,unlikes_num,time_duration
0,2편 ??ㅋ2??ㅋ2??ㅋ2??ㅋ2??ㅋ2??ㅋ2??ㅋ2??...... (메이크업),https://i.ytimg.com/vi/XYSjLxFsZjM/hqdefault.jpg?sqp=-oaymwEZCPYBEIoBSFXyq4qpAwsIARUAAIhCGAFwAQ==&rs=AOn4CLD-7LnwMpy3mzMRic9_TCtA0yJb2A,42만회,3일 전,http://www.youtube.com/watch?v=XYSjLxFsZjM,2020. 5. 29.,댓글 664개,6.9천개,117개,"
      23:09
    "
1,"????국가의 부름을 받고 다녀온 ??""브랜드 K"" 최종 품평회!! (고양이 매트 추천)",https://i.ytimg.com/vi/Ak4jcGu2PD0/hqdefault.jpg?sqp=-oaymwEZCPYBEIoBSFXyq4qpAwsIARUAAIhCGAFwAQ==&rs=AOn4CLAokJKpKxVn5EaiiMzE82vnB-bI4g,4.5만회,6일 전,http://www.youtube.com/watch?v=Ak4jcGu2PD0,2020. 5. 26.,댓글 109개,1.1천개,10개,"
      8:37
    "
2,"4월 씨딩??드디어 먹을것도 왔다! 사무실 협찬 박스 택배 뜯기 (불가리, 라네즈, 투쿨, 어뮤즈 etc)",https://i.ytimg.com/vi/rPeMKfxPDkU/hqdefault.jpg?sqp=-oaymwEZCPYBEIoBSFXyq4qpAwsIARUAAIhCGAFwAQ==&rs=AOn4CLDUcSjsfr7IRYBC496Yu96RU4d2lg,12만회,2주 전,http://www.youtube.com/watch?v=rPeMKfxPDkU,2020. 5. 17.,댓글 206개,3.1천개,39개,"
      20:14
    "
3,그래요. 이거 우리 맞아요.....?? 9년전 흑역사 리액션 & 리 메이크업 (스타킹 화장성형녀),https://i.ytimg.com/vi/2D6TiiKd_NY/hqdefault.jpg?sqp=-oaymwEZCPYBEIoBSFXyq4qpAwsIARUAAIhCGAFwAQ==&rs=AOn4CLBelnTw3D4ySqcI9Opb7-_YMn35Ow,28만회,3주 전,http://www.youtube.com/watch?v=2D6TiiKd_NY,2020. 5. 11.,댓글 428개,5.3천개,57개,"
      19:59
    "
4,씬님 ㅋㅋㅋㅋㅋㅋㅋ?바야바야뭐야ㅋㅋㅋㅋㅋㅋ - 베댓 中 .........(선케어 추천),https://i.ytimg.com/vi/C41T54xzbLY/hqdefault.jpg?sqp=-oaymwEZCPYBEIoBSFXyq4qpAwsIARUAAIhCGAFwAQ==&rs=AOn4CLAkn6hL2ly93fEjAglBvnpVIkrIgQ,16만회,1개월 전,http://www.youtube.com/watch?v=C41T54xzbLY,2020. 4. 29.,댓글 321개,2.2천개,31개,"
      13:36
    "
5,드디어 입고......??화장 해 봅니다.....(feat.커버리셔스),https://i.ytimg.com/vi/LDzayFzXWMU/hqdefault.jpg?sqp=-oaymwEZCPYBEIoBSFXyq4qpAwsIARUAAIhCGAFwAQ==&rs=AOn4CLA1c5PpmvZiUvR82EZWogogUAzFYw,30만회,1개월 전,http://www.youtube.com/watch?v=LDzayFzXWMU,2020. 4. 28.,댓글 618개,5.3천개,88개,"
      11:54
    "
6,[폭소주의잉????] 친구랑 옷 바꿔입기 : 릴카?? vs 씬님??,https://i.ytimg.com/vi/DgTu1xI8MP4/hqdefault.jpg?sqp=-oaymwEZCPYBEIoBSFXyq4qpAwsIARUAAIhCGAFwAQ==&rs=AOn4CLCchl_bZc2L1J8hY8v34v2F-hSldA,52만회,1개월 전,http://www.youtube.com/watch?v=DgTu1xI8MP4,2020. 4. 25.,댓글 617개,7.5천개,123개,"
      18:13
    "
7,"3월 씨딩??씬님 사무실로 오는 메이크업, 화장품 택배 선물 박스를 열어보자!! (에스티로더, 롬앤, 샹테카이, 클리오 etc)",https://i.ytimg.com/vi/JJdruhiesrk/hqdefault.jpg?sqp=-oaymwEZCPYBEIoBSFXyq4qpAwsIARUAAIhCGAFwAQ==&rs=AOn4CLAnMKsO5nonjK-zzxcd-lS50NGPeg,15만회,1개월 전,http://www.youtube.com/watch?v=JJdruhiesrk,2020. 4. 21.,댓글 234개,3.2천개,52개,"
      28:08
    "
8,속옷 유튜버 치곤 화장품을 꽤 좋아하시네요. - 베댓 中,https://i.ytimg.com/vi/6DgBOGRr0Tw/hqdefault.jpg?sqp=-oaymwEZCPYBEIoBSFXyq4qpAwsIARUAAIhCGAFwAQ==&rs=AOn4CLCE6IeDS0l4nWLpYKz9v27DEjlnSw,24만회,1개월 전,http://www.youtube.com/watch?v=6DgBOGRr0Tw,2020. 4. 16.,댓글 436개,4.7천개,54개,"
      22:39
    "
9,"속옷말고 화장품 산거도 한번 봐봐, 제발 ...................................... *메이크업 유튜버*",https://i.ytimg.com/vi/qJGYK3g19eM/hqdefault.jpg?sqp=-oaymwEZCPYBEIoBSFXyq4qpAwsIARUAAIhCGAFwAQ==&rs=AOn4CLDKUa45bM46OsV5gdEjHxRZOKdErg,28만회,1개월 전,http://www.youtube.com/watch?v=qJGYK3g19eM,2020. 4. 6.,댓글 455개,5.2천개,81개,"
      23:20
    "
10,"4탄!!?? 속옷 쇼핑은 누구랑 한다??? 씬님이랑!! 빅시, 에어리, 란제리 쇼핑 하울 | SSIN",https://i.ytimg.com/vi/azxlEM4cjMA/hqdefault.jpg?sqp=-oaymwEZCPYBEIoBSFXyq4qpAwsIARUAAIhCGAFwAQ==&rs=AOn4CLBtzQIRenEjcyDrRXsnd5aNCLQKfQ,40만회,2개월 전,http://www.youtube.com/watch?v=azxlEM4cjMA,2020. 3. 28.,댓글 659개,6.6천개,90개,"
      25:33
    "
11,[씬님 x DJ소다] ???? 세상 핫해지는 클럽 인싸 메이크업 룩을 따라 해 봅시다. (feat.치토스),https://i.ytimg.com/vi/W6AGdL9Camo/hqdefault.jpg?sqp=-oaymwEZCPYBEIoBSFXyq4qpAwsIARUAAIhCGAFwAQ==&rs=AOn4CLBeYQln-F52QwR-Ef7_AzVJNdl-ZA,72만회,2개월 전,http://www.youtube.com/watch?v=W6AGdL9Camo,2020. 3. 25.,댓글 536개,7.3천개,245개,"
      26:35
    "
12,미국 결혼식 가는 메이크업 ?? 파티드레스를 같이 골라요 | SSIN,https://i.ytimg.com/vi/krEMuQZL9v0/hqdefault.jpg?sqp=-oaymwEZCPYBEIoBSFXyq4qpAwsIARUAAIhCGAFwAQ==&rs=AOn4CLDXsb_AxieWxStxWyjKkDXWZUiqXg,44만회,2개월 전,http://www.youtube.com/watch?v=krEMuQZL9v0,2020. 3. 15.,댓글 487개,8천개,117개,"
      15:28
    "
13,[폭소주의ㅋㅋ] 친구랑 옷 바꿔입기 : 곽토리?? vs 씬님??,https://i.ytimg.com/vi/HjmpwOtegZE/hqdefault.jpg?sqp=-oaymwEZCPYBEIoBSFXyq4qpAwsIARUAAIhCGAFwAQ==&rs=AOn4CLD0LoL53-OpC50mz12Jargr6Vmeug,61만회,2개월 전,http://www.youtube.com/watch?v=HjmpwOtegZE,2020. 3. 11.,댓글 829개,1만개,110개,"
      17:16
    "
14,"2월 씨딩??한달만에 두배가 쌓였다! 씬님 사무실 협찬 박스를 열어보자. (헤라, 지방시, 베네피트, 랑콤, 비오템 etc)",https://i.ytimg.com/vi/9AHeKu80Lbo/hqdefault.jpg?sqp=-oaymwEZCPYBEIoBSFXyq4qpAwsIARUAAIhCGAFwAQ==&rs=AOn4CLDtgvjVT-sLf2K49br3PFsk2V_mfg,16만회,2개월 전,http://www.youtube.com/watch?v=9AHeKu80Lbo,2020. 3. 7.,댓글 238개,3.1천개,44개,"
      17:05
    "
15,"[기초, 클렌징, 화장솜, 면봉] 존좋 ??메이크업 촬영 필수템??만 들어있는 씬님의 '촬영카트'를 샅샅이 뒤져봅시다.",https://i.ytimg.com/vi/89QRfdDLIQg/hqdefault.jpg?sqp=-oaymwEZCPYBEIoBSFXyq4qpAwsIARUAAIhCGAFwAQ==&rs=AOn4CLCiYX8rM4zkYyoFH5mFcYSTI_qhJQ,32만회,2개월 전,http://www.youtube.com/watch?v=89QRfdDLIQg,2020. 3. 4.,댓글 313개,5.4천개,85개,"
      21:04
    "
16,저 이제 삼각팬티??안입기로 했습니다. 가랑이 종기썰 + 사각팬티 11장 리뷰,https://i.ytimg.com/vi/wE8Pc2ApcHs/hqdefault.jpg?sqp=-oaymwEZCPYBEIoBSFXyq4qpAwsIARUAAIhCGAFwAQ==&rs=AOn4CLA-ZQXrkap5KQLjrq3D3RJtl-fqrg,57만회,3개월 전,http://www.youtube.com/watch?v=wE8Pc2ApcHs,2020. 2. 27.,"댓글 1,410개",1.5만개,117개,"
      18:32
    "
17,"[포토] 씬님, 포즈는 어려워 ??포토월 제대로 처음 서보는 메이크업 ... 기사 검색하지 마세욬ㅋㅋㅋ",https://i.ytimg.com/vi/KyevGKWd4iE/hqdefault.jpg?sqp=-oaymwEZCPYBEIoBSFXyq4qpAwsIARUAAIhCGAFwAQ==&rs=AOn4CLC1md7pHd3QXyO5jW7MTXwqfg2_Yw,10만회,3개월 전,http://www.youtube.com/watch?v=KyevGKWd4iE,2020. 2. 19.,댓글 125개,1.7천개,21개,"
      13:17
    "
18,니모랑 코코넛크랩을 잡으러 코타키나발루 여행 3편,https://i.ytimg.com/vi/iOV8ojLu1gY/hqdefault.jpg?sqp=-oaymwEZCPYBEIoBSFXyq4qpAwsIARUAAIhCGAFwAQ==&rs=AOn4CLBrhz0qTR--V3EP9xZ9XjNcmqLXNw,6.7만회,3개월 전,http://www.youtube.com/watch?v=iOV8ojLu1gY,2020. 2. 16.,댓글 123개,1.1천개,23개,"
      25:23
    "
19,존좋 명품 귀걸이??목걸이 소개해 봅니다.,https://i.ytimg.com/vi/UIIOeykkHcs/hqdefault.jpg?sqp=-oaymwEZCPYBEIoBSFXyq4qpAwsIARUAAIhCGAFwAQ==&rs=AOn4CLAWNA6rA8WvJcYLxI7IJCAl5DOiUw,21만회,3개월 전,http://www.youtube.com/watch?v=UIIOeykkHcs,2020. 2. 11.,댓글 320개,3.7천개,105개,"
      17:17
    "
