﻿,youtube_id,comment,like_num
0,다비드7,멕시코가 이런 느낌이였을까?,11개
1,도전자TV,이번 카타르월드컵 10월에서 11월에 하는 예선전. 서울에서 하는 한국vs북한 경기 꼭 이기자,14개
2,굶주린TV세상의모든먹거리를먹어보자,"진짜 말 그대로 기적
도하의 기적
이때 할아버지랑 보다가 방방 뛰었던 기억이",10개
3,LSKK,고정운 감독님은 올해 K3 김포시민축구단에서 감독으로 계십니다! 매경기 네이버 중계가 이뤄지니 굳이 찾아보지 않더라도 가끔 보이면 한번씩 구경해보세요!!,8개
4,깝치호2,이 영상 대한민국 감동인 영상이다.!,4개
5,Fryderykchopin,"자파르선수가
한국와서
큰환영받음",3개
6,dmsldk,3:28 취준생 눈에 보이는 채용공고......ㅎ,2개
7,아라가키,나 이때 초등학교4학년ㅋㅋㅋ 세월참 빠르다ㅜㅜ,3개
8,Fryderykchopin,"최인영키퍼왜써가지고ㅡㅡ
이라크사우디일본에게비기고지고",3개
9,허정훈,일본 좌절하는모습 개웃긴다 ㅋㅋ,0개
10,안킹갓승현TV,굿,3개
11,본버,정말 지금 채널아이콘 보는데 마스코트 호랑이가 아직도 적응이 안된다. 정말 다시 원상태로 바꿔줬으면 좋겠다. 진짜 마스코트로 장난치는 것 같다. 화가 치밀어 오른다.,1개
12,tv배그채널폭치복치박치,헐나태어나지도않안내,1개
13,Fryderykchopin,"1953 5-1 승리 2-2 무 (도쿄중립)
1985 도쿄 3-1 승 잠실 1-0 승리
1993 도하 1-0 패 
40년만에 일본이 월드컵 예선에서 
한국이겼다
1997 일본 도쿄 3-1 승리 잠실 0-2 패",0개
14,10,이때 극적으로 월드컵 진출한거 뿐만 아니라 사우디 말고 일본이 탈락하고 우리가 월드컵 진출해서 더 좋았음,0개
15,Fryderykchopin,"1953 5-1승 2-2 무
1985 2-1승 1-0 승
1993 0-1패 
1997 2-1승 1-0 패",0개
16,FC포항스틸러스,2013년 12월1일 이날이 카타르도하 2002월드컵 2018년 독일전을 뛰어넘는 최고의 기적입니다 ...,1개
17,WinCup,"90년 월컵까지는 일본은 진짜 상대로 보이지도 않을 만큼 격차가 있다가, 90년대 제이리그 나오면서 위기온다온다...언론에서 떠들었고 미우라가 나와서 좀 차는 선수나왔네...정도였지만 그래도 그 선수도 우리 선발들 아래로 보는 시각이 있었죠. 그런데 94년 저 예선전에서 어라...얘들 거의 우리 잡겠네...어어 떨어지는거 아냐, 이렇게 진짜 라이벌로 등장한 첫 대회였다 봅니다.",1개
18,현효선,"마지막경기에서 우리가 북한을 3:0으로 이긴것도 본선진출에 큰 힘이되었음.
북한이 우리나라를 봐줬다라고 단언까진 못하겠지만
독기있고 거친플레이로 결코 쉬운상대는 아니었던 북한이 마지막우리와의 경기에서만큼은 
힘을빼고 뛰는게 눈에 보이던 경기이긴했음.",0개
19,송은영,1,1개
20,신비한tv서프라이즈,난 1999년생으로 이걸 보진못했으나 정말 이라크가 한국을 구해준거.,3개
