﻿,youtube_id,comment,like_num
0,,2018 독일전 풀영상 올려주실수잇나요? 정말 다시 보고싶어요 풀영상으로 ㅠㅠ,17개
1,유벤투스,감스트ㅅㅍㅋㅋ,1개
2,전예서,ㅠㅠ좀만 빨리 올껄 ㅠㅠ,0개
3,깝치호2,역시 손흥민 선수 잘하합니다.,2개
4,유제민,1:08:58 이재성 두번째골,0개
5,웅S,23:45,2개
6,하하하펭귄,이때 직관갔었는데ㅋ 이렇게 화면으로 다시보니 좋네요.,0개
7,SUSUNG,“그 경기”,0개
8,김민지,이란전도.... 올려줘요...,0개
9,박네임,인직......,0개
10,물고기자리,32:50,0개
11,DavidPark,"ㅋ 인직,, 스테이!!",1개
12,blueberry1502,"함성소리 응원소리 너무 그립당 ㅠ 다시 축구 국대경기 저렇게 볼 수 있기를... 영상 이렇게 올려주셔서 고마워요
근데 감스트 ㅋㅋㅋㅋㅋㅋㅋ 그리고 1:51:41 부터 인사이드캠속의 손흥민과 김민재의 달리기 속도 ㄷㄷㄷ",0개
13,해피너스,직관갔을때 떠오른다.. 조현우가 다해먹었던 경기,2개
14,꿀벌,미개한 콜롬비아 원주민들의 인성을 볼 수 있었던 경기,8개
