﻿,youtube_id,comment,like_num
0,행복공원,기성용 선수 진짜 많이 그리워요 기성용 선수 오랜팬인데 은퇴 한다고 했을때 진짜 엄청 슬프더라고요 국가대표에서 다시 볼수는 없겠죠? 국가대표에 뛰어오면서 그동안 헌신해주시고 경기 열심히 뛰어주셔서 감사합니다. 저는 대한민국 축구 언제나 응원하겠습니다 기성용 선수도 화이팅하세요!,51개
1,000,기성용에게서 조금씩 손흥민에게로 넘어가는 느낌이 드는데 이것도 뭉클하네,125개
2,거니,기성용처럼 전술에 영향력있는 미드필더가 또 나올수있을까 그립다.,17개
3,장민성,기성용선수가 진짜 멋있는게 영상보니깐 선수들한테는 승패에 강요하지 않고 격려해주고 경기에서 지면 인터뷰에서 팬들기대에 못미쳐서 죄송하다고 책임을 다지는거 같이서...기캡틴....,44개
4,윤태웅,"다시 전성기가 올 겁니다
몸관리 잘 하고 계십쇼",4개
5,김빙빙,0:16 초점 잘 맞앗으면 난 끝까지 못봣다,29개
6,김유진,기라드 보고싶다..,53개
7,개좋아,기성용은 레전드다..캬,49개
8,까횽,"3:19 선민이라고부르는데 왜 제가 울컥하쥬,,,😭",13개
9,박건우,진짜 존나 멋있어,40개
10,chansooPark,은퇴하고 돌이켜보니 구자철 기성용처럼 국대에 헌신하며 뛰는 자세부터가 다르네요,33개
11,maelong,키 거의 190에 잘생긴얼굴에 몸도 좋네 부럽다...,44개
12,정석현,카타르까지만.......했으면 좋았을껀데,6개
13,MiNu,"와...리더십 소름  멋지네요  KI 

국가를 위해 뛰자는  저 말이 정말 국가대표 주장이었네요. 그립습니다. 국대 기성용",25개
14,스마우그,"진짜 개멋있네..
은퇴식이라는 말이 실감나지않지만
제대로 치뤄줘라 축협놈들아ㅠㅠ",3개
15,지현이,하.... 캡틴키 ㅠㅠㅠㅠ 그립읍니다,30개
16,한한,멋있다... 캡틴 Ki.. 기성용 선수 국대 은퇴 아쉽네요. 그래도 남은 선수 생활 계속 응원합니다!,6개
17,섭이마르,레전드다.. 그리고 손흥민선수님이 하나둘셋 할때 뭔가 소름이 ㅎㅎ,14개
18,조자룡,역대 대한민국 올타임 넘버원 중미,6개
19,채넛Chaenut,기성용 선수 너무 그립습니다..ㅠㅠ,9개
20,Jooon,"우리의 영원한 캡틴키 오랜만에 보니까 넘 그리워요,, 축구도 한동안 안하니까 우리 국대팀도 너무 그립고 .. 하루빨리 코로나가 잠잠해져서 우리 국대팀 경기 보는날이 왔음좋겠어요😭 국뽕이 차오르는 영상 올려주셔서 감사합니다 💪🏻♥️",3개
21,khr,2:53 장현수보니까 기분 확 안좋아지네ㅆㅂ..,4개
22,칙칙폭폭,진짜 개멋있다,11개
23,김성준,존나 머싯다 진짜..,17개
24,Pauleem,"기성용 선수님께서 몇 년간 한 나라를 대표하는 축구선수로써 많은 부담감이 있으셨겠지만 다 이겨내시고 우리에게 보여주신 헌신, 열정, 용기, 리더쉽 그 외에 다른것들 잊지 않겠습니다!!! 기성용 선수님 플레이 하나하나에 감동도 많이 받고 눈물도 많이 흘렸습니다 항상 응원하겠습니다!!!",2개
25,부가세별도,기캡틴이랑 흥민이 같이 뛰는거 오래 보고싶었는데ㅠㅠ,3개
26,구소원,카타르까지만 국대 뛰어주세요 제발~~~,2개
27,캡틴고,진짜 기성용이 남자 베이글남이지 ㄷㄷㄷ 저 순둥한 청년이 경기장 안에서는 서양애들 후두려 패는 기깡패가 되니 ㅋㅋ 듬직,2개
28,푸들은사랑둥이,시온이아버님....멋있어👍,14개
29,DebryneKevin,1:46 그란데코치 깜놀,13개
30,최현성,형님 국대로 돌아오십쇼..!!!ㅠㅠ,4개
31,백안식,"아아ᆢ너무너무 그립습니다!!!
캡틴ᆢ",2개
32,이름몰라,소름~~~~~~~~~,4개
33,강동현,와 카리스마 장난아니네...,2개
34,Center,"2:27 고개 숙여도 
키가 엄청 큰 김신욱 선수 ㄷㄷ;",2개
35,받은사람축복,아 보고싶어요!! 영원한 캡틴ᆢ,2개
36,김미,"또 눈물 나요~~~
기캡님 다시 불러와요 국대에~~~",2개
37,EllieW,ㅇ ㅏ 진심 그립다 기캡 ㅠㅠ 내 생애 최고의 선수 👍🏻,3개
38,서아영,기성용 선수 진짜 멋있다. 최고야!!,3개
39,gusal,역시 기성용👍,8개
40,리바풀,기성용선수 사랑합니다,10개
41,백영란,"너무나 그립습니다,,캡틴,,",2개
42,조민석,역시 레전드,7개
43,이상수,역시 캡틴성용이형!!👍👍성용이형 너무 멋있고요 진짜제가 왕팬이에요🥰 성용이형 코로나 조심하시고요 제발 국대로 와주세요😭😭,10개
44,이건영,진짜 너무 보고싶어요ㅠ 캡틴 키ㅜㅠㅠㅠ,3개
45,웃음을잃은아이,감독이 슈인게 에러네 ㅋㅋ,7개
46,이민하,왜 뭉클하지....ㅠ,2개
47,도경,주장답다,3개
48,sanghee엘렌,ㅠㅠㅠ보고싶다 정말..,5개
49,미치고프리한동빡이,멋있다 캡틴기!,2개
50,햄님,보고픈 국대 기캡ㅠㅠ,1개
51,정예진,기캡 보구싶따..,5개
52,jasminekim,주주 김진수선수변천사 💚 만들어주세요오!!! 인캠카메라에 진슈선수 엄청 많은거 압니댱~ ㅎ히,5개
53,도현우,기성용 캡틴! 그립습니다ㅠㅠ,2개
54,부가세별도,기캡틴ㅠㅠㅠㅠㅠ,1개
55,미스터송,2:12 옆에 손흥민선수인데도 큰거보면 김신욱선수 진짜 크긴하네요...,0개
56,짱구야놀쟈,기캡틴 외모는 연예인급 물론 실력도 최고👍,2개
57,원스,국가대표로서 열심히 뛰어주시는 선수들에게 팬들이 해줄건 그들을 지지하고 응원하는건데 저 또한 좋은 경기 보여주지 못했던 선수들을 욕하기도 하고 비판했는데 이젠 그런 선수들이 뛰는 모습이 그리워요 응원합니다 대한민국 대표팀,0개
58,찐밍구,나의 .. 캡틴 .. 정말 사랑했어요!!!! 존경해요!!!!! 지금두 응원해요!!!!!! 항상 행복하셔야해요 ㅎㅎ,3개
59,조성일,역시캡틴은 갭틴이다,4개
60,HeyZio,멋있다는 말밖에는...,3개
61,vv보라,"누군가에겐 최고의 선수, 하지만 최강희 감독에겐...",0개
62,김재성,내가 지금까지 들은 하나둘셋중 제일 멋지다,1개
63,왓어원더,초창기에는 다혈질이고 논란도 많고해서 동년배인 구자철이 주장감이라고 생각했는데 막상 주장되고 나서는 묵직하게 해버지만큼 팀을 중심에서 잘 잡아줬었음 다시 한번 수고하셨습니다,1개
64,높별TV,마지막은  쏘니,0개
65,eq,이거 보니까 박지성 선수가 주장이었을 시기도 보고싶네요  그땐 어떘을지.. 자료가 있었으면 좋았을텐데 ㅠㅠ,0개
66,데스난,존멋이네,0개
67,삐약삐약비둘기,마지막에 손흥민선수 쳐다보는게 '이제 너가 해'라고 하는거같아서 되게 짠하네ㅠㅠ,1개
68,보카자,존나 멋있다,0개
69,Tottenhamsonny,캡틴기묵직 보고싶다.. 국대로 돌아와요ㅠㅠ,4개
70,내일은잘하겠지,형님 국대 좀 더 뛰는건...욕심이겠죠?,1개
71,jayskim,기성용은 언제든 돌아오면 씹환영이지,1개
72,최소미,손흥민2분40초에 꼬추만짐 ㅋ ㅋ ㅋ,0개
73,김혜숙,"라커룸  리더쉽!
캡틴  기성용  변천사",0개
74,HAMJEONG,슈틸리케 감독은 봉인가요,0개
75,TK,슈자이크 부탁 드립니다,0개
76,,"캡틴홍,캡틴팍,캡틴기,캡틴손",0개
77,나이브수베다르,기성용 선수하면 2012 런던 올림픽 당시 이등병의 편지가 떠오르네요ㅋㅋㅋ,0개
78,seongdo,진짜 저런게 주장의 품격이다 정말  우리나라에 미드필더가많아도 기성용이 무조건 선발인 이유는 다있네 여기에,0개
79,갸련,쏘니편도 해주세용,0개
80,이준원,존나멋있다,0개
81,MinhyungSong,손흥민 주장 달고 나서도 기성용이 주장 노릇 했구나..,12개
82,너나들이,"https://youtu.be/AMF_EgtAfrA 슛별친에서 국대 선수들과 이야기한 내용이 생각나네요~그동안 국대 주장으로 부담감이 많았을텐데~고생하셨어요~기캡의 모습 그립고, 그립고, 그립다~",0개
83,고려호족,답답하면 니들이 뛰던가,0개
84,좋은날,"1. 국가대표라는 것에 자부심을 가지고 부끄럽지 않게 뛰자.

2. 자신감을 가지자.

3. 훈련했던 것들은 100% 보여줘야한다.

4. 헌신하라.

5. 이기자.",0개
85,티모님,국대 캡틴 1등 박지성 2등 기성용,2개
86,해피너스,얼굴도 잘생겼고 말 한마디가 주옥같네 캬 역시 기묵직,3개
87,한뱅,이런거 보면 박지성이 주장일때 어떤 말들을 했을까 궁금함 그때 당시는 이렇게 유튜브나 미디어들이 팀 내부까지 들어가서 찍고 접할 기회가 적다보니...,0개
88,Lee건우,진짜 손흥민이 주장 잘해주고 있지만 기성용이 너무 그립다 진짜 대표팀에서 철없던 어린선수에서 점점 크고 한가정에 가장이 되면서 철들고 진짜 책임감 있는 주장에 모습을 보여줬고 실력은 워낙 탄탄해서 말할것도 없고..리더쉽도 워낙 뛰어난게 보여서 너무 멋졌다 내마음속 영원한 주장은 기성용이다 진짜 ㅠㅠ,3개
89,이주환,"기성용>유상철,이을용,김남일",0개
90,ruttatata,"기성용 명언: ""니들이 직접 뛰든지"". 응원하는 팬들한테 대놓고 공개적으로 욕하는 국가대표선수는 기성용이 유일할듯. 아빠빽으로 선수되놓고 마치 지가 잘난줄 아네. FC서울에서 만년 벤치워머가 아빠입김으로 갑자기 주전되더니 혜택이란 혜택은 다 받았지. 시대를 잘탔어. 거품 좃나들어간 선수.",1개
91,스틱붐바,자신감 잃지마하고 멕시코한테 개발렸쥬,1개
