﻿,youtube_id,comment,like_num
0,박소윤,에??황의조 선수 거울셀카를 빼시면 어떡합니까!!!,7개
1,김예우,오세훈이지!,5개
2,희재님팬영웅님팬,정승원선수님 너무 잘생기셨어요💙💙,4개
3,개좋아,문환선수 남친짤 유명하죠ㅎㅎㅎ 심져 스타일도 좋으심!,3개
4,이민아의민아월드TV,"여윽시~😘
오늘 하루도 1일 1민깡 합민아~🤣🤣🤣",5개
5,백하,오세훈선수 갸우뚱 너무 귀여운 거 아니에요?ㅜㅠㅠㅜ 193이 저렇게 귀엽기 있습니까!!,1개
6,전예서,엄원상선수 남친샷이 최고인뎅...ㅠ,0개
7,아이비,정승원 ❤❤,1개
8,박혜숙,하하허,0개
9,축튜버,👍,0개
10,대승,"정승원💙💙💙
너무 잘생겼어요!!",0개
11,지혠,ㅇㅇ,0개
12,AbigailMukete,❤️❤️🇰🇷⚽️,0개
13,no1president1,영상 잘 봤습니다 날마다 좋은 날 되세요,0개
14,앙기모fc,정승원 👍👍,1개
15,구독하면꿈에손흥민나온다,4등,0개
16,지호,1빠군,0개
17,축구홍빈,다 멋져요😍,0개
