﻿,youtube_id,comment,like_num
0,GwaniLLim,갈수록 피지컬이더 좋아지시는듯 ㅎㅎ,65개
1,담담sQuotidienDami,"6년간 찍은거 푼김에 더 풉시다!!쏘니 6년간 국대에서의 케미 변천사들 풀어주쎄여~!!!!! 쏘니x선후배,동기들 케미 보고싶어여ㅜㅜ",45개
2,하이블루HIGHBLUE,쏜 몸이 점점 커진다 피지컬 ㄷㄷ,30개
3,아임현서,더더더더더더더 길게요 제발 ㅎㅎ 미공개 다 풀어주세요 ㅠㅠㅠ 쏘니 보고싶어용 ㅠㅠㅠ❤️,26개
4,정진영,손흥민 역시 '그'분은 위대하다,30개
5,YuchanOh,할때 마다 실력 느는거 보기좋네,5개
6,nang3206,a매치 언제 볼 수 있을까 ㅠ,6개
7,박소윤,결론:아주 엄청 매우 몹시 많이 잘한다,7개
8,서영,진짜 미쳤다 너무 좋다❤️❤️,7개
9,축구가제일좋음,흥민이형이다..!,21개
10,메시,갈수록 허벅지도 탄탄해짐,6개
11,히이신,"솔직히 저때도 잘했음
그렀다고 지금 못한다는 뜬이 아님
걍 소니가 좋다는 뜻",3개
12,꽃미남현,손흥민형 2014년부터 월클되버림,9개
13,Tottenhamsonny,대주주 스페셜 또 올려주세요~~ 너무 좋아💙,11개
14,,멋있다 🥺✨✨,4개
15,78JEY,이런 거 너무 좋아 ㅠㅠㅠㅜㅠㅠ 진짜 ❤❤ 다음엔 쏘니 슛...?,9개
16,나현SONNA,원래라면 a매치 볼 기간인데.. 축구너무 보고싶다 ㅠㅠㅠㅠ,9개
17,정원준,손흥민 선수 화이팅하세요  화이팅,13개
18,김은지,와 진짜 과제땜에 짜증났는데 행복해졌다 ㅎㅎ💙,10개
19,규리,이런 영상 넘 좋아요ㅠㅠ 미공개 영상 많은거 압니다.. 다 풀어주시죠....!🤍,9개
20,shantishanti,아유 그저 흐믓하구먼ㅎ,7개
21,만두슈니,아니 이런 은혜로운 영상이😍 감사합니다.,6개
22,jasminekim,인캠~ 지금까지 이렇게 크게된 이유엔 다~ 이유가 있지않나요오??😊 대주주와주주 흥민선수랑진수선수 케미모음집 한번 갑시다!😍❤💚💙,8개
23,보노보노,2018년부터 소년에서 남자로 확 바뀌었네 ㄷㄷ,8개
24,r,대주주 영상 더 풀어주세요!!!,5개
25,진이건듀,흐아 쏘니❤ 살앙해요😭 곧 그라운드에서 뛰는 모습 보게쪼???,8개
26,SonicMinions,음하하하,4개
27,백지짱BAEKJIJJANG,2:50  따라하는 거 귀엽다ㅋㅋㅋㅋㅋㅋ,5개
28,이지환,손흥민선수는 참  대단하셔,5개
29,jsyoon,쏘니 사랑해!,4개
30,극과극Youtube,손까들이 등장할 영상입니다,3개
31,zerozi,보고싶다,4개
32,개소리근육,"2:46
"" 그게 대오?? """,2개
33,KeRoRo,이 3분을 위해 6년간 찍으시다니.. 대단하십니다 ㅋㅋㅋㅋ,2개
34,깝치호2,역시 손흥민 선수 대단해요!!!!!♥♥♥,2개
35,희재님팬영웅님팬,내년에는 날아다닐것같은데,3개
36,임승민,월클들은 기본적으로 프리스타일을 잘하는듯 ㄷㄷ,1개
37,앙투안그리즈만,0:21 손라탄,1개
38,김현섭,짜스~~!,2개
39,dw26,ㅋㅋㅋㅋㅋ아 공 가지고 노는 쿼카 같은데 멋있어어어엉 ㅠㅠㅠㅠㅠㅠ💙,0개
40,하네,보다보니 시간순삭...🌟 이청용 선수 드리블 모음도 보고 싶어요!!😆,0개
41,최정훈,조금씩 성장하네..멋지다 우리흥~♥,0개
42,박세현,와 손흥민 선수는 피지컬도 좋아지시고 얼굴도 잘생겨 지시고 국대에서도 팀에서도 점점 더 큰 선수가 되가시는것 같습니다 언제나 응원합니다,0개
43,정한서,그와중에 이강인선수 그게 되요? 너무 귀엽다,0개
44,김혜숙,"6년간  모았다!
손흥민  리프팅  변천사",0개
45,SonicMinions,1,2개
46,,son is asian legend,5개
47,wildanNovalBaiz,FIFA 2022 QATAR 🇰🇷🇰🇷🇰🇷🇰🇷🇰🇷🇰🇷🇰🇷🇰🇷🇰🇷🇰🇷🇰🇷🇰🇷🇰🇷🇰🇷🇰🇷🇰🇷🇰🇷,3개
48,Dreamz,❤❤❤❤❤❤❤❤❤❤😘😘😘😘😘😘😘🥰🥰🥰🥰🥰🥰🥰🥰 love u sonny,10개
49,음바페축구개잘함,ㅋ,0개
50,우리집,Lee도 못하는 리프팅을 하는 Son,0개
51,LuthfiaJustisiaLoebis,KYOOOTTT,0개
52,장홍준,かっいい！,0개
53,이영기,트래핑은 한창때 호날두 바로 밑에급이네,0개
