﻿,youtube_id,comment,like_num
0,er,"소혜 땜에 보러왔다 좋은 영상보고갑니다
우리 모두 건강한 나날이 되길바랍니다",10개
1,Isaac,소혜 너무 이쁘다,11개
2,호이호이갓,박사님의 좋은 이야기와 소혜의 표정 보는 재미가 쏠쏠하네요 ㅋㅋ13분 순삭 ~~,7개
3,우렁112,소혜 ♥,9개
4,요케,"모르는 사이임에도 뭉치는 동물이 인간이고 지금까지 서로를 믿고 살아왔듯 코로나도 서로 믿고 사회적거리두기를 잘지키면 극복할수 있다.

홧팅",3개
5,펭귄족장소혜의영원한팬,소혜누님 요즘도 아재드립 치시네 ㅋㅋ 너무 잼있어,8개
6,유제민,아... 타당...해..서...아...,5개
7,차예성,15초전이다. KFA힘내세요,3개
8,AdamHue,소혜 여전히 귀여운데 뭔가 어른 스러워진 듯 <3<3,1개
9,lltn99,좋은강의 감사합니다! 소혜 넘나 예쁜것,1개
10,HWP,와우 이런 좋은 프로그램이! 김소혜+축구라니!,1개
11,홍예원,저게 무순 말이야...,0개
12,강민지,??,0개
