﻿,youtube_id,comment,like_num
0,박소윤,오!!!이런 컨텐츠 좋아요!!!(편집에 영혼을   갈아넣으셨군요..),16개
1,지승현,저렇게 물건 일일이 정리하는것도 너무 힘들겠다ㅠㅠ,12개
2,조영재,장비담당 황덕연씨 어디가셨나요,38개
3,YNLee,재밌어요ㅋㅋㅋ담주 기대되네요! 선수들이 대표팀 오면 뭘 먹는지🤔ㅋㅋㅋ,8개
4,손흥민,진짜 호랑이마크  적응안된다 ㅠㅠ,14개
5,JIHYESHIM,ㅋㅋㅋㅋㅋ 우리 탁피디님 맨날 볼때마다 조금 불은 황태현 선수같아욬ㅋㅋㅋㅋㅋㅋㅌㅋㅋ,11개
6,sihyeongjeong,황장비 어디있나요?,9개
7,박지환,진짜 얼룩말 입나요 ㅠㅜ,6개
8,박지숙,코로나 떄문에 다른것도 해주세요 이런 컨텐츠 너무 좋아요??,3개
9,suzinlee,"와 이런 비하인드스러운 컨텐츠 너무 좋아여ㅠㅠㅠ축구마려워쥬글뻔했는데ㅠㅠㅠㅠ가뭄의단비같다,,,,권창훈 선수 실착운동화 어찌하면 받을수있나요....❤️",2개
10,Soleil,국대에서 이런 콘텐츠를 😳 다음 화도 기대하겠습니다 ❤,7개
11,POLARISC,극한 직업 축협 PD ㅋㅋㅋㅋㅋㅋㅋ,3개
12,dtddtd,🤭🤭권창훈 선수님 실착화라니‼️‼️‼️ 다음주도 기대됩니당❤️,1개
13,최감독의축구생활,재밌게 잘봤습니다👍👍👍,2개
14,YJHong,11:27 ㅋㅋㅋㅋㅋㅋ,1개
15,김미란,"재밌어욬ㅋㅋㅋㅋ
이런 고생이 있었군요!! 💪",1개
16,shL,11:02 이거 반대로 해야되는거 아니여?,3개
17,Jihye신지혜,탁피디님 연예인 닮았어요!!!,2개
18,상희,진짜 고생하시네요ㅠㅠㅠㅠㅠ,0개
19,예능이,ㅋㅋ ㅋ 개재밌다,1개
20,융유융,진짜 너무 너무 축구 보고 시ㅠ어요 ㅠㅠㅠㅠ,0개
21,김다빈,헐 대박이다...,1개
22,공유빈,너무 재밌어요 ㅋㅋㅋㅋㅋㅋㅋ❤️💙,0개
23,왕십리설렁탕,물류창고 알바 하시는것 같아욬ㅋㅋㅋㅋ,0개
24,청설,ㅈㄴ 부럽다ㅠㅠ,0개
25,오인도,1:18 에데르송,0개
26,lalala,재밌다ㅋㅋㅋ,0개
27,민성,8:38 이거 상품정보좀 공기압 측정기,0개
28,깝치호2,이번 영상 재미있다.,1개
29,멍멍라리,A매치도 마렵지만 이 영상보고 앞으론 탁피디님 마려울 거 같슴다. 호잇 호잇 🖤,1개
30,김두한,혹시 알바 자리 없음? ㅋㅋㅋㅋㅋ,0개
31,mayh,너무 재미있게 봤습니다~ 우리 선수들도 고생 많이 하시지만 뒤에서 뒷바라지 하시는 스탭들의 모습도 궁금했는데 아주 좋았습니다~^^,0개
32,곽준성,황덕연씨도 촬영해주세요 ㅋㅋㅋ,0개
33,박성준,요즘 좋은 컨텐츠 만들어주셔서 감사합니다~ 축협👍 의무트레이너 편도 기대해도 될까요?,0개
34,슨쟈,새로운 장비 노출도 해주시고~ 재밌게 잘봤습니다 ㅎ,0개
35,혼자직관러,권창훈선수 실착받고싶어요~~⚽️,0개
36,순물결,영상만 봐도 힘들어 보입니다..대단,0개
37,부따TV,너무 좋네여 이런 컨텐츠 !!!,0개
38,박수연,헐 손흥민 그 키에 260 ㅠ쪼꼬매,6개
39,이또자,"재밌는 컨텐츠네요. 
심지어 시리즈 ㅋㅋㅋ
미디어팀 일 잘한다!!!",0개
40,규리,이런 컨텐츠도 좋네요! 재밌게 잘봤습니다,0개
41,AYeongGim,영상에서 워크맨의 냄새가 난다...,0개
42,오하다,헐 피디님 익숙한 목소리,1개
43,한동수,진짜 저런곳에서 일하고싶네요,0개
44,mingmay,와 이런거좋아요,1개
45,AdityaSaputra,2015 년 캐나다 여자 월드컵 및 일본 여자 월드컵 U-20에서 한국 대표팀 여자 경기를 프랑스에서 개최 된 모든 여자 월드컵 2019 경기와 함께 모두 업로드하십시오.,0개
46,JunePascha,영상 재미 있네요.,0개
47,gusal,오 아이디어 좋다 ㅋㅋㅋㅋㅋ,3개
48,InSungLee,"나도 저기서 알바라도 해보고싶다..
대표팀 트레이닝복도 지급되고 조쿠만",0개
49,손민서,저도 축협직원할래요.... 졸업하면 데려가주세요... 먼저데려갈수있는 특권을 드릴게요..ㅋㅋㅋㅋㅋㅋㅋㅋ,0개
50,구독누르면로또당첨,개 쩐다,0개
51,이광백,반납한 옷들은 어떻게 처리(?)되나요??,0개
52,거기젊은2,황덕연씨를 찾습니다,0개
53,hjc,덕연좌 마렵다,0개
54,민성,축구공 공기압 측정 도구 어디서 구할 수 있어요?? 저거랑 똑같은거 탐나네요,0개
55,YunguKang,마이크 음질 너무 안좋은데요 다른사람에 비해 말소리도 너무 커서 비율이 안맞고 듣기 불편합니다,0개
56,원미숙,코어밸런스 반대로하는거아닌가여?,0개
57,CoramDeo,축협 수장이신 정몽규 행님 사무실에서 어떤 일 하시는지 궁금해요 몽규행님 사무실 인터뷰좀 해주세요 팬들 질문 받아서 답변해주고 어떻게 근무하시는지 보여주세요  그래도 축협 수장인데 너무 거리감이 느껴져요,6개
58,김윤호,이 직업도 좋네,0개
59,DongjinHong,이러한 직업은 어떻게 ㅜ 지원 하거나 채용 정보를 알 수 있을까요?,0개
60,뇽이,!!!!!존잼!!!!!,0개
61,동민,저런분들이 있어야 팀이 돌아가는것 같다,0개
62,미치고프리한동빡이,덕연이형 어디갔어,0개
63,김현동,지원 스탭하려면 어떻게 해야하나요..??,0개
64,김혜숙,"나이키  의류만  1 만벌  이상!
대표팀  곳간  대공개!",0개
65,315김준하,근데 은근히 예쁜데요 트레이닝복이나 유니폼도,0개
66,jongkun,캐리어 따로 안팔아요?,0개
67,HousebuildGold,친선이나 예선 경기 같은거 좀 보고싶다.,0개
68,MinjaeKim,"장비실에서 일하는 것은 축협에서 직원 공고가 정기적으로 있나요?

어떻게 일할 수 있는지 알고싶습니다.",0개
69,afigane,커맨더지코 닮았다,0개
70,BobbyJJ,여기가 황근본이 일하던곳인가,0개
71,JosephLevitt,눈에 안 보이는 곳에서 정말 묵묵히 열심히 일해주시는 분들 많은 거 같네요. A대표팀 선수들 뿐 아니라 그들을 뒷바라지 해주고 챙겨주는 스태프분들 컨텐츠 정말 감사합니다!!,0개
72,YESWHAY,훈련소 보급창고느낌이넹,0개
73,마린보이,장비스태프가 되려면 어떻게 무슨과정을 거쳐야되나요??.,0개
74,조인하,"빨리 리그들도 가서 봤으면 좋겠다....
A매치도 직접 보러 가고 싶고..",1개
75,권재영,"덕연좌... 국대가 아니라서 모르겠지만.. u23 장비담당,,,,",1개
76,이희건,덕연이형 어디갔누 ㅠㅠ,0개
77,장한량,개 꿀보직들이네,1개
78,윤세현,축협디자인꼬라지봐라 중간에 또 빼쳐먹엇냐 ㄹㅇㅋㅋㅋ 팬들 의견반영이라도 하던가 ㅋㅋㅋㅋㅋ,0개
