﻿,youtube_id,comment,like_num
0,개좋아,"으죠는 갈수록 멋있어지네..¿¡
와중에 뒤에 고앵이 마크 시선강탈 ㅋㅋㅋㅋㅋ 아 호랭이 돌려줘요ㅋㅋㅋㅋㅋㅠㅠㅠ",7개
1,박재현,와 유니폼 입으니까 생각보다 이쁘네 저렇게 입고 경기 ㄷㄷ,6개
2,리더쏘,새유니폼 의조가 입으닌깐 적응벌써되네,3개
3,이경준,"와 의조형 새유니폼 진짜 잘어울린다....
화이티잉!!!!",7개
4,Benefit,황의조는 성남이지,3개
5,맛있는토마토,어 뭐야뭐야ㅠㅜㅠㅜㅠ 의조선수ㅠㅜㅠ 인캠 사랑해요ㅠㅜㅠㅜ,4개
6,김진철,김희곤 심판 저분 그분 아닌가 그 이승모 선수 머리 다쳤을때 대처 잘한 그분,8개
7,손민서,저도 의조선수와.... 영통할래요.........,3개
8,수민,새 유니폼 얼룩말무늬 같네ㅋㅋ 근데 저것도 은근 괜찮은듯?,3개
9,endend,테이블에?,1개
10,김윤호,이거 할까 말까 고민했는데 김희곤심판님도 좋아하고 최애선수 황의조 선수!!!,1개
11,박지성,의조 잘생겼음 더 멋있어지고 ㄷㄷ,0개
12,김소영,진짜루 텐션은 내가 제일 높을수 있는데...다음에 나 좀 뽑아줘요...,0개
13,작흡당수,유니폼은 처음 봤을때부터 괜찮다고 생각했는데 마크는 별로다,0개
14,박환,의조형 ㅠㅠ 한번 만나보고시퍼ㅠㅠ,1개
15,쏠랑쏠랑1227,탄천 종합운동장 지날때마다 형님 생각이 납니다 한국에 오시면 들러주세요,1개
16,김지원,"KFA Ontact 지원해서 합격했습니다!!ㅠㅠ 황의조 선수님, 김희곤 심판님과 같이 소통하고 질문할 수 있어서 제 진로에 더 다가갈 수 있는 계기가 되었다고 생각합니다🙂 청소년들에게 이런 기회가 더욱 많이 주어졌으면 하네요ㅎㅎ 다시 한 번 감사드립니다🙇‍♂️🙇‍♂️",3개
17,김이환,ㅇㅇ,0개
18,HKongJ,황의조 선수 담 시즌도 완전 기대돼요,0개
19,박재현,아 항의를 많이 해서 항의조임?,1개
20,박환,의조형 내 댓글을 본다면 춘천에 와줘여~♡♡♡ㅠㅠ,5개
