﻿,youtube_id,comment,like_num
0,왕눈이,드리블보다 편집 실력에 감탄하면서 봅니다 ㅋㅋㅋ,37개
1,ESBaek,영상 보니 더 A매치가 기다려 집니다. 이 멋진 드리블을 어서 볼 수 있는 날이 오길🙏,18개
2,왼발잡이,와...  로드리게스 son쓰면 안되잖아 너네 다빈son 있잖아 토트넘 라임에다가 와....  게다가 카트라이더에....  편집자님 엄지척,14개
3,taehwankwak,1:02 손흥민 속도...ㄷㄷ,16개
4,Tottenhamsonny,진짜 대주주 치달... 스피드 장난아니다...😲,4개
5,ManchesterUnited,왜 손흥민선수 칠레전 장면이없나했는데 칠레전은 2018년이였군요,18개
6,Charm참우정,"1:32 저 골대 바로 뒤에서 어찌나 소름돋던지,,, 진짜 넘나뤼 성공적인 A매치 데뷔인것 ㅠ.ㅠ 저 경기장에 있던 사람들 다 반함 🌹",7개
7,찬용,다빈손 빵터졋네ㅋㅋㅋ,12개
8,78JEY,편집ㅜㅠㅋㅋ쿠ㅠㅋ큐ㅠ 너무 웃겨 편집자님 월급 얼른 올려드리죠...?!👍,4개
9,겸Son한흥민이,Top3 볼리비아 전 직관 가서 봤었는데 저 때 스피드 진짜 티비로 보는 거랑 천지차이ㅎㅎ,19개
10,Sherlock,드립 ㄹㅇㅋㅋㅋ 다빈'손',2개
11,10KILee,편집자 월급 인상이 시급합니다.,3개
12,TYLERFROMSOUTH,손흥민 스페셜이었네ㅋㅋㅋㅋㅋ,1개
13,suzinlee,자막이 웃겨욬ㅋㅋㅋㅋㅋㅋㅋㅋㅋㅋㅋㅋㅋㅋㅋㅋㅋㅋㅋㅋㅋㅋ아 국대 경기 겁나 보고싶다......ㅠㅠ,1개
14,도미네이터,편집 ㅋㅋㅋㅋㅋㅋㅋㅋㅋㅋㅋㅋㅋㅋㅋㅋㅋ,2개
15,soccerjang,우와! 드리블 너무 잘하시잖아요!,2개
16,소리소리soridla,아닠 어떻게 다 손흥민이얔ㅋㅋㅋㅋㅋㅋ,1개
17,심TV,편집뭐야 ㅋㅋ잘알넽~ 한 일 전 보고싶다,2개
18,YeonYoo,백승호 ❤ 좋으면 좋아요,8개
19,김민성,카트라이더 뭐냐고ㅋㅋㄱ,2개
20,밀,1:53 펀쿨섹좌ㅋㅋㅋㅋㅋㅋㅋㅋㅋㅋ,1개
21,익명,1:35 확실히 중원 백승호는 오지긴 오진다 이강인 백승호 미들진 존버탄다 ㅈㄴ잘하네,2개
22,000,제목보고 권창훈 장면 생각하면서 들어왔는데 1위였네,1개
23,강비,편집ㅋㅋㅋㅋㅋㅋ,3개
24,창창,"1:01 손흥민 베일 드리블
1:32 백승호 좀비 드리블",1개
25,이지원,Son 다빈손 드립ㅋㅋㅋ편집자님 월급인상시급하네요,1개
26,응응,히히히,2개
27,최감독의축구생활,국대경기 너무너무 그리워요ㅠㅠㅠㅠ,1개
28,fiyukim,0:44 😆😂 i love him sm,10개
29,khj,빵훈이 큰 성장 해주길!,1개
30,오이그이,백승호 선수 데뷔전 크~죽이네요실력~~~,3개
31,이vxx,편집 사랑해,2개
32,조형우,썸넬 격렬한거봐ㅋㅋㅋㅋ,1개
33,박소윤,편집 미쳤냐곸ㅋㅋㅋㅋㅋㅋㅋㅋ,1개
34,세민SEMIN,대주주가 대주주했다...,2개
35,이지율,2002년으로 돌아가고싶드아!,1개
36,런던의주인,02:12 오 메시에요 하는순간 귀신같이 뺐기넼ㅋㅋㅋㅋㅋ,0개
37,히히히,편집 지린다 진짜,1개
38,김재성,1:02 이건 진짜 생중계로 본 사람들은 자신을 자랑스러워 할거임 소리 겁나 질렀음,7개
39,채넛Chaenut,편집 실홥니까? ㅋㅋㅋㅋㅋㅋㅋㅋ,1개
40,랑대,편집이,1개
41,이규리,권창훈 저 드리블로 입덕함 1위 너무 인정,1개
42,COYS,편집자 돈 많이 벌겠네,1개
43,yangnyumsutbull,조회수 뽑을려고 유행하는 밈 대충 다 때려박아서 오히려 노잼이에요,1개
44,헬린TV헬린이의예체능,ㅋㅋ편집자 커맨드 클라스ㅋㅋㅋ,0개
45,뇽이,"후,, 편집자님 복받으세ㅇㅕ 🧞‍♂️",0개
46,최진하,편집 도랏 ㅋㅋㅋㅋㅋ,1개
47,박주현,ㅋㅋㅋㅋ 편집 개웃기네 ㅋㅋㅋㅋㅋ,0개
48,웅S,깡이 또...,1개
49,박경민,우리 쏘니 칠레전은 어디...?,2개
50,미치고프리한동빡이,0:29 ㅁㅊㅋㅋㅋㅋ,0개
51,미치고프리한동빡이,1:42 호랑나비드리블 지렸다,0개
52,서지함,첫번째 진짜 잘 재꼈는데 백패스준게 너무 아쉬웠음.,0개
53,JIHYESHIM,인👌정👌따👌리👌인👌정👌따🤝☀️🌈🌀🌀~🎶🎵아~인~정~합~니~다~🎶🎵📌📌~,0개
54,난쟁이가쏟아올린작은공인인증서,베일과 위화감 제로래 ㅋㅋㅋㅋㅋㅋㅋㅋㅋㅋㅋㅋㅋ,0개
55,서대삼,1:51 펀쿨섹,0개
56,김말순,진짜 멋있다ㄷㄷ,0개
57,RLDK,순위 누가 정함?ㅋㅋㅋㅋㅋ,0개
58,이주환,"백승호 나중에 바르사 복귀 가자ㄱㄱ 
ㅋㅋ",0개
59,jwhcdjc,칠레전도 있었으면 좋았을텐데 아쉽다ㅜㅜ,0개
60,심심풀이땅콩,너네두 이짜나 다빈손 ㅋㅋㅋㅋㅋㅋㅋㅋㅋㅋㅋㅋㅋ 와... 제대로 빵터졌네 ㅋㅋ,0개
61,HighZero,안냐세여 크파 유튜버님!!!,0개
62,이지윤,저기요!!! 편집 너무 열심히 하신거 아닙니까!!,0개
63,도토리키재기,이강인 선수 스리랑카전도 멋있던데,0개
64,지훈,칠레 전이2018년 인가?,2개
65,베이사랑,ㄷㄷ,1개
66,박종빈,손흥민 볼리비아전에서 단독 드리블 X2,0개
67,WonbumKang,흥민 형 칠레전이었나 그 팬텀 드리블은 어디 갔지...,1개
68,박현수,손흥민 콜롬비아 나오자마자 나는 태클 피하고 알 넣는 거 기대했는데 ;;,0개
69,KimOhgn,관리자 그냥 탈압박이 뭔지 모르는듯...,0개
70,이더유,하나같이 메이드가 안되노 ㅋㅋ,0개
71,kwanghee,콜롬비아전 손흥민이 비달 태클피한거? 있었으면 좋았겠는데,1개
72,그이상상상,0:12,1개
73,ZxNnnn,기성용 콜롬비아전 탈압박나올줄,0개
74,이대현,볼리바아전 저거 넣으면 레전드인데,0개
75,모배,3개가손흥민임,0개
76,김현동,A매치 마렵다....,0개
77,니낭,근데 손흥민 치달할때 끝까지 따라가서 막은 애도 ㅈㄴ빠름;;;,0개
78,AdityaSaputra,2015 년 캐나다 여자 월드컵 및 일본 여자 월드컵 U-20에서 한국 대표팀 여자 경기를 프랑스에서 개최 된 모든 여자 월드컵 2019 경기와 함께 모두 업로드하십시오. 🙏🌹,0개
79,진진,3번지린다,0개
80,김민수,"편집실력무엇
?",0개
81,asdfasdf,편집 오글거려서 못 보겠네,0개
82,충미믹,뭐 별거 없는데..,0개
83,정재빈,저는 개인적으로 3위가마음에들어요,0개
84,깝치호2,역시 한국의 힘이다!,0개
85,GutiHaz,크 빵훈이 다시 날라가자 .. 부상만 아니면 ㅜ,0개
86,asdd,사실상 편집자 자기PR하려고 만들었다는게 정계의 학설,0개
87,안킹갓승현TV,굿,0개
88,삽살개,와 근데 저런좋은장면 마무리가 다안되네.. 마무리까지되면 쌉멋있는데,0개
89,이흥재,손흥민 칠레전있어야 되는데 태클 피하고 뒤꿈치로 알 개간지데,1개
90,이순곤,근데 마무리가 쫌 그러네,0개
91,세스코,온갖 잡다한 요소 다 넣어서 편집하니까 영상 자체가  천박해보인다 ㅋㅋ,1개
92,k레타,공은 못다뤄도 빠르긴ㅈㄴ빠르다,0개
93,PHh,첫번째 손흥민 축구 잘하는 축구가 아님. 아니 힘들게 제쳐 놓고 다시 제자리로와서 백패스 할거면 뭐하러 그렇게 함 월클들 그런 플레이 안함,0개
94,COYS,앵클 브레이커란 말을 왜 쓰냐,0개
95,Dioree,드리블 잘하면 뭐하나 마지막에 다 못줘서. 잘한 과정 다 망가뜨리네.. 좀만 양보하지,0개
96,DiaryRed,손흥민이 아쉬운 이유:드리볼을 하면 성공하지만 드리볼로 끝 ㅠㅠ 피니셔 상황까지 가면 좋겠음 ㅠ 날씹두를 보든 베일을 보든 사네 마네를 보든 지가 만들고 마무리까지 하는데 손흥민은 드리볼을 성공하던가 골을 넣던가 둘 중 하나함. 둘이 같이 하면 월클임,0개
97,후디라이언,벤또 경질 안하냐,0개
98,바실,탈압박이나 드리블은 하겠지 근데 박지성처럼 드리블 치다가 타이밍 맞춰서 패스 주거나 역습 상황 흐름을 안끊는것이 월클이고 잘하는거다,0개
99,vbarcav,"손흥민 드리블 특징: 끝에서 항상 뺏김... (즉, 영양가가 없음)

우리나라에는 메시나 이니에스타 같이 깔끔하게 드리블하거나 탈압박 할수 있는 선수들이 없을까요ㅠㅠ",1개
100,양발잡이,하나 같이 우당탕탕 아다리 탈압박에다가 마무리가 구데기 ㅋㅋㅋㅋㅋㅋㅋㅋ 편집자 손뽕식 자막이 살렸다,0개
101,흰곰,결론 손흥민의 탈압박은 영양가가 없다,0개
