﻿,youtube_id,comment,like_num
0,HKongJ,꾸민거 너무 티나면 안설레요 남친룩의 정석 황의조 승!!!,17개
1,정인희,울 의조님이 너무 짱이야,4개
2,어덕축덕행덕,"이동준, 강현묵, 이재익, 이지솔, 이규혁, 백승호선수요ㅠㅠㅜㅠ제발료ㅠㅠㅠㅠ",10개
3,JIHYESHIM,다음은 이상민 여민지 정승현 김태현 선수군요?😉,7개
4,유림정,진짜 선수님들 부족한게 뭐예요 진짜ㅜㅜ,2개
5,ESBaek,솔직히 브금으로 사용한 희찬선수 패션 봅시다🤣🤣🤣🤣🤣,4개
6,JIHYESHIM,벌써 재밌다 재밌어 ㄴㅋㅋㅋㅋㅋㅋ 브금 히차니 ㅋㅋㅋㅋㅋㅋㅋㅋㅋㅋㅋㅋㅋ,2개
7,r,손흥민ㅜㅜ,2개
8,jasminekim,주주 김진슈 패션 😎 단색컬러의 옷은 뭐든 잘 어울린댜!!!💚,2개
9,지원,브금으로 희찬선수 노래ㅋㅋㅋㅋㅋ,1개
10,ckdkal,백승호 정우영 (u-20) 해주세요ㅠㅜ,1개
11,전보라borahjeon,조규성 선수 남친룩에 정석🖤,1개
12,하네,언제나 흰티를 챙겨 입는 이청용 선수요!!!😆😆,1개
13,이주윤,ㅋㅋㅋㅋㅋㅋㅋㅋㅋㅋㅋㅋㅋㅋㅋㅋㅋㅋㅋㅋㅋㅋㅋㅋㅋㅋㅋㅋㅋㅋㅋㅋㅋㅋㅋㅋㅋㅋㅋㅋㅋㅋㅋㅋㅋㅋㅋㅋㅋㅋㅋㅋ악브금ㅋㅋㅋㅋㅋㅋㅋㅋㅋㅋㅋㅋㅋㅋㅋㅋㅋㅋㅋㅋㅋㅋㅋ챠니보잌ㅋㅋㅋㅋㅋㅋㅋㅋ,0개
14,양지수,이재익 선수🥰,0개
15,주니어여어붕,영쥬우~ ㅋㅋㅋㅋㅋㅋ,0개
16,손민서,강인선수의 어른스러운 사복패션도 보여주세요!ㅋㅋㅋㅋㅋㅋㅋ,0개
17,다솔,쏘니 손흥민선수!!!!!사복패션 너무 이뻐요!!!!!😝❤,7개
18,하윤정,손흥민이 짱이야,1개
19,COYS,목소리 ㅋㅋ,0개
20,jasminekim,"'인사이드캠 채널'은 지금 kfatv_live로 바뀌었던데, 인캠관련영상은 다시 여기채널에 올라오나요??(((지금 올리신 이런영상도요...))🤔🤔",1개
21,부들부들,세종스포츠토토 오연희선수요!!,0개
22,서현수,정승원?,0개
23,조개,1빠,0개
24,쏘니예지YEJI,흥민선수님 진쨔 인스타 업데이트좀요 😭 💙 ㅋㅋㅋㅋㅋㅋㅋㅋㅋㅋㅋㅋㅋ,8개
25,규리,전가을 선수님 넘 멋지셔..,0개
26,상엽,아쉽게 영상에는 없지만 무조건 김민재 선수죠~~~,3개
27,박연정,"2:16 #캡틴쏜 💙
1위는 sonny 손흥민 선수👍",15개
28,닉넴뭐로할깎,갠적으론 김승규선수가 삽레전드 제너럴급으로 잘입으신다고 생각해요🇰🇷🇰🇷,0개
29,Jooon,당연히 우리 캡틴 쏜선수님이 사복패션1위죠 !! 😆🤍,8개
30,도넛츠TV,손흥민!,3개
31,pencurihati,Eng sub please,1개
32,깝치호2,나이스 손흥민이다!!!!!!!처음엔,5개
33,개희,나레이션이..왜이러지,6개
34,Tottenhamsonny,내맘속 1위는 당연히 손흥민이지~~❤❤❤,6개
35,,1위는 당연히 sonyyyy~~~~💙💙,13개
36,나현SONNA,진짜 축구선수가 이렇게 옷을 잘 입어도 되는건가용.. 누가보면 모델인 줄 알겠써요..쏘니 체고❤️❤️,9개
37,주공,손흥민 치고다치고 !! 💙💙💙💙💙,6개
38,김지원,황의조 선수 패션 너무 좋아해요......,7개
39,김예우,황의조!!,8개
40,이호준,"각자 자기만의 스타일이 있긴한데 개인적으론 흥민이행님이 키도크기도하고...
PL선수들도 인정하는데",4개
41,최최태식,우리흥 손흥민,4개
42,서재이,우리흥! 캡틴흥! 훈련소에서도 에이스였던 흥민선수!😍😍,8개
43,진이건듀,진짜 패션하면 손흥민은 빼놓을수 없어요😭,11개
44,mik,의조 꾸안꾸의 정석이야.. 설레버려♥️,6개
45,vuisvearldi,"손흥민은 트렌드를 진짜 잘 따라감
이번에 강연갔을때 룩이 아미 반팔티 입고 갔는데 예쁘더라",1개
46,왕땃뜻,쏘니,6개
47,Joy,조규성 ღ'ᴗ'ღ,0개
