﻿,youtube_id,comment,like_num
0,zionooo,소혜가 입으니까 저 유니폼이 엄청 이뻐보이네,35개
1,케일남케이리그읽어주는남자,누나가 왜 여기서 나와..?💕펭디 너무 이쁘고,22개
2,김민수,소혜 국대 유니폼 너무 잘 어울린다 ~~,19개
3,캬쿄큐,KFA와 소혜 조합이라니!!!!!!!!!!!!!!!!!!!!,19개
4,시크릿,국대 유니폼 이쁘네 소혜도 귀엽고 ㅋ잘 어울리네,17개
5,내이모친구아이린임,소혜누나 사랑해💗,16개
6,용열이,펭디가 나왔다9?,16개
7,SSKim,소혜보고 들어왔다가  교수님 바이러스 이야기에 푹 빠지고가네요,12개
8,DyuhookhDIDHJIIF,이제보니까 나이키가 옷 잘만들었네 ㅋㅋ,16개
9,호이호이갓,소혜 너무 좋다~바이러스 이야기도 유익하네요~ㅋㅋ,12개
10,세돌이형,소혜 너무 귀엽당,15개
11,ArchipelagoGulag,소혜 유니폼 예쁘다,11개
12,chanchan,우리혜 똑똑해서 이런프로에 많이 나오네❤❤,7개
13,황세진,소혜팬이에요,13개
14,kleerock77,펭립습니다 ㅠㅠ  다시 배텐복귀각 잡아요,11개
15,펭귄족장소혜의영원한팬,소혜누나 너무 이쁘다,10개
16,김한빈,소혜님이 입으면 뭔들 안예쁘겠어,9개
17,아나이구,소혜 이쁘네~,8개
18,우리형세징야,저 유니폼이 왜이렇게 예쁘지?,10개
19,개소리근육,"모델차인가 유니폼 왤캐 이쁘지??
여축국대에 잘어울릴듯",7개
20,AdamHue,Lovely Sohye~,5개
21,아이유김치찌개,역대 가장 이쁜 유니폼 같다 평소에 입고다녀도 될만큼 일상복과 레플 괴리를 많이 줄였다,7개
22,Give어제먹은음식,유니폼이 이렇게 예쁜거였다니.. 족장님 사랑합니다,5개
23,갓동화,사랑해요😍❤😍,7개
24,윤디,요즘 협회 일하네ㄷㄷ 그리고 유니폼은 이렇게 보니깐 역대급이네 ㅋㅋㅋㅋㅋㅋ,6개
25,SssM,"아이오아이 김소혜, 배우 김소혜, 축구 마니아 김소혜 ㅎㅎ",4개
26,홍예원,소혜 님 보러 오신분?,7개
27,요케,🐧🐧😚,7개
28,PlaygroundKitchen,공익돌 소혜 새유니폼 잘 어울리는 거 보소,5개
29,김지현,와 최재천교수님 ㅜㅜㅜㅜㅜㅜㅜㅜㅜㅜㅜㅜㅜㅜ,7개
30,청상청하,이제보니 유니폼이 좋네?,5개
31,루나9남,수원삼성블루윙즈,2개
32,wildanNovalBaiz,"FIFA FRENDLY MATCH KOREA 2021
🇰🇷 Host
🇺🇦

🇦🇷 Host
🇰🇷 

🇰🇷 Host
🇬🇭",2개
33,anikag,소혜 언니 에뻐요,4개
34,yidingchenggong,오 유니폼 예쁘네 소혜가 입어서 그런가>.< 교수님도 축덕이시군요💚,2개
35,KellyH,최재천 교수님이 축구 마니아셨군요. 우왕 새삼 반갑네요. ㅎ,2개
36,SsSs,예쁘구만,4개
37,SYeom,두분댜 매력적이세요 ㅎㅎㅎ,2개
38,쏠랑쏠랑1227,대한사람 대한으로 우리나라 만세,2개
39,딜리버리튜브,오 최재천 교수님이시다.....,1개
40,paraAna,오~~ 담시간이 언제임?? 쉽고 잼있다 ㅎㅎ,1개
41,대리님,너무 이글이글 타오르는 인터뷰어다 소혜루!,1개
42,09,빛소혜,2개
43,NeyrahKim,Kim sohye 😍,3개
44,HWP,대박..너무좋아,0개
45,NerdNobita,sohye,6개
46,hojeong,김소혜 양 연기 좀 하세요.  연기 깜직해요.,3개
