﻿,youtube_id,comment,like_num
0,신수진,오오오오!!!직관 간 경기!!!!!!!!😝😝😝😝,3개
1,Fryderykchopin,1:07:16 황 의 조 골,2개
2,이주윤,승호선수 A매치 첫 선발출전날✨ 이날 직관가서 행복했던날🥺🥺💓,1개
3,김민지,이때 현장에 없었던 게 너무 아쉽다..,3개
4,Fryderykchopin,"2005 1012 2-0 승리 아드보카트데뷔전
2006 0911 1-1 무승부 베어백 데뷔전
2009 0618 1-1 무승부 허정무
2013 0618 1-0 패배  최강희
2017 0831 0-0 무승부 신태용
2019 0611 1-1 무승부 벤투 

홈경기 기준",3개
5,정원정워너,.....나가서 친구랑 축구하고 싶다,1개
6,wildanNovalBaiz,"FRENDLY MATCH 2019
ISLAMIC OF IRAN 2
SOUTH KOREA H 2",0개
7,후플푸핫후,"이 경기 처음으로 직관 한 경기였는데ㅠㅠ 그때의 그 기분을 잊을 수가 없어요!! 제 인생 살면서 가장 행복했던 순간이었어요. 처음 경기장을 본 순간부터 태극기 아래에서 손 흔들때! 아쉬움 뒤로하고 경기장 나갈 때까지 심장이 쿵쾅쿵쾅 뛰었어요..! 특히 이란 반칙에 다들 함성지르니까 손흥민의 손짓했을때! 그때 데시벨 최고치 올라가면서 기분 최고였는데..ㅠㅠ 그 기분 만끽하려 원정경기 올해도 꼭꼭 보러가야겠다고 다짐했었거든요. 비록, 지금은 상황상 보지 못하지만. 저는 그때의 그 두근거리던 순간의 행복한 기억으로 하루하루를 살아가고 있습니다!😢😢 하루빨리 코로나 종식되어, 축구경기를 보러가는 날이 오면 좋겠습니다ㅠㅠ",5개
8,신승빈,손흥민힐패스질러다,0개
9,깝치호2,그래도 대한민국 선수들 자랑스럽습니다.,0개
