﻿,youtube_id,comment,like_num
0,ShieunPark,"가격정보 남기고 갑니다!! 
1:02
샤넬 CHANEL
뼁소 아이섀도우 블렌딩 브러시
Les Pinceaux Eyeshadow Blending Brush
₩61,000

2:17
메이크업포에버 MAKE UP FOR EVER
144번 프리시젼 하이라이터 브러시
No.144 Precision Highlighter Brush
$37(₩45,000~₩51,000)

+ 추가 추천 3:20
메이크업포에버 MAKE UP FOR EVER
142번 플랫 하이라이터 브러시
No.142 Flat Highlighter Brush
$37 (₩51,000 얘는 사이트에 원으로도 기재됨)

3:57
메이크업포에버 MAKE UP FOR EVER
204번 듀얼 립톡 브러쉬
No.204 Double-ended Shader & Smudger Brush 
$25 (₩30,000~₩34,000)

4:51
정샘물 JUNGSAEMMOOL
아티스트 브러쉬 아이섀도우 포인트
Artist Brush Eye Shadow Point
₩14,000

6:06
화홍M Hwahong M
255번 아이라이너 브러시
No.255 Eyeliner Brush
₩8,000

6:14 
화홍 No. 258
₩9,000

+$로 가격 표시한 제품들은 온라인으로 검색해 봤을 때 세포라에서 판매하지 않는 제품이라 (제 추측상) 해외직구사이트 같은 곳에서만 구매하실 수 있는 것 같아서 미국 메이크업 포에버 사이트 기준으로 기재했습니다. 원으로도 표시했으니 화내지 마세용..😭",674개
1,내사전에탈덕은없다,"0:27 오해의 소지가 있는 단어는 바꿔서 자막다시는 갓편집자님

물론 우리 사배님이 최고지만 ㅠㅠ 갓사배 연기도 잘한다구요",302개
2,BeautyOneTV,어떻게 브러시 설명을 이렇게까지 잘하실 수 있죠? 사배님은 정말 메이크업계의 설민석.. 아니 설민석이 교육계의 이사배인건가?! 오늘도 좋은 정보 감사합니당!,324개
3,배단비,언니 이번에 사랑의불시착 '서단'님 화장법 영상올려주세요ㅠㅠㅠㅠ 따라하고싶은데 영상같은게 없네요ㅠㅠㅠㅠㅠ 부탁드려오오,72개
4,정서현,역시 뷰티계의 EBS인 ESB~~~,80개
5,빠다코코넛,3:59 사진 잘못 들어간거 같애욤 ㅠㅠ 브러쉬 추천 감사합니다 ❤️,52개
6,hI,"언니.. 꾸셀브러쉬 샀는데 꾸셀은 떠나간건가욤,,😢",92개
7,팥호박,"가격도 같이 올려주시면 좋을거같아요 
영상항상 너무 잘 보고 있숩니당🥰😍",42개
8,유영주,언니 이번메이크업 넘 이뻐요~ 가능하면 튜토리얼로 보고싶어요~,49개
9,여자오,언니 오늘 화장 박제다,21개
10,satur,오늘 메이크업 왜 이렇게 예뻐요ㅠㅠ💕,9개
11,유애,"아 웃을 때 세상 호탕ㅋㅋㅋㅋㅋㅋㅋㅋㅋㅋㅋㅋㅋㅋㅋㅋㅋㅋㅋㅋㅋㅋㅋㅋㅋㅋㅋ 그럼 전 브러쉬 사러 ,,,,",7개
12,bori,"눈두덩이에 바르신 글리터 뭘까요,,?!
오늘 메이크업 너무 이뻐욧🌷",23개
13,zb,메이크업 너무 예뻐용 ㅠㅠㅠ 튜토리얼 플릐즈으으으,16개
14,아현이,이분보면 자꾸 거만메이크업 생각나서 넘 웃곀ㅋㅋㅋㅋㅋ,12개
15,모짜,저의 최애 브러쉬는  친절한브러씨와 이사백브러쉬지용!!😚😍,17개
16,사연라디오인생사연,브러시 장비욕이 생기는균✍,14개
17,김수빈,언니가 찍어주는 브러쉬 영상이 제일 좋아요 ㅠㅠ파운데이션 브러쉬 best3도 해주십쇼🤍🤍,3개
18,쮸리,나는 100초 셀때 5개를 설명한다고 해서 첫브러시때 왜이렇게 시간을 많이쓰지...?했나...?,2개
19,눈썹그뉵,아 잠만 2건 4야해래ㅋㅋㅋㅋㅋㅋ100초 넘나 커엽... 이사백❤️❤️,5개
20,맴밈,3:13 난리부르르 장꾸사배ㅋㅋㅋㅋㅋㅋㅋㅋㅋㅋㅋㅋㅋㅋ,2개
21,솜사탕좋아해,헐언니 포니테일?머리 오랜만이네여ㅜㅜ진짜이뿌시다♡♡,10개
22,무무,귀걸이!!귀걸이 정보가 필요하오ㅠㅠㅠ취저,2개
23,김현지,ㅋㅋㅋㅋㅋㅋㅋㅋㅋㅋ아니ㅋㅋㅋ 언니ㅠㅠㅠ 브러쉬 하나씩 리뷰 끝낼 때마다 앟하하ㅏㅏ하 웃는거 진짜 귀여워요ㅜ,1개
24,JuliaK,7:50 메롱 메롱 메롱ㅋㅋㅋㅋㅋㅋㅋㅋ,19개
25,머륭,누나 오늘 먼가 상승세 메이크업이 떠오르네욬ㅋㅋㅋㅋㅋㅋ 오늘도 브러쉬사러 통장 잔고를 확인합니다..ㅎㅎ,2개
26,보곱뽀뀨,저 진짜 브러쉬 안그래도 사야했는데ㅠㅠㅠ 진짜 요약해서 핵심도 잘 설명해주시고ㅠㅠㅠㅠ 그리고 너무 이뻐요ㅠㅠㅠㅠ,1개
27,훈지소시지,헐 완전 고화질 무엇...? 고화질이라 더 좋아요!,6개
28,눈썹그뉵,언니 포니테일 정맬루 너무 이쁘다아😭😭,2개
29,엽공주,브러쉬 소개도 좋았지만 사배님의 웃음소리 ㅋㅋㅋㅋ ㅋㅋ너무나 좋아요~그리고 보너스로 노래까지~~와우 감사합니다~~이번영상도 최고 최고!,1개
30,u,영상에서 하신 메이크업 너무 예뻐요~ 메컵 영상 하는거 나중에 올려주세요..!♥️,2개
31,아리아나,우리 사배님 항상 사랑해요 최애뷰티유튜버임,2개
32,살인녀,순간 딴사람인줄 ㅋㅋㅋㅋ 잘보고가여 ㅋㅋ 참고도 하고용 ㅋㅋ,2개
33,새콤이,헐 언니ㅠㅠ 저 지금 브러시 찾고 있었는데  이런게 운명인걸까요🙊🙊,12개
34,진희,"헉 이런 브러쉬 추천 영상 너무 기다렸어요❤❤
오늘도 잘 보고 갑니당ㅎㅎ",2개
35,김지원,"오늘 메이크업 엄청 예뻐요,, 영상 올려주세요!!",2개
36,JOHSEFIN,"브이하는 모습 너무 큐티해요ㅠㅠㅠㅠㅠ
사배님 브러쉬 관련 영상은 항상 옳습니다..🥰

+++그리고 다음번에는 사배님이 추천하시는 섀도우팔레트 몇가지 리뷰해주세요오💗",1개
37,RinaC리나씨,저는 사배님 영상 챙겨 보면서 피카소 브러시의 세계에 빠졌는데 이번에는 메포 한번 가야겠네요 !! ㅋㅋㅋ,1개
38,heejinshin,보물팀 너무 좋아요 >♡< 왜 사배님이 계속 보물~보물~하는지 알것같아요ㅋㅋㅋ 깨발랄한 기획들 넘 죠씀미다! 열일해주세요 ><,2개
39,summerJ,아 귀여워 ㅋㅋㅋ🤣,0개
40,yoonjeongJeong,"오늘도 영상 너무 좋아요,,,, 깡으로 버텨라!!!도 한번 들여다봐주세여ㅠㅠㅠㅠ❤️❤️❤️ 항상 좋은 영상 감사합니다!!! 깡버 존버!!!",4개
41,경지니,쿠션 추천 영상 보고싶어요!! 언니는 보통 파운데이션을 많이 쓰시는 거 같은데 쿠션 추천도 받고 싶어요ㅜㅜㅜㅜ,1개
42,별꽃제이,징짜 설명 너무 깰꼼! ㅋㅋ,0개
43,IreneKim,오늘 메이크업 너무 이뻐용 ㅠㅠ 영상 올려주세용,1개
44,YDJKHCE,ㅋㅋㅋ마지막에 준일님 노래를ㅋㅋ귀여우셔,0개
45,훈지소시지,짬빠가 있는데 사배님한테 100초 리뷰는 쉽죠! ㅋㅋㅋ,2개
46,어제오늘내일,"자 이제 살 품목은 정해졌어, 오늘 부터 열일이다!! ; ㅅ ;",1개
47,니나닌,브러쉬 소개영상인데 메이크업이 너무 예뻐서 자꾸 메이크업에 눈이가요 💕💕 튜토리얼 해주세요옹~~~!! 😢😢,0개
48,원이,블라우스 정보 알고싶어요♥,3개
49,달코미네놀이터,"위에 블라우스? 어디껀가용??ㅎㅎ 
사배님 여전히 너무 이뽀욧😍😘",2개
50,장군맘,ㅋㅋㅋㅋㅋ증말 러블리😘,1개
51,민min,언니ㅠㅠ 너무 예뻐요😍 헤어 잔머리 어떻게 하면 저리 이쁘나요??ㅠㅠ,0개
52,HQz,이런 영상 넘흐 조아요❤️❤️,2개
53,엽서,사배님 오늘 ㅇ왜케 제스타일이셔요.. 완전 우아하셔......,0개
54,미셸TVMICHELLETV,오 샤넬 브러쉬 강력추천하시니 써보고싶어졌어용😁,1개
55,Ohsen,이 영상 메이크업 영상 업뎃해주세요~~너무 맘에 들어요^^,0개
56,3104김아형,"ㄴ메이쿠업 너무 마이스타일.,❤️",1개
57,오랜만잉구방구,"언니 오늘 메이크업 너무 예뻐요 진짜 
사용하신 제품들 너무 궁금한데 정보나
오늘 메이크업 영상 올려주시면 안될까용🥺💗
특히 블러셔 너무너무 고급지고 색감이 예뻐요ㅠㅠㅠ궁금해요ㅠㅠㅠ플리즈ㅠㅠ",1개
58,케일리Kailey미국유학일상,하 언니 올빽 머리도 쏘뿌리티ㅠㅠ,1개
59,고양이최고야,언니 ㅠㅜ안그래도 머니 생겨서 브러시 사려고 물색중이였는데 어쩜 이렇게 타이밍 쩔어? 평생가자 펄풱트 Girl 사배 리❤🧡💛💚💙💜💗🖤,1개
60,콩자반,오늘 화장 ㅜㅠㅠ 궁금해요 너무 이뻐요 🧡,0개
61,이은비,이 영상 너무 죠아효~!!!!,2개
62,하야니,"메포브러시 204, 화홍 255 258브러시
사배님 영상 감사합니다.",1개
63,녹챠,브러쉬 영상이라니!! >_< 사배언니 혹시 이번 영상에서 착용하신 렌즈는 뭔지 알려주실 수 없을까요?! 🙏,1개
64,임지은,언니 정말 미쳣어요?! 마침 진짜 필요한 브러쉬만 알려주ㅜ서 지금 인터넷으로 사러가는중이에요,0개
65,여행가는모도리TravelerModori,처음에 100초 컷 하신다길래 모든 브러시를 100초 안에 하신다는 줄 ㅋㅋㅋㅋ,1개
66,김수진,"크 옙버용 ,,😟",0개
67,HaejuYang,진짜 설명 미쳤어요 ㅠㅠ 대다나다,0개
68,진금화,마스크 메이크업도 올려주세요ㅠㅠ,0개
69,김성희,언니 세번째 메이크업포에버 브러쉬 사진이 잘못 되어있어요ㅠㅠ,0개
70,네임마이,이 영상에서 바른 블러셔 넘 예뻐요! 알 수 있을까요? :),0개
71,배고프다,언니 파우더 브러쉬랑 컨투어링 브러쉬랑 같⍤⃝𓂭 써도 상관없나용?̊̈?̊̈?,0개
72,훈지소시지,브러쉬 추천 기다리고 있었는데 잘 알고가용~,1개
73,세계평화,일단 댓글ㅎㅎ,0개
74,dicha으농농,캬 역시 갓사배애ㅐ 브러쉬 후기가 이렇게 요약 잘되어 있을 수가💘,1개
75,맞말,와 사배님 영상 보고 있었는데 대박 오늘도 리즈 갱신,0개
76,제니JENNIE,100초 리뷰 성공!~ 다음번엔 50초 리뷰 도전하셔도 될꺼같아요~ ㅎㅎ 짧은시간동안 귀에 속속들어오는 최애브러시 추천!~ 강추입니다!~~~,0개
77,ChloesChannel,"정말, 필요한 것들은 꼭 꼭 집어서 이야기해주시네요!!
화장, 장비빨인가요?!!! 저도...😊 잘 할 수 있나요?!ㅎㅎㅎㅎ",0개
78,김유나,언니 다음에 한번 추천하는 하이라이터 영상  업로드 해주시면 감사하겠습니다!!,0개
79,NOKI노끼,와 오늘 메이크업 너무 예뻐요,1개
80,김효정,오늘 메이크업 너무 예쁜데 영상 만들어주심 안될까요?,1개
81,o노랑이o,포니테일이 저렇게 잘 어울린다니 ㄷㄷ,0개
82,jiwonchoi,듀얼 립톡 브러쉬 이미지가 사배님이 보여준 브러쉬랑 너무 다른것 같은데요??,0개
83,챈쓰,가성비 갑 브러쉬 영상에서 추천해 준 화홍이랑 정샘물 브러시도 잘 썼는데!!! 영상 재밌었어요 50초 리뷰로 가자요! 너무 잘해요,0개
84,서울사람,근뎅 상세하게 보여주지않아서 ㅜㅜ 좀 그르네요 근데 잘뵜어용!,0개
85,KS,요즘 브러쉬 고민 많이 하는 중이였는데ㅠㅠ 이사배님 덕분에 많이 알고갑니다! 혹시 최애 퍼프는 없으신가용?? 혹시 되신다면 다음번에는 퍼프모음도 부탁드립니당:),0개
86,애옹애옹,사배님 영상을 보러 들어오는 길에 만난 사배님 광고... 예쁜 사배 다음 또 예쁜 사배... 윙크하는 검정 옷 사배님 다음 브러쉬 추천해주는 흰 옷 사배... love...,0개
87,MiaPark,"대박이네요~~👍👍
오늘 한 메이크업 도 알려주세요~~~ 너무너무 이뻐요~~😍",0개
88,doeunkim,언니 렌즈뭐에여~~~~~알려줘여~~,0개
89,NH,이분 브러시 발음너무 중독.. 브럿씌라고 하셔서 먼가 찰져,0개
90,새리,이번 영상이 상대적으로 짧은 느낌이 들어 왜그런가 했네요ㅋㅋㅋㅋㅋㅋ 세상 깔끔한 설명 👍👍,0개
91,Dayoung,"언니,,, 마스카라 광고 찍으셨을 때 립 뭐 쓰셨는지 너무 궁금해서 잠이 안와요.....",6개
92,라맨TV쫄,이 영상 메이크업 어떻게 하신건지 궁금하다,0개
93,챈쓰,뭔가 오늘 영상 귀엽다 이따 퇴근하고 더 꼼꼼히 봐야지,0개
94,이름정하기어렵다,언니 요즘 누디한?메이크업 많이 하는거 같아요!,0개
95,jiapeiliu,we need a tutorial of this look!!!!!!,0개
96,도마뱀뒷다리,으아...정말 제가 필요한 정보들만 말해주시는 사배님...존경함니당❤,0개
97,콘,언니이 이 메이크업 알려주세요🙏🏻🙏🏻제발제발🙏🏻❤️💕,1개
98,심심,언니!나혼자 산다에서 나온 머리 예쁘고 높게 묵는법 알려주세요!,0개
99,안서연,이화장 꼭 올려주실꺼죠....?그럴꺼라 믿어요😭,0개
100,AMELIEe,화홍 258 컨실러브러쉬 255 더 세밀한컨실러,0개
101,Jsj,언니처럼 잘 꾸미고 당당해보이는 여자가 되고 싶어요!! 유용한 정보 고마워용ㅎㅎ💕💕,0개
102,yongsookkim,"브러쉬 필요했는데
영상보고 사기로 결정했네요 ㅎ
정보 넘 감사합니다💕",0개
103,수정이,사베님 목에 튀어나온게 다른사람보다 유독 더 튀어나온거같은데 마르셔서 그런건가요?,0개
104,white,사배님... 저 사배님 영상 저녁에 볼 때마다 목소리가 너무 나긋나긋해서 평상시 잘 못자는데 보다가 꿀잠 자게 되요... 미아내요...... 그래서 아침에 다시 한번 봐요.......ㅜㅎㅎㅎㅎ♥ 스릉흡느드♥,0개
105,감자,ㅋㅋ대단한 누나얌,0개
106,강,언니 진한 쉐딩용 브러쉬는 어떤게 좋을까요? 옛날 영상 중 스컬프팅브러쉬 사려고했는데 어디에서도 안팔고 다른 쉐딩용 브러쉬는 다 연한게 발색되는거라 찾기 어려워요 ㅜㅜ,1개
107,효팝나무운동하는대학생,여자친구에게 선물 한 번 해보고 이쁨을 받아봐야겠습니다. 좋은 정보 감사합니다 이사배 형님!!!,0개
108,나응,이사배브러쉬가 없넹..?! 0순위로 생각할게용 헿😏👍🏻,0개
109,5yeah,머리 염색하셨나용 ㅎ 오늘따라 약간 카키색이 은은하게 보이는 느낌이에효💚,0개
110,다섯스물,와 클로즈업할때 입술 너무이쁘다,0개
111,그냥,Can you make a Video about how you did your make up for this video please! It looks soooo goood 😍,0개
112,이지원,사배 언닌 항상 믿을 수 있지.. 다 사야겠어,0개
113,cbcw,사실 꾸셀 파운데이션브러쉬 없어서 놀란 1인..,0개
114,syp,홍대 정문에 있는 르브와 브러쉬 추천이요!! 천연모부터 인조모까지 다 판매중인데 너무너무 좋아요 👍👍 많이 알려졌으면 좋겠어요😍,1개
115,이슬,메이크업 멋지고 재미있게 하자는 말이 너무 좋네요,0개
116,0119s,ㅅㅏ배님이 만든 브러쉬가 없다는게 반전이라면 반전이네요!ㅇㅅㅇㅋㅋㅋ,0개
117,아소일,하 브러쉬 사러갑니다..,0개
118,은나라찬,파데 브러쉬도 추천해주세요 ㅠㅠ,0개
119,김챈니,사배언니...최고..♡,1개
120,셋둘,학생들을 위해 저렴이 버젼도 있으면 좋을것 같아요...,0개
121,,오늘 너무 예뻐요💕,0개
122,FdkfFh,오늘 메이크업영상도 찍어주세요 ㅜ,0개
123,뚜뚜야놀자,이사배님 헤라 글로우 파운데이션 리뷰 해주셧으면 좋겠습니당o(^_^)o,0개
124,djdj,언니 증명사진 메이크업 다시 해주세요❤️❤️,0개
125,김채윤,사배님 사랑의불시착에 나오는 서지혜씨 커버메이크업해주세요!!,0개
126,뎡짰,혹시 같은 브러쉬로 다른 색 바르려고 할 때 그냥 털고 하면 되나요? 아니면 빨아야하나요?,0개
127,지예안,안녕하세요영상 잘보고 갑니다.예쁜 인형..구체관절인형같은 메이크업도 영상 부탁드려요..첨부파일 기능이 없어 참고사진을 못올려요.어여쁜 구체관절인형 메이크업~~~플리즈~~~,0개
128,yujinChoi,아이라인 잘 못그리는 똥손들에게 추천하시는 아이라이너와 브러쉬도 궁금합니다ㅜㅠ,0개
129,신승민,내가 꾸셀도 아닌데 없으니까 서운해ㅠ 언니 이젠 꾸셀 싫어??,0개
130,SEOMK,혹시 렌즈 '오렌즈 아일랜드 그레이' 인가여?,0개
131,미니jack,브러쉬 세척법도 소개해주세요~,0개
132,QioDjioq,감사합니다 💗💗💗💗,0개
133,Kai,오늘 메이크업이 가장궁금해요 조녜!!,0개
134,신지은,갈수록 이뻐지시네...,0개
135,제임스내꺼보이,언니 갑자기생각난건데 어벤져스 나오신 수현 메이크업해주세요....,0개
136,왕포도,"이 샤넬브러시는 어디서구입가능할까요?
인터넷어 쳐도 잘안나와요
ㅜ",0개
137,YouJungSeo,언니! 파데브러쉬랑 물에 적셔서 사용하는 포동포동한 스펀지(리얼테크닉 미라클 스펀지같은) 는 얼마주기로 세척해야하나요? 세척 귀찮아서 브러쉬 사용하거나 물 적셔서 안쓰려고 하는데 적셔서 사용하는ㄱ ㅔ 피부표현이 더 예뻐서요ㅠㅠ,0개
138,,꺅 나왔당 기다렸어용,0개
139,Verygood,사배언니!! 직장인 초스피드 꾸안꾸 메이크업도 해주세요!! 언니꺼 응용해서 시도해볼래요!!♡♡,0개
