﻿,youtube_id,comment,like_num
0,이상한나라의돼지갈비,"민니님도 유튜브 하시네
이사배님도 좀 닮은것같고",14개
1,이민희,부부의세계 한소희님 커버 메이크업 보고싶어요ㅜㅡㅠㅜ,625개
2,진똥,썸네일 미쳤다 ......,698개
3,빨간펜,천의 얼굴이다... 진짜 놀랍기만 하다...,799개
4,아꼬찐빵,진짜 이번 메이크업은 역대급으로 민니 너무 닮았구.. 사배언니 얼굴이 티가 하나도 안 난다고 해야하나..?ㅠㅠㅠㅠ 지난번에 사진 봤을 때 진짜 민니님인 줄 알고 왜 민니님보고 사배님이래 하고 있었는데 사배님이더라구요...ㅋㅋㅋㅋㅋ 너무 대박이에요ㅠㅠㅠㅠ,599개
5,힌구름,아니 썸넬 보고 아이들 영상 새로운거다 하고 들어왔는데 사배님이셨어 진짜 메타몽재질 사배님 어쩔거야 대박대박 진짜 커버메이크업의 최고시다,359개
6,lotus00,시작부터 헤어랑 귀걸이랑 네일까지 자랑하는 거 너무 귀엽다ㅠㅠㅠ 언니 완전 똑같구 잘하는 거 알지만 더더더더ㅓ 자랑해주세여😍😍,360개
7,룰루,언니 이 상태로 아이들 전원 커버 가자 나 혼자 십만 조회 채워볼게 사랑해 언니 나날이 실력이 느는 것 같아,127개
8,momamomi,민니 정말 독특한 미모라 안될줄알았는데 완전 민니까지 소화시키다니....언니짱,76개
9,HarleenQuinzel,Neverlanda here to support this Minnie legendary look 👑😍❤,20개
10,박죠,"존버성공☆ 사배님 진짜 금손이셔 ♡
나중에 뿌의세계 한소희 배우님 메이크업 볼수있을까여...?ㅠㅠ",63개
11,ClairhagyeongKim,이사배님 얼굴만 보면 선미님 좀 닮은거같다는 생각밖에 안 드는데 선미님이랑 안 닮은 연예인이랑도 진짜 비슷해요!! 어떤 사람의 특징을 잘 찝어내시는거같아요.,20개
12,CeciliaBalestri,"I love Minnie so much, this look was iconic and you absolutely NAILED IT!
I'm so happy ㅠㅠ",8개
13,슈슈,오마이걸 미미 '살짝 설렜어' 메이크업 보고싶어요!! 💙,20개
14,임쟁,아 참 다들 왜이렇게 놀라세요 사배언니 메타몽인 거 몰랐던 사람들처럼...~~~,64개
15,rek,와 근데 본판은 아예 다른데 어떻게 저러지 진짜 신기하다는 말밖에 🙊,42개
16,AmyOrtega,"AHHH, FINALLY SOMEONE IS DOING MINNIE'S MAKEUP!!!! The girl is precious (one of the prettiest of her group IMO), plus her makeup is always the best! Thank u so much for this, you looked beautiful and amazing job as always. uwu♡

Edit: btw, tnksm for the subs too 💛",64개
17,허버허버,와 그냥 쭉쭉 내리다가 아이들 공식 계정에서 올린 민니 비하인드 영상인줄 알았어요...,51개
18,최채연,언니 진짜 미쳤어.... 커버장인 갓사배ㄷㄷㄷ,24개
19,이영은,이사배님은 진짜 독보적으로 커버 메이크업 잘하시는 것 같아요!! 진짜 메이크업 완성하면 같은 사람같아요 볼때마다 화장실력에 감탄하고 봐요❤❤,23개
20,김은지,아니 진짜 여자아이들 채널 구독 한 적 없는데 민니가 왜 있나 했더니 사배님인거에요..˚✧₊⁎❝᷀ົཽ≀ˍ̮ ❝᷀ົཽ⁎⁺˳✧༚,29개
21,누,"사배 언니 완전.. 천의얼굴........... 
아이들 커버때마다 진짜 놀라서 나자빠져요..
아이들 메인보컬 미연 커버도 기회가 된다면 보고십습니다ㅜㅜ!!",8개
22,S양갱,0:10 왜 사배님 목소리가 공포호러물이죸ㅋㄱㅋㅋㄱㄱㄱㅋㅋㅋ🥶🥶 0:17 민니만큼이나 갱장히 다크한 보이스로 🖤오우 - 마이 - 가뜨🖤 ㅋㅋㅋ첨엔 민니 님 성대모사하시나 했어욬ㅋㅋㄱㅋㄱㄱ🤭🤭💕 허나 역시 메컵으로 커버하시는 능력은 이미 갓사배 👍👍,42개
23,으앙힝힝,사배님은 항상 설명도 친절하게 해주시고 특히 커버메이크업 하실때 커버메이크업 하시는 분(?)의 생김새나 장점을 예쁘게 말해주시는거 보면서 느끼는건데 마음 자체가 되게 이쁘신분 같아요!! 그리고 영상 자막배경이나 글씨체도 메이크업 분위기에 맞춰서 바뀌어서 영상 자체에 집중하게 되는 것 같습니다! 사배님 너무 이쁘시고 친절하시고 대단하신거 같아요!! 그리고 항상 열일하시는 편집자님들도 대단하세요!! 항상 좋은 영상 올려주셔서 감사합니다 사배님 !!❤️❤️,7개
24,집수니이윤정,"오잉 재업?! 진짜 민니보다 민니같아요 메이크업도 메이크업인데 스타일링 구현이 판박이,,표정도",18개
25,JiShin,와 진짜 요즘 이 메이크업이 너무 궁금해서 막 뮤비짤도 찾아보고 있었는데 너무 감사해요 ㅠㅠㅠㅠ 진짜 찰떡같이 feel이 통해서 너무 행복합니다 크으 사배님 너무 죠아>_<~☆,33개
26,EunjiLim,어제 왜 지워졌나요ㅠㅠㅜㅜ 너무 기다렸어요,12개
27,솜사탕슬하,"언니!!언니!! 이러시면 저 심쿵사하는데......
신동사2 내기니, 디즈니 공주 사배언니 ver. 그리고 부부의세계 한소희님  메이크업 궁금해요!! 💜",13개
28,성이,싱크로율 미쳣땅.. 이뻐요!,16개
29,정은주,언니.... 저 어제 일찍 와서 댓글 달았는데 없어져서ㅠㅠㅠㅠㅠㅠㅠㅠㅠㅠㅠㅠㅠㅠㅠ 그래두 한 번 더 볼게요ㅠㅠㅠ 넘 이뻐용ㅠㅠㅠㅠ ❤❤❤❤❤❤❤❤,13개
30,violet,진짜 민니 머리 따라하는거 쉽지않은데 대단하다..,8개
31,,뭐야 미쳣다 아무생각없이 내리다가 채널명보고 화둘짝후다닥들어옴,11개
32,낑자라,저 그동안 이 영상 여자아이들 유투브에서 올라온줄 알았어요..... 대박,7개
33,수진,"모야모야 앞머리 너무 귀엽잖아 ㅜㅜ
의상이나 헤어나 메이크업이나 다 똑같아👍❣",4개
34,김님,젭알 예쁜척 하는 부분을 많이많이 늘려주세용 ㅠㅠㅠㅠㅠㅠ으어어어엉,4개
35,캡틴구름,언니는 진짜 예술가야.......,3개
36,지혜,와 대박 ㅠㅠㅠㅠㅠㅠㅠㅠ 민니 쎈화장이 너무 찰떡이라 나도 급땡겨서 찾아봤는데 민니 커버 메이크업 영상은 진짜 별로 없었어요ㅠㅠㅠㅠㅠㅠㅠㅠㅠㅠㅠㅠㅠ 근데 ㅠㅠㅠㅠㅠㅠㅠ 근데ㅠㅠㅠㅠㅠㅠㅠㅠㅠㅠ 올려주셨어ㅠㅠㅠㅠㅠㅠㅠㅠㅠㅠㅠㅠ 사배님 최고ㅠㅠㅠㅠㅠㅠㅠㅠㅠㅠㅠㅠㅠ,2개
37,Lilyurim,"I see minnie and risabae,  just click it asap😍",3개
38,호경,와 언니 그냥 금손이라고 하기에는 너무 잘하는데요 ... 😭,6개
39,또니떠니,와.... 진짜 오마이갓이다 진짜 대박이다 ㅋㅋㅋㅋㅋ,6개
40,김지윤,이거 썸넬 처음에 보고 지금 보니까 되게 민니님 닮으셨네 라고 생각했는데 영상 첫부분 보고 아 진짜 민니님인가?했는데 알고보니 진짜 사배님이셨던..ㅋㅋㅋ 되게 닮으셨어요!,1개
41,이다니,세상에 진짜 언니 oh my god!!,2개
42,만서,저 진짜 인스타에서 봤을때 아이들계정인줄알았어요ㅠㅠㅠㅠ 진짜 미쳤어요ㅠㅠㅠ♥️♥️,3개
43,모기생제르망,이언니는 진짜 대박이다.,3개
44,댓글러,진짜 말 그대로 ‘ OH MY GOD ‘ 이다 ㅠㅠㅠㅠㅠㅠㅠㅠ,1개
45,,대박 놀래섴ㅋㅋㅋ깜놀ㅋㅋㅋㅋㅋㅋㅋㅋ미쳤다,3개
46,김민,사배언니 진짜 화장 너무 잘하고 너무 예뻐요ㅜㅜ 근데 대박인것이 썸네일은 레드벨벳 조이님 닮으셨어영ㅇ:0,3개
47,정서영,민니님이잖아. 와 너무 닮았어 ㅠㅠ!,5개
48,뀨,"2:20 밀릴 뻔한 눈썹이들😥ㅋ 
커버 메이크업도 좋지만 사배님도 소중하니깐 선택 잘 했습니다😃👏👏👏 정말 이번에도 킹왕짱!💖👍",2개
49,피이치,와 제발 해달라고 댓 많이 달앗은데 ㅠㅠㅠ 드뎌민니퓨ㅠㅠㅠㅠㅠ 사랑해여,2개
50,,"헐대박..ㄷㄷㄷㄷㄷㄷ
진짜 민니인줄알고 들어옴ㄷㄷㄷ헤어뭐양ㅠㅠㅠ
진짜 대단함요💓",1개
51,마이노랗네,0:07 아 진짜 닮았어요ㅠㅠㅠㅠ  쩐담쩐다,0개
52,준화,우왕ㅋㅋ썸네일 미쳤엌,0개
53,xoxo,"She did LION, and now she's doing OMG as well ! 
She's really talented, you can see it from looking at how well she  recreated these iconic looks, two totally different concepts but she nailed both of them",1개
54,,"OMG, I really didn't realize the opening show is played by herself. this is amazing.",0개
55,쿨쿨,옴걸 유아 메이크업도 한 번 해주세요ㅠㅠㅠ! 체리도 소화가 되실지 궁금합니다!,0개
56,김찬희,미친 너무좋아 민니 말고 미연을 원했지만 그래도 아 진짜ㅏㅏㅏㅠㅠㅠ미친거 아니냐 사배누나,0개
57,뷰뷰뷰,사배님은 커버 메이크업 예술을 하는 느낌이에요ㅠㅠ 진짜 메이크업으로 마술하는 느낌😍,0개
58,이루,부부의세계 한소희님 메이크업 해주세요..!!!,2개
59,또체리,썸넬만보고 오마이갓 음원인줄 알고 들어왔는데... 진짜 너무 똑같아요❤❤❤,0개
60,이보경,"와..어떻게 저렇게 잘하지..? 엄청 분석하고 
노력 했겠다 그냥 대충대충 넘어갈 수 있는 부분도 세세하게 하나하나 신경쓰는거 대박..",1개
61,bbi,언니 너무 예뻐요ㅠㅠㅠ 영상 올리실때마다 이 얘기하는데 매번 감탄해서 ㅠㅠ,0개
62,코튼,이 언니 왠지 윤훼이도 할 수 있을 것 같다.. 후덜덜,0개
63,예지,와 미쳤따 아니 사배님 너무 애정합니다ㅠㅠㅠㅠㅠ💗💗,0개
64,Babapapa,부부의 세계 여다경 메이크업 보고싶어요ㅠㅠ,0개
65,헴찌햄찍,사베님!!진짜 부탁인데요ㅠㅠ 제가 블랙헤드가 심한편인데 사베님은 블랙헤드를 관리 히시나요?ㅠ 어떻게 하시는지 너무 궁금해요!!너무 깨끗하셔서 너무 궁금해요ㅠㅠ!!!,1개
66,,와대박 디테일 너무 잘살리시고 민니 커버 메이크업 해주셔서 감사해요🥰🥰,1개
67,곤듀태영,민니님도 닮았는데 왜 볼수록 정은지님도 생각나는거지..,1개
68,오모가사리,오마이걸 유아님도 진짜 독특한 마스크셔서 커버메이크업 보고싶어요 !!!!!!!!!!!,0개
69,lE,언니 역시 너무 이뻐여ㅠㅠ,0개
70,블우BULU,이사배님 있지 리아 커버 메이크업도 해주세요ㅜㅜ,1개
71,젤리,와 썸네일 ㄹㅇ 민니 닮아서 와 이 유튜버는 요즘 뜨는 뷰튜번가?? 했는데 와 사배언니였어... 진짜 사배언니 하나도 안닮아서 깜짝놀람...,0개
72,themostuwugirl,You are so talented!!! Love it🤍🤍🤍🤍,0개
73,Park샘,장원영 메이크업 궁금해욬ㅋㅋㅋㅋㅋ,0개
74,sayalizaware,"Omg thank you so much for doing this...
U look gorgeous ❤️",0개
75,바악소혀언,"언니 너무 멋있는거 아니예요ㅠㅠㅠ!!!
이래서 사배언니 정말 좋아합니다아ʕ•ᴥ•ʔ",0개
76,내눈을봐라바,썸내일 내 눈을 의심...진짜 민늬인줄알고,0개
77,지니JINI,"영상 처음에 말하실때 눈이 졸려보여서
말하시면서 표정연기하시는줄알았는데
쌍테때문이였음ㅋㅋㅋㅋㅋㅋㅋㅋ",0개
78,박주연,어제 영상올라온거봤는데 없어져서 당황했어욬ㅋㅋㅋㅋㅋㅋ,0개
79,손손,와 진짜 금손이세요...오마이걸 유아 커버 메이크업도 해주세요 사배님ㅜㅜㅜ,0개
80,landmomo,내리다가 헉 민니...? 하고 봤는데 사배님이야ㅠㅠㅠ 넘 쩔어요 미연이 메이크업두 보고 싶어여 찰떡일듯...,0개
81,윤쿙,여다경 커버메이크업 보고싶어요ㅠㅜ,0개
82,엽공주,다시 영상 올라왔네요~~뭔일인가 했어요 ㅋㅋㅋ 다시봐도 좋아요~~역시 금손~~,0개
83,티비엔즐거움의시작,이사배님 채널에 민니님이 나오시다니!!ㅠㅠㅠ근데 사배언니는 어딨어요?? 계속 민니님만 나오시네요오..,0개
84,이아라,아이유 에잇 메이크업 해주세요ㅠㅠㅠ,0개
85,진세윤,"언니 진짜 오늘도 최고에여,,,,,,,,,,,ㅠㅠㅠㅠ
전부터 항상 오른손으로 메이크업하시구 좌우반전해서 영상 만드시는거 같던데 다음엔 왼손으로 메이크업 하는 영상 보고싶어요 !!!♥♥♥♥♥",0개
86,콕콕,진짜 눈이 특히 똑같아요!!!,2개
87,NEVERLANDIm,네버랜드로써 너무너무 커버메이크업 잘하세요ㅠ 역시 금손😀,0개
88,러바,언니가 다해ㅜㅠㅠㅠ 이미 다하고 있네?,0개
89,MoncherJ,메타몽이신가 ㅋㅋㅋ 똑같이 하시네여 항상 ㅋㅋㅋㅋㅋ 저 대륙여신 판빙빙 메이크업 보고싶어용 ㅋ 의외로 없어용,0개
90,0200,언니 어제 영상 다 봤는데 없어져서 놀랬어요 ㅠㅠ 저번에 인스타 보고 깜짝 놀래서 뜨자마자 달려와서 봤습니당 ㅠㅠㅠㅠㅠ,0개
91,뽐뽐,와 썸네일보고 민니랑 똑같다고 생각하고 사배님이라고는 정말 생각 못했는데 와 진짜 대박이야ㅠㅠㅜ,2개
92,조예원,언니 이유비 메이크업 지우샸나요??ㅜㅜ 안보여서요ㅠㅠㅠ,0개
93,,사배님 여자아이들 미연이랑 닮으셨어요 ㅠㅜㅜ 그래서 미연메이크업하면 완전 존똑일듯...ㅜㅜㅜ,0개
94,catnisHan,아 예뻐ㅠㅠㅠㅠ,0개
95,몽그리,이사배님 우리 민니 너무너무 예쁘게 똑같이 스타일링 해주셔서 감사합니다💛💛 민니 언니 이 영상 보면 정말 좋아할 거 같아요🥰,0개
96,김수민,진짜 너무 닮았어요...  민니 메이크업 하는거 꼭 보고 싶었는데 해주셔서 너무 감사합니다❤‼,0개
97,서수진이나라다,와 역시 믿고 보는 그녀 삼백안 너무 좋아하고 민니 메이크업 영상도 별로 없고 다 안 비슷해서 누군가 나오길 기다렸는데 사랑합니다,0개
98,채연,8:32 이때부턴 그냥 민니 얼굴이 보여..너무 신기해,0개
99,김나연,뭐야... 썸네일 보고 이분 누구지... 진짜 민니인가... 햇더니 갓사배님이엿서.... 갓사배님...... 뷰티를 찢어놓으셨다하....!!!!!!,0개
100,,와 진짜 민니인줄ㅜㅜ,0개
101,훨랠래랠래래워어어어엉,그 부부의 세계 여다경 초반부 갈색 머리 메이크업 해주세여 근데 진짜 닮을 것 같음,0개
102,운성,와 약간 핫펠트(예은) 메이크업하셔도 되게 찰떡같이 어울리실거같아요..,0개
103,선우,내가 저런 얼굴로 딱 하루라도 살고싶다ㅜㅜㅜㅜ,0개
104,빰빰,썸넬 민니 커버 메이크업한 한예슬같아......정말 신기하고 아름다웡,0개
105,쪼크,인스타에서 보고 기다렸어요 ㅠㅠㅠㅠㅠㅠㅠㅠ 디테일 하나하나 최고야 짜릿해,0개
106,FREEKASHMIR,"I loved Minnie's makeup, thank you for doing this!",1개
107,정연주,언니 좀 더 뽐내주세요ㅜㅜㅠㅜㅜ,0개
108,지연,왓ㅠㅠㅠ 사배언니 알라뷰,0개
109,블랙,"사배님은 봐도 봐도 적응이 안돼..
볼때마다 놀라워...진짜 금손....매번 영상이 레전드를 달리시네요",0개
110,동글,있지 채령 워너비 메이크업도 해주세요ㅠㅠ,0개
111,최예나,"진짜 언니 완전 비슷해요ㄹㅇ,, 짱이다",1개
112,수연,맨처음에 쓰신 파운데이션 브러쉬 저 사서쓰고 있는데 너무 좋아요ㅠㅠㅠ 인생브러쉬ㅜㅜ,0개
113,이름수정,사람들 이사배님인거 모르고 그냥 넘길듯 ㅋㅋㅋㅋㅋㅋㅋㅋㅋㅋㅋㅋ 딴 사람인줄,0개
114,얌주주,민니 졸래리 좋아하는데 언니가 해줘서 너무 좋아요 ㅜㅜ!!,0개
115,영이,언니 더분 쌍테 판매중단 됐던데 어떻게 구하셨나요ㅠㅠ,0개
116,미마,썸네일은 평소에 커버하던것보다 덜 닮아서 별 기대 안하고 들어왔는데 와 처음 3 4초보고 미친 육성으로 나왔다,0개
117,이로런,아니 진짜 신기해....어떻게 저렇게 변할수있는거야.....,0개
118,,진짜 너무 똑같아요!! 멋있어요ㅠ,1개
119,cg,Your tutorials are so cool!💕,2개
120,이가희,오늘도 예쁜 울 언닝!!!비비님 메이크업 보고싶어요!!!🥺❤️🥺❤️🥺❤️젭알 부탁합니당🥺😭💕💕,1개
121,FlorenceRyu,언니... 진짜 오마이갓...,1개
122,김민서,"와 나 그냥 민니 뭐 찍은 줄 알고 넘겼는데,,, 사배님이었어ㅠㅠㅠㅠ",0개
123,성재,수진님도부탁해요ㅠㅠ,0개
124,나은,영상 없어졌길래 뭔 일인지는 모르겠지만 잉 뭐지하고 슬퍼하고 있었는데ㅠㅠ 너무 똑같자나 언니 사랑해요ㅠㅠ,0개
125,쀼뀨뿌뀨빵,언니... 마스크 써도 최대한 안번지는 피부 메이크업 해주세요... 최강촬떡같이 붙어있는 메이크업...,0개
126,박채린,디테일 완전 대박...아이유 에잇 메이크업 보고싶어요:) 이사배님한테 잘 어울리실것 같아요!!,0개
