﻿,youtube_id,comment,like_num
0,디렉터파이,"선크림 TOP of TOP 🌞🌞🌞 
00:19 2020 선크림 트렌드
01:14 아쉬워요
02:30 세미 매트 톤업 무기자차 A~C등급
07:00 에센스 타입 무기자차 A~C등급
10:36 혼합자차/유기자차 A~C등급
15:01✅ 2020 선크림 TOP of TOP
21:44 엔딩


♡선정 과정
2달 간 리스트업- 구매 - 성분 분석 - 피부타입 다른 4인의 테스트- 기기 측정 결과 거쳐 선정했습니다. 

♡제품 리스트업 기준
이번에는 올리브영, 씨제이몰, 지에스몰, 롯데몰, 네이버, 롭스, 화해, 글로우픽 등등등 판매처 상위 랭킹템+ 2020 신제품으로 구매했습니다.🤗

♡직접 취재한 팩트 체크
- 나노/논나노 여부는 브랜드 본사 취재

♡디파가 말하는 주요 포인트는?
디파는 선크림과 클렌저가 기능성 화장품보다 더 중요하다고 늘 말씀드렸죠? 데일리 루틴과 제품이 매일매일 내 피부를 결정짓는 작지만 아주 중요한 습관입니다. 

물론 디파 추천템은 남녀 구분없이 바를 수 있구요, 
아기, 어린이용, 임산부용도 뽑았습니다.

이번에 준비한 선크림들은 디렉터파이를 아주 만족시켰는데요. 👍🏻👍🏻👍🏻
잔소리~ 잔소리~ 몇 년간 했더니 이건 뭐 성분부터 사용감, 지속력, 백탁까지 다 잡아서 상향평준화,,,,됐다고 할까. 
덕분에 테스트할 제품이 너무 많았지만.☺😳 

♡선스틱 선쿠션은요?!! 
 6월 영상에서 한방에 정리해 올릴게요.
그럼 안녀엉~~ # 빠밤",520개
1,yungyung,대단하세요 소비자가 항의해도 바꾸기 어렵던 화장품회사의 트러블성제품들이  디파님 한분으로 국내제품들의 성분이 바뀌고 있다는 것에 경의를 표합니다 유용한 정보감사합니다,627개
2,ReeWon,Yeees♥♥,6개
3,채린,"2020 선크림 TOP OF TOP 타임라인
틀린 부분은 답글로 알려주세요!
00:19 2020 선크림 트렌드
1. 클린뷰티의 성분
2. 제형의 변화
3. 선크림의 세분화
01:14 아쉬워요템
01:18 AGE20’s 롱 프로텍션 마일드 에센스 선크림
01:27 센텔리안24 마데카 더마 쉴드 선 에센스
01:37 CNP 틴티드 모이스처라이징 선
CNP 안티 블레미쉬 코렉팅 선
01:53 FFLOW 선 글로우 톤업 베이스
FFLOW 선 프라임 톤업 베이스
2:07 AHC 내추럴 퍼펙션 프로쉴드 선 퍼펙터
AHC 내추럴 퍼펙션 핑크 톤업 선 밀크
2:20 달바 워터풀 에센스 선크림
2:30 세미 매트 톤업 무기자차 A~C 등급
C등급
2:40 에이트루 오리진 세이프 마일드 선블록
B등급
3:23 파티온 노스캄 리페어 선크림
4:00 구달 맑은 어성초 진정 선크림
4:32 닥터지 그린 마일드 업 선 플러스
A등급
5:06 닥터지 베이비 마일드 업 선
5:34 닥터자르트 솔라바이옴 징크림
6:12 닥터올가 프리미엄 썬 프로텍션 크림
07:00 에센스 타입 무기자차 A~C등급
C등급
07:10 메디큐브 레드 캡슐 선크림
B등급
07:40 더샘 에코 어스 올 프로텍션 선크림
08:20 라운드랩 1025 독도 무기자차 선크림
08:49 보타닉힐보 더마 디펜스 판테놀 선크림
09:14 닥터자르트 솔라바이옴 플루이드
A등급
09:36 닥터자르트 솔라바이옴 프라이머
10:36 혼합자차/유기자차 A~C등급
C등급 
10:39 닥터지 피크노제놀 앰플 업 선
B등급
11:12 아이오페 UV쉴드 스킨에너지 선
11:50 김정문알로에 큐어 수딩 선젤
12:30 미샤 세이프 블록 RX 히알론 수딩 선
A등급
13:14 비레머디스 UV:릴리프 모이스처라이저
13:47 비레디 슈퍼 마일드 선 프라이머 포 히어로즈 
14:23 메이크프렘 유브이 디펜스 미 모이스쳐 선크림
15:01 ✅ 2020 선크림 TOP OF TOP
온가족 무기자차
15:12 닥터지 그린 마일드 업 선 로션
여드름 피부 무기자차
15:55 더뷰티풀팩터 제로 폴루션 베리어 선
복합성, 수부지 무기자차
16:30 이니스프리 트루케어 논나노 무기자차
민감 지성 무기자차
17:08 듀이트리 어반쉐이드 안티폴루션 선
수부지 유기자차
17:57 라운드랩 자작나무 수분 선크림
지성 워터프루프
18:36 싸이닉 엔조이 마일드 썬 에선스 EX
건성 혼합 유기자차
19:22 랑벨 내츄럴 프레시 선크림
화장 궁합 좋은 혼합자차
19:58 닥터자르트 솔라바이옴 앰플
가성비 무기자차 (건성)
20:36 라운드어라운드 그린티 시카 선로션
가성비 무기자차 (지성)
21:08 참존 패밀리 선 플루이드
21:44 엔딩",254개
4,김고은,"제일 기다리던 선크림 영상인데 쓰고 있는 이니스프리 선크림도 top이라 좋네요👏👏 많이 쓰는 제품이라 하나 더 주문하러 가야겠어요
항상 감사해요 디파님😊
아이라이너도 추천템 부탁드려요^^",39개
5,MarieBeau,"나노/ 논나노 기재해  주셔서 감사해요. 유럽에서는 논나노 여부 기재가 필수인데, 한국은 기재안되어있는 제품이 대다수라 찝찝했거든요.. 나노단위로 쪼개진 티타늄다이옥사이드는 세포에 달라붙어 혈전을 만들거나 뇌세포 손상을 일으키고, 장기적으로 봤을때는 몸에 축적되어 dna손상을 일으키고 암까지 발병시킬 수 있는 매우 위험한 성분입니다.  
한국 기업 한국 제품들도 나노/논나노 기재가 필수화 되었으면 좋겠네요 제발",254개
6,민지,15:06 top of top,169개
7,히하호,당신을 사랑할 수 밖에 없오♡,35개
8,최수인,스킨앤랩이 선크림 맛집이라는데 궁금햇는데 아쉽긴 합니다 ㅠㅜ,23개
9,커피좋아커피좋아,싸이닉꺼 저 쓰고 있어요! 건성도 쓰기 좋더라구요. 디파님이 선정하니 믿고 써야겠어요! 이거 다 쓰시냐고 고생하셨네요. 추천해주신 제품 다른 것도 사볼래요!,14개
10,원빈,저 이번에 마몽드 에브리데이 아쿠아 선크림샀는데 새로 리뉴얼돼서 파란용기로 바꼈더라구요 그건 어떤가요?  궁금해요 디파님!!!,29개
11,꽃반지,"마침 선크림사야하는데 디파님은 내맘속에 들어갔다나오셨나봐,,🤭❤️❤️👍",262개
12,이예린,"디파님!! 다음에는 바디워시 어떨까요?
요즘 마스크 때문에 얼굴 피부도 예민해지고
몸 피부도 다리 같은 경우엔 건조해져서 각질 생기는데 등에선 뾰루지랑 여드름도 나고..ㅠㅠ
말이 아니거든요ㅠㅜ 그래서 바디워시 영상도 찾아봤었는데 가장 최근 영상이 3년 전에 찍으신 영상밖에 없어서 아쉬웠어요.. 그래서 바디워시 영상도 올려주시면 감사하겠습니당!! 
아 그리고 오늘 영상도 너무 잘 봤어요~
마침 선크림 찾아보고 있었는데ㅋㅋ
역시 디파님! 감사합니다♡♡♡",197개
13,lili,"ㅜㅜ선크림이 이렇게 좋아진데는
디파님 힘이 짱짱 클 것 같아요..
감사합니다
딱 선크림 구매하려고 했는데 타이밍이 좋았네요 히히",88개
14,sallyj,와우~ 모든선크림 한방에 공부하고 선택에 도움 너무받았어요. 감사합니다.,5개
15,미미꽃,"볼 때마다 감탄합니다. 어쩜 이 많은 제품들을 조사하고, 분석하고, 실험하고 깔끔하게 정리까지 해서 소개해주시나요!",70개
16,치킨치킨치킨,디파님!!! 곧있으면 여름이라 피부에 쉽게 열올라서 쉽게 벌게지고 트러블도 많이 나올거같아서 너무 걱정인데요ㅠㅠ 혹시 피부 온도 낮춰주는 쿨링제품이나 진정시켜줄수있는 수딩젤같은 화장품 추천해주실수 잇나요오???,40개
17,망고레몬자몽,진짜 최고네요........ 진짜 너무 말도 안 나옴 최고라서,35개
18,쏘뿅이,이번에 듀이트리 사보고 썼는데 역시 믿고 쓰는 파이님..👍 인생 선크림 찾아서 너무 좋아용 ㅠㅠ 감사합니다!❤,12개
19,빅보스,이 영상 하나를 만들기 위해 얼마나 많은 분들이 노력을 하셨는지 감히 짐작도 못하겠어요 소중한 영상 만들어 주셔서 너무 감사합니다 덕분에 제 피부도 잘 지켜내겠습니다,28개
20,myname,파이님처럼 화장품 성분을 분석하는분들덕에 사람들이 성분을 중요하게보면서 점점 화장품들이 바뀐건지.. 옛날엔 대부분의 썬크림이 바르고나면 피부가 빨갛게 부풀고 두드러가올라서 못썼는데 이젠 쓸수 있는게 엄청 많아졌어요. 기초도 그렇고..대신 욕심도많아져서 돈이엄청깨진다는 단점ㅋㅋ,52개
21,혜연,"선크림 참고하겠습니다ㅠㅠ😍😍
디렉터파이님! 아토피 몸 색소침착으로인해 고민이 이만저만 많은데요! 색소침착 빼지는 법 좀 알 수 있을까요?",4개
22,Dcnozguz,This is so useful thank you!!! Will be waiting for a sun cushion for sensitive acne-prone skin in your next video!,2개
23,이현진,진짜 디파님을 만나고 광명을 찾았습니다ㅠㅠㅠㅠㅠ 적게 일하시고 많이 버세요!!!!!❤️❤️,11개
24,초코를한입우와앙,미쳐따.. 여름이라 선크림 찾아보고 있었는데...감사합니다 디렉터 파이님ㅠㅠㅠㅠㅠ❤️,113개
25,,진짜 피부타입별과 선크림 타입별로 이렇게 자세하게 추천해주시는 분이 과연 몇 명이나 될까요!! 너무너무 감사합니다~ 😭😭,29개
26,이름호,디파님꺼 2019꺼보고 2일전에 샀는데.... ㅠㅠㅠㅠ라운드어라운드 샀는데... 착향제가 많이 안 좋을까요? 제가 엄청 민감해서요 ㅠㅠㅠ,12개
27,연우,"디파님 광고 좀 다세요ㅠㅠ 무료로 보기 아까워요
광고가 보고싶은 영상은 처음이네ㅜㅠㅠ",75개
28,너하고,"내 전용
19:00
선크림 뭐살까 고민하고 있었는데 살 때 도움이 많이 될것같아요 감사해요 😃👍",3개
29,소꿈soggum,참존 진짜 좋은데 워터푸르푸라서 폼클로 지워야하구 냄새가.. 냄새가 정말 역해요 .. . .ㅜㅜㅜ 냄새를 아예 빼주던가 하면 좋을텐데 첨에는 참을만했는데 냄새가 흡..ㅜㅜ,2개
30,칸,2019 영상보고 올해는 이니스프리 논나노 트루케어 샀는데 다행히 탑오브탑 선정됐네요ㅋㅋㅋㅋㅋ,85개
31,민트솜사탕,잘 보고 갑니다♥ 전 추천템인 라운드어라운드 그린티 시카 선크림 잘 쓰고 있어요. 이번에도 좋은 선크림으로 랭크되어서 기쁩니다. 디파는 언제나 신뢰가득하고 정성가득한 영상이어서 넘 좋아요♥♥♥,2개
32,커피,헐 다음에 선크림 메이크프렘 유브이 디펜스 미 블루레이 선 플루이드  이거 해주세요 ㅜㅜ,2개
33,소스돈까스,진짜 엄청기다렸습니다...ㅠㅠ!!!! 오늘도 영상잘보고가고 항상도움되고 있어요! 감사핮니다💖,15개
34,시현,K뷰티 길잡이 대모~,2개
35,MinjiSong,클렌징워터 2020년 버전도 해주세요이~~~!!!!,3개
36,nj90B,"지성피부는 유기를 쓰면 자외선이 흡수돼서 트러블 원인이고,무기를 쓰면 백탁이 있을뿐더러 모공을 막아서 트러블 원인이니 결론은 혼합자차를 써야되는건가요 지성피부는?",19개
37,Yejin,진짜 고생많이 하신거 같아요. 그만큼 저희한테 유익한 정보와 좋은 컨텐츠여서 감사합니다💕,58개
38,천사호,닥터자르트가 이번에 진짜 열심히 제품을 뽑았더라구요 징크림이랑 선프라이머중에서 고민하다가 프라이머로 넘어왔는데 다음제품은 징크림을 써야겠네요!! 프라이머도 나름 좋았어요 피부도 안답답하고 가벼워서,15개
39,이clinturm,방금 선크림 사서 택배왔난데 영상이라니ㅠㅠㅠㅠㅠㅠㅠㅠ,30개
40,죵죵,미쳤다미쳤어....진짜 ㅠㅠㅠㅠㅠㅠㅠ너무너무 소중한 정보 감가합니다 ㅠㅠㅠㅠㅠ 어쩜 제가 너무 궁금했던 지속력과 이지워셔블을 평가해주시어서 감사합니다..🧡🧡🧡,2개
41,개구라반찬,디렉터 파이님 간편하게 바르기좋은 선스틱 탑오브탑 해주십쇼 ㅠㅠ,3개
42,boraj,화장품을 브랜드가 아닌 성분을 보고 사야한다는걸 알게해주시고 화장품회사들이 성분에 집중하게 해주셔서 소비자로서 너무 감사해요!! 화장품 구매하기전 디렉터파이님 영상 꼭 찾아보고 구매합니당! 건강하세요!,7개
43,쥬디,"선크림 영상이라니... 이제 선크림 사러 가야겠어요!
매번 보기 편하게 한번 더 정리해주셔서 덕분에 쉽게 구매할 수 있어요 항상 감사하게 생각합니다ㅠㅠㅠ",3개
44,MaricaPagliuca,Me editing for captions b like: :^[,0개
45,핑핑이,"ㅜ오전에 2019 선크림 영상보고 순정 선크림 샀는데 ,, 오늘 또 영상이 올라오다니🥺",2개
46,뚜빈,어제 에뛰드 선젤 샀는데 ㅠㅠ.. 에뛰드 세일 한대서..,2개
47,달빈,2020년에도 선스틱이랑 선쿠션 평가도 부탁드려요!,13개
48,setto세또,"수부지 메모장📍
이니스프리 논나노
라운드랩 자작나무
닥터자르트 징크림",4개
49,EunSei,Will wait for Eng sub! <3,1개
50,비루한찐감자네,디파님 동물실험 하는지 안하는지도 가르쳐주시면 안될까요...........? 불분명하게 기재해놔서 개인이 알아보려니 좀 힘들어요 디파님처럼 영향력있는 분이 동물실험에 대해서도 알려주시면 정말 좋을 것 같아요 선한영향력....⭐️,4개
51,uie,"셀퓨전씨 제품도 리뷰 기다렷는데,, 없어서 아쉬워용 ㅠㅠ",22개
52,기억,항상 선크림은 디렉터파이님꺼 보고 사는 편이에요 감사합니다 ㅠㅠㅠㅠ 진짜 믿고보는 디렉터파이,2개
53,링엉,와 편집 진짜 깔끔하고 좋아요 설명도 너무 자세하게 해주셔서 항상 너무 도움되용 진짜 감사합니다 마침 여름이라 썬크림 보고잇었는데 ㅠㅠ 어떻게 제 마음을 읽으세요 항상 ㅠㅠ,21개
54,JJ,"디파님! 😂 바하 성분이 있는 제품을 쓸어 바를 경우 모공 요철이 생긴다는 말에 바하 화이트윌로우껍질 추출물 등 바하 성분이 들어가 있는 모공, 각질 제품을 못바르겠어요 ㅠㅠ 바르는 팁좀 자세히 주세요 😭😭😭",1개
55,김수진,"21:10 헑 제가 사용하는 선크림이 top .. 
이거 진짜 좋아요ㅠㅠㅠㅠㅠㅠㅠㅠㅠㅠㅠ 
매번 친구들한테도 참존 추천하는데ㅠㅠㅠ
일케 파이님도 추천하다닝.. 
이렇게 꼼꼼하게 리뷰해주셔서 감사합니다~",1개
56,박수민,얼마전에 이니스프리 논나노 선크림 샀는데..!와아 검증받은 기분이라 너무 좋아요ㅋㅋㅋㅋㅋ,2개
57,KatelynL,"이거 직접 발라 보시고 실험하시고 하나하나 엄격하게 분석 하시느라 얼마나 고생 많으셨을까.. 완전 고마워요, 언니!",7개
58,안나,초지성인데 스킨 -> 랑벨 선크림 -> 메이크업 하면 피부대박조아보임,6개
59,candyGrace,와 예전보다 성분 좋은 선크림이 많아져서  행복한 고민이예요. 디파님의 기여가 크다고 생각합니다!!!,1개
60,PinkCaptain,"디파님 선크림 성분 좋아져서 너무 기뻐보이세욬ㅋㅋㅋㅋㅋㅋㅋㅋㅋㅋ 귀여우셔,,",12개
61,고은아,진짜 고생하셨겠네요ㅠㅠ 정말 감사드립니다ㅠ,3개
62,오억두,"오프닝 너무 이쁘세요..♡ 뭔가 순백의 고급진 선크림같달까...?
15:10 편집 와.. 대박이에요 너무 자연스러워...",49개
63,천지세,"심한 악지성 피부입니다. 감사합니다!!
아 그리고 지금 흐르는건 개기름이 아니라
감동의 눈물입니다😂😂❤",1개
64,이예진,💜,1개
65,,메이크프렘 블루레이 선 플루이드 지속력이나 워터프루프 어떤지 궁금해요 ㅠㅠ uv 카메라로 찍어주실 수 있나욥,1개
66,안효섭사랑해,드디어 올라왔다! 2020년 버전도 나온다고 해서 계속 기다렸어요! 이렇게 협찬없이 알아듣기 쉽게 성분등을 설명해주는 채널 없을거예요ㅠ 항상 너무도움되요♡,13개
67,O025,나날이 상향평준화 꺄꺄오🙌🙌 증말이지ㅠㅠ무한  뿌듯뿌듯해하셔도 되는거 아시죠ㅠㅠㅠㅠ,1개
68,es,진짜 매번 감사합니다ㅠㅠㅠㅠㅠㅠ,1개
69,정서현,"저 정말 오늘 10분전에 선크림 사서 들어왔는데ㅠㅠㅠㅠㅠㅠㅠㅠ 내일살껄,,, 닥터지샀는데 B등급이네요,,,",1개
70,문미연,"디파님 영상 너무 잘보고 있는 1인입니다~~
선스틱...도 해주시나요?ㅡㅜ해주세욤...
선스틱이 편해서 매일쓰고있긴하는데 ..그전영상들보고 사고있긴한데 요즘나온것들도 해주셨음 ..부탁드립니다~~^^",2개
71,죵죵,여름에 땀이 잘 나서 ㅠㅠ 비데용 물티슈 ..외출해서 쓰고싶은데 착한 성분으로 구성된 아이 추천해주실수 있으신가요 ㅠㅠㅠㅠ,2개
72,다현이라궁,"디렉터 파이님 클레이팩BEST도 해주세용ㅠㅠ
뭘써야할지 모르겠네요ㅠ",1개
73,뚜뚜,이지워셔블 가능여부 써주셔서 너무 좋아요 ㅠㅠㅠㅠ썬크림마다 폼만으론 제거 안되는것들이 있던데 너무 유용하네요,4개
74,물만두,와 기다리고 기다리던 선크림ㅠㅠㅠㅠ 요즘 선크림만 바르고 나가다보니 좋은 선크림 엄청 찾아다녔는데 정착을 못했어요.. 디파님 너무 감사해요ㅠㅠ,2개
75,MrPotatoHead,선크림 마침 찾고있었는데 감사합니다~~~,2개
76,플라밍고,라운드어라운드 스킨케어 제품 다 리뷰해주세요ㅜㅜ 진짜 사람들이 잘 몰라서 살지말지 고민이에유ㅠㅜ 디파님이 리뷰해주시면 정말 좋을꺼같아요 ..❤️,1개
77,케이크빌런,내가 구독한 채널 중 가장 유용한 채널.. 올여름 선크림 뭘 살까 고민중이었는데 디파님 영상이 딱!!!! 올 여름 선크림도 걱정읍다! 디파님 항상 감사해유❤️,1개
78,예도미,하 진짜ㅠㅠㅠㅠㅠㅠ 뜬금없지만 진짜저엉말 1달이라도 같이살면 제 피부는 광이날거같아요ㅠㅠㅠㅠ 진짜 이거좋다하는거 써봤는데 오히려 좁쌀나고 화농성 한두개나고ㅠㅠㅜㅠㅠㅠ 하 어떡해.. 미래가 두려워..🥺,0개
79,앵고미,셀퓨전씨 빠져서 아쉬워요ㅠㅠㅠㅠ 궁금햇는데,2개
80,EMIV,Thank you for the english subtitles!! ❤,0개
81,오묘한집사,우와 ㅠㅠ 정말 너무 좋은 정보 많이 얻고 갑니다. 역시 파이님 짱! 리뷰하시느라 고생많으셨습니다 ㅠ,1개
82,ChauPham,Thank you so much for the review ❤️❤️ I would love to hear your opinion on PURITO Comfy Water Sun Block soon. Thats the one I can buy in Europe and seems like to be a good physical sunscreen,0개
83,lamian,너무너무 감사합니다!!! 정말 큰 도움 됐습니다 ㅠㅠㅠ 하나하나 다 세세하게 확인해주셔서 정말 알기쉽네요 감사합니다~~!!,2개
84,AshleyBrown,Oh  My God....Please post subtitles :(  I  have  been looking forward to this video so much TT TT,1개
85,ihwaseola이화설아,이번에 에뛰드도 선크림 신상 많이 나왔던데 여기엔 에뛰드 제품이 하나도 없네요 ㅠ̑̈ㅠ̑̈,1개
86,sson00,역시 ㅠㅠ 좋은 정보 정말 감사합니다!!!!!,2개
87,나도바꿀랭,0:16 꼬고~🎶 최애파트💜❤,1개
88,아진,디렉터파이님 항상 유용한 정보 감사합니당❤️ 여름철에 제모를 해야하는데 혹시 제모크림 리뷰 가능할까요 ??,2개
89,꾸별,디파님 ㅠㅠㅠ 민감성 피부 기초제품 지성 건성으로 ㅠㅠㅠ나누워서 제품 소개좀 해주세요(성분좋은걸로요 ㅠㅠ ㅠㅠㅠㅠ(여드름도 문제라 ㅠㅠㅠ)청소년은 오늘도 울어요..🥺🥺,2개
90,장모치와와호야,바로 주문 ㅋㅋㅋ,2개
91,KIM지현,으아아아아아ㅏㅏㅏㅏ 옛날 선쿠션 영상보고 선쿠션 사려했는데 6월의 선쿠션 영상 존버합니다아ㅏㅏㅏ,1개
92,JackieSos,"My favorites are dear klairs , purito comfy water and centella green level.❤️💯",0개
93,JGH,2020썬스틱은 없는건가요? 그럼 2019 복습해야지.,1개
94,No7,진짜러 너무 좋다 ❤️,2개
95,최새벽,"더뷰티풀팩터 15:53
듀이트리 17:05
싸이닉 18:33

고민되는구만",1개
96,yejiChoi,"한 영상 하나하나 정성 들이시고, 테스트하시고,, 퀄리티 늘 최고입니다,,,!!! 감사합니다 도움 많이 받아용",3개
97,김인세,모낭염이 쓸수 있는 선크림들도 모아서 만들어주셨으면 좋겠어요..,19개
98,SeonhwaLee,항상 고맙다고 댓글 달고픈 영상은 오직 디파님 ~~♡,2개
99,갈비찜,질문 있습니다 ㅠㅠ 4:52 닥터지 선크림 '번들거림 많음' 이라고 적혀있는데 왜 지성 수부지 추천템인지 알 수 있을까요?? ㅠㅠ 좁쌀 달고 사는 수부지 타입이라 번들거림 많은 화장품들은 최대한 피해야한다고 생각했거든요! 혹시 아시는 분 답글 부탁드려요오..,0개
100,e쥉,"저번에 추천해주신 썬스틱 사서 부모님 드렸더니 좋아하셨어요(매년 추천 썬스틱 구매해요><)~ 디렉터 파이님 영상보고 사려고 이번년도 썬스틱추천템도 기다리고 있어요!! 땀많이 흘리고 햇빛 많이 받는 야외활동자 선스틱 추천해주세요~~!! 
항상 좋은 정보들 너무 감사해요!!",0개
101,AngelaNguyen,Loved this! Thank you so much Director Pi for another wonderful and informative video!,0개
102,뽀또,매년 같은 화장품류들을 분석해주시고 영상 업로드해주시는데 신기한게 그때그때 필요할때 타이밍을 너무 잘 맞춰올려주시는것 같아요..,1개
103,예림김,너무 감동입니다... 진짜 이젠 좋은것들 중에서 좋은걸 고를 수 있게 되었네요,0개
104,김하슬,2020 선쿠션 해주시면 안됄까요ㅜㅜ 제가 선크림을 쓰기에는 엄청 민감한 피부라ㅜㅜ 그래도 그나마 나은게 선쿠션이라서..,1개
105,도레미,감사합니다ㅎㅎ 자꾸 보다보니 제 피부타입에 필요하고 맞는 성분은 외우게 되고 제 피부를 더 생각하게 되는것같아요ㅎㅎ 꼼꼼한 분석 감사합니다!!!,1개
106,감성젖은국영수vlog,잘보고갑니다ㅜㅜ! 저는 씨드물꺼 쓰고있는데 어떤지 궁금하네요옹..,1개
107,,역쉬 디파님 대단해용~,4개
108,도토리,아진짜 타이밍 센스 만족도 미모 열정 다최고다 진짜 제일기다려지는 영상 ㅠㅠㅠㅠㅠ,5개
109,냥냥펀치,닥터지 마일드는 화장 다 밀리고.. 라운드어라운드는 얼굴 넘 따가웠어요ㅜㅜ,4개
110,꼬끼,"와 대박 언니 저저저 어제 호ㅏ장품 시켰는데 선크림은 안시켰거든요 와진ㅊ짜 사랑해요
요즘 왜이리 기쁘지?",1개
111,승얀,속눈썹영양제 해주세요ㅠㅠ...!!,2개
112,지연,"닥터지 선로션 진짜 고민많이했는데 ㅜㅜㅜ 영상보고 바로 구매합니다 ,,",0개
113,graceRiver,"저 대신 이런 서치를 해주셔서 얼마나 고마운지..ㅎ 임산부가 되니 디파님 영상 더욱 도움이 돼요♡
선스틱도 부탁드려요.",1개
114,우효주,진짜ㅠㅠ 선크림 영상 너무 좋아요ㅠㅠ!!! 항상 감사합니당💕,1개
115,Eliza,omg i hope the sub posted sooner T^T thanks a lot for this video <3 staysafe!,12개
116,영이,감사합니다ㅜㅜ 감사합니다ㅜㅜ 요청했었는데... 진짜 너무 기다렸어요ㅜㅜ,0개
117,후추후추,앜 그제 선크림 새로 샀는뎈ㅋㅋㅋㅋ 후..,0개
118,진주,오늘 영상도 잘봤어요ㅠㅠ 혹시 토너랑 토너패드 ToT 해주실 수 있나요ㅠㅠ,3개
119,정동환,헐 저많은 분량의 선크림을 아주 알기쉽게 설명하시네요 대단하십니다 짝짝,1개
120,킁킁,이 모든 변화의 중심에 디파님이 계시다는 거!!!! 넘 멋져요!!!!,11개
121,이대형땅엔집건축부동산,닥터자르트 솔라바이옴 징크림은 엄청 잘 만들었다고 칭찬하셨는데 왜 tot에는 빠진건가요??,3개
122,안녕,최고 ㅜㅠㅠ♥,1개
123,빛무리,이얼마나 은혜로운 영상인가,12개
124,룰루라라,디파님 영상 진짜 돈주고 보고싶다.. 대박쓰.... 그래서 저는 디파님 영상볼때 광고 쭉 다 봐요 디파님 돈 많이 버세요 제발❤️❤️,1개
125,김뽀삐,요즘 코로나 때문에 늘 마스크 쓰고 다니니까 피부가 너무 더러워져서ㅠㅠ 파데 프리 메이크업을 하려고 선크림을 찾아보고 있었는데 마침 이런 영상으로 올려주시다니! 정말 감사합니다 영상 참고해서 좋은 구매할게요😍,1개
126,르포엠브이로그lepoemvlog,너무 좋아요❤️❤️❤️❤️ 스킨 로션도 전부 디파님 추천템으로 잘쓰고있는 수부지입니다 💜💜💜💜💜💜 선크림도 구매하러 고고 🤗,1개
127,선예쨔,"2020년도 선스틱, 선쿠션도 알려주세용 !!!!!",1개
128,민희이,우와ㅠㅠㅠㅠ진짜 기대하고있었어요 항상 감사해요ㅠㅠㅠㅠ ❤❤❤❤,0개
129,아이리스블룸,와 너무 좋아요 계속 힘내시라고 댓글달아요>_<♥,1개
130,YLP,선크림 찾고 있던걸 어찌 아시고....너무 감사합니다ㅜㅜㅠ,0개
131,전수민,늘 감사합니다❣️❣️❣️ 항상 열심히 참고하면서 화장품 사고 있어요. 정말 도움이 많이됩니다!!!!! 그리고 늘 너무 예뿌세요ㅎㅎ,1개
132,송현지,흑 얼마전에 선크린을 샀는데 눈이 따검고 트러블이 올라오던데.. 아쉬워요 제품이군요 디파님 영상보고 좋은 선크림 사야겠네요😅 감사해요!!,1개
133,다해,진짜..존죻,1개
134,에스제이,오 여름에 꼭 필요한 썬크림이다 ㅎㅎ 디파님 담 영상은 제모였으면 좋겠어요 여름이 가기전에 제모 꼭 해주세요....ㅜㅡ,2개
135,정지영,진짜 디파님 미모 날이 갈수록 물 오르네요ㅜㅜ❤❤,5개
136,이이이잉,하이라이터도 해주세요ㅠㅠ,2개
137,CeresK,항상 선제품은 파이님거 보고 제품 사고있어요! 감사합니다! 이번에도 선스틱도 해주시는거죠? 그럼 좋겠는데.. 헤헤 부탁드려요!,2개
138,SP,기다렸심다!! 선크림...!!!!,2개
139,JihyangKim,세상 민감하게 태어 난 줄 알았는데 평소 제가 쓰는 제품들이 저를 민감하게 한 거였다는걸 디렉터 파이님 영상 보고 알았어요... 동영상 정주행하고 너무 잘 쓰고 있습니다. 너무너무 감사합니다 ♡,1개
140,CitrusJello,this is really helpful. thank you so much!,0개
141,Jihyun,헐 선크림 사려고 알아보고 있었는데ㅠㅠㅠ,0개
142,랑파,와..선크림편 필요했는데ㅜㅜ매번 힘들게 영상 찍어주시고 감사합니다 ㅠㅠ,1개
143,유나,얼마나 기다렸다구욧!̄̈ !̄̈ !̄̈ !❤️❤️❤️좋은 컨텐츠 감사합니답♥️🥳🥳,1개
144,김사랑,진짜 감사합니다❤,0개
145,김동현,전에 로벡틴 추천하신거 보고 그거 샀는데 이번 영상의 듀이트리와 비슷한 특징을 지닌 것 같아요. 로벡틴과 듀이트리는 어떤 차이가 있나요?,0개
146,뾰뾰,카프릴릭/카프릭트리글리세라이드가 실리콘 성분이었다니..ㅠ,0개
147,RhapsodyofICE,"디파님 리뷰영상 너무너무 잘보고 있습니다.

질문이 하나 있습니다만, 지성용으로 추천해주신 TOT 싸이닉 엔조이마일드썬 에센스 제품의 경우 유기자차 '워터프루프' 제품인데, '데일리 선크림' 으로 이것만 써도 괜찮을까요?? 

폼클렌저는 추천해주신 제품중 메이크프렘 세이프미 릴리프 쓰고 있어요. 어드바이즈 부탁 드립니다 감사합니다!",0개
148,나나무62,역쉬 쵝오!,1개
149,손미유,디파언니 사랑해여❤️❤️❤️❤️❤️ 썬크림 구매해야지,1개
150,김순대Kimsoondae,"16:25 민감한 건성 홍조!! 완전 제 피부에요~ 감사합니다 ㅎㅎ
20:34 건성 가성비템ㅋ",0개
151,YURIS,일요일에 선크림 사러가는데 어떻게 아시고ㅜㅜ 감사합니당,1개
152,nemonone,이번년도에도 선크림선택에 도움주신 영상제작자분들 및 디렉터파이님 감사합니다~~~~ 역시 성분분석맛집bb,2개
153,MiranRa,디파님~ 추천영상보고 듀이트리 제품 구매했는데 지성에 가까운 복합성피부인 저한테 딱이예요~ 일단 성분 좋고 쿠션 전에 바르는데 유분감도 없고 좋아요~ 초등 아이도 닥터지 선로션으로 바꿨어요. 부드럽게 잘 발리고 양도 많네요. 어린이용 선크림 성분이 오히려 더 안 좋던데 디파님의 꼼꼼한 설명 덕분에 선크림 잘 갈아탔어욤!! 역쉬 디파님~ 감사합니다♡♡ 토너패드도 질렀숴요~ >.<,0개
154,Kim입니다,아~ 며칠전에 차앤박 썬크림 삿는데ㅠㅠ 아놔!ㅋ,0개
155,기분좋은하루,"유용한 정보는 무조건 추천임
감사합니다~",1개
156,AmyA,"진짜너무너무수고하셧어용ㅠㅠㅠ
이번에도 좋은 영상 감사합니다 너무너무유익하네요🧡🧡",0개
157,추멘쨔스,16:32 17:18 군대가서 쓰려고 하는데 피부타입이 민감지성입니다 ..저같은 경우는  무기+워터프루프 두가지를 보면되나요?,0개
158,뚱잉,진짜 완전 시의성 콘텐츠 ... 도움많이 됐습니당 감사합키당,5개
159,우크미듀,우와 ㅠ 지금 쓰던거 잘 쓰고 6월 영승 기다릴게요 선쿠션  써보고 싶어서요 ❤💜❤🍑,1개
