﻿,name,thumbnail,view,previous_time,video_url,start_date,comment,likes_num,unlikes_num,time_duration
0,"(ENG/JPN)인생샷각??루비립 메이크업(ft.루비립 챌린지,참여하고 선물받아가세요???)",https://i.ytimg.com/vi/09BOQHVTKCQ/hqdefault.jpg?sqp=-oaymwEZCPYBEIoBSFXyq4qpAwsIARUAAIhCGAFwAQ==&rs=AOn4CLATSDy6pKouhFLdFXVb92jZ0_sUUw,5.9만회,4일 전,http://www.youtube.com/watch?v=09BOQHVTKCQ,2020. 5. 29.,댓글 91개,1.4천개,30개,"
      8:11
    "
1,(ENG/JPN)얼마만에 흑발!!??같이 준비하고 흑발 염색하러가요?????♀??(GRWM+VLOG),https://i.ytimg.com/vi/sboVFIxDXsA/hqdefault.jpg?sqp=-oaymwEZCPYBEIoBSFXyq4qpAwsIARUAAIhCGAFwAQ==&rs=AOn4CLCFOYgBubalFhydaLGc01T2U2VggQ,14만회,1주 전,http://www.youtube.com/watch?v=sboVFIxDXsA,2020. 5. 24.,댓글 267개,3.4천개,42개,"
      12:53
    "
2,(ENG/JPN)엄마 나 연예인봤어????6년만에 방송출연 하는날!!???존꾸 메이크업 같이 준비해요??,https://i.ytimg.com/vi/hwuGxEz-WrI/hqdefault.jpg?sqp=-oaymwEZCPYBEIoBSFXyq4qpAwsIARUAAIhCGAFwAQ==&rs=AOn4CLDUb5j1pBkjddJqWC2sg7LYQo17lQ,11만회,2주 전,http://www.youtube.com/watch?v=hwuGxEz-WrI,2020. 5. 17.,댓글 149개,2.4천개,47개,"
      19:17
    "
3,(ENG/JPN)샤넬 원브랜드 메이크업??작은 아씨들(?)느낌의 모브핑크 메이크업??존좋템들 대량발견?,https://i.ytimg.com/vi/apvZm3oX23M/hqdefault.jpg?sqp=-oaymwEZCPYBEIoBSFXyq4qpAwsIARUAAIhCGAFwAQ==&rs=AOn4CLA1AKjg2A73EVcCYd29yJZoWEycpw,14만회,3주 전,http://www.youtube.com/watch?v=apvZm3oX23M,2020. 5. 6.,댓글 234개,4.2천개,70개,"
      25:24
    "
4,"(ENG/JPN)오랜만에 화사한 핑크코랄 메이크업 같이해요??폭풍수다 근황토크,지방시 300만원어치 선물,방송출연?!",https://i.ytimg.com/vi/NqMfLmM2QOg/hqdefault.jpg?sqp=-oaymwEZCPYBEIoBSFXyq4qpAwsIARUAAIhCGAFwAQ==&rs=AOn4CLCdITiUhmcI0lBd4wHBI60ya8Ogpw,14만회,1개월 전,http://www.youtube.com/watch?v=NqMfLmM2QOg,2020. 4. 26.,댓글 197개,3.3천개,44개,"
      19:52
    "
5,"(ENG/JPN)남자친구랑 플라워레슨 데이트vlog??(장미 백송이다발, 가로수길 맛집과 카페,엽떡 먹방)",https://i.ytimg.com/vi/8n1dK6SAzdU/hqdefault.jpg?sqp=-oaymwEZCPYBEIoBSFXyq4qpAwsIARUAAIhCGAFwAQ==&rs=AOn4CLBgyfSu-nkEk9SWy7A9HKYhYIhAMQ,12만회,1개월 전,http://www.youtube.com/watch?v=8n1dK6SAzdU,2020. 4. 16.,댓글 177개,2.9천개,39개,"
      22:33
    "
6,"(ENG/JPN) 내돈내산 랄라블라 하울&언박싱!??(바비 에디션!??스킨케어 제품,글리터,신상 쿠션 추천)",https://i.ytimg.com/vi/UdXS5sUNygw/hqdefault.jpg?sqp=-oaymwEZCPYBEIoBSFXyq4qpAwsIARUAAIhCGAFwAQ==&rs=AOn4CLAtrPLWZm4kkbFFZb2tHC37VULHuQ,9.6만회,1개월 전,http://www.youtube.com/watch?v=UdXS5sUNygw,2020. 4. 10.,댓글 196개,2천개,43개,"
      20:31
    "
7,"(ENG/JPN) 사회적 거리두기..??겟빈둥윗미 (봄옷언박싱,집데이트,컵라면,닭발먹방..)",https://i.ytimg.com/vi/YcR1p5xrGuA/hqdefault.jpg?sqp=-oaymwEZCPYBEIoBSFXyq4qpAwsIARUAAIhCGAFwAQ==&rs=AOn4CLCC5_SeuzxB2mf_KQn42s5qv4O_Pg,15만회,1개월 전,http://www.youtube.com/watch?v=YcR1p5xrGuA,2020. 4. 3.,댓글 235개,3천개,45개,"
      25:12
    "
8,"(ENG/JPN)??이사한집에서 처음으로 같이준비해요??(요즘 빠진 핑크모브, 보습 스킨케어, 존예탱구리 블러셔)",https://i.ytimg.com/vi/uuYqWhuqmRc/hqdefault.jpg?sqp=-oaymwEZCPYBEIoBSFXyq4qpAwsIARUAAIhCGAFwAQ==&rs=AOn4CLCF16ilzPVmHkjSuIBMmGvYZQ-NVA,15만회,2개월 전,http://www.youtube.com/watch?v=uuYqWhuqmRc,2020. 3. 27.,댓글 267개,3천개,73개,"
      26:07
    "
9,(ENG/JPN)롬앤 원브랜드 메이크업 ??키치무드 인간 체리 메이크업??,https://i.ytimg.com/vi/F_qxnUGzAlA/hqdefault.jpg?sqp=-oaymwEZCPYBEIoBSFXyq4qpAwsIARUAAIhCGAFwAQ==&rs=AOn4CLDIhLQn0moq6cOv6p4Xs9T7oBWmTA,20만회,2개월 전,http://www.youtube.com/watch?v=F_qxnUGzAlA,2020. 3. 20.,댓글 334개,6.4천개,68개,"
      18:51
    "
10,(ENG/JPN)클리오 원브랜드 메이크업??청순여리 코랄 메이크업 l CLIO one brand make up,https://i.ytimg.com/vi/2KcR7oAuDu8/hqdefault.jpg?sqp=-oaymwEZCPYBEIoBSFXyq4qpAwsIARUAAIhCGAFwAQ==&rs=AOn4CLCcSyKTgiU2XF0tpbjRsQT8cCX4Yg,32만회,2개월 전,http://www.youtube.com/watch?v=2KcR7oAuDu8,2020. 3. 12.,댓글 480개,7.7천개,101개,"
      26:31
    "
11,(ENG/JPN SUB)브릿지 염색하는날 같이준비해요! (+짧은 브이로그까지???♀),https://i.ytimg.com/vi/X0VlGq_POtU/hqdefault.jpg?sqp=-oaymwEZCPYBEIoBSFXyq4qpAwsIARUAAIhCGAFwAQ==&rs=AOn4CLDhQ2PmnAuLjMoMQCvwZa6O5-n81g,34만회,2개월 전,http://www.youtube.com/watch?v=X0VlGq_POtU,2020. 3. 5.,댓글 370개,6.6천개,84개,"
      12:58
    "
12,(ENG/JPN SUB)더운느낌?누디 베이지 메이크업! 발리에서 같이 준비해요(+시술정보에 관한 내 생각..????),https://i.ytimg.com/vi/9fW-AZ4TALM/hqdefault.jpg?sqp=-oaymwEZCPYBEIoBSFXyq4qpAwsIARUAAIhCGAFwAQ==&rs=AOn4CLCxNPrk-1uGligfhSb8gxCmHzcFFA,20만회,3개월 전,http://www.youtube.com/watch?v=9fW-AZ4TALM,2020. 2. 28.,댓글 176개,3.8천개,71개,"
      15:12
    "
13,(재업??)(ENG/JPN SUB)영기 야엘 송이와 우당탕탕 같이준비해요???♂???얼짱(?)시절 tmi 대방출 ㅋㅋ입술필러 정보..?,https://i.ytimg.com/vi/jQD5q85YfSk/hqdefault.jpg?sqp=-oaymwEZCPYBEIoBSFXyq4qpAwsIARUAAIhCGAFwAQ==&rs=AOn4CLAdshAOQDYZ9BKiIy5nAOc2hefNEA,54만회,3개월 전,http://www.youtube.com/watch?v=jQD5q85YfSk,2020. 2. 20.,댓글 550개,6.2천개,124개,"
      16:26
    "
14,"(JPN/ENG/IDN)(Q&A)요청폭주 커플 큐엔에이! 첫만남, 결혼계획, 커플채널 등등...)",https://i.ytimg.com/vi/OZ77fZnpp1E/hqdefault.jpg?sqp=-oaymwEZCPYBEIoBSFXyq4qpAwsIARUAAIhCGAFwAQ==&rs=AOn4CLA3S72b4zzwQFp6mqvRtR2bIvq1Cg,66만회,3개월 전,http://www.youtube.com/watch?v=OZ77fZnpp1E,2020. 2. 12.,댓글 675개,7.5천개,174개,"
      25:01
    "
15,"[12월 송살이]새벽탈출, 망년회 (with 영기,야엘,아라), 스키장, 크리스마스 여행,신년 해돋이(JPN/ENG/IDN SUB)",https://i.ytimg.com/vi/ZYxFeoIw5B8/hqdefault.jpg?sqp=-oaymwEZCPYBEIoBSFXyq4qpAwsIARUAAIhCGAFwAQ==&rs=AOn4CLDNqkGnyP482QLxWRsjhs1YLJyNdA,13만회,3개월 전,http://www.youtube.com/watch?v=ZYxFeoIw5B8,2020. 2. 5.,댓글 117개,1.9천개,32개,"
      12:13
    "
16,?눈물콧물주의..?맵찔이 남친이랑 원칩챌린지 도전!!제발 하지마세요..(JPN/ENG/VNM/IDN),https://i.ytimg.com/vi/8WjdJ_F96OQ/hqdefault.jpg?sqp=-oaymwEZCPYBEIoBSFXyq4qpAwsIARUAAIhCGAFwAQ==&rs=AOn4CLBmv_gaEK-STkF1J3iAgQHLzbGjnQ,20만회,4개월 전,http://www.youtube.com/watch?v=8WjdJ_F96OQ,2020. 1. 29.,댓글 377개,3.5천개,96개,"
      15:17
    "
17,"(ENG/IDN/JPN)요청많았던 관리의날 vlog 1탄! (모카브라운 염색, 혈관레이저, 리프팅 홈케어,패디큐어)",https://i.ytimg.com/vi/ze949-ZLtqk/hqdefault.jpg?sqp=-oaymwEZCPYBEIoBSFXyq4qpAwsIARUAAIhCGAFwAQ==&rs=AOn4CLAu4vq8tvj3DbK5vpz54mbop8elpQ,15만회,4개월 전,http://www.youtube.com/watch?v=ze949-ZLtqk,2020. 1. 22.,댓글 205개,2.2천개,76개,"
      21:14
    "
18,"(ENG/JPN/IDN)남자친구와 저세상 동묘 데이트??vlog (구제쇼핑, 샘플세일, 매운족발)",https://i.ytimg.com/vi/cDPKje_6deQ/hqdefault.jpg?sqp=-oaymwEZCPYBEIoBSFXyq4qpAwsIARUAAIhCGAFwAQ==&rs=AOn4CLCDSLUvAb6tCfxIxk8v4zEQP4j41g,14만회,4개월 전,http://www.youtube.com/watch?v=cDPKje_6deQ,2020. 1. 15.,댓글 144개,2.3천개,33개,"
      16:32
    "
19,(ENG/JPN/IDN)요청 많았던 뽀송??니트메이크업??반말로 같이준비해요!(+간단하게 증명사진 메이크업까지 !),https://i.ytimg.com/vi/I_ZRMaOBtZ4/hqdefault.jpg?sqp=-oaymwEZCPYBEIoBSFXyq4qpAwsIARUAAIhCGAFwAQ==&rs=AOn4CLDozuhr-CRYgM43uhbs8TiA9WyN_A,21만회,4개월 전,http://www.youtube.com/watch?v=I_ZRMaOBtZ4,2020. 1. 10.,댓글 243개,4.6천개,80개,"
      14:57
    "
