﻿,youtube_id,comment,like_num
0,ssin씬님,"[4월씨딩 화장품정보]

[BVLGARI] Omnia Golden Citrine Eau Ce Toilette 126,000 w
[불가리] 옴니아 골든 시트린 오 드 뚜왈렛

[LUSH] Bubble Bars & Bath Bombs
[러쉬] 버블 바 & 배쓰 밤

[LANEIGE] Water Bank Hydro Essence 40,000 w
[라네즈] 워터뱅크 하이드로 에센스

[LAGOM] Revive Essence Toner 30,000 w
[라곰] 리바이브 에센 토너

[COSRX] Pure Fit Cica Toner 20,000 w
[코스알엑스] 퓨어 핏 시카 토너

[COSRX] Pure Fit Cica Serum 23,000 w
[코스알엑스] 퓨어 핏 시카 세럼

[COSRX] Pure Fit Cica Cream 25,000 w
[코스알엑스] 퓨어 핏 시카 크림

[KLAVUU] Green Pealsation PHA Calming Serum 24,000 w
[클라뷰] 그린 펄세이션 파하 카밍 세럼

[KLAVUU] Green Pealsation PHA Calming Toner 21,000 w
[클라뷰] 그린 펄세이션 파하 카밍 토너

[ACWELL] Betaglution Ultra Moisture Toner 28,000 w
[아크웰] 베타글루션 초보습 토너

[ACWELL] Betaglution Ultra Moisture Milk Oil 30,000 w
[아크웰] 베타글루션 초보습 밀크 오일

[ACWELL] Betaglution Ultra Moisture Cream 34,000 w
[아크웰] 베타글루션 초보습 크림

[HOLIKA HOLIKA] Goldkiwi Vita C+ Brightening Serum 28,000 w
[홀리카홀리카] 골드키위 비타 씨플러스 브라이트닝 세럼

[LE’NUBELE] Essential Moisture W Cream 35,000 w
[르누베르] 에센셜 모이스쳐 더블유 크림

[BE READY] Supermild Sun Primer 20,000 w
[비레디] 슈퍼마일드 선 프라이머

[BE READY] Level Up Foundation #02 Ryan 20,000 w
[비레디] 레벨 업 파운데이션 #02 라이언

[BE READY] Puff For Level Up Foundation 5,000 w
[비레디] 레벨 업 파운데이션 전용 퍼프

[BE READY] Pride Up Eyebrow For Heroes #Dark Brown 10,000 w
[비레디] 프라이드업 아이브로우 포 히어로즈 #다크브라운

[BE READY] Wake Up Vitalizing Lip Balm 10,000 w
[비레디] 웨이크 업 생기 립밤

[BE READY] Mood Up Eye Palette For Heroes 20,000 w
[비레디] 무드 업 음영 아이 팔레트 포 히어로즈

[BE READY] Mood Up Dual Eyeshadow Brush 10,000 w
[비레디] 무드업 듀얼 아이 섀도우 브러시

[ETUDE HOUSE] Double Lasting Cushion Glow #N21 20,000 w
[에뛰드하우스] 더블 래스팅 쿠션 글로우 #N21

[BVLGARI] Perfecting Foundation 70,000 w
[설화수] 퍼펙팅 파운데이션

[CONCHIC] Allday Cover Cushion Black 38,000 w
[컨시크] 올데이 커버 쿠션 블랙

[CONCHIC] Classic Multi Palette #02 Classic Rose 45,000 w
[컨시크] 클래식 멀티 팔레트 #02 클래식 로즈

[CONCHIC] Unique Eye Palette 32,000 w
[컨시크] 유니크 아이 팔레트

[CONCHIC] Allday Fit Eyeliner 38,000 w
[컨시크] 올데이 핏 아이라이너

[CONCHIC] Allday Fit Coating Mascara 22,000 w
[컨시크] 올데이 핏 코팅 마스카라

[CONCHIC] Color Mark Intense Lipstick 20,000 w
[컨시크] 컬러 마크 인텐스 립스틱

[TCFS] Artclass By Rodin Shading 16,000 w
[투쿨포스쿨] 아트클래스 바이로댕 쉐딩

[TCFS] By Rodin Finish Setting Pact 16,000 w
[투쿨포스쿨] 바이로댕 피니쉬 세팅 팩트

[TCFS] By Rodin Highlighter 17,000 w
[투쿨포스쿨] 바이로댕 하이라이터

[TCFS] By Rodin Blusher 17,000 w
[투쿨포스쿨] 바이로댕 블러셔

[UD] Wired Palette 57,000 w
[어반디케이] 와이어드 팔레트

[UD] Moondust Glitter Liquid Face & Body Illuminizer 45,000 w
[어반디케이] 문더스트 글리터 리퀴드 페이스 앤드 바디 일루미나이저

[UD] Eyeshadow Glitter 25,000 w
[어반디케이] 아이섀도우 글리터

[AMUSE] Sparkling Jelly #Champagne 17,000 w
[어뮤즈] 스파클링 젤리 #샴페인

[AMUSE] Cheek Bouquet #1 Marmalade 38,000 w
[어뮤즈] 치크 부케 #1 마멀레이드

[AMUSE] Sparkling Jelly #Champagne 17,000 w
[어뮤즈] 스파클링 젤리 #샴페인

[AMUSE] Dew Tint 20,000 w
[어뮤즈] 듀틴트 8종

[AMUSE] Light Matt #106 34,000 w
[어뮤즈] 라이트 매트 #106

[RAREKIND] Mix & High #3 Brown 30,000 w
[레이카인드] 믹스앤 하이 #3 브라운

[YSL] Tatouage Couture Velvet Tint 47,000 w
[입생로랑] 따뚜아쥬 꾸뛰르 벨벳 틴트",112개
1,세이소,언니 이 시리즈 절대 없애지마요 ㅠㅠㅠㅠㅠㅠ 이거 보면서 밥먹는게 내 행복한 일상이라구,568개
2,잡식녀투디쓸디,언니가 이제 등산유튜버인지 속옷유튜버인지 아니면 루키 집착녀인지 헷갈리기 시작해요......,403개
3,노아,0:56 완전 좋은 팁 알아갑니다ㅋㅋㅋㅋㅋㅋㅋㅋㅋㅋ대박이야 정말ㅋㅋㅋㅋㅋㅋㅋㅋㅋㅋㅋㅋㅋㅋㅋ,219개
4,유초연,오 씨딩영상 너무 좋아요ㅜㅜㅜㅜㅜㅜ 속옷이랑 같이 최애컨텐츠...,75개
5,내이름은비만살이쪘죠,우워ㅠㅠㅠㅠㅠ언니가 21호를 쓰다니!!! 21호라니!!! 우리언니 25호일때가 엊그제같은데 언니 언제 이렇게 하얘진거야!?! 으어 언니 이럴순 없어 빨리 25호 메이크업 해죠이이이ㅣ잉이잉,78개
6,민지,0:56 난 무슨 썸넬보고 마카롱인줄알았더니 ...ㅋㅋㅋㅋㅋㅋㅋㅋㅋㅋㅋㅋㅋ 컵케익일줄이야,49개
7,차진영,"1:34 이제 씬님한텐 호텔에서까지 연락이 오는데,,",67개
8,망망,헠ㅋㅋㅋㄱ컵케잌 저렇게 먹는거구낰ㅋㅋㅋㅋㅋㅋ2n년간 헛살았네ㅋㅋㅋㅋㄱ,46개
9,최유리,"5:20 
..너무 귀엽다 몇 번째 돌려보는지 모르겠다
만날 봐야지 ㅆ",74개
10,채식냥이,이렇게 점점늘어 12월시딩영상은 1시간짜리가되었ㄷ..,46개
11,파프리카PAPRIKA,이 영상이 올라올 때마다 좋은데 너무 싫어요.... 아니 벌써 한달이 갔다고?!?! 이런 느낌...,30개
12,사랑이가득한올라프를사랑해,17:09 헐 대박...,40개
13,봄봄,없애버리고싶어ㅋㅋㅋㅋㅋㅋㅋ 속마음 나온거 개웃기닼ㅋㅋㅋ,9개
14,SJDianaYoon,"투쿨포스쿨 “드 진저” 블러셔 어떻게 활용해야할까..너무 색이 진한 것 같은데 햇는데...씬님이 하니까 찰떡.. 완죠니 가을가을한 분위기네유 낙엽이 볼에잇네

🍂2020 F/W에 
🍂돌쇠반다나랑 드진저 블러셔 열풍 예상",9개
15,JH,13:23 명가 하는데 표정이랑 말투랑 너무 부처같은거 아닌가욬ㅋㅋㅋㅋㅋㅋㅋㅋㅋㅋㅋ취저,17개
16,사랑이가득한올라프를사랑해,18:04 처음치고 ㅇㅈ.ㅋㅋㅋㅋ,13개
17,사랑이가득한올라프를사랑해,19:35 갑분 감사합니다.ㅋㅋㅋ,10개
18,문서영,1:00 ㅋㅋㅋㅋㅋㅋㅋㅌㅌㅌㅋㅋㅌㅌㅋㅋ,3개
19,사랑이가득한올라프를사랑해,4:05~ 어디까지 닦으시는거죠?ㅋㅋㅋㅋ,13개
20,암낫언엠티멜론,"언니ㅠㅠㅠ 오늘도 농협은행🏦
아아아유ㅠ 언니ㅠㅠㅠ 저거 라네즈 나 너무 갖고 싶던건데ㅠㅠ 학생이라 사지도 못했다요ㅠㅠ 너무 갖고싶어유ㅠ😭 언니가 너무 부럽다요ㅠㅠㅠ 요즘에 집에서 언니 영상 몰아보거나 코빅 몰아보는데 이용진->이진호-> 현재 황제성이라서 말투가 이렇다요 이해해주시람둥♡",3개
21,coeyunhyi0815,"요즘에 언니가 점점 더 좋아지고 이써요,,, 입덕 초기보다 100배는 더 좋아진거 같아요ㅠㅠ 언니 요즘 언니 숏컷 그리워서 그런데 자르라하기에는 장발도 너무 이쁘고 숏컷 메이크업 해주세요ㅜㅜ 드레스 메이크업두요 존버할게요🙏🙏❤",2개
22,사랑이가득한올라프를사랑해,씬님 팬분들 모두 코로나 조심하구 앞으로도 씬님 마니 사랑하자구요♡,10개
23,요호포로리,아 입생틴트사고싶다 ㅋㅋㅋㅋ씬님 어뮤즈 발색하고 다음제품 보여줄 때 손에 발색남아있는거보고 빵터짐욬ㅋㅋㅋㅋㅋㅋㅋㅋ,3개
24,사랑이가득한올라프를사랑해,2:51 시카트랫흐 시카트랫스 따라해보앗어요.ㅎㅎㅋㅋㅋㅋ,2개
25,이름성,17:25  결국 팔 못지우셨어ㅋㅋㅋㅋㅋㅋ,1개
26,김가빈,진짜 볼때마다̆̎ 느끼는거지만 너무 매력적이에요🙆🏻‍♀️🙆🏻‍♀️,6개
27,응애,ㅋㅋㅋㅋㅋㅋㅋ아ㅋㅋㅋ곤지암에서 안터질수가 없다ㅠㅠㅠㅋㅋㅋ,0개
28,이윤정,언니 너무 보고싶었어요ㅠㅠ❤️😳,3개
29,황진우리,너무 이쁘시다ㅠㅠ,1개
30,BoPilNaHyeKim,씨딩영상 볼 때마다  참고하고 리스트에 작성하고  구매해서 사용하고 있어요. 항상 좋은 영상을 올려 주셔서 고맙습니다.,1개
31,랑말,씨딩뷰티 넘 조아여ㅜㅜㅜㅡ편하게 쓱 보기 좋아용❤,0개
32,수으잉,1:25 씬언니 직업 오조오천만개 중 한개 등산유튜버ㅋㅋ,0개
33,권귤귤Lucca,씬님 언박싱 마음에 드는거 꺼낼 때마다 눈커지는거랑 오~하는 표정이 귀여워서 두번씩 돌려봐용ㅋ,1개
34,coeyunhyi0815,내가 이럴줄 알았어..... 설마 또 나도 모르게 언니가 영상 올린거 아니야? 했는데 또야 또... 언니 나 좀 혼내줘요 제발.. 정신 좀 차리게 제일 사랑하고 기다리는 언니가 올리는 완벽한 영상을 맨날 늦으니.. 제발 따끔하게 혼내중셍ㅇ요 ㅠㅠ,1개
35,사랑이가득한올라프를사랑해,12:53 꺄아 키스 조아♡,0개
36,이승아,"듀틴트ㅋㅋㅋㅋㅋ착색봐 에뛰드  입생로랑 틴트색깔진짜이뻐 ㅜㅜㅜㅜ
에뛰드 쿠션사러 가야겟네용 :)",0개
37,V세리,시작 언니 헤어밴드 수건 둘러 놓은줄 알았담...,0개
38,Dananeul,Cica는 Centella asiatICA 의 줄인말이에요!,1개
39,YeseoLee,씬님!! 이번에 맥에서 썸머에디션으로 브론징 컬렉션이 나왔다고 하는데 전색상리뷰랑 메이크업 보여주세요오❤️,2개
40,성예지,배쓰밤 여름에 바다 가서 놀고 바다보이는 욕조에서 쓰면 좋아요! 저는 삼척해수욕장 리조트에 머물렀는데 아주 노곤노곤 힐링됩니다,0개
41,Whasauboam봄봄레드벌벳봄봄,이 언니는 진짜 선물로 줘도 너어무 좋지 않으면 칭찬 안해줌....진짜 최고 브라...아잇 아니 뷰티 유튜버..ㅎㅎ,0개
42,안성빈,키쮸마쿠를 어디에 할라나~~~~~ 응 내손......,1개
43,쑈징,0:15 넘호 귀엽자나여 언니ᆢ!,0개
44,이수민,저 언니 씨딩 영상만 기다려요.... 영상 길이도 길고 재미도 옴총나고 ㅠㅠㅠ 진짜 너무 재밌잖아요! 평생 씨딩영상 만들어줘요ㅠㅠㅠㅠ,1개
45,뇽뇨뇨,17:51 깜짝이야ㅋㄹㅋㄹㅋㄹㅋㄹㅋㄹㅋㄹㅋㄹㅋ,0개
46,정다빈,ㅋㅋㅋㅋㅋ아 오늘 왜케웃기지 ㅌㅌㅋㅋㅌㅋㅋㅋㅋㅋㅋ 실실웃으면서 봤어요 ㅋㅋㅋ조선백잨ㅋㅋㅋㅋㅋ,0개
47,JuneJuly,와 보다가 사는거 참았는데 입생에서 무너졌다 색깔 뭐야 ㅠㅠ,0개
48,MichelleOzawa,"안녕하세요 씬님! All the stuff you got was super interesting and cool! Do you think you could recommend a good and affordable all in one toner/essence? My mother had wanted to try skincare, but felt she was too old to start or didn’t have the time to do all the steps. I think it would be most ideal if she had a routine of 2-3 steps? Cleanse, toner/essence~",0개
49,선홍,아...씨딩...넘...좋아영...대리만족..체공체공.. 전부 보여주시면 좋지만 힘드시면 일부만 보여주셔도... 황송..,0개
50,AshleyKIM,"첫댓글 올려요!! 언니 너무 잘 보고잇어요~ 영상보다가 생각난건데 뽑기 같은걸로 고딩들, 국제학교애들포함, 뽑아서 메이크오버하는 영상들도 올려주시면 잼있을꺼같아요~~~ 제가 초대되면 더더욱 좋구여 <333 언니 ㅅㄹㅎ요~~!!!!",0개
51,고은,1:31 욕조가 없어요....ㅋㅋㅋㅋ앜ㅋㅋㅋㅋㅋㅋㅋㅋㅋㅋㅋ,0개
52,소스,오늘 시딩영상 보면서 다음거 언제올라오나!!!! 했는데 오늘 올라와서 선물받은 기분 오예잉~~,0개
53,한유유,조공..같은 건가 ㅎㅎㅎ 씬님에게 조공을 드리옵나이다~,4개
54,화연HY,저만 씬님이 화장품 종류별로 순위 매겨주시는거 원하나요ㅠㅠ 쿠션같은거 살때 너무 갈등되서 씬님 추천받고싶은데 한번 해주세요!!ㅠㅠㅠㅠ,0개
55,ImGreen임글,요즘은 진짜 이런 제품소개하는 영상이 너무 좋은거 같아요 ㅎㅎ 재밌어요 ><,0개
56,데이지,0:21 ㅎㅎㅎ협찬이와서 좋다는건짛ㅎㅎㅎ싫다는건짛ㅎㅎㅎㅎㅎ,1개
57,SJDianaYoon,"이 시리즈 내사랑🐻💜

속옷브랜드들머하시죠🌱? 
매월속옷씨딩제품들도 당쟝보내주세효🐻🐻",3개
58,청경,언니 화장품 부시기 영상 리액션하는거 보고 싶어여.,1개
59,JooHeek,"씬님 진짜진짜 궁금하고 눈이 계속 가서용 
혹시 손톱에 어떤 제품 바르신건지(or 붙이신건지) 알려주실 수 있나요? 너무 예뻐요ㅜㅜ",0개
60,Dawin,ㅋㅋㅋㅋㅋㅋㅋㅋㅋㅋㅋㅋㅋㅋㅋㅋㅋㅋㅋ 씬님 씨딩 제품 많다고 중얼거리는게 왤케 웃기죠 ㅋㅋㅋ 남성 화장품 제품도 궁금한게 많아서 씬님 화장하시는거 보면서 어두운톤 제품이나 규진님 화장시켜주시는거 보면서 나온 제품들을 잘 살펴 봤었는데 오늘은 남성화장품이 딱 패키지로 나와서 좋네요! 오늘도 잘 보고 갑니다~,0개
61,연희박,아진짜ㄹㅇ부럽다,1개
62,나기뻐GIBBEO,오 생각보다 메이크업 잘하시네요! 속옷유튜버 치고 카메라 화질도 좋고 조명도 화사하네요!!,0개
63,야구르트,설명 너무 귀에 쏘옥 박히는것...,0개
64,손모리,곤지암 아님ㅋㅋㅋㅋㅋㅋㅋㅋㅋㅋㅋㅋㅋㅋㅋㅋㅋ개터졌네요ㅋㅋㅋㅋㅋ,0개
65,최유영,씨타틋히쓰 발음 너무 독일어같은데옄ㅋㅋㅋㅋ,0개
66,김돼지,하..방금 집에침범한 풍댕이개쒴키땜에 놀란마음 20분동안 달래보겠어..,1개
67,현혜선,오늘 리뷰제품중 마음에 드는 제품으로 화장해주세요~~❤️❤️❤️❤️,0개
68,SeonJu,아니 제품에 눈이 안가고 ㅠㅠ 언니 피부에 눈이가요 왜그렇게 피부가 좋으신가요 ㅠㅠㅠ비결이 무엇인가요 너무 부럽습니다 ㅠ,1개
69,박요염의모이스춰팩,언니 이번 영상에 미니씬님 왤케 예쁜거져,0개
70,인간사람,마카롱인줄 알고 들어왔는데ㅋㅋㅋㅋㅋㅋ 컵케이크 반 갈라 겹친거 구나ㅋㅋㅋ,0개
71,샤원,한번 영상이 밀리니 계속 밀릴 것 같은 이 느낌적인 느낌ㅋㅋㅋㅋㅋㅋㅋㅋㅋ갑자기 영상 보다보니 생각 나는 게 음식 만드는 걸 배우는 영상도 보고 싶다는 생각이 드네욬ㅋㅋㅋㅋ요즘 언니 요리 하는 데에 재미들이신 것 같은 느낌적인 느낌 뭔가 제가 제과제빵은 조금 할 줄은 아는데 즈어도 레시피는 보고 해야하는 지랔ㅋㅋㅋㅋㅋㅋ네일 똥파리색ㅋㅋㅋㅋㅋㅋㅋㅋㅋ립 발색에서 빵 터지네욬ㅋㅋㅋㅋ첫 발색 할때만 봐도 그러려니 했는데 두번째도 발색이 짱짱여서 빵터지네욬ㅋㅋㅋㅋㅋㅋㅋ,0개
72,HYOBBANG,"씬님 영상 나오길 맨날 기다려요 재밌어서...ㅎㅎㅎㅎㅋㅋㅋ 그나저나 머리끈,,,,너무 귀여운거 아니에요?!?!",0개
73,뭘봐,씬님 이영상 너무 좋아요 이거보고 산 제품들이 벌써 3개나 되요,0개
74,눕눕,멍하니 보다가 목까지 닦는거 보고 빵 터짐ㅋㅋㅋㅋㅋㅋㅋㅋㅋㅋㅋㅋㅋㅋㅋㅋㅋㅋㅋㅋㅋㅋㅋㅋㅋㅋㅋㅋㅋㅋㅋㅋㅋㅋㅋㅋㅋㅋㅋㅋㅋ아주 자연스럽군욬ㅋㅋㅋㅋㅋㅋㅋㅋㅋㅋㅋㅋㅋㅋㅋ,0개
75,박민아,오.....씨딩영상넘재밌네 ㅎㅎㅎ,0개
76,뷰티바라기,"씬님 언니 이 영상 너무 좋아요~~~✌️ 
저도 욕조가 없어서ㅠㅜㅜㅜㅜ입욕제 사용도 못하고 있네요ㅠㅜㅜㅜㅜ",0개
77,SoojaeLee,와 언니 어뮤즈 치크 진짜 잘 어울려요!!!  비레디 아이브로우 뽐뿌오네요ㅋㅋㅋ....,0개
78,린하,언닌 뷰티크리에이터인데 맨날 네츄럴 씬을 보여줘옄ㅋㅋ 고마워여,0개
79,원재현,"아나진자 8시부터 딱공부할랬는데.,.,하..;;언니때문에..,아...사랑해요🤭💜💜💜💜💜",0개
80,alomsh,ㅋㅋㅋ 어뮤즈 진짜 안지워지네요 신기할정도,0개
81,아우라MAURAM,헛....조회수 1이에요...복권사야지...........♥,1개
82,보름달,언니 오랜만에 핑크로 도배해서 화장해줘요ㅜㅠ💗,0개
83,권가영,"씬님 영상 퀄리티 진짜,,, 너무 조오타,,,,,,",0개
84,시안,반얀트리 호텔가요!! 거기 방마다 있는 큰 욕조?풀?있어요!!,0개
85,전윤서,왕 영상이당,0개
86,요호포로리,속옷 시딩은 안오나요??ㅋㅋㅋㅋ,0개
87,kaileyk,으읍쎄버리고 싶어ㅇ....ㅋㅋㅋㅋㅋㅋㅋ,0개
88,히히주,사각사각사각사각...ㅋㅋㅋㅋㅋㅋ맴돌아여,0개
89,anscofls,알림 뜨자마자 바로 달려왔어요 이렇게 빨리온 적 처음이야...,0개
90,고양이고양이,오!!💜,0개
91,너모조아,벌썻.. 씬님 영상을 본지도 5년.. 한때는 뷰튜버 씬님이 이젠 속옷 유튜버로 변해버렸ㄸr..,0개
92,사랑이가득한올라프를사랑해,레어카인드에서 이 영상을 싫어할까봐 걱정되요..괜찮아요? 언니?그냥 막 넘어가두?,0개
93,루화,ㅋㅋㅋㅋㅋㅋㅋ 포인트 욕조가 없어요..ㅋㅋㅋㅋㅋㅋ 앜ㅋㅋㅋ슬퍼라 ㅋㅋㅋㅋㅋ,0개
94,KindZoo,많이 도움이 됩니다! 씨딩 컨텐츠 좋아요,0개
95,파송송알맹이,영상올라왓똬 오늘도 잘 볼게용,0개
96,Chelsea,언니 고생이자나여ㅠ 그래두 덕분에 여러가지 한번에 구경햇서여! 팔 착색.... 힘내요 ㅠ♡,0개
97,현한나,사각사각사각ㅋㅋ곤지암아님ㅋㅋㄲ,0개
98,최유정,언닝 입생틴트 최애 컬러 뭔가유 ?,0개
99,심민경,씨딩 시리즈 보면서 밥먹으면 밥맛이 더 좋더라구요ㅎㅎ,0개
100,사랑이가득한올라프를사랑해,입생 사러가야겟어요...,0개
101,제이제이심즈JJSims,이영상보고 에뛰드쿠션 바로 샀어요 ㅋㅋㅋ,0개
102,Dea,옷 1등인가,0개
103,식후깡,역시 속옷유튜버 씬님 뷰티도 정말 잘하세요,0개
104,지민쒜,언니 나도 하트 줘요 언니의 사랑이 고프다,0개
105,trkmanjk,"I'm from TURKEY...
We expect you to TURKEY...
We love you so much...
❤❤☺☺☺☺",2개
106,Verygood,입생로랑 따뚜아쥬 꾸뛰르 벨벳 틴트 #212번 이뻐요! 씬님 힘내세요ㅠㅠㅠㅠ 저번 프랑스어 영상 잘봤어요ㅠ 씬님 목소리 개꿀잼❤❤ 얼굴은 저보다 작아욬ㅋㅋㅋㅋㅋㅋㅋㅋㅋㅋㅋㅋㅋㅋㅋㅋ,0개
107,신보람,이 시리즈를 보면서 시간의 흐름을 느껴요... 벌써 4번째라니요ㅋㅋㅋ,0개
108,냐옹,뭐라고 댓을 달면 베댓이 될 수 있을까요,0개
109,SooYummy수야미,아기다기고기다리던 씨딩영상 !!!!! 꿀잼 🤟🏻 언니오늘 네일 넘 이뻐요 ㅎㅎ,1개
110,사랑이가득한올라프를사랑해,끄앙 빨리 돌아오셨네요♡♡♡,0개
111,박재숙,"씬님 예뻐요♡
피부 트러블이 없으신가봐요",0개
112,곤듀발레하는언니,기초대잔치네요. 씬님이 힘들어도 보는 우리는 씨딩 콘텐츠 넘나넘나 좋은 것♡ 없애지마요마요,0개
113,박주연,오 드디어 먹을것도 왔군요!!!,0개
114,nayeongkim,씬 사랑해 ㅠ평생 유튜브해조요,0개
115,호호,"사각사각사각사각 샤갹샤갹샤갹샤갹~
(ㅋㅋㅋㅋㅋㅋ 뿜었어요ㅋㅋ)",0개
116,유정,말이 아주 천상유수셔~,0개
117,forever11,영상보자마자 명화인 베르메르의 진주 귀걸이를 한 소녀인 줄 알았습니다.,0개
118,지토리,씬님은 영상 질이달러... 엄청나...대단해...,0개
119,진우,이쯤되면 진짜 언니 사무실 구경해보거 싶어요,0개
120,은지,드디어!!!! 개쥬아,0개
121,coeyunhyi0815,언니 나레이션 씬언니 스타일 최고예요.. 고급미가 철철 언니 얼굴만 봐도 살빠졌어요..ㅠㅠㅠ 더 이쁘긴하다❤,0개
122,하하,3:30,1개
123,조인화,언니 오늘 헤어밴드 진주귀걸이 잠시 뺀 진주귀걸이를 한 소녀 같아용 귀요웡,0개
124,LucyK,18:20 화난고양이😾,0개
125,이다은,잉?,0개
126,엄규빈,씬님 처음에 귀걸이 어디갔어!! 이러고있었는데 갑자기 생겼어ㅋㅋㅋㅋㅋ❤🤣❤,0개
127,조은재,"언늬 난 이 씨리즈 넘 조와 매달 뷰티잡지 공짜로 보는 기분이야 sns도 잘 안하고 문찐이라 소식에 느린편인데 이거덕분에 매달 업데이트하고있어 필요한거 있으면 이거 참고해서 사고 그래

 말나온김에 내 픽은 1/홀리카 키위앰플 2/그다음에 나왔던 수분크림 3/아모레 남성용 브로우 4/어반디케이...? 였나 여튼 마데카솔광 섀도우 키위앰플이랑 섀도우는 반드시 살거고 나머지는 돈남으면 사야즤~~

온니 지금 나 늦게 밥먹는데 진라면에 찬밥 말아서 오이지랑 호로록 먹고 초코마루 한컵 뿌셨서 이거 보기전에는 나무꾼언니 영상 봤는데 언니가 문어에 와인 얘기해서 나 지금 맥주 땄자나-- 문어숙회에 와인 미쳤네 왜 난 여태까지 소주만 고집했을까 빌라엠에 문어 미쳤엉 지짜 

머 음..여튼... 영상 유익하다구~~~~~❤ 잘보구있다구💘 나 언니 파데 갑오브갑할때부터 알았는데 실물로본적은 한번도 없네.. 언제 언니 함 보러가께💕 그때까쥐 잘 지내긔💟💟💟",0개
128,김서영,미니씬 점점 고급진 미니씬으로 바뀌어가네용 예전 미니씬은 편집 다 하고 마지막 녹음만 남아있을때 하..이제 미니씬만 찍으면 된다...빨리 끝내고 지야지...하...이런 초최한 과제 밤샘하는 언니느낌이였는뎈ㅋㅌㅋㅋㅋ진짜 너무 귀여웠어요!!💓 이제는 미니씬 없으면 허전할 것 같아요!!ㅠㅜㅜㅜ,0개
129,빠다코코넛,이제 슬슬 속옷회사에서 씨딩이 올때가 되었는데...🤔,0개
130,퐁퐁이,없애버리고 싶다는 말을 들은 것 같은데 기분탓이겠짘ㅋㅋㅋㅋ,0개
131,piojia,리뷰 너무 최고에요 평생해주세요 ㅋㅎㅋㅎㅋㅎㅋㅎㅋㅎ,0개
132,해인,히힉 이번에 코스알엑스 시카 라인 너무 사고 싶어지는데 속건조 심한데 바르면 촉촉한가요??,0개
133,숭구리당당숭당당,언니 욕조 없으시면 간이욕조 그런거 함 사보세용 좋다던뎅 영상 잘 봣어용ㅇ❤️,0개
134,yenachang,00:20 19:28 멘붕이 여기까지 느껴진다...😂,3개
135,이지은,"저 어반 팔레트 초록 쉬머 섀도우 완전 씬님 드레스 색,, 조녜,,,,,!!!!!!!!!!!",0개
136,민송월,언니 왤케 딕션도 조아 래퍼해바요... 거이 모 랩하시네 와우 발음 어려운거 톼다다닥 하는데 발려 흑흐ㄱ,0개
137,JUBEE,솔직하고 귀여운 언니♡♡요즘 점점이뻐지네용 ㅎㅎ,0개
138,우린,오옷,0개
139,양궁밍서,언니 너무죠항ㅎㅎ,0개
140,안지은,제가 가장 애정하는 컨텐츠...💕,0개
141,아닉네임할게없네,설화수  나이 많으신 분들이 쓰시는 브랜드 아닌가 하는 생각이 좀 많았는데 파데보고 사러갑니다 ㅋㅋㅋㅋ,0개
142,GiangNguyenPL,"Hiiiiii Ssin, can you make a video about all good - skincare products for people not in korea or can buy easily in most parts of Asia plzzzzzzzzzz :( long time no see any skincare video from u!!!!!!!",0개
143,뿜뿜뽀미,샤워 3번하면 틴트 립 지워 지나요? 때밀이 써야하나요?  폼 유목민이라..ㅋㅋ 너무 궁금해졌어요 주로 오일로 지우고 폼 클렌징 사용하거든요.. 틴트 도전해보고 싶은데 계속 남는다면.. 역시 구매는.. 포기할각 이네요 ㅎㅅㅎ,0개
144,애기상오,언니 2020 올리브영 버전으로 파데 갑오브갑 어떻게 안되겟슴니까.....??? 새하얀 핑크 파데의 홍수 속에서 노랗고 까만 날 좀 살려줘,0개
145,나연나연,위어드 팔레트 아닌가요..? 위어ㄹ드~,0개
146,새벽,아 안녕하세요!! 제가 그 엘사 화장만 보고 보는거 그만뒀는데 갑자기 생각이나서왔더니 정말 멋진 언니로 진화하셧군요!!! 우와우 정말 멋지고예쁜얼굴이쉐열~,0개
147,주시,이 언니 봐도 봐도 참 매력있다..,0개
148,lee뉴미,라네즈 저 패키징 너무 예뻐서... 이벤트 도전했지만 광탈했는데.. 진짜 예쁘네요 .. 더노력할걸 파우치랑 가방 완전 영롱하네요 씬님덕에 구경이라도 해보네요 ㅋ,0개
149,레스팅문클럽,듀..틴..트(끄적끄적),0개
150,접니다예,마지막쯤에 어뮤즈 듀틴트 가 정말 맞는건가요? 제가 알기로는 물광물광 한 틴트여서 잘 지워지는걸로 아는데....정말 같은 제품인가요?,0개
151,spacejj,없애버리고싶...ㅋㅋㅋㅋㅋㅋㅋㅋㅋㅋㅋ,0개
152,화지,요즘 기초케어 어떻게하시는지 궁금해요..,0개
153,에빈,언니 갑자기 든 생각인데 잠옷도 같이골라줘욥 ..,1개
154,방윤지,15:52 에 코퍼인가요 쵸퍼인가요??,0개
155,77fkjfj,와 저 포장 다 버리는 것도 일이겠네요.. 개인적으로 브랜드들도 요즘 시대에 맞게 불필요한 포장은 좀 줄여줬으면 좋겠어요,0개
156,에뛰드ETUDE,씬님 뛰드 쿠션 추천이라니!!🤭👍💕,1개
157,hyunJ,씨딩인증 감사합니다 ♥ 다음달도 기대해주세요,0개
158,AshleyJYoo,남자용은 동생을 등장시키도 될듯해여,0개
159,김인혜,10:59ㅋㅋㅋㅋㅋㅋㅋㅋㅋㅋㅋㅋㅋㅋㅋ 네,0개
