﻿,youtube_id,comment,like_num
0,진자라,조파파님 완전 머시썽.. 이런말 해도 괜찮은건가 완전 멋지게 나이 드신가 같아요 저도 나중에 그러고 싶어요,515개
1,JayKim,목욕을 거의 ‘모욕’으로 발음하는 그녀는 어쩔수 없는 부산사람ㅋㅋㅋㅋㅋㅋ,413개
2,콘오알바,"브이로그 편집자님이 편집하시는거죵..?
편집 진짜 너무 재밌게살하셔유ㅜ
놀랠노자일정도ㅋㄱㄱㄱㄱ
덕분에 더 보는맛나요ㄱㄱㄱㄱㄱㅋ ㅋ",166개
3,LubiKim,강아지가 옷입으면 안움직이는게 옷이 불편해서 싫어 그런거 아닐까요? 전에 강아지 영상중에 옷만 입히면 움직이지 않는 강아지 동물 농장인가? 본거 같은데 강아지가 옷이 싫어서 굳는거라고 그러던데...,80개
4,뀨르,이사하신 거 맞죠?? 저번 집보다 더 커진 거 같아서요... 효진님은 인테리어 관심 없다 하셨지만 뭔가 랜선집투어(?) 해도 재밌을 거 같아요!,47개
5,쭈니쭈니,조파파님 수트핏 무엇...원래부터 멋있다고 생각했는데 너무 멋있으세요 항상건강하세요❤️,112개
6,뭉순이엄마,으와 대박대박 조파파 키도크고 완전 멋있으세요 😍👍 스윗남♥,111개
7,가리의일상Garisdaily,3:58 화방 안가본 사람 눈에는 그저 렌즈가게 언니들이 빼주는 렌즈통같다며..........,104개
8,원주,조파파님 메이크업이랑 헤어 다 받으니까 완전....!! 미국 캘리포니아에서 2층 대저택에 사는 성공한 교포느낌나요.....,41개
9,RAYCHEL레이첼,14:09 와 여기부터.... 대박..... (입틀막) 아버지... 진짜 멋있으세요... ❤️🙊❤️,87개
10,HYK,"얼음 갈아서 유자슬러쉬로 먹어도 맛있어요! 나중에 한 번 드셔보세용. 그나저나 조파파님 나이가 드실수록 점점 더 멋있어지시네요 ㅠㅠ 키도 크시고, 풍채도 좋으시고, 성격도 좋으시고, 유머감각도 있으시고 ㅠㅠㅠㅠ 조파파 포에버!!! ♥♡ 건강하세요!!",5개
11,빈초,"7:13 복도가 끝이 없어,,,,",52개
12,다람진DARAMJIN,우리 딸이 역시 막내입니다ㅋㅋㅋㅋㅋㅋㅋㅋㅋㅋㅋㅋㅋㅋㅋㅋㅋㅋㅋㅋ 제 웃음포인트 건드려버리심 ㅠㅠㅋㅋㅋㅋㅋㅋㅋㅋㅋㅋㅋㅋㅋㅋㅋ,8개
13,깡나,"으앙 효진언니다ㅠㅠㅠㅠㅠㅠ 조있그브가 온세상 브이로그중에 제일 힐링이고 제일 재밌어,,, 언니 사랑해요💓",5개
14,콘오알바,조파파님 넘 멋있어여ㅠㅠ 근데 왜 눈물이 나죠.. 효진님이 너무 멋진딸 같아서 보는제가 눈물이나네요ㅜㅡㄹ,37개
15,suminpark,오 아부지 역시 기럭지가 상당하셔서 옷빨도 갠쥐납니다👍🏻👍🏻👍🏻👍🏻👍🏻👍🏻,43개
16,캘든토깽이,결국엔 복실이는 어딨었나요  큐ㅠㅠㅠㅠ,15개
17,김성경,와우 조파파님은 원래부터 잘생기셨는데 더더 잘생기져셨어요!!!!!😍,54개
18,이지민,5:12 조파파님 배 너무 귀여우셔 진짜 ㅠ ㅠ 배 통통 해보고싶어요....언니가 대신....ㅎㅎㅎㅎㅎ 진짜 귀여워여ㅠㅠㅠㅠㅠㅠ너무 ㅠㅠㅠㅠㅠ,4개
19,익명,3:13 당기시오인데 역시 미는 효진님은 한국인!ㅋㅋㅋㅋㅋㅋㅋㅋㅋㅋ,24개
20,waterwaterwater,11:30 언닠ㅋㅋㅋㅋㅋㅋㅋ비율 대체 어디로 갔나욬ㅋㅋㅋㅋㅋㅋㅋㅋ아 진짜 다리 사라진거 보고 엄청 웃었넼ㅋㅋㅋㅋㅋㅋㅋㅋ,13개
21,구름그린,8:52 당신뱉어내.....라닠ㅋㅋㅋㅋㅋㅋㅋㅋㅋㅋㅋㅋㅋ,25개
22,EmmaWaterfield,아버님 풍채가 굉장히 좋으시네요!! 너무 보기 좋아요~~ 저도 아빠랑 이런 사진 찍어야겠어요. ㅎㅎ,23개
23,카밍,3:14 당기세요에 미는 것이 국률,45개
24,정미나,사람은 세상 구수한데 사는곳은 도시미 현대미 끝판왕이오,8개
25,YewonJang,"조파파님 머쓱해하실 때 왜 내가 다 뿌듯하고 눈물나지,,, 주책... 조파파님 너무 멋있어요 진쨔... 저도 효진님 보면서 우리가족도 이렇게 행복하게 세월보내면 좋겠다고 생각해요,,, ㅎㅎ
언니 그리고 아이스 유자 좋아하시면, 다음에 이디야 갔을 때 유자피나콜라타? 유자피나콜라다?! 그거 드셔보세요!!! 그것도 진짜 맛있어용 ㅎㅎㅎ",13개
26,EmilyYoon,크나이프 독일 브랜드인데 진짜 좋아요!!! 성분도 좋고 향도 좋고 나름 유기농 브랜드입니당. 예전 회사에서 수입하려다가 물건너간 브랜드 ㅜㅜㅜㅜㅜ,25개
27,게임하는키듀기,3:16 ㅋㅋㅋㅋ 당기세요지만 밀어버린다~~~,4개
28,이정아,03:13 역시 한국인입니댜 ㅋㅋㅋㅋㅋㅋㅋㅋㅋ 당기세요를 밀어버리는 불굴의 의지!🤭🤭,43개
29,돌봄,"덧칠을 여러번 하는 채색을 원하신다면 종이의 그램수가 높은걸 사세요~  우글우글 구겨지지 않으니 그램수를 보고 종이를 고르세요!
선명한 색은 아크릴, 맑은 색은 수채화, 세련된 톤다운을 원하면 과슈, 물과 붓을 쓰고싶지 않으시다면 파스텔,색연필,오일파스텔, 잉크 종류중에 고르세요, 유화는 마르는 속도가 오래 걸리고 기름냄새와 캔버스에 젯소 작업이 번거롭고, 가격또한 비싸기 때문에 미술을 막 시작하시는 분한텐는 추천하지 않아요, 그리고 아크릴은 두껍게 채색하면 굳을때 갈라지는 현상이 있으니 양조절을 잘 하시고, 수채화는 밝은색부터 진한색으로 채색, 과슈는 진한색부터 밝은색으로 채색하는 방식이 정석이긴 합니다. 물론 자유지만요.  전체적인 인체 선을 따는 크로키 연습을 하시려면 진한 호수의 연필이나 콩테를 사시면 됩니다~! 항상 영상 재밌게 보구있어요~!",21개
30,SUJIN,7:47 에 몇 일 —> 며칠 로 바꿔야해요!!,4개
31,유희원,성빈이 큰거 봐 세상에ㅜㅜㅜㅜㅜㅜㅜ 랜선이모 넘 놀래버렸다 아가 쑥쑥 더커서 미래 유튜바-하쟈😍 우리 조파파님 광고에서 넘 핸섬하셔서 까암짝 놀랬어요 효진님이랑 조파파님 합동광고의 시작이었으면..🙊 아주 좋아요 이번 어버이날 선물로 아빠 질레트사드려야겠어요~(언니 저 잘했죠),5개
32,하름Harem,3:17 당기세요?(?),12개
33,현잉,"조파파 넘 멋있ㄷㅏ,,✨🤍 멋쟁이아부지",4개
34,이조이,공부 할려니까 언니 영상이 똭!! 이것만 보고 공부할께요😍😍,5개
35,센욤,조파파님 중간에 셔츠 단추 벌어지신 거 너무 귀여워용ㅋㅋㅋㅋㅋㅋㅋㅋㅋ̆̎ ㅋ̆̎ ㅋ̆̎ ㅋ̆̎ ㅋ̆̎ ㅋ̆̎ ㅋ̆̎ ㅋ̆̎ ㅋ̆̎ ㅋ̆̎ ㅋ̆̎ ㅋ̆̎ ㅋ̆̎ ㅋ̆̎,2개
36,만복이manboki,2:41 복실선생님 혼자 바람에 휘날렸냐며 ~~~~,24개
37,김수연,6:20   생크림파이 ... ㄹㅇ 존맛인데 .. ㅠㅠ,2개
38,mmmjKang,"14:41 👍🏼👍🏼👍🏼👍🏼👍🏼
조파파님 우와 괜히 우리 아부지 보는거같고 왜 제가 울컥하고요? 😬😬 너무 멋지세요!!",1개
39,goodmorning,13:23 ㅋㅋㅋㅋㅋㅋ,2개
40,크림치즈,14:22 엄근진 조파파❤️,15개
41,SooYummy수야미,조파파님 진짜 면도기 광고 넘 잘어울려요 ㅠㅠ 진짜 너무너무 멋지세요!! 아프지말고 항상 건강하세요!!! 👍🏼👍🏼👍🏼,2개
42,박재덕,0:19 스리라차 소스인줄 알고 왜 화장실에서 소스 소개하나 했네ㅠ,3개
43,채윤,3:14 언니 한국인이였어.. 당기시오를 미는 한국인,2개
44,남현서,꺄 브이로그 ㅠㅠ 잘 볼게요 💖,3개
45,김가은,1:21 놀ㄹLaㅏZㅣ마mㅏ~,11개
46,전전,"복실이는 누구에용..? 뉴페이스 
7:47 몇일->며칠 입니다!",6개
47,김남희,💜💙❤️🥰🍓,2개
48,charo,조파파님ㅋㅋㅋㅋㅋㅋ 꿀떡ㅋㅋㅋㅋㅋㅋ 조파파님 너무 멋있으세요 🕺🏻👍🏻 막내 경상도화장쟁이 짱이댜,1개
49,다운,3:13 역시 당기세요 무시하고 미는 한국인!!,1개
50,달통HAYLEY,호오.. 조파파님 수트핏이 기가막히시네용 ㅋㅋㅋ,3개
51,넌최고다,"하 조파파님 너무 청춘인거 아니세여 !!!!!!!! 
크~~~👍🏻조파파님 너무됴아여💕",1개
52,김수한무거북이와두루미삼천갑자동방삭,진짜 티비예능보다 꿀잼인 조있그브 짱짱 ㅠㅠㅠㅠㅠㅠㅠ 조파파님 너무 너무 멋지세요 ㅠㅠㅠㅠㅠㅠㅠㅠ,13개
53,셔누악어새,2:47 조파파 패션센스 무엇..ෆ,1개
54,조하정,5:18 아버님 배 빵빵 너무귀여우셔요☺️조빵빵 쵝오👍,12개
55,물티슈육포랑,1:20 편집자님 진짜 사랑해욬ㅋㅋㅋㅋㅋㅋㅋㅋ,0개
56,원은이,9:25 살아온 2년중 제일 답답모습을 표출하는중ㅋㅋㅋ커엽다,0개
57,RiverPhoenix,1:20 뭐냐구욬ㅋㅋㅋㅋㅋㅋㅋㅋㅋㅋㅋㅋㅋㅋㅋㅋㅋㅋㅋㅋㅋㅋㅋㅋㅋㅋㅋㅋㅋㅋㅋㅋㅋㅋㅋㅋㅋㅋㅋㅋㅋㅋㅋㅋㅋㅋㅋㅋㅌㅌㅌㅋㅋ(뒷걸음질),0개
58,지연,5:06 단추 : 죽여줘,1개
59,v현지,17:15 몇개먹는지 세보려고했는데...한입털깈ㅋㅋㅋㅋㅋ,0개
60,jdrsber,3:14 당기세요인데 미는 거 ㅋㅋㅋㅋㅋㅋ 역시 언니 브이로그가 최고💕,0개
61,메리,조파파님.. 진짜 넘 멋지세요ㅠㅠ 원래도 와 멋지시네~ 했지만 수트 입고 딱 효진님 어깨 감싸안으시니 제가 다 벅차네요🥺🥺,0개
62,SuminChung,너무 멋져요 조파파님... 대박... 말잇못🤭❤️,2개
63,남세희,조파파님 너무 멋있어요ㅠㅠㅠ,2개
64,김재희,편집자님 오늘도 너무 재밌어욬ㅋㅋㅋㅋ 진짜 센스 넘쳐요💕💕 잘보고갑니다!!!,0개
65,waterwaterwater,"조파파님 진짜 머싯다,,,, 언니 화보 촬영갈 짐쌀때 그쯤에 머리 묶은 그 집게 어디 제품이에요 ???",0개
66,soojeongKimm,ㅋㅋㅋㅋㅋㅋ아크릴미술 시작하는 이영상에 없었다 ㅋㅋㅋㅋㅋㅋ 제목변경👉 조파파님 배우되다!!! 뚜둥탁!,0개
67,heehaap,우와ㅏㅏㅏ 조파파님 (공식) 데뷔를 축하드립니다!! 너무 멋지셔요👍👍👍👍,0개
68,겨울,효진님 부산에서 굉장히 높고 유명한 아파트 사실 느낌... 집 진짜 너무 부럽네요 ㅜㅜ,0개
69,퐁리,03:14 한국인종특 당기세요는 가볍게 무쉬..,1개
70,윤슬기,ㅋㅋㅋㅋㅋㅋ맞아요... 씻기 귀찮아서 괜히 재미붙여야해요.. 향 좋은거 일부러 사서 아... 오늘 기분 좋은 향 좀 맡고싶은걸? 할때 한번 씻어요.,0개
71,이빛,7:49 이때는 몰랐죠 100년에 한번 피운다는 행운의 꽃이라는것을.....⭐️,0개
72,이로컬,"오늘 조파파님 머렐(모델) 아니시냐면써〰️〰️〰️
안그래도 믓지신데 더 믓째이 되셨다면써!~!~!~!~!",1개
73,DanHoBakJook단호박죽,조파파 너무 좋아여 ㅋㅋㅋ,0개
74,minzylic,유에에에에엥ㅇㅇ 조파파님 ㅠㅠㅠㅠㅠㅠㅠㅠㅠㅠ 겉으로 나오는 무게감이 장난아니네유 ㅠㅠㅠㅠㅠㅠㅠㅠㅠㅠㅠㅠㅠㅠㅠㅠㅠㅠㅠㅠㅠㅠㅠㅠ 멋져부러,0개
75,Moonie무니야,조파파님 의상 얘기하실 때 배에 힘 꾹 주시는 거 너무 귀여워용 ㅠㅠㅠㅋㅋㅋㅋㅋㅋㅋㅋㅋㅋ💖💖💖,0개
76,김도니DONIE,5:00에 조파파님 셔츠 ㅠㅠㅠㅠㅠ 배 너무 귀여우ㅛㅔ요.....❤️,0개
77,주주주,조있그브 너무 기다렸다며... 효진 슨배릠 항상 건강하시고 행복하세용 사랑합니다❤️,0개
78,최지유,복실이는 어떻게 오게 된거에용? 궁급해욥!!,1개
79,유유,헉 욕조앞에 티비인가요....?!,4개
80,동그라미,조파파님!!!! 광고!!!👍🏻🥳🥳진짜 넘좋아여 ㅋㅋㅋㅋㅋ 아빠귀여워여 러블리❤️❤️,0개
81,혬니,파파님 셔츠단추가ㅋㅋㅋㅋㅋ넘나리터질것같은귀여움♡,0개
82,쩡이,조파파님 최고!!!ㅋㅋㅋㅋ다른 광고도 많이많이 들어왔으면 좋겠어요 ㅋㅋㅋ,0개
83,이다빈,온니ㅠㅠㅠㅠㅠㅠㅠㅜ 오랜만이에요 ♥♥♥♥♥,0개
84,이햇님,우유넣어 마신 컵!ㅠㅠ정보 궁금해요 너무 이뻐용~.~,0개
85,Tinkerbell,"우와ㅠㅠㅠ 효진님&조파파님 축하드립니다~~🌹🌹
너무 멋있으세요 ☺️",0개
86,dreeyon,6:08 효즨언니 혹시 캐리어 오른쪽에 프리마박스인가효??? 어떤 제품인지 알 수 있을까효?? 요즘 프리메라에 푹 빠졌는데 뭘 사야할지..제픔이 많아서 고민이거든효..ㅠㅠㅠ,0개
87,유산균챙겨먹자,조파파님 진짜 멋있으세요♥ 효진님도 멋져요♥ 조파파 효진님 사랑해요(≥∀≤)/,0개
88,ZenieFu,우유컵 정보 ㅠㅠㅠ 알고싶다 정말로ㅠㅠㅠㅠㅠ,0개
89,나만의You,5:12 단추: 살려줘...........😱,3개
90,SyoungP,꺄앙~❤️,0개
91,신민민,와...조파파....진짜 멋있다!!!!!!!!,0개
92,JJ,잠이 옵니닼ㅋㅋㅋㅋㅋ,0개
93,affectionate,조파파님 너무 귀여우셔요 ㅋㅋㅋㅋㅋㅋㅋㅋㅋ,0개
94,addd,아니오늘 편집 너무 웃겨욬ㅋㅋㅋㅋㅋㅋㅋㅋㅋㅋㅋ,0개
95,박공주,헐 빨리감기 안했는데 벌써 끝났어?하니까 20분을 봤네욬ㅋㅋㅋㅋㅋ 오늘 진짜 짧게 느껴졌어요,0개
96,두릅같은내인생,아 대박 효진님 브이로그 얼마나기다린지..ㅠㅠ 바쁘시겠지만... 브이로그 영상 자주보면좋겠써용용 히히 사랑해용 ♥,0개
97,마들렌,조파파님 썸네일보고 호다닥 왔어요ㅎㅎ,1개
98,CHOI로뇽,😍,0개
99,희주,오늘도 시간 뚝딱 조있그브❣❣,0개
100,크롱크롱크크롱,"왜 나는 조파파님 인터뷰 영상에서 코끝이 다 찡하지,,, 우리 아빠 생각도 나고 그르네😭😭",0개
101,사지말고입양하세요,조호🎉파✨🌈파✨님🎉너허무🎊멋🥺있💙어💛요💚조부녀🎉평🙏생🙏영🌈원💓히✨조호🎉파✨🌈파✨님🎉너허무🎊멋🥺있💙어💛요💚조부녀🎉평🙏생🙏영🌈원💓히✨,0개
102,챔님,개인적으로 효진님 브이로그가 젤 재미있어요ㅠㅠ❤️,0개
103,EUNSEO,"3:15 당기세요 붙어있는데 밀고 들어가는 효진언니 역시 찐 한국사람,,ㅋㅋㅋㅋㅋㅋㅋㅋㅋㅋㅋㅋㅋㅋㅋㅋ",0개
104,범이슬,조파파님 너무 머싯어유 !!!!!! >_< 즨짜 질레트 일 잘해버려따ㅏㅏㅏㅏㅓ,0개
105,초이벨choibellvlog,일주일만인데 왜케 오랜만인거같죠ㅠㅠ자주 올려주세용 ㅎㅎㅎㅎㅎ,0개
106,안채연,효진언니 배쓰쏠트 어디서 사셨어요ㅠㅠㅠㅠ인터넷에 쳐도ㅠ안나와요....ㅠㅠ,0개
107,김도희,산딸기 23까지 세다 포기했습니닼ㅋㅋㅋㅋ,0개
108,SPANCER,언니 고춧가루로 목욕 하시는줄 알앗어여 ㅋㅋㅋ,0개
109,hyemilee,언닠ㅋㅋㅋㅋ결국에ㅋㅋㅋ 겨드랑이 제모 면도기 사용한다고 하시더닠ㅋㅋㅋㅋㅋㅋㅋㅋㅋ광고 찍어셨어 ㅋㅋㅋㅋㅋㅋㅋㅋㅋㅋㅋㅋㅋ대단햌ㅋㅋㅋ,0개
110,하하하,"조파파님 진짜 멋있어요👍👍👍
키도 크시고, 옷핏이 대박이에요🤭🥰
너무 보기 좋은 부녀에요ㅜㅜㅜ❤",0개
111,지원,하이고 ㅠ 조파파님 억수로 멋이씁니데이~ㅠ 만수무강하이소 ㅠ,0개
112,HH,0:19 고춧가루인즐 알았어욤................. ....ㅎ,0개
113,코딱지,제목 보고 으아~ 하면서 들어왔어여 조파파님 이제 울아빠같고....사투리마저 울아빠같고....,0개
114,민또민또,원래 멋있고 귀엽고 젠틀하셨는데 다 멋있음👍🏻👍🏻👍🏻 이번계기로 우리 조파파님 모델로 쭉 가봅시다! 중년모델 독보적👍🏻👍🏻👍🏻,0개
115,빈뜨,복실이~ 할때 시리가 대답..,0개
116,크림치즈,아이스 유자컵이 효진님 얼굴만한것ㅋㅋㅋㅋㅋ,0개
117,RosaOtterstetter,"아버님: 근데 배가 조금 나왔습니다.
조효진님: 오늘 굶으세요
아버님 넘 귀엽고 멋지십니다~^0^ 조효진님의 큐티 털털함이 어디서 왔는지 알겠네요^^!",0개
118,가현GahyunLee,효진님 브이로그가 제일 재밌어요💖💖 항상 잘보고있습니당!!,0개
119,Rosyposychoi,꺄아~ 기다렸어요~,0개
120,아까전화한민익,오 언니 새로운 강아지동생 데려오셨나요??,1개
121,장소영,조파파 최고 멋있어요!!! 광고영상보고 나 왜 울컥했는지 모르겠디만 ㅠㅠㅠ 너무너무 조파파님 멋있습니다.. 꼭 건강하게 오래오래 효진 언니 영상에 나와주세여!!!,0개
122,이진주,조파파님 진짜 너무 멋있으세요 : ),0개
123,예긍,"언니 뜨자마자 와ㅆ어요ㅜㅜㅜ 진짜 난 효진님 브이로그 너무 좋다며,,,, 내적 친밀도 벌써 저 하늘 끝까지 가있다는,,, 언니 최고야..😘✨",5개
124,욘,"조파파님...!!!!광고라니이이이 넘나 축하드려요👏🏼👏🏼👏🏼크 너무좋아여 효딘언니랑 조파파님 케미,,,💖",0개
125,SujinJeong,0:44 욕조 앞에 티비가 있네요..! 신기,0개
126,정금주,조있그브 많이 올려주세요 다 본 1인 ☺️,0개
127,SOOLEE,와 진짜 멋있어요 와아ㅏ,0개
128,죽사발,너무보기좋아요ㅠㅠ,0개
129,jjeon,조파파님... 멋있으면 오빠랬셩... 조(오)빠빠 너무 믓집니다❤️❤️,0개
130,앙이뿌,언니 랜선집들이 한 번만 해주세용 ㅠㅠ,0개
131,민서minseo,빨리왔지여🥰,0개
132,슈키suki,조파파님 정장핏 쩐다..👍🏻 원래 이렇게 덩치(?)가 좋으셨나요?!!,0개
133,혜혜,와 조파파님 수트핏(입틀막),0개
134,김지나,조파파님 멋지셔요 ㅎㅎㅎ 늘 스윗하고 멋지신데 더 파파님들의 롤모델이 되시네요😎🖤🤍,0개
135,RachelLee,꺄ㅑ,0개
136,키위망고,배쓰쏠트보고 쓰리라차소스인줄알았어요ㅋㅋ 조파파님말씀하실때 막내딸사랑하시는게 느껴져요 쏘스윗..,0개
137,dlrud,파워장녀인 나는 매일 조파파님이 효진언니 우리 막내가~ 하는 모먼트가 넘 조탐서.. 부럽부럽 ㅜㅜ 다음생엔 막내로 태어나겟서...,0개
138,이아람,"우리아빠 생각나는건 무엇 ,, 넘 보기좋아요 멋있어요><",0개
139,태이Taei,복실이 스토리 들려주세용 ㅋㅋㅋ  ㅋㅋ 새가족인가용??,0개
140,저요,조파파님 진짜 멋있어요!!!! 대박...,0개
141,뭉순이엄마,언니가 샤워를 자주 안하는 이유는 운동을 안해서 그런게 아닐까요? ㅋㅋㅋㅋㅋ 운동하면 땀흘리니까 샤워할수밖에 없는데 언니는 모태마름이시라 운동필요성을 못느껴서 샤워를 안하시는듯😝 건강 위해서라도 운동하셔야되요 언닝!!!!필라테스 추천합니다!!!!!,10개
142,만쥬델,🥺❤️ 오랜만잉에요 ..,0개
143,527jy,3:14 한국인이 못 읽는 글씨..당기세요..,0개
144,싸이코의사들족치자닥터벤데타,복시리랑 랜선 집들이 하는거 보고싶어용~,0개
145,hyejii혜지,"그래서,, 조파파님 광고는 언제 어디서 볼 수 있는 걸까요? ㅠㅠ 완죠니 궁금쓰",0개
146,신하치코hachiko,요즘 젤 좋아하는 브이로그❣️,0개
147,이다빈,정답: 18? 19? 20?개 그 언저리 쯤..,0개
148,김sinimaria,안그래도 요번 영상 올라오면 요즘 조파파님 왜 안 보이시냐고 하려 했는데....😀👍👏👏👏,0개
149,린희,아따~!멋드러진다~!,0개
150,권은주,조효진님 영상보다가ㅡ저도 생크림 초코파이 사먹어봤어요~완전 맛있네요~ㅋㅋ,0개
151,퓨퓨,조있그브가 세상 젤 재밌담서🤍💛🤍💛,0개
152,정소희,조파파님 너무 멋있어요~~~~!!~!~!👍,1개
153,요니,조파파님 어디 그룹 회장님 같으셔요 ><,0개
154,서타민,빵드실때 우유잔 넘 예뻐욤!,0개
155,춥다,집이 진짜 좋은거 같아요 욕실에 티비??!!,0개
156,다슐,복실 선생님은 함께하는 반려견인가요? 넘 이뻐유 😍😍😍😍😍😚😚😍,0개
157,정효선,조파파 멋짐요 ㅠㅠ,0개
158,EunyoungKwon,조파파님 짱멋져요^^,0개
159,민혜,헐대박,0개
160,큐티쁘띠,조파파님 사랑해  용!❤️❤️😗❤️❤️,0개
161,Yujin,볼때마다 효진언니 집 넘나 좋은것......,0개
162,chroma크로마,아버님 너무 멋있는거 아님니꽈? 어머낫☺️,0개
163,blueyouaremy,7:10 집이....,1개
164,사이버예수,조파파님 모델 뺨 때리세요,1개
165,공블미,효진님 집이 펜트하우스같아요.....부러워요♡ㅠ,0개
166,원주,성빈이 그냥 애교많고 귀여운 애기같은데 자막만 보면 일산 꿀주먹....햄x브 영상 속 구름이 생각나네요 왠지,0개
167,유효진,3:15 ..당기라는데 미는 당신..한국인 맞네,0개
168,SJ,와 집좋다 욕실에 티비있는거 ㅇㅈ,0개
169,미니,조파파님 너무 멋있습니다💙💙💙💙💙💙 사랑해요 조파파님😆😆,0개
170,,조파파님 멋있어요!!  ٩( ᐛ )و,1개
171,박뉴딩,조파파 큐앤에이 해주세요~~~~,0개
172,화내지뫄아,"와 질레트,,, 멋있어요 조파파😯",0개
173,김sinimaria,햐..조파파님 완전 팬인데 반하기 까지 할뻔....넘 멋져요,0개
174,김남희,효진언니 조있그브 영상 엄청기다렸어요,0개
175,박민영,당기시오 라고되있는데 밀고보는 효진님 ㅎㅎㅎ여윽시 한국사람,0개
176,구겐하임,아 목욕입욕제 독일살때 썼는데 싸고 좋아요! 전 파랑이 최애,0개
177,이쩡,아버님 머찜폭발!!! ⚡️,0개
178,김재희,조파파님 면도 광고 완전 찰떡 아니냐며~~~ 넘 멋있으세요!!!💕💕,0개
179,HYOJINLEE,조파파님 광고촬영 축하드려요🎂🎉,0개
