﻿,name,thumbnail,view,previous_time,video_url,start_date,comment,likes_num,unlikes_num,time_duration
0,보들보들 계란떡볶이 :: Fried Egg Tteokbokki,https://i.ytimg.com/vi/1tdY-WGL3nQ/hqdefault.jpg?sqp=-oaymwEZCPYBEIoBSFXyq4qpAwsIARUAAIhCGAFwAQ==&rs=AOn4CLCx2RTXix4NyqPQfUsJCFrdJ_dvBA,57만회,6일 전,http://www.youtube.com/watch?v=1tdY-WGL3nQ,2020. 5. 29.,"댓글 1,721개",2.4만개,326개,"
      3:28
    "
1,매콤달콤 분식집 라면땅,https://i.ytimg.com/vi/M5zoFVG9WbI/hqdefault.jpg?sqp=-oaymwEZCPYBEIoBSFXyq4qpAwsIARUAAIhCGAFwAQ==&rs=AOn4CLB1RRt6zlKkMpo96qwYyaa77TaJ2A,51만회,1주 전,http://www.youtube.com/watch?v=M5zoFVG9WbI,2020. 5. 22.,"댓글 1,579개",2.1만개,1천개,"
      4:11
    "
2,퐁신한 계란말이 초밥,https://i.ytimg.com/vi/jyUUHITab8w/hqdefault.jpg?sqp=-oaymwEZCPYBEIoBSFXyq4qpAwsIARUAAIhCGAFwAQ==&rs=AOn4CLAt91Ws0RhAIBhXWiaCPMkZUQ24dg,75만회,3주 전,http://www.youtube.com/watch?v=jyUUHITab8w,2020. 5. 14.,"댓글 1,826개",3.6만개,248개,"
      4:03
    "
3,딸기 샌드위치,https://i.ytimg.com/vi/8XzBuv7_hyY/hqdefault.jpg?sqp=-oaymwEZCPYBEIoBSFXyq4qpAwsIARUAAIhCGAFwAQ==&rs=AOn4CLDLfI1dqg-Ar596Z6Vlf-LRAkaUiA,62만회,4주 전,http://www.youtube.com/watch?v=8XzBuv7_hyY,2020. 5. 7.,"댓글 1,660개",2.9만개,516개,"
      3:29
    "
4,맛있는 잡채밥,https://i.ytimg.com/vi/SbL9If8L_gs/hqdefault.jpg?sqp=-oaymwEZCPYBEIoBSFXyq4qpAwsIARUAAIhCGAFwAQ==&rs=AOn4CLCb9Nixn9cjKqnrNcVzwKNptGRaOg,63만회,1개월 전,http://www.youtube.com/watch?v=SbL9If8L_gs,2020. 4. 30.,"댓글 1,786개",2.6만개,241개,"
      3:18
    "
5,바삭바삭 카라멜 식빵 팝콘,https://i.ytimg.com/vi/PBwymcwI9dI/hqdefault.jpg?sqp=-oaymwEZCPYBEIoBSFXyq4qpAwsIARUAAIhCGAFwAQ==&rs=AOn4CLAmudxXOVOooDDhYsdAyrzY13V_2g,454만회,1개월 전,http://www.youtube.com/watch?v=PBwymcwI9dI,2020. 4. 24.,"댓글 5,272개",23만개,2.7천개,"
      3:25
    "
6,밥도둑 반숙 계란장,https://i.ytimg.com/vi/bOLafpzjJSk/hqdefault.jpg?sqp=-oaymwEZCPYBEIoBSFXyq4qpAwsIARUAAIhCGAFwAQ==&rs=AOn4CLC9QtV6ovDQdb5cHYTDUpXr7_nGdQ,156만회,1개월 전,http://www.youtube.com/watch?v=bOLafpzjJSk,2020. 4. 17.,"댓글 3,068개",5만개,860개,"
      3:26
    "
7,쌀종이 튀기기,https://i.ytimg.com/vi/jqzpHWEACao/hqdefault.jpg?sqp=-oaymwEZCPYBEIoBSFXyq4qpAwsIARUAAIhCGAFwAQ==&rs=AOn4CLB5Nva84lyobBJgl0__ig1LjsHmKg,254만회,1개월 전,http://www.youtube.com/watch?v=jqzpHWEACao,2020. 4. 11.,"댓글 6,319개",6.2만개,1.9천개,"
      3:29
    "
8,볶음우동 :: 간단요리 :: #96,https://i.ytimg.com/vi/ienGoTyboNE/hqdefault.jpg?sqp=-oaymwEZCPYBEIoBSFXyq4qpAwsIARUAAIhCGAFwAQ==&rs=AOn4CLA71bBgXwC9JwLZ9iqUukDPcD8wkg,113만회,1개월 전,http://www.youtube.com/watch?v=ienGoTyboNE,2020. 4. 8.,"댓글 2,331개",4.3만개,340개,"
      3:29
    "
9,두부 참치전 :: #95,https://i.ytimg.com/vi/Yh5w2sTPl4I/hqdefault.jpg?sqp=-oaymwEZCPYBEIoBSFXyq4qpAwsIARUAAIhCGAFwAQ==&rs=AOn4CLBfBR-lHDDKWI--P32BDi0O6W8F5Q,77만회,2개월 전,http://www.youtube.com/watch?v=Yh5w2sTPl4I,2020. 4. 1.,"댓글 1,683개",2.7만개,231개,"
      3:03
    "
10,매쉬 포테이토 :: 간단요리 :: #94,https://i.ytimg.com/vi/Q4WATbKoB38/hqdefault.jpg?sqp=-oaymwEZCPYBEIoBSFXyq4qpAwsIARUAAIhCGAFwAQ==&rs=AOn4CLAz772t5KWpmhDPLgDNS6kmKAK0zg,60만회,2개월 전,http://www.youtube.com/watch?v=Q4WATbKoB38,2020. 3. 26.,"댓글 1,237개",2.1만개,339개,"
      3:04
    "
11,수플레 오믈렛 :: 퐁실퐁실 :: Souffle Omelette #93,https://i.ytimg.com/vi/DTfuuwfyk5o/hqdefault.jpg?sqp=-oaymwEZCPYBEIoBSFXyq4qpAwsIARUAAIhCGAFwAQ==&rs=AOn4CLDiAOUFDppopCvCNm_EK70_kVOf7A,601만회,2개월 전,http://www.youtube.com/watch?v=DTfuuwfyk5o,2020. 3. 19.,"댓글 5,056개",15만개,2.8천개,"
      4:26
    "
12,계란찜 :: 간단요리 :: #92,https://i.ytimg.com/vi/Gjha0fgJnfA/hqdefault.jpg?sqp=-oaymwEZCPYBEIoBSFXyq4qpAwsIARUAAIhCGAFwAQ==&rs=AOn4CLDztNh-seic5CGcs2AcNcqjDmcWGA,295만회,2개월 전,http://www.youtube.com/watch?v=Gjha0fgJnfA,2020. 3. 13.,"댓글 2,383개",6.5만개,1.1천개,"
      3:26
    "
13,크림우동 :: 간단요리 :: #91,https://i.ytimg.com/vi/Ymfzg7rVZwU/hqdefault.jpg?sqp=-oaymwEZCPYBEIoBSFXyq4qpAwsIARUAAIhCGAFwAQ==&rs=AOn4CLBFNK25_msntEE_cxCKTt0WsHy_Kw,211만회,3개월 전,http://www.youtube.com/watch?v=Ymfzg7rVZwU,2020. 3. 4.,"댓글 3,040개",8.2만개,809개,"
      3:24
    "
14,밥도둑 매콤두부조림 #90,https://i.ytimg.com/vi/4-T3G_b4QKo/hqdefault.jpg?sqp=-oaymwEZCPYBEIoBSFXyq4qpAwsIARUAAIhCGAFwAQ==&rs=AOn4CLDpUOb94-huRZhJ-w9cG-rhQ3DKbQ,155만회,3개월 전,http://www.youtube.com/watch?v=4-T3G_b4QKo,2020. 2. 27.,"댓글 1,539개",3.4만개,388개,"
      3:59
    "
15,삼겹살 김치볶음밥 :: 간단요리 :: #89,https://i.ytimg.com/vi/Tvpzb3Hd6jE/hqdefault.jpg?sqp=-oaymwEZCPYBEIoBSFXyq4qpAwsIARUAAIhCGAFwAQ==&rs=AOn4CLDLf26ukToNz04zojlGlQOD_b19oQ,107만회,3개월 전,http://www.youtube.com/watch?v=Tvpzb3Hd6jE,2020. 2. 20.,"댓글 1,895개",2.9만개,258개,"
      3:23
    "
16,티라미수 :: 노오븐 :: 잠들 수 없는 달콤함 :: #88,https://i.ytimg.com/vi/1DZVqzfOE2g/hqdefault.jpg?sqp=-oaymwEZCPYBEIoBSFXyq4qpAwsIARUAAIhCGAFwAQ==&rs=AOn4CLDrM1KPHjN50JtNDddKEr7mVfWMpQ,197만회,3개월 전,http://www.youtube.com/watch?v=1DZVqzfOE2g,2020. 2. 13.,"댓글 2,279개",6.4만개,788개,"
      3:27
    "
17,매일 먹고싶은 카레 :: 간단요리 :: #87,https://i.ytimg.com/vi/4uu3iWCycbg/hqdefault.jpg?sqp=-oaymwEZCPYBEIoBSFXyq4qpAwsIARUAAIhCGAFwAQ==&rs=AOn4CLB4-iwbACf3g2QYWGSQ5T6Mj25ZFA,74만회,3개월 전,http://www.youtube.com/watch?v=4uu3iWCycbg,2020. 2. 6.,"댓글 1,673개",2.4만개,357개,"
      3:39
    "
18,게맛살 덮밥 :: #86,https://i.ytimg.com/vi/e71I2dTjT1M/hqdefault.jpg?sqp=-oaymwEZCPYBEIoBSFXyq4qpAwsIARUAAIhCGAFwAQ==&rs=AOn4CLBVQHUF2drAN9kpTouqtBSQIJV18A,48만회,4개월 전,http://www.youtube.com/watch?v=e71I2dTjT1M,2020. 1. 30.,"댓글 1,391개",1.8만개,145개,"
      3:05
    "
19,스팸 마요 덮밥 :: #85,https://i.ytimg.com/vi/TkElH6dFhW8/hqdefault.jpg?sqp=-oaymwEZCPYBEIoBSFXyq4qpAwsIARUAAIhCGAFwAQ==&rs=AOn4CLA5LRjJ4Y2yp2FeURhuH5abIKL9Fg,379만회,4개월 전,http://www.youtube.com/watch?v=TkElH6dFhW8,2020. 1. 22.,"댓글 2,961개",6.2만개,1.9천개,"
      3:31
    "
