﻿,name,thumbnail,view,previous_time,video_url,start_date,comment,likes_num,unlikes_num,time_duration
0,바스크 치즈케이크 만들기 : Basque Burnt Cheesecake Recipe | Cooking tree,https://i.ytimg.com/vi/epqSe-OxkXA/hqdefault.jpg?sqp=-oaymwEZCPYBEIoBSFXyq4qpAwsIARUAAIhCGAFwAQ==&rs=AOn4CLDtJ_Gu7CWy1lht6KoiDrZfj2s8yg,3.1만회,11시간 전,http://www.youtube.com/watch?v=epqSe-OxkXA,2020. 6. 4.,댓글 127개,2.1천개,20개,"
      5:18
    "
1,체리 케이크 만들기 : Cherry Cake Recipe | Cooking tree,https://i.ytimg.com/vi/wLg4Fbv2ArY/hqdefault.jpg?sqp=-oaymwEZCPYBEIoBSFXyq4qpAwsIARUAAIhCGAFwAQ==&rs=AOn4CLC--xLQYvEAwJg9X_M6d0BPhVoZRw,12만회,2일 전,http://www.youtube.com/watch?v=wLg4Fbv2ArY,2020. 6. 2.,댓글 244개,7.2천개,39개,"
      14:54
    "
2,진한~🍫 초콜릿 칩 아이스크림 만들기 : Chocolate Chip Ice Cream Recipe | Cooking tree,https://i.ytimg.com/vi/xuP_g7mePsw/hqdefault.jpg?sqp=-oaymwEZCPYBEIoBSFXyq4qpAwsIARUAAIhCGAFwAQ==&rs=AOn4CLCgBTQmxIfX3vvVX5jk-LzTdBhjRg,15만회,5일 전,http://www.youtube.com/watch?v=xuP_g7mePsw,2020. 5. 29.,댓글 321개,9.9천개,45개,"
      6:58
    "
3,우유 찜케이크 만들기 : Steamed Milk Cake Recipe | Cooking tree,https://i.ytimg.com/vi/7XWZos6EqvQ/hqdefault.jpg?sqp=-oaymwEZCPYBEIoBSFXyq4qpAwsIARUAAIhCGAFwAQ==&rs=AOn4CLA705x5iUFWaTE5uy7TPgFhyT-VhA,33만회,1주 전,http://www.youtube.com/watch?v=7XWZos6EqvQ,2020. 5. 28.,댓글 596개,1.9만개,92개,"
      5:39
    "
4,노오븐~ 청포도 치즈케이크 만들기 : No-Bake Green Grape Cheesecake Recipe | Cooking tree,https://i.ytimg.com/vi/Z70dXE8g_tg/hqdefault.jpg?sqp=-oaymwEZCPYBEIoBSFXyq4qpAwsIARUAAIhCGAFwAQ==&rs=AOn4CLBvaEUIunPJBt5KP0fPh7zsBgScSw,9.2만회,1주 전,http://www.youtube.com/watch?v=Z70dXE8g_tg,2020. 5. 26.,댓글 167개,4.9천개,23개,"
      7:27
    "
5,하트💕 크레이프 케이크 만들기 : Heart Crepe Cake Recipe | Cooking tree,https://i.ytimg.com/vi/0Bpi1IA92TQ/hqdefault.jpg?sqp=-oaymwEZCPYBEIoBSFXyq4qpAwsIARUAAIhCGAFwAQ==&rs=AOn4CLAGXLrIBOgI5lwG3Azb1y20eEgSfA,33만회,1주 전,http://www.youtube.com/watch?v=0Bpi1IA92TQ,2020. 5. 22.,댓글 495개,1.8만개,96개,"
      11:36
    "
6,밀가루 없이! 초콜릿 케이크 만들기 : Flourless Chocolate Cake Recipe | Cooking tree,https://i.ytimg.com/vi/XxeDX9dNQGk/hqdefault.jpg?sqp=-oaymwEZCPYBEIoBSFXyq4qpAwsIARUAAIhCGAFwAQ==&rs=AOn4CLB25hu3on_rKFcDfMSlNk_DDlv50Q,15만회,2주 전,http://www.youtube.com/watch?v=XxeDX9dNQGk,2020. 5. 21.,댓글 301개,8천개,40개,"
      7:53
    "
7,윗면도 예쁜~ღ'ᴗ'ღ 연유 롤케이크 만들기 : Condensed milk Roll Cake Recipe | Cooking tree,https://i.ytimg.com/vi/5Gf7fnVKKW8/hqdefault.jpg?sqp=-oaymwEZCPYBEIoBSFXyq4qpAwsIARUAAIhCGAFwAQ==&rs=AOn4CLCbvyyK82h8yuETWLB0HmQzsb6fww,39만회,2주 전,http://www.youtube.com/watch?v=5Gf7fnVKKW8,2020. 5. 19.,댓글 453개,1.6만개,93개,"
      10:58
    "
8,3가지 재료로~ 노오븐 오레오 케이크 만들기 : No-Oven Oreo Cake 3-Ingredient Recipe | Cooking tree,https://i.ytimg.com/vi/m7yLcjiVoos/hqdefault.jpg?sqp=-oaymwEZCPYBEIoBSFXyq4qpAwsIARUAAIhCGAFwAQ==&rs=AOn4CLCVfaCvbJLVf5R6VbgotWEuiwF0Qw,52만회,2주 전,http://www.youtube.com/watch?v=m7yLcjiVoos,2020. 5. 15.,댓글 994개,2.9만개,179개,"
      6:39
    "
9,계란과자 만들기 : Egg Cookies Recipe | Cooking tree,https://i.ytimg.com/vi/q4GqHIe47ec/hqdefault.jpg?sqp=-oaymwEZCPYBEIoBSFXyq4qpAwsIARUAAIhCGAFwAQ==&rs=AOn4CLDUja-DBifB3PmKPSz-h0fPjWPJaA,14만회,3주 전,http://www.youtube.com/watch?v=q4GqHIe47ec,2020. 5. 14.,댓글 230개,6.1천개,29개,"
      6:40
    "
10,딸기 치즈케이크 만들기 : No-Bake Strawberry Cheesecake Recipe | Cooking tree,https://i.ytimg.com/vi/_qeP7vTkXIQ/hqdefault.jpg?sqp=-oaymwEZCPYBEIoBSFXyq4qpAwsIARUAAIhCGAFwAQ==&rs=AOn4CLCf5OIUKhGf12-nK8FK1eDKUweb9g,13만회,3주 전,http://www.youtube.com/watch?v=_qeP7vTkXIQ,2020. 5. 12.,댓글 225개,6.2천개,42개,"
      10:01
    "
11,구운 오레오 츄러스 만들기 : Baked Oreo Churros Recipe | Cooking tree,https://i.ytimg.com/vi/nvHF0NgBr2Y/hqdefault.jpg?sqp=-oaymwEZCPYBEIoBSFXyq4qpAwsIARUAAIhCGAFwAQ==&rs=AOn4CLDqQJf60dhGNojNqHm995fy3rsfQA,19만회,3주 전,http://www.youtube.com/watch?v=nvHF0NgBr2Y,2020. 5. 8.,댓글 291개,9.6천개,66개,"
      8:07
    "
12,노오븐~ 레몬 치즈케이크 만들기 : No-Bake Lemon Cheesecake Recipe | Cooking tree,https://i.ytimg.com/vi/TJgqyUUNYhA/hqdefault.jpg?sqp=-oaymwEZCPYBEIoBSFXyq4qpAwsIARUAAIhCGAFwAQ==&rs=AOn4CLB4MMZQbtdX68iW9icNfaQsA_h7Sw,14만회,4주 전,http://www.youtube.com/watch?v=TJgqyUUNYhA,2020. 5. 7.,댓글 281개,7천개,37개,"
      12:35
    "
13,촉촉한~٩(๑′ᴗ‵๑)۶ 초코칩 머핀 만들기 : Moist Chocolate Chip Muffins Recipe | Cooking tree,https://i.ytimg.com/vi/NL8nycogcLc/hqdefault.jpg?sqp=-oaymwEZCPYBEIoBSFXyq4qpAwsIARUAAIhCGAFwAQ==&rs=AOn4CLDvZlphevgI9JP-YgRkCSIVeUJOPw,26만회,4주 전,http://www.youtube.com/watch?v=NL8nycogcLc,2020. 5. 5.,댓글 450개,1.6만개,55개,"
      7:46
    "
14,노오븐 & 노젤라틴! 카라멜 커스터드 푸딩 만들기 : No-Bake & No-Gelatin Custard Pudding Recipe | Cooking tree,https://i.ytimg.com/vi/slETCwH2Jtk/hqdefault.jpg?sqp=-oaymwEZCPYBEIoBSFXyq4qpAwsIARUAAIhCGAFwAQ==&rs=AOn4CLB14gqmo-5txyWbBA__QEId2JUK6Q,22만회,1개월 전,http://www.youtube.com/watch?v=slETCwH2Jtk,2020. 5. 1.,댓글 327개,1만개,57개,"
      8:05
    "
15,옴브레 파운드 케이크 (버터 케이크) 만들기 : Ombre Pound Cake (Butter Cake) Recipe | Cooking tree,https://i.ytimg.com/vi/OxnKrsERHyk/hqdefault.jpg?sqp=-oaymwEZCPYBEIoBSFXyq4qpAwsIARUAAIhCGAFwAQ==&rs=AOn4CLA3qlnjlz0JRTA-RjP4cHPTBAH-2w,11만회,1개월 전,http://www.youtube.com/watch?v=OxnKrsERHyk,2020. 4. 30.,댓글 175개,5.1천개,40개,"
      11:49
    "
16,딸기 슈가볼 쿠키 (스노우볼 쿠키) 만들기 : Strawberry Snowball Cookies Recipe | Cooking tree,https://i.ytimg.com/vi/I104ML2ES1s/hqdefault.jpg?sqp=-oaymwEZCPYBEIoBSFXyq4qpAwsIARUAAIhCGAFwAQ==&rs=AOn4CLAKF2FcVMMyWcYG_JKzVau7hsZjsg,14만회,1개월 전,http://www.youtube.com/watch?v=I104ML2ES1s,2020. 4. 28.,댓글 182개,5.6천개,48개,"
      10:45
    "
17,하루일기 A Daily Diary : 마늘빵 편 Garlic Bread | Cooking tree,https://i.ytimg.com/vi/okGHU26CthU/hqdefault.jpg?sqp=-oaymwEZCPYBEIoBSFXyq4qpAwsIARUAAIhCGAFwAQ==&rs=AOn4CLC6uW7yl9gKCHGKakgIoZKAlaaVqw,14만회,1개월 전,http://www.youtube.com/watch?v=okGHU26CthU,2020. 4. 25.,댓글 292개,6.2천개,122개,"
      6:59
    "
18,폭신폭신~ 카스테라 컵케이크 만들기 : Fluffy Castella Cupcake Recipe | Cooking tree,https://i.ytimg.com/vi/Y9Oodacq3WQ/hqdefault.jpg?sqp=-oaymwEZCPYBEIoBSFXyq4qpAwsIARUAAIhCGAFwAQ==&rs=AOn4CLDkCoB-_TQZbiOo_a6VfbwY3-3Vow,29만회,1개월 전,http://www.youtube.com/watch?v=Y9Oodacq3WQ,2020. 4. 24.,댓글 452개,1.2만개,80개,"
      7:08
    "
19,딸기 초콜릿 케이크 만들기 : Strawberry Chocolate Cake Recipe | Cooking tree,https://i.ytimg.com/vi/VyadRYTgAKA/hqdefault.jpg?sqp=-oaymwEZCPYBEIoBSFXyq4qpAwsIARUAAIhCGAFwAQ==&rs=AOn4CLBnjsYQCQXQyffoS-t-9FbLAX1ZnA,16만회,1개월 전,http://www.youtube.com/watch?v=VyadRYTgAKA,2020. 4. 23.,댓글 207개,6.6천개,55개,"
      13:21
    "
