﻿,name,thumbnail,view,previous_time,video_url,start_date,comment,likes_num,unlikes_num,time_duration
0,CARBO FIRE BLACK BEAN NOODLES & CARBO FIRE CHICKEN 멕시카나 신상 까르보불닭치킨 & 까르보불닭짜장면 먹방 REAL SOUND MUKBANG,https://i.ytimg.com/vi/azfLQDFpRZE/hqdefault.jpg?sqp=-oaymwEZCPYBEIoBSFXyq4qpAwsIARUAAIhCGAFwAQ==&rs=AOn4CLAjlx-yTWX8NsxnNdJdUnAC6RHWOg,6.8만회,12시간 전,http://www.youtube.com/watch?v=azfLQDFpRZE,2020. 6. 4.,댓글 304개,4.3천개,117개,"
      14:24
    "
1,NEW Domino's & Pizza Hut & Mr.Pizza 도미노 & 피자헛 & 미스터피자 신메뉴 치즈포켓 토핑탑텐 치킨버거 피자 리뷰먹방 REAL SOUND MUKBANG,https://i.ytimg.com/vi/80IbQJL1oJU/hqdefault.jpg?sqp=-oaymwEZCPYBEIoBSFXyq4qpAwsIARUAAIhCGAFwAQ==&rs=AOn4CLBIFpPHU951xRG_49FMsMOrNTBfZQ,14만회,2일 전,http://www.youtube.com/watch?v=80IbQJL1oJU,2020. 6. 2.,댓글 307개,5.3천개,207개,"
      14:22
    "
2,인생곱창 찾았다 곱창파는 청년들 소곱창 & 대창 & 불닭볶음면 리얼리뷰 먹방 충격적인 맛!  MUKBANG,https://i.ytimg.com/vi/cmUzRwvHNVI/hqdefault.jpg?sqp=-oaymwEZCPYBEIoBSFXyq4qpAwsIARUAAIhCGAFwAQ==&rs=AOn4CLA4PkJQVrUyM7wnNQl3Sb1t4_yK6A,16만회,4일 전,http://www.youtube.com/watch?v=cmUzRwvHNVI,2020. 5. 31.,댓글 270개,5천개,218개,"
      11:59
    "
3,BURGERKING 버거킹 신상 붉은대게버거 & 너겟킹 & 코코넛쉬림프 & 갈릭포테이토 SNOW CRAB BURGER MUKBANG,https://i.ytimg.com/vi/FEIWqLIWGio/hqdefault.jpg?sqp=-oaymwEZCPYBEIoBSFXyq4qpAwsIARUAAIhCGAFwAQ==&rs=AOn4CLClCVQbMEUe26UxoZgGYErE-MkiJg,20만회,6일 전,http://www.youtube.com/watch?v=FEIWqLIWGio,2020. 5. 29.,댓글 317개,6.7천개,261개,"
      12:29
    "
4,REAL NUCLEAR FIRE SPAGHETTI & GIANT 30CM FRIED SQUID 핵불닭스파게티 & 30센치 대왕오징어튀김 먹방 REAL SOUND MUKBANG,https://i.ytimg.com/vi/boAotCii_w4/hqdefault.jpg?sqp=-oaymwEZCPYBEIoBSFXyq4qpAwsIARUAAIhCGAFwAQ==&rs=AOn4CLB0lH9dUWDRpev5mfK-DY00yyhEGQ,25만회,1주 전,http://www.youtube.com/watch?v=boAotCii_w4,2020. 5. 27.,댓글 346개,7.5천개,345개,"
      11:04
    "
5,운동 3시간 하고 계란후라이10개 넣은 비빔밥과 차돌된장찌개를 먹었습니다 카메라도 안보고 정신없이 먹음 주의 REAL SOUND MUKBANG,https://i.ytimg.com/vi/XDri4wkT2gM/hqdefault.jpg?sqp=-oaymwEZCPYBEIoBSFXyq4qpAwsIARUAAIhCGAFwAQ==&rs=AOn4CLADK28AAzV1QqvW0R-J0-Fa2mmEjw,20만회,1주 전,http://www.youtube.com/watch?v=XDri4wkT2gM,2020. 5. 25.,댓글 264개,5.3천개,219개,"
      12:17
    "
6,EXTREME MOZZARELLA CHEESE & CORNDOGS & PIZZA & FRIED SPECIAL 치즈듬뿍 핫도그 & 피자 & 돈까스 & 떡볶이 모음집 MUKBANG,https://i.ytimg.com/vi/xytH8trf16o/hqdefault.jpg?sqp=-oaymwEZCPYBEIoBSFXyq4qpAwsIARUAAIhCGAFwAQ==&rs=AOn4CLC0Mr1jBff-KKWr9t2uLxosgEUdaQ,17만회,1주 전,http://www.youtube.com/watch?v=xytH8trf16o,2020. 5. 23.,댓글 219개,5.3천개,207개,"
      12:36
    "
7,페리카나 신메뉴 핫데블 로스핀치킨을 BBQ자메이카 BHC붐바스틱과 함께 먹어봤습니다 오호? 비교리뷰먹방 REAL SOUND MUKBANG,https://i.ytimg.com/vi/TH48NuXBChY/hqdefault.jpg?sqp=-oaymwEZCPYBEIoBSFXyq4qpAwsIARUAAIhCGAFwAQ==&rs=AOn4CLD9x0PK9QaWk3ZU3JCSyWIh3uWrkA,34만회,2주 전,http://www.youtube.com/watch?v=TH48NuXBChY,2020. 5. 21.,댓글 492개,9.7천개,436개,"
      12:35
    "
8,OUTBACK TOOWOOMBA PASTA & GARLIC STEAK 투움바 파스타 & 갈릭스테이크 & 치킨 & 백립 & 김치볶음밥 먹방 REAL SOUND MUKBANG,https://i.ytimg.com/vi/UftqtAXizoY/hqdefault.jpg?sqp=-oaymwEZCPYBEIoBSFXyq4qpAwsIARUAAIhCGAFwAQ==&rs=AOn4CLA8wEIEOWN8jZ7TzVKipLA-q2yrJA,42만회,2주 전,http://www.youtube.com/watch?v=UftqtAXizoY,2020. 5. 19.,댓글 499개,1만개,358개,"
      15:26
    "
9,ASMR 대왕유부초밥 우삼겹 제육김치 스테이크 계란 생연어 간장새우 명란마요 타코와사비 타코야끼 김치규동 먹방 REAL SOUND MUKBANG,https://i.ytimg.com/vi/_F2XE3oy2Kk/hqdefault.jpg?sqp=-oaymwEZCPYBEIoBSFXyq4qpAwsIARUAAIhCGAFwAQ==&rs=AOn4CLBJVbIrSAJj3ZDN6C_2b2RyF60DUQ,23만회,2주 전,http://www.youtube.com/watch?v=_F2XE3oy2Kk,2020. 5. 17.,댓글 321개,6.3천개,240개,"
      14:58
    "
10,ASMR 치즈추가한 마피아떡볶이와 명랑핫도그 조합 소름주의 TTEOK-BOKKI & CORN DOGS REAL SOUND MUKBANG,https://i.ytimg.com/vi/_YGpt_fIkC4/hqdefault.jpg?sqp=-oaymwEZCPYBEIoBSFXyq4qpAwsIARUAAIhCGAFwAQ==&rs=AOn4CLAYTxoHDOucB724JWOfxc3B6OVXOg,29만회,2주 전,http://www.youtube.com/watch?v=_YGpt_fIkC4,2020. 5. 15.,댓글 505개,9천개,319개,"
      15:25
    "
11,ASMR BLACK BEAN NOODLES & SPICY FIRE CHICKEN 짜파게티 & 불닭치킨 먹방 MUKBANG,https://i.ytimg.com/vi/oGty-m4pRno/hqdefault.jpg?sqp=-oaymwEZCPYBEIoBSFXyq4qpAwsIARUAAIhCGAFwAQ==&rs=AOn4CLDW07SfoJtD64DYe9WanxhAzOngtA,39만회,3주 전,http://www.youtube.com/watch?v=oGty-m4pRno,2020. 5. 13.,댓글 643개,1.1만개,458개,"
      15:24
    "
12,ASMR BHC 뿌링클 전메뉴 뿌링닭다리 & 뿌링치즈볼 & 뿌링핫도그 & 뿌링콜팝 & 뿌링소떡 & 뿌링감자 & 뿌링소스 먹방 CHEESE CHICKEN MUKBANG,https://i.ytimg.com/vi/r5mQgq36BsM/hqdefault.jpg?sqp=-oaymwEZCPYBEIoBSFXyq4qpAwsIARUAAIhCGAFwAQ==&rs=AOn4CLD8TVRZqgS_VAOBVmAVYZmcYDIUqw,29만회,3주 전,http://www.youtube.com/watch?v=r5mQgq36BsM,2020. 5. 11.,댓글 518개,8.6천개,352개,"
      17:44
    "
13,ASMR 미운우리새끼 김희철님이 드신 이차돌 프리미엄한상세트 한 번 시켜봤습니다. 차돌박이 & 쫄면 & 된장찌개 충격적인맛 리뷰먹방 MUKBANG,https://i.ytimg.com/vi/fWFOSMPgU2o/hqdefault.jpg?sqp=-oaymwEZCPYBEIoBSFXyq4qpAwsIARUAAIhCGAFwAQ==&rs=AOn4CLCsin3zPsErIBOm3ulX0TEGc4BhrQ,19만회,3주 전,http://www.youtube.com/watch?v=fWFOSMPgU2o,2020. 5. 9.,댓글 292개,4.9천개,191개,"
      14:18
    "
14,ASMR CHEESE SPAM & KIELBASA SAUSAGE & NOODLES SPECIAL 통스팸 & 킬바사 모음집,https://i.ytimg.com/vi/1l0pMsrb0X4/hqdefault.jpg?sqp=-oaymwEZCPYBEIoBSFXyq4qpAwsIARUAAIhCGAFwAQ==&rs=AOn4CLDw4_X8rN0ADfa_dfrQvvOAcPqxjQ,37만회,4주 전,http://www.youtube.com/watch?v=1l0pMsrb0X4,2020. 5. 7.,댓글 484개,8.7천개,403개,"
      18:50
    "
15,ASMR McDonald's NEW BURGER & NUGGET & 맥도날드 신상 허니 크림치즈 상하이버거 & 맥너겟,https://i.ytimg.com/vi/ZPJ_duFYTEg/hqdefault.jpg?sqp=-oaymwEZCPYBEIoBSFXyq4qpAwsIARUAAIhCGAFwAQ==&rs=AOn4CLC_gkf2Lc3jMq7cDI26bt014hWd7g,25만회,4주 전,http://www.youtube.com/watch?v=ZPJ_duFYTEg,2020. 5. 5.,댓글 528개,7.7천개,310개,"
      15:50
    "
16,ASMR PIZZA & CHEESE SPAGHETTI 알볼로 신메뉴 옥수수피자 & 치즈오븐스파게티 & 바게트스틱 먹방,https://i.ytimg.com/vi/ZPac_oYUSIA/hqdefault.jpg?sqp=-oaymwEZCPYBEIoBSFXyq4qpAwsIARUAAIhCGAFwAQ==&rs=AOn4CLA7IjSS76Pl4aI9Y3CHdDe3tBpgdQ,19만회,1개월 전,http://www.youtube.com/watch?v=ZPac_oYUSIA,2020. 5. 3.,댓글 285개,5.3천개,219개,"
      15:09
    "
17,ASMR 잘익은 묵은지 통삼겹 & 왕비엔나소시지 & 야채계란말이 & 동그랑땡 먹방 KOREA FOOD MUKBANG,https://i.ytimg.com/vi/l2dYQY63Y5o/hqdefault.jpg?sqp=-oaymwEZCPYBEIoBSFXyq4qpAwsIARUAAIhCGAFwAQ==&rs=AOn4CLCrFa0VuR2DJeL7Bd-GyVFAhUuKhQ,27만회,1개월 전,http://www.youtube.com/watch?v=l2dYQY63Y5o,2020. 5. 1.,댓글 399개,7.2천개,285개,"
      17:37
    "
18,ASMR NUCLEA FIRE BLACK BEAN NOODLES & SPICY CHICKEN 간짜장 & 핵불닭소스 & 처갓집양념치킨 먹방 MUKBANG,https://i.ytimg.com/vi/0M0nBTdrPUQ/hqdefault.jpg?sqp=-oaymwEZCPYBEIoBSFXyq4qpAwsIARUAAIhCGAFwAQ==&rs=AOn4CLAmJYcrky8VjW_ji-bcoaiQ_ltvbg,90만회,1개월 전,http://www.youtube.com/watch?v=0M0nBTdrPUQ,2020. 4. 29.,댓글 904개,2만개,920개,"
      11:32
    "
19,ASMR LEGEND HOT SPICY RICE CAKE TTEOKBOKKI SPECIAL 마피아 & 엽떡 & 신전 떡볶이 모음 MUKBANG,https://i.ytimg.com/vi/iT4-XgE7idI/hqdefault.jpg?sqp=-oaymwEZCPYBEIoBSFXyq4qpAwsIARUAAIhCGAFwAQ==&rs=AOn4CLBaEyEruWz7dQ21YtTV9U50Wr3AlA,34만회,1개월 전,http://www.youtube.com/watch?v=iT4-XgE7idI,2020. 4. 27.,댓글 491개,8.4천개,307개,"
      21:18
    "
