﻿,name,thumbnail,view,previous_time,video_url,start_date,comment,likes_num,unlikes_num,time_duration
0,티라미수 아이스크림 만들기 Tiramisu Ice Cream Recipe | 한세 HANSE,https://i.ytimg.com/vi/xWyvjG-qd4Y/hqdefault.jpg?sqp=-oaymwEZCPYBEIoBSFXyq4qpAwsIARUAAIhCGAFwAQ==&rs=AOn4CLBdfrxQPtA-oafFy0rC2jSZ-Q701A,26만회,5일 전,http://www.youtube.com/watch?v=xWyvjG-qd4Y,2020. 5. 30.,댓글 365개,9.4천개,72개,"
      5:06
    "
1,소떡소떡 Meringue Cookies Recipe | 한세 HANSE,https://i.ytimg.com/vi/q81Be7tfnYI/hqdefault.jpg?sqp=-oaymwEZCPYBEIoBSFXyq4qpAwsIARUAAIhCGAFwAQ==&rs=AOn4CLBzlVCA7qdsI4RXfzJfH9LSKED1Ig,16만회,1주 전,http://www.youtube.com/watch?v=q81Be7tfnYI,2020. 5. 24.,댓글 323개,4.7천개,59개,"
      3:43
    "
2,포도 요거트 마카롱 만들기 Grape Yogurt Macarons Recipe | 한세 HANSE,https://i.ytimg.com/vi/wyZOle8ZWGo/hqdefault.jpg?sqp=-oaymwEZCPYBEIoBSFXyq4qpAwsIARUAAIhCGAFwAQ==&rs=AOn4CLAVWwOcaFR3GUruXvUz7b6DHS0kiw,155만회,2주 전,http://www.youtube.com/watch?v=wyZOle8ZWGo,2020. 5. 16.,댓글 895개,3만개,586개,"
      5:24
    "
3,🥕당근 컵케이크 만들기 Carrot Cupcakes Recipe | 한세 HANSE,https://i.ytimg.com/vi/27yOh1cZXeI/hqdefault.jpg?sqp=-oaymwEZCPYBEIoBSFXyq4qpAwsIARUAAIhCGAFwAQ==&rs=AOn4CLDyBPMaSdHtT4LeAfUmOMXn-lCKkw,19만회,3주 전,http://www.youtube.com/watch?v=27yOh1cZXeI,2020. 5. 9.,댓글 276개,6.8천개,52개,"
      4:17
    "
4,티그레 만들기 Tigre Recipe | 한세 HANSE,https://i.ytimg.com/vi/GoqEoftN7OE/hqdefault.jpg?sqp=-oaymwEZCPYBEIoBSFXyq4qpAwsIARUAAIhCGAFwAQ==&rs=AOn4CLACvuPE8Z5cMyjog0vVsjLMrX47jQ,12만회,1개월 전,http://www.youtube.com/watch?v=GoqEoftN7OE,2020. 5. 3.,댓글 238개,4.5천개,26개,"
      5:36
    "
5,에어프라이어! 퐁당 오 쇼콜라 만들기 세트 [Kit] Fondant au Chocolat | 한세 HANSE,https://i.ytimg.com/vi/ju2-q1izuA8/hqdefault.jpg?sqp=-oaymwEZCPYBEIoBSFXyq4qpAwsIARUAAIhCGAFwAQ==&rs=AOn4CLBBOxTtK0f2-d0unz_uEJ7Yj3c-0A,19만회,1개월 전,http://www.youtube.com/watch?v=ju2-q1izuA8,2020. 4. 25.,댓글 294개,7.1천개,66개,"
      5:16
    "
6,버블티 만들기 Bubble tea Recipe | 한세 HANSE,https://i.ytimg.com/vi/4B56bOdQWYI/hqdefault.jpg?sqp=-oaymwEZCPYBEIoBSFXyq4qpAwsIARUAAIhCGAFwAQ==&rs=AOn4CLATUw_GO_olaBOe7mx28UwaDl071g,36만회,1개월 전,http://www.youtube.com/watch?v=4B56bOdQWYI,2020. 4. 18.,댓글 579개,1.1만개,77개,"
      3:39
    "
7,☕홈카페 영상 모음 14탄! Home Cafe Compilation (Vol. 14),https://i.ytimg.com/vi/MGX4GhEP-Xc/hqdefault.jpg?sqp=-oaymwEZCPYBEIoBSFXyq4qpAwsIARUAAIhCGAFwAQ==&rs=AOn4CLDhP5LNiXanr7AZGQHdn0SmKdNBag,43만회,1개월 전,http://www.youtube.com/watch?v=MGX4GhEP-Xc,2020. 4. 12.,댓글 798개,1.2만개,116개,"
      18:55
    "
8,오레오 마들렌 만들기 Oreo Madeleines Recipe | 한세 HANSE,https://i.ytimg.com/vi/udFoULzt9j0/hqdefault.jpg?sqp=-oaymwEZCPYBEIoBSFXyq4qpAwsIARUAAIhCGAFwAQ==&rs=AOn4CLCI4X1n6lP2IBmy1JCLUOmMzurF-A,28만회,1개월 전,http://www.youtube.com/watch?v=udFoULzt9j0,2020. 4. 5.,댓글 365개,8.8천개,70개,"
      6:46
    "
9,파베 브라우니 만들기 Pave Brownie Recipe | 한세 HANSE,https://i.ytimg.com/vi/_tbQIXdT-NI/hqdefault.jpg?sqp=-oaymwEZCPYBEIoBSFXyq4qpAwsIARUAAIhCGAFwAQ==&rs=AOn4CLCVgI3oobosVwk2ZeHocBSeg3Oz1A,31만회,2개월 전,http://www.youtube.com/watch?v=_tbQIXdT-NI,2020. 3. 29.,댓글 449개,1.4만개,64개,"
      4:56
    "
10,홈런볼 만들기,https://i.ytimg.com/vi/ioNyAKnqRrE/hqdefault.jpg?sqp=-oaymwEZCPYBEIoBSFXyq4qpAwsIARUAAIhCGAFwAQ==&rs=AOn4CLBWvqcfThAUtaF7lzJWttS9DQagEw,48만회,2개월 전,http://www.youtube.com/watch?v=ioNyAKnqRrE,2020. 3. 21.,댓글 955개,1.6만개,96개,"
      5:39
    "
11,딸기우유 마카롱 만들기 Strawberry Milk Macarons Recipe | 한세 HANSE,https://i.ytimg.com/vi/S3sUgTOmUIQ/hqdefault.jpg?sqp=-oaymwEZCPYBEIoBSFXyq4qpAwsIARUAAIhCGAFwAQ==&rs=AOn4CLDHY7WnGI70QLy9bxGSRkQaLpd5qw,118만회,2개월 전,http://www.youtube.com/watch?v=S3sUgTOmUIQ,2020. 3. 15.,댓글 884개,3만개,233개,"
      8:54
    "
12,대파 자르는 소리 (점점 빨라져서 잘 때 들으면 못 잠) the sound of cutting green onions,https://i.ytimg.com/vi/jEOW7zT-TDw/hqdefault.jpg?sqp=-oaymwEZCPYBEIoBSFXyq4qpAwsIARUAAIhCGAFwAQ==&rs=AOn4CLADX6nawWoNjnO95610Qr3ppVPzUw,12만회,2개월 전,http://www.youtube.com/watch?v=jEOW7zT-TDw,2020. 3. 8.,댓글 349개,2.5천개,61개,"
      14:45
    "
13,Dalgona Coffee / 400번 저어 만드는 달고나 커피 만들기,https://i.ytimg.com/vi/PnOaUExo2x0/hqdefault.jpg?sqp=-oaymwEZCPYBEIoBSFXyq4qpAwsIARUAAIhCGAFwAQ==&rs=AOn4CLAXV5Rvht333Xtlup-pTYRh4PR2cg,180만회,3개월 전,http://www.youtube.com/watch?v=PnOaUExo2x0,2020. 2. 28.,"댓글 1,454개",2.9만개,368개,"
      4:30
    "
14,크림치즈 파운드 케이크 만들기 Cream Cheese Pound Cake Recipe | 한세 HANSE,https://i.ytimg.com/vi/kspoOrHuO_c/hqdefault.jpg?sqp=-oaymwEZCPYBEIoBSFXyq4qpAwsIARUAAIhCGAFwAQ==&rs=AOn4CLAJoSjxhb3nkBJ1P5gmPimHAqv7Fw,56만회,3개월 전,http://www.youtube.com/watch?v=kspoOrHuO_c,2020. 2. 22.,댓글 333개,9.7천개,129개,"
      5:03
    "
15,[종이컵 계량] 노오븐! 밥솥 카스테라 만들기 (핸드믹서 없이) Rice Cooker Castella Recipe (without hand mixer),https://i.ytimg.com/vi/W1xG5vYutWY/hqdefault.jpg?sqp=-oaymwEZCPYBEIoBSFXyq4qpAwsIARUAAIhCGAFwAQ==&rs=AOn4CLC424Lf7sFN6idtW-7CTwr-qweJgA,265만회,3개월 전,http://www.youtube.com/watch?v=W1xG5vYutWY,2020. 2. 15.,"댓글 1,645개",3.8만개,531개,"
      5:41
    "
16,초콜릿 크레이프 케이크 만들기 Chocolate Crepe Cake Recipe | 한세 HANSE,https://i.ytimg.com/vi/HJA9nOuhlLQ/hqdefault.jpg?sqp=-oaymwEZCPYBEIoBSFXyq4qpAwsIARUAAIhCGAFwAQ==&rs=AOn4CLDPHa3zwS01rofvJieovKEiT2z8rA,62만회,3개월 전,http://www.youtube.com/watch?v=HJA9nOuhlLQ,2020. 2. 8.,댓글 760개,1.8만개,159개,"
      8:30
    "
17,NG컷 모음 5탄! (+미공개 영상) | 한세,https://i.ytimg.com/vi/bKIUQQn-Tlg/hqdefault.jpg?sqp=-oaymwEZCPYBEIoBSFXyq4qpAwsIARUAAIhCGAFwAQ==&rs=AOn4CLAWGchbnhVflE8jLhSOWe-1jp_EZg,175만회,4개월 전,http://www.youtube.com/watch?v=bKIUQQn-Tlg,2020. 2. 1.,"댓글 1,307개",2.6만개,611개,"
      5:05
    "
18,홈카페 영상 모음 13탄! Home Cafe Compilation (Vol. 13) | 한세 HANSE,https://i.ytimg.com/vi/CjQWvyz5JQw/hqdefault.jpg?sqp=-oaymwEZCPYBEIoBSFXyq4qpAwsIARUAAIhCGAFwAQ==&rs=AOn4CLBatQuOlf_Ks30M6dT_Kp2D7MfUIA,213만회,4개월 전,http://www.youtube.com/watch?v=CjQWvyz5JQw,2020. 1. 25.,"댓글 1,798개",5.7만개,554개,"
      19:23
    "
19,밀크티 먹는데 1시간 걸린 홈카페 영상 만들기 2탄 #감성와르르 home cafe making video (vol. 2) 🤣 milk tea,https://i.ytimg.com/vi/Vu9-wp6XcnM/hqdefault.jpg?sqp=-oaymwEZCPYBEIoBSFXyq4qpAwsIARUAAIhCGAFwAQ==&rs=AOn4CLCbUHgKI8Z5fsg2ir3HyG2ZXjVOUw,18만회,4개월 전,http://www.youtube.com/watch?v=Vu9-wp6XcnM,2020. 1. 19.,댓글 235개,4.3천개,73개,"
      7:23
    "
