﻿,name,thumbnail,view,previous_time,video_url,start_date,comment,likes_num,unlikes_num,time_duration
0,오늘도 수고했어! 비타민 톡톡💛 레모나 마카롱 만들기! - 아리키친,https://i.ytimg.com/vi/IcYJWVGApFo/hqdefault.jpg?sqp=-oaymwEZCPYBEIoBSFXyq4qpAwsIARUAAIhCGAFwAQ==&rs=AOn4CLC46Udz_sMiJbRLoaeeh47myIeBvw,12만회,4일 전,http://www.youtube.com/watch?v=IcYJWVGApFo,2020. 5. 30.,댓글 622개,4.8천개,49개,"
      12:23
    "
1,포켓몬스터가 밥속에 풍덩~! 캐릭터 밥상 만들기♥ - 아리키친,https://i.ytimg.com/vi/G2y9l94ybJc/hqdefault.jpg?sqp=-oaymwEZCPYBEIoBSFXyq4qpAwsIARUAAIhCGAFwAQ==&rs=AOn4CLDdBdNCZHkjskIsotV_R1P2Hetxdg,11만회,1주 전,http://www.youtube.com/watch?v=G2y9l94ybJc,2020. 5. 23.,댓글 554개,4.6천개,56개,"
      10:49
    "
2,온라인샵 오픈! 이제 아리키친 디저트를 택배로 받아보세요♥,https://i.ytimg.com/vi/sxpnIN-qvnU/hqdefault.jpg?sqp=-oaymwEZCPYBEIoBSFXyq4qpAwsIARUAAIhCGAFwAQ==&rs=AOn4CLA9ccj-2sMty-FgH2QzuUaTyDSaeQ,4.2만회,1주 전,http://www.youtube.com/watch?v=sxpnIN-qvnU,2020. 5. 22.,댓글 368개,2.1천개,30개,"
      3:42
    "
3,아따맛나! 시원하게 쨘🍺 재료 3가지! 미니어처 맥주젤리 만들기! - 아리키친,https://i.ytimg.com/vi/f_GtWqQROUM/hqdefault.jpg?sqp=-oaymwEZCPYBEIoBSFXyq4qpAwsIARUAAIhCGAFwAQ==&rs=AOn4CLDQkX1CujF4ywmsI6DwnS5X0VYDGw,40만회,2주 전,http://www.youtube.com/watch?v=f_GtWqQROUM,2020. 5. 16.,댓글 817개,9.9천개,184개,"
      7:44
    "
4,대환장파티💢 4500번 젓고 때려 만드는 삼불점🔥 - 아리키친,https://i.ytimg.com/vi/GG7NgIHUe4s/hqdefault.jpg?sqp=-oaymwEZCPYBEIoBSFXyq4qpAwsIARUAAIhCGAFwAQ==&rs=AOn4CLC0yL3TyyTjBLYwhylF7DNkPP1gxQ,35만회,1개월 전,http://www.youtube.com/watch?v=GG7NgIHUe4s,2020. 5. 2.,댓글 818개,8.1천개,146개,"
      12:14
    "
5,고품격 딸기 생크림 멜팅케이크 만들기 🍰✨ Berry-Thx!! - 아리키친,https://i.ytimg.com/vi/9r7Foi69nz0/hqdefault.jpg?sqp=-oaymwEZCPYBEIoBSFXyq4qpAwsIARUAAIhCGAFwAQ==&rs=AOn4CLBznV6Mp1jd1F9JUc0RDl2x7M98uA,17만회,1개월 전,http://www.youtube.com/watch?v=9r7Foi69nz0,2020. 4. 25.,댓글 472개,5.6천개,50개,"
      9:40
    "
6,먹지 말고 뿌려보세요! 케이크를 더 반짝이게✨ 코하쿠토 스프링클 응용편! - 아리키친,https://i.ytimg.com/vi/7hFmU6yLzm0/hqdefault.jpg?sqp=-oaymwEZCPYBEIoBSFXyq4qpAwsIARUAAIhCGAFwAQ==&rs=AOn4CLD2L3b7J6MB0Qe-DDir64JAsmccpg,32만회,1개월 전,http://www.youtube.com/watch?v=7hFmU6yLzm0,2020. 4. 18.,"댓글 1,051개",1만개,116개,"
      10:58
    "
7,요거통통~♥ 딸기요거트 다쿠아즈케이크 만들기! - 아리키친,https://i.ytimg.com/vi/E_wKv49FZpk/hqdefault.jpg?sqp=-oaymwEZCPYBEIoBSFXyq4qpAwsIARUAAIhCGAFwAQ==&rs=AOn4CLBRGiFjWdFxCIjQ9iM4dB5nUvcL7A,21만회,1개월 전,http://www.youtube.com/watch?v=E_wKv49FZpk,2020. 4. 11.,댓글 562개,7.1천개,74개,"
      12:00
    "
8,클래식 블루💙 럭셔리 로얄 크라운 케이크 만들기! - 아리키친,https://i.ytimg.com/vi/0ta79SKLb0Q/hqdefault.jpg?sqp=-oaymwEZCPYBEIoBSFXyq4qpAwsIARUAAIhCGAFwAQ==&rs=AOn4CLDfg2d2Uyk_8G5TXfwuJbH18Swecw,47만회,2개월 전,http://www.youtube.com/watch?v=0ta79SKLb0Q,2020. 4. 4.,"댓글 1,256개",1.3만개,180개,"
      12:40
    "
9,바삭~쫄깃!치즈쭉쭉♥ ٩(๑❛ᗨ❛๑)۶ 옥수수 멜론빵 만들기!  - 아리키친,https://i.ytimg.com/vi/Cfg3IRBFd2M/hqdefault.jpg?sqp=-oaymwEZCPYBEIoBSFXyq4qpAwsIARUAAIhCGAFwAQ==&rs=AOn4CLBQMg7FECu34jpYqyXz35NQ3EpLoA,17만회,2개월 전,http://www.youtube.com/watch?v=Cfg3IRBFd2M,2020. 3. 28.,댓글 486개,5.4천개,64개,"
      12:16
    "
10,바나나킥으로 배워보는 분자요리! 🧪 - 아리키친,https://i.ytimg.com/vi/_hra_eAflQk/hqdefault.jpg?sqp=-oaymwEZCPYBEIoBSFXyq4qpAwsIARUAAIhCGAFwAQ==&rs=AOn4CLC8luvTXWOB7N6vqFlmUjWZFmXhpQ,10만회,2개월 전,http://www.youtube.com/watch?v=_hra_eAflQk,2020. 3. 21.,댓글 299개,2.7천개,44개,"
      12:44
    "
11,"편의점에 2,500원 탕후루키트가 나왔다공?!! (+아리카롱 택배소식♥)",https://i.ytimg.com/vi/xoZQOlzi1ZY/hqdefault.jpg?sqp=-oaymwEZCPYBEIoBSFXyq4qpAwsIARUAAIhCGAFwAQ==&rs=AOn4CLDUpgcf8yXDcjmJjoHHNB2gJwt6Tw,52만회,2개월 전,http://www.youtube.com/watch?v=xoZQOlzi1ZY,2020. 3. 6.,댓글 873개,9.2천개,321개,"
      10:56
    "
12,아따맛나! 3분완성💕초코칩 쿠키 머그케이크 만들기! - 아리키친,https://i.ytimg.com/vi/rgCT9bkNi1U/hqdefault.jpg?sqp=-oaymwEZCPYBEIoBSFXyq4qpAwsIARUAAIhCGAFwAQ==&rs=AOn4CLCh7VcfiCL3m_39SSi0tpPCsZW9Iw,36만회,3개월 전,http://www.youtube.com/watch?v=rgCT9bkNi1U,2020. 2. 29.,댓글 765개,1.1만개,146개,"
      10:20
    "
13,사르르~ 5초컷💕푸딩푸딩한 초콜릿 푸딩 케이크 만들기🎂,https://i.ytimg.com/vi/37dGe_r9I5c/hqdefault.jpg?sqp=-oaymwEZCPYBEIoBSFXyq4qpAwsIARUAAIhCGAFwAQ==&rs=AOn4CLCdYxsX6jGtvSGBs2bDhS_yAaDRZg,106만회,3개월 전,http://www.youtube.com/watch?v=37dGe_r9I5c,2020. 2. 21.,"댓글 1,725개",2.4만개,501개,"
      9:43
    "
14,발렌타인데이 메뉴개발 브이로그✨(레시피 포함),https://i.ytimg.com/vi/q6FBM2Okn_A/hqdefault.jpg?sqp=-oaymwEZCPYBEIoBSFXyq4qpAwsIARUAAIhCGAFwAQ==&rs=AOn4CLDgm1PG9crO1IeLqT7xp9-QEqGFxg,27만회,3개월 전,http://www.youtube.com/watch?v=q6FBM2Okn_A,2020. 2. 8.,댓글 451개,6.1천개,59개,"
      10:06
    "
15,달콤한 핑크 크리스탈♡루비봉봉 만들기!,https://i.ytimg.com/vi/8vMAatakhGw/hqdefault.jpg?sqp=-oaymwEZCPYBEIoBSFXyq4qpAwsIARUAAIhCGAFwAQ==&rs=AOn4CLAnZEtfUVGBPNhun8nQ-sLrfh0GdA,75만회,4개월 전,http://www.youtube.com/watch?v=8vMAatakhGw,2020. 2. 2.,"댓글 1,157개",1.6만개,275개,"
      13:02
    "
16,초콜릿 드레스 패션쇼💃 살롱 뒤 쇼콜라 카카오쇼!,https://i.ytimg.com/vi/Ff_Py-yCc7E/hqdefault.jpg?sqp=-oaymwEZCPYBEIoBSFXyq4qpAwsIARUAAIhCGAFwAQ==&rs=AOn4CLC2l8N038KnDc2qL8smPU10yO5T3g,20만회,4개월 전,http://www.youtube.com/watch?v=Ff_Py-yCc7E,2020. 1. 25.,댓글 565개,5천개,56개,"
      4:41
    "
17,BT21 RJ💖 난이도-헬! 알제이 쿠키 만들기!,https://i.ytimg.com/vi/-1fSCd9Vq0Y/hqdefault.jpg?sqp=-oaymwEZCPYBEIoBSFXyq4qpAwsIARUAAIhCGAFwAQ==&rs=AOn4CLD5ueEidFQAZD0tlbjnvb2w_jbV_A,124만회,4개월 전,http://www.youtube.com/watch?v=-1fSCd9Vq0Y,2020. 1. 17.,"댓글 1,183개",3.4만개,431개,"
      12:10
    "
18,2020 근하신년!! 귀엽쥐 포춘쿠찍 만들기♥ - ARIKITCHEN(아리키친),https://i.ytimg.com/vi/z6RccW1ii7Q/hqdefault.jpg?sqp=-oaymwEZCPYBEIoBSFXyq4qpAwsIARUAAIhCGAFwAQ==&rs=AOn4CLBF2WRr0RhbWVEX8rNPqPlsMcg_Hw,29만회,4개월 전,http://www.youtube.com/watch?v=z6RccW1ii7Q,2020. 1. 11.,댓글 789개,8.7천개,105개,"
      10:50
    "
19,세계적인 초콜릿 박람회★살롱뒤 쇼콜라에 여러분을 초대합니다♥,https://i.ytimg.com/vi/eGt-HSDHQD8/hqdefault.jpg?sqp=-oaymwEZCPYBEIoBSFXyq4qpAwsIARUAAIhCGAFwAQ==&rs=AOn4CLCrCbafMFWcFvhIo-qAlbkKADKTuA,9.1만회,5개월 전,http://www.youtube.com/watch?v=eGt-HSDHQD8,2020. 1. 5.,댓글 530개,2.7천개,30개,"
      3:48
    "
