﻿,name,thumbnail,view,previous_time,video_url,start_date,comment,likes_num,unlikes_num,time_duration
0,보리비빔밥 무한리필 4천원!! 고추장불고기 3천원!! 맛있게 냠냠 야식이 먹방,https://i.ytimg.com/vi/EvP6jEA1Tsg/hqdefault.jpg?sqp=-oaymwEZCPYBEIoBSFXyq4qpAwsIARUAAIhCGAFwAQ==&rs=AOn4CLDmc0lUESTp9VMXmJUJBBQziCcxTA,5.4만회,15시간 전,http://www.youtube.com/watch?v=EvP6jEA1Tsg,2020. 6. 4.,댓글 222개,2.6천개,46개,"
      11:21
    "
1,30년 2대째 내려오는 치킨집이 안망한 이유.. 3마리만 묵자! 야식이 먹방,https://i.ytimg.com/vi/eHGTRELCiuk/hqdefault.jpg?sqp=-oaymwEZCPYBEIoBSFXyq4qpAwsIARUAAIhCGAFwAQ==&rs=AOn4CLBRXfR2XuoCLqeUEGE-HiUHoIXOOA,17만회,2일 전,http://www.youtube.com/watch?v=eHGTRELCiuk,2020. 6. 2.,댓글 385개,4.6천개,93개,"
      23:57
    "
2,17만 5천원짜리  2.6키로 연어초밥 1피스ㄷㄷㄷ,https://i.ytimg.com/vi/wCb11JtSMIU/hqdefault.jpg?sqp=-oaymwEZCPYBEIoBSFXyq4qpAwsIARUAAIhCGAFwAQ==&rs=AOn4CLA8d3dYXXqZQP_YD1SIj75--vazxw,18만회,6일 전,http://www.youtube.com/watch?v=wCb11JtSMIU,2020. 5. 29.,댓글 474개,4.4천개,143개,"
      19:47
    "
3,칡물냉면 칡비빔냉면 갈비에 싸먹고 고기만두 김치만두 또묵자 야식이 먹방,https://i.ytimg.com/vi/edmvAwcml1E/hqdefault.jpg?sqp=-oaymwEZCPYBEIoBSFXyq4qpAwsIARUAAIhCGAFwAQ==&rs=AOn4CLCDZCZApwpY4lVasO1utiulf_Tdpg,19만회,1주 전,http://www.youtube.com/watch?v=edmvAwcml1E,2020. 5. 26.,댓글 353개,5.2천개,123개,"
      17:02
    "
4,채끝살 넣고 짜파구리 기생충같이... 멕시카나 까르보불닭치킨 또묵자 야식이 먹방,https://i.ytimg.com/vi/3ndgOtfY0To/hqdefault.jpg?sqp=-oaymwEZCPYBEIoBSFXyq4qpAwsIARUAAIhCGAFwAQ==&rs=AOn4CLA7ZUJzNH9_UUkr2QHcNMMEXZ4CYA,21만회,1주 전,http://www.youtube.com/watch?v=3ndgOtfY0To,2020. 5. 23.,댓글 354개,4.7천개,133개,"
      12:34
    "
5,김치찌개라면 1봉지.. 스팸 두부 넣고 김치찌개 끓여서 또묵자!! 야식이 먹방,https://i.ytimg.com/vi/Ykf500C7A4M/hqdefault.jpg?sqp=-oaymwEZCPYBEIoBSFXyq4qpAwsIARUAAIhCGAFwAQ==&rs=AOn4CLAbB5WamCFrUbU_4agKmi4kdsnLEA,43만회,2주 전,http://www.youtube.com/watch?v=Ykf500C7A4M,2020. 5. 20.,댓글 610개,7천개,243개,"
      13:11
    "
6,치즈1키로..페퍼로니 핵폭탄피자..무뼈닭발이랑 먹었습니다!! 야식이 먹방,https://i.ytimg.com/vi/p0UDZM_jEDY/hqdefault.jpg?sqp=-oaymwEZCPYBEIoBSFXyq4qpAwsIARUAAIhCGAFwAQ==&rs=AOn4CLBF62Hij8jyJPG-IKnz-Mk1KjgTJw,16만회,2주 전,http://www.youtube.com/watch?v=p0UDZM_jEDY,2020. 5. 18.,댓글 569개,4.7천개,143개,"
      18:12
    "
7,1900원??노브랜드버거 전메뉴 시켜서 고3학생 1개주고 10개만 묵자!! 야식이 먹방,https://i.ytimg.com/vi/u61GA2cgqqg/hqdefault.jpg?sqp=-oaymwEZCPYBEIoBSFXyq4qpAwsIARUAAIhCGAFwAQ==&rs=AOn4CLDL_XgGweqP0nXew7jrpdfI7xKh9g,20만회,2주 전,http://www.youtube.com/watch?v=u61GA2cgqqg,2020. 5. 16.,댓글 464개,4.9천개,132개,"
      18:20
    "
8,소고기 스테이크 무한리필 17900원!! 꽃등심 피자 파스타 또묵자!! 야식이 먹방,https://i.ytimg.com/vi/r0cA_yVDEuM/hqdefault.jpg?sqp=-oaymwEZCPYBEIoBSFXyq4qpAwsIARUAAIhCGAFwAQ==&rs=AOn4CLB2-sLOJBNFfQHtjpkzbJIlF8ggAg,21만회,3주 전,http://www.youtube.com/watch?v=r0cA_yVDEuM,2020. 5. 14.,댓글 321개,5.2천개,116개,"
      17:15
    "
9,연어국수 1.2키로먹고 회전초밥 32접시 먹고 피자 치킨 만두..또묵자 야식이 먹방,https://i.ytimg.com/vi/g-0jNMbZYGg/hqdefault.jpg?sqp=-oaymwEZCPYBEIoBSFXyq4qpAwsIARUAAIhCGAFwAQ==&rs=AOn4CLCDooCpB_vBtxE90whmag5RMN7fYA,55만회,3주 전,http://www.youtube.com/watch?v=g-0jNMbZYGg,2020. 5. 12.,댓글 775개,9천개,216개,"
      18:47
    "
10,짬뽕시키면 피자공짜! 세그릇 먹고 피자 5판.. 짜장면 또묵자!! 야식이 먹방,https://i.ytimg.com/vi/UwzdoK8cZnY/hqdefault.jpg?sqp=-oaymwEZCPYBEIoBSFXyq4qpAwsIARUAAIhCGAFwAQ==&rs=AOn4CLCEC19M7Mq84aeSR2GfvgRLUzhp9Q,24만회,3주 전,http://www.youtube.com/watch?v=UwzdoK8cZnY,2020. 5. 10.,댓글 516개,5.8천개,161개,"
      19:00
    "
11,크림카레 가정식카레 토마토크림 왕새우튀김 돈까스 밥 무한공짜!! 야식이 먹방,https://i.ytimg.com/vi/RrgPbwxC9uI/hqdefault.jpg?sqp=-oaymwEZCPYBEIoBSFXyq4qpAwsIARUAAIhCGAFwAQ==&rs=AOn4CLAL6nH6olGJkTbu_jBD3ZAhQhkxlA,11만회,3주 전,http://www.youtube.com/watch?v=RrgPbwxC9uI,2020. 5. 8.,댓글 300개,3.5천개,79개,"
      13:13
    "
12,칼국수 수제비 3천원! 잔치국수 2천원!! 세그릇 먹었습니다!!! 야식이 먹방,https://i.ytimg.com/vi/kiL89xCLqi4/hqdefault.jpg?sqp=-oaymwEZCPYBEIoBSFXyq4qpAwsIARUAAIhCGAFwAQ==&rs=AOn4CLAr87hRtGaNLKC-N6a1U0kFElnfcg,19만회,4주 전,http://www.youtube.com/watch?v=kiL89xCLqi4,2020. 5. 6.,댓글 463개,5.6천개,128개,"
      10:37
    "
13,회전초밥 100접시... 다먹으면 천만원!!! 성공할수 있을까?? 야식이 먹방,https://i.ytimg.com/vi/5cvacZ0ziLY/hqdefault.jpg?sqp=-oaymwEZCPYBEIoBSFXyq4qpAwsIARUAAIhCGAFwAQ==&rs=AOn4CLCBrAYGAoVP8RONA-_1HptG3MRkNQ,63만회,1개월 전,http://www.youtube.com/watch?v=5cvacZ0ziLY,2020. 5. 4.,"댓글 2,810개",1.3만개,317개,"
      26:10
    "
14,삼겹살짜장면 7인분..!!  30분안에 다먹으면... 천만원?? 초대형짜장면 야식이 먹방,https://i.ytimg.com/vi/tsEVSSES_sY/hqdefault.jpg?sqp=-oaymwEZCPYBEIoBSFXyq4qpAwsIARUAAIhCGAFwAQ==&rs=AOn4CLD_U8hs1DGhddkYz-70vEBHYa33uw,76만회,1개월 전,http://www.youtube.com/watch?v=tsEVSSES_sY,2020. 5. 2.,"댓글 2,038개",1.7만개,461개,"
      18:09
    "
15,불닭볶음면 1봉지!!... 찐만두 20개랑 같이 먹었습니다!!! 야식이 먹방,https://i.ytimg.com/vi/rjYmjRbMnyA/hqdefault.jpg?sqp=-oaymwEZCPYBEIoBSFXyq4qpAwsIARUAAIhCGAFwAQ==&rs=AOn4CLAO8807xhg5voZ72SszGbzOatVTjQ,20만회,1개월 전,http://www.youtube.com/watch?v=rjYmjRbMnyA,2020. 4. 30.,댓글 377개,4.7천개,97개,"
      13:00
    "
16,해물짬뽕라면 1봉지.. 쭈꾸미 30마리 넣고.. 볶음밥 만들어 또묵자!! 야식이 먹방,https://i.ytimg.com/vi/fIxKJAXmfJ8/hqdefault.jpg?sqp=-oaymwEZCPYBEIoBSFXyq4qpAwsIARUAAIhCGAFwAQ==&rs=AOn4CLBDRVBh7C_2k87OQ7o1uf3TUgEeVQ,26만회,1개월 전,http://www.youtube.com/watch?v=fIxKJAXmfJ8,2020. 4. 28.,댓글 493개,6.1천개,157개,"
      12:47
    "
17,돈까스 시키면 된장찌개 공짜! 비빔밥 무한공짜!! 크림파스타 또묵자!!! 야식이 먹방,https://i.ytimg.com/vi/f_TFFI-0Q5I/hqdefault.jpg?sqp=-oaymwEZCPYBEIoBSFXyq4qpAwsIARUAAIhCGAFwAQ==&rs=AOn4CLDhvqHqtc7yBHX56s2hjUGQQZOlJg,24만회,1개월 전,http://www.youtube.com/watch?v=f_TFFI-0Q5I,2020. 4. 26.,댓글 407개,5.9천개,150개,"
      14:21
    "
18,엄청매운 저세상불찜닭!! 구름치즈찜닭 또먹고 달걀밥 또묵자!! 야식이 먹방 mukbang,https://i.ytimg.com/vi/DI75R7J7gB8/hqdefault.jpg?sqp=-oaymwEZCPYBEIoBSFXyq4qpAwsIARUAAIhCGAFwAQ==&rs=AOn4CLAis8lm591JSNVmQm7fJjMW1YuHrw,18만회,1개월 전,http://www.youtube.com/watch?v=DI75R7J7gB8,2020. 4. 24.,댓글 301개,4.6천개,149개,"
      21:23
    "
19,소갈비찜 1.4키로 먹고 치즈에 밥까지 볶아서 김가루까지 뿌려묵자 야식이 먹방,https://i.ytimg.com/vi/t4KTz8gJm4E/hqdefault.jpg?sqp=-oaymwEZCPYBEIoBSFXyq4qpAwsIARUAAIhCGAFwAQ==&rs=AOn4CLBMXwu1ekMGwCaZmH2NQ62E9i95zQ,13만회,1개월 전,http://www.youtube.com/watch?v=t4KTz8gJm4E,2020. 4. 22.,댓글 242개,3.5천개,94개,"
      14:23
    "
