﻿,name,thumbnail,view,previous_time,video_url,start_date,comment,likes_num,unlikes_num,time_duration
0,판.삼.겹.살,https://i.ytimg.com/vi/06FDWFM6ClI/hqdefault.jpg?sqp=-oaymwEZCPYBEIoBSFXyq4qpAwsIARUAAIhCGAFwAQ==&rs=AOn4CLDmlcu0CWn4RGxFHElZw2p2r37Ndg,28만회,19시간 전,http://www.youtube.com/watch?v=06FDWFM6ClI,2020. 6. 4.,댓글 444개,3.4천개,112개,"
      11:26
    "
1,"시경이형 이쯤되면 밥묵고 사우나도 가고 다 합시다! "" 참새방앗간 """,https://i.ytimg.com/vi/9hY-DljAxgI/hqdefault.jpg?sqp=-oaymwEZCPYBEIoBSFXyq4qpAwsIARUAAIhCGAFwAQ==&rs=AOn4CLCgpyHunseTntCRtYt5Jc-Ag7hpJw,15만회,1일 전,http://www.youtube.com/watch?v=9hY-DljAxgI,2020. 6. 3.,댓글 308개,1.8천개,59개,"
      10:02
    "
2,팔뚝만한 생선을 구워보고 조려봤습니다!,https://i.ytimg.com/vi/pFoTBVY39F0/hqdefault.jpg?sqp=-oaymwEZCPYBEIoBSFXyq4qpAwsIARUAAIhCGAFwAQ==&rs=AOn4CLD40d_MzvFiyPPCNDX9XuZhW7yObA,20만회,2일 전,http://www.youtube.com/watch?v=pFoTBVY39F0,최초 공개: 2020. 6. 2.,댓글 338개,2.2천개,100개,"
      12:22
    "
3,육즙 만수르 토마호크 스테이크! 이보다 더 산적일 수 없다!,https://i.ytimg.com/vi/AsayQLSc9LE/hqdefault.jpg?sqp=-oaymwEZCPYBEIoBSFXyq4qpAwsIARUAAIhCGAFwAQ==&rs=AOn4CLB_T_59T1Obi63xZI93zHQt2z-ENg,49만회,4일 전,http://www.youtube.com/watch?v=AsayQLSc9LE,최초 공개: 2020. 5. 31.,댓글 501개,4.8천개,201개,"
      10:13
    "
4,10마리 시켜도 안오는 도서산간지역에서는 치킨! 그까이꺼 직접 튀겨먹습니다!,https://i.ytimg.com/vi/FivSiUT0Yxw/hqdefault.jpg?sqp=-oaymwEZCPYBEIoBSFXyq4qpAwsIARUAAIhCGAFwAQ==&rs=AOn4CLD4MiOBVTF4j6CJIG7rXyt2XMNWZw,29만회,6일 전,http://www.youtube.com/watch?v=FivSiUT0Yxw,최초 공개: 2020. 5. 29.,댓글 508개,3.7천개,147개,"
      14:08
    "
5,god잡았을 때 먹어야 쳐~ 직이는 그 고기 알려드립니다!,https://i.ytimg.com/vi/keCXvW89m44/hqdefault.jpg?sqp=-oaymwEZCPYBEIoBSFXyq4qpAwsIARUAAIhCGAFwAQ==&rs=AOn4CLDpfIGpuN1nbRzthxJPFT60xUyJMQ,48만회,1주 전,http://www.youtube.com/watch?v=keCXvW89m44,최초 공개: 2020. 5. 27.,댓글 641개,4.7천개,185개,"
      11:04
    "
6,가마솥에 끓인 산적의 왕족발 feat.꽃을든산적,https://i.ytimg.com/vi/D0Fw1TS7mbI/hqdefault.jpg?sqp=-oaymwEZCPYBEIoBSFXyq4qpAwsIARUAAIhCGAFwAQ==&rs=AOn4CLCXeU1qgYrLTUxQNH-Dv34-8bnzVQ,23만회,1주 전,http://www.youtube.com/watch?v=D0Fw1TS7mbI,2020. 5. 26.,댓글 245개,2.4천개,116개,"
      10:42
    "
7,고기는 뼈에 붙어야 진리죠! 소갈비를 통으로 뜯어야 제맛이죠!,https://i.ytimg.com/vi/MIgazI9YHQ0/hqdefault.jpg?sqp=-oaymwEZCPYBEIoBSFXyq4qpAwsIARUAAIhCGAFwAQ==&rs=AOn4CLB69amTlpSYMM2E7uuIu9XRPwgkSA,21만회,1주 전,http://www.youtube.com/watch?v=MIgazI9YHQ0,2020. 5. 22.,댓글 221개,2.3천개,85개,"
      11:08
    "
8,대파김치전 드셔보셨나요? 막걸리와 함께~!,https://i.ytimg.com/vi/5cGrrzXePFo/hqdefault.jpg?sqp=-oaymwEZCPYBEIoBSFXyq4qpAwsIARUAAIhCGAFwAQ==&rs=AOn4CLByJQ2tnXnR92aYTFwPlI0Bw1kp1A,22만회,2주 전,http://www.youtube.com/watch?v=5cGrrzXePFo,2020. 5. 21.,댓글 288개,2.3천개,122개,"
      10:37
    "
9,산적스테이크 드디어 출시! 육즈비님들~ 롸잇~나우! 감사합니다~!,https://i.ytimg.com/vi/Fx5PMuIa6nw/hqdefault.jpg?sqp=-oaymwEZCPYBEIoBSFXyq4qpAwsIARUAAIhCGAFwAQ==&rs=AOn4CLBsBQ3Hd6AJS1v3wBICU_o9bz6geA,13만회,2주 전,http://www.youtube.com/watch?v=Fx5PMuIa6nw,최초 공개: 2020. 5. 20.,댓글 130개,1.3천개,62개,"
      11:21
    "
10,비올 땐 포차에서 민물의 제왕 쏘가리! 50만원어치~ FLEX~ 통구이~매운탕까지~,https://i.ytimg.com/vi/Enhb61IoqJg/hqdefault.jpg?sqp=-oaymwEZCPYBEIoBSFXyq4qpAwsIARUAAIhCGAFwAQ==&rs=AOn4CLB4bKTwBi9t5gLao_dLpXVWxbT3_Q,26만회,2주 전,http://www.youtube.com/watch?v=Enhb61IoqJg,2020. 5. 18.,댓글 383개,2.1천개,116개,"
      14:01
    "
11,욕망의 김치찌개! 돼지 허벅다리 후려봤습니다!,https://i.ytimg.com/vi/0CGHvarWfIg/hqdefault.jpg?sqp=-oaymwEZCPYBEIoBSFXyq4qpAwsIARUAAIhCGAFwAQ==&rs=AOn4CLBFWpnwZLI2I5AXm0IgCuMNVfX60A,36만회,2주 전,http://www.youtube.com/watch?v=0CGHvarWfIg,2020. 5. 17.,댓글 479개,3.7천개,163개,"
      12:01
    "
12,소주가 땡기는 비오는날! 포장마차에서 숯불 자갈 닭갈비!,https://i.ytimg.com/vi/orKI06j3emU/hqdefault.jpg?sqp=-oaymwEZCPYBEIoBSFXyq4qpAwsIARUAAIhCGAFwAQ==&rs=AOn4CLDCeOx9kfiy1Fmt1bA5Vx4YDP5gGA,26만회,2주 전,http://www.youtube.com/watch?v=orKI06j3emU,2020. 5. 15.,댓글 289개,2.7천개,97개,"
      10:28
    "
13,산적스테이크 하우스 드디어 첫오픈!,https://i.ytimg.com/vi/m9Cvs4Aweis/hqdefault.jpg?sqp=-oaymwEZCPYBEIoBSFXyq4qpAwsIARUAAIhCGAFwAQ==&rs=AOn4CLAGGYd5YANMZ4rZier-UqtPE4NrNQ,73만회,3주 전,http://www.youtube.com/watch?v=m9Cvs4Aweis,2020. 5. 14.,댓글 820개,7천개,320개,"
      12:38
    "
14,지금까지 염통꼬치는 잊어주세요~대한민국 1등 산적의 염통꼬치구이 클라스!,https://i.ytimg.com/vi/VlygQy854Lg/hqdefault.jpg?sqp=-oaymwEZCPYBEIoBSFXyq4qpAwsIARUAAIhCGAFwAQ==&rs=AOn4CLCEAaTxoUxGO0ee1YDwvsCM5i-L1w,39만회,3주 전,http://www.youtube.com/watch?v=VlygQy854Lg,2020. 5. 13.,댓글 347개,3.4천개,122개,"
      12:06
    "
15,영흥도산 8자 대광어! feat.김선생(전편집자),https://i.ytimg.com/vi/TfG22IeWteY/hqdefault.jpg?sqp=-oaymwEZCPYBEIoBSFXyq4qpAwsIARUAAIhCGAFwAQ==&rs=AOn4CLD9oTSAKpMv7ALBuQWaubHMc5gMNg,25만회,3주 전,http://www.youtube.com/watch?v=TfG22IeWteY,2020. 5. 12.,댓글 314개,2.2천개,81개,"
      18:26
    "
16,꼭 그렇게 군소장을 다 보냈어야만 속이 후련했냐~,https://i.ytimg.com/vi/PU1SMwC1ZiE/hqdefault.jpg?sqp=-oaymwEZCPYBEIoBSFXyq4qpAwsIARUAAIhCGAFwAQ==&rs=AOn4CLC1Do5UQU8gkKC9O_DXVqyj0bSx5g,30만회,3주 전,http://www.youtube.com/watch?v=PU1SMwC1ZiE,2020. 5. 11.,댓글 486개,2.9천개,118개,"
      11:39
    "
17,맵부심 신상 신새라면~! 식영이형 이렇게하면 되는거야?,https://i.ytimg.com/vi/3Zf847eM_oU/hqdefault.jpg?sqp=-oaymwEZCPYBEIoBSFXyq4qpAwsIARUAAIhCGAFwAQ==&rs=AOn4CLA89PVPOR423BFm4nJWL9zOT1zm4w,56만회,3주 전,http://www.youtube.com/watch?v=3Zf847eM_oU,2020. 5. 8.,댓글 875개,5.6천개,198개,"
      10:48
    "
18,요즘 산적이 직접 만든 수제소세지! 너무 맛있어서 ㄹㅇ찐텐 나왔습니다!,https://i.ytimg.com/vi/hWzvLUuuKks/hqdefault.jpg?sqp=-oaymwEZCPYBEIoBSFXyq4qpAwsIARUAAIhCGAFwAQ==&rs=AOn4CLADsDukJOvjY5qRRqN5-SQN-Mo_iQ,55만회,4주 전,http://www.youtube.com/watch?v=hWzvLUuuKks,최초 공개: 2020. 5. 7.,댓글 656개,5천개,190개,"
      14:27
    "
19,[농가상생프로젝트#2] 산적 스테이크 하우스를 오픈전 고깃집 알바를 해봤습니다!,https://i.ytimg.com/vi/K8DZSK3pJBo/hqdefault.jpg?sqp=-oaymwEZCPYBEIoBSFXyq4qpAwsIARUAAIhCGAFwAQ==&rs=AOn4CLAlfulgVkMB8rI7eemCDVEFvut7DA,19만회,4주 전,http://www.youtube.com/watch?v=K8DZSK3pJBo,2020. 5. 6.,댓글 211개,1.7천개,65개,"
      10:01
    "
