﻿,name,thumbnail,view,previous_time,video_url,start_date,comment,likes_num,unlikes_num,time_duration
0,딱새우에 미친놈이 시원한 메밀소바를 만들면!,https://i.ytimg.com/vi/95B8-KLEe4Q/hqdefault.jpg?sqp=-oaymwEZCPYBEIoBSFXyq4qpAwsIARUAAIhCGAFwAQ==&rs=AOn4CLBanIsTqylg1LOArhI0_mGp8Y8YGw,37만회,5일 전,http://www.youtube.com/watch?v=95B8-KLEe4Q,2020. 5. 30.,댓글 904개,4천개,269개,"
      8:29
    "
1,통스테이크로 짜장면 만드는 법!,https://i.ytimg.com/vi/9wZrru0P_00/hqdefault.jpg?sqp=-oaymwEZCPYBEIoBSFXyq4qpAwsIARUAAIhCGAFwAQ==&rs=AOn4CLDdEZVkLBVF4PUyqH_t0KP35D13WA,33만회,1주 전,http://www.youtube.com/watch?v=9wZrru0P_00,2020. 5. 28.,댓글 888개,4.3천개,161개,"
      10:14
    "
2,피자집 알바생이 파스타 만드는 법,https://i.ytimg.com/vi/EIk-4FwXhOM/hqdefault.jpg?sqp=-oaymwEZCPYBEIoBSFXyq4qpAwsIARUAAIhCGAFwAQ==&rs=AOn4CLA_3EBT8bqqXW6b6QW3TDnnvqCeMw,54만회,1주 전,http://www.youtube.com/watch?v=EIk-4FwXhOM,2020. 5. 25.,댓글 919개,6.2천개,269개,"
      10:06
    "
3,소고기 담가 먹는 새로운 방법!,https://i.ytimg.com/vi/ZfosD28Jvlg/hqdefault.jpg?sqp=-oaymwEZCPYBEIoBSFXyq4qpAwsIARUAAIhCGAFwAQ==&rs=AOn4CLAAd8kDyIu8t-jeNDoeCLaVt4_mjQ,31만회,4주 전,http://www.youtube.com/watch?v=ZfosD28Jvlg,2020. 5. 7.,댓글 863개,3.4천개,166개,"
      10:05
    "
4,참치를 흔들어 먹는 법,https://i.ytimg.com/vi/pGJA21qJpYA/hqdefault.jpg?sqp=-oaymwEZCPYBEIoBSFXyq4qpAwsIARUAAIhCGAFwAQ==&rs=AOn4CLAiR4ZHApIwN2YuFSOSwFOH7wJHYA,38만회,1개월 전,http://www.youtube.com/watch?v=pGJA21qJpYA,2020. 5. 1.,댓글 922개,4천개,200개,"
      10:03
    "
5,대창을 말아서 먹는 법,https://i.ytimg.com/vi/j8SvUNK3KoY/hqdefault.jpg?sqp=-oaymwEZCPYBEIoBSFXyq4qpAwsIARUAAIhCGAFwAQ==&rs=AOn4CLAWOrcl0VEDLgt6_gHWCtQXXXP83Q,59만회,1개월 전,http://www.youtube.com/watch?v=j8SvUNK3KoY,2020. 4. 26.,"댓글 1,179개",5.5천개,298개,"
      10:06
    "
6,랍스터에 미친 장첸이 마라롱샤 만드는 법,https://i.ytimg.com/vi/0_ij7P_ihJs/hqdefault.jpg?sqp=-oaymwEZCPYBEIoBSFXyq4qpAwsIARUAAIhCGAFwAQ==&rs=AOn4CLCTPInYhh9TBr9-DZEQJr0TyaguVg,87만회,1개월 전,http://www.youtube.com/watch?v=0_ij7P_ihJs,2020. 4. 23.,"댓글 1,951개",8.5천개,556개,"
      10:17
    "
7,컵라면 뒤집어 먹는 법,https://i.ytimg.com/vi/mnYsAoM0D74/hqdefault.jpg?sqp=-oaymwEZCPYBEIoBSFXyq4qpAwsIARUAAIhCGAFwAQ==&rs=AOn4CLBriYO8iPBiiqr3Bh7yGLL8dAUTog,112만회,1개월 전,http://www.youtube.com/watch?v=mnYsAoM0D74,2020. 4. 17.,"댓글 1,746개",9.2천개,882개,"
      10:05
    "
8,탕후루에 미친놈이 꿀꽈배기를 만나면,https://i.ytimg.com/vi/2GfDJ7XWUl0/hqdefault.jpg?sqp=-oaymwEZCPYBEIoBSFXyq4qpAwsIARUAAIhCGAFwAQ==&rs=AOn4CLD5-4M3mzG7RIF1TB5mJ3kQG5aVig,49만회,1개월 전,http://www.youtube.com/watch?v=2GfDJ7XWUl0,2020. 4. 13.,댓글 886개,5천개,311개,"
      6:43
    "
9,통오징어에 소세지를 끼우면! 미친 홈파티,https://i.ytimg.com/vi/BOSV7WA7oOM/hqdefault.jpg?sqp=-oaymwEZCPYBEIoBSFXyq4qpAwsIARUAAIhCGAFwAQ==&rs=AOn4CLCnqEiOcZ1cwoLgDPGHcoNlPKeY-Q,62만회,1개월 전,http://www.youtube.com/watch?v=BOSV7WA7oOM,2020. 4. 11.,"댓글 2,641개",9천개,553개,"
      11:07
    "
10,고깃집 알바생이 토스트를 만들면,https://i.ytimg.com/vi/mJbL9U8ring/hqdefault.jpg?sqp=-oaymwEZCPYBEIoBSFXyq4qpAwsIARUAAIhCGAFwAQ==&rs=AOn4CLCfE70_A6U0OLI00D_9zPHd0V14bw,32만회,1개월 전,http://www.youtube.com/watch?v=mJbL9U8ring,2020. 4. 5.,댓글 756개,3.8천개,172개,"
      4:20
    "
11,상위 1%가 전복을 비비면,https://i.ytimg.com/vi/qfUyaW3BfQY/hqdefault.jpg?sqp=-oaymwEZCPYBEIoBSFXyq4qpAwsIARUAAIhCGAFwAQ==&rs=AOn4CLALiuLaur0tIn9EVcM51kwEa0yejA,41만회,2개월 전,http://www.youtube.com/watch?v=qfUyaW3BfQY,2020. 4. 4.,댓글 920개,4.8천개,204개,"
      10:05
    "
12,킹크랩이 스팸을 따먹으면,https://i.ytimg.com/vi/yQm2e3a3UK4/hqdefault.jpg?sqp=-oaymwEZCPYBEIoBSFXyq4qpAwsIARUAAIhCGAFwAQ==&rs=AOn4CLBccYTaBpHA-kDSqHy1TbzYwZ_Obw,69만회,2개월 전,http://www.youtube.com/watch?v=yQm2e3a3UK4,2020. 3. 29.,"댓글 2,355개",7.6천개,381개,"
      7:55
    "
13,LA갈비로 뼈해장국을 끓이면,https://i.ytimg.com/vi/eUUTK0WBxWs/hqdefault.jpg?sqp=-oaymwEZCPYBEIoBSFXyq4qpAwsIARUAAIhCGAFwAQ==&rs=AOn4CLDWIsInA8mcAhxh7Oipffp8Gbc_EQ,22만회,2개월 전,http://www.youtube.com/watch?v=eUUTK0WBxWs,2020. 3. 26.,댓글 568개,2.9천개,93개,"
      6:43
    "
14,육회에 미친 사람이 햄버거를 만들면,https://i.ytimg.com/vi/mdj9ErZEk0k/hqdefault.jpg?sqp=-oaymwEZCPYBEIoBSFXyq4qpAwsIARUAAIhCGAFwAQ==&rs=AOn4CLBtJXRnG-lKD3af9xQpQ0Lpl7y3dw,88만회,2개월 전,http://www.youtube.com/watch?v=mdj9ErZEk0k,2020. 3. 21.,"댓글 1,512개",8.6천개,352개,"
      7:38
    "
15,진짜 벌집으로 피자를 만들면! 벌집핏자,https://i.ytimg.com/vi/QtgLelMvcVU/hqdefault.jpg?sqp=-oaymwEZCPYBEIoBSFXyq4qpAwsIARUAAIhCGAFwAQ==&rs=AOn4CLDNZ3BjEVJ5lSd8LsNyt4sc6lYfTA,57만회,2개월 전,http://www.youtube.com/watch?v=QtgLelMvcVU,2020. 3. 18.,"댓글 1,229개",6.5천개,263개,"
      7:05
    "
16,통순대로 돈까스를 만들면,https://i.ytimg.com/vi/RwM6Zd7BZfM/hqdefault.jpg?sqp=-oaymwEZCPYBEIoBSFXyq4qpAwsIARUAAIhCGAFwAQ==&rs=AOn4CLBHroIPGarjWFxs3TJWDuSxHjuJZg,29만회,2개월 전,http://www.youtube.com/watch?v=RwM6Zd7BZfM,2020. 3. 14.,댓글 952개,3.4천개,149개,"
      10:09
    "
17,라면 소스로 요식업계 정점! 불범벅 클라쓰,https://i.ytimg.com/vi/8yafDKz93Lg/hqdefault.jpg?sqp=-oaymwEZCPYBEIoBSFXyq4qpAwsIARUAAIhCGAFwAQ==&rs=AOn4CLAys3W1Q38_NDwITgVCgE9f0qK45g,32만회,2개월 전,http://www.youtube.com/watch?v=8yafDKz93Lg,2020. 3. 12.,댓글 925개,3.7천개,135개,"
      10:07
    "
18,찢어먹는 삼겹살! 이름하야 찢겹살,https://i.ytimg.com/vi/Ub0deb2bdVk/hqdefault.jpg?sqp=-oaymwEZCPYBEIoBSFXyq4qpAwsIARUAAIhCGAFwAQ==&rs=AOn4CLCQkewU9szq2ak1kAIfrJw0C7xh7w,38만회,2개월 전,http://www.youtube.com/watch?v=Ub0deb2bdVk,2020. 3. 8.,"댓글 1,059개",4.7천개,200개,"
      10:10
    "
19,라면을 조합하는 새로운 방법! 산더미 앵그리 짜파구리,https://i.ytimg.com/vi/U8e2_ERRhbY/hqdefault.jpg?sqp=-oaymwEZCPYBEIoBSFXyq4qpAwsIARUAAIhCGAFwAQ==&rs=AOn4CLCsACoGY_Q5M2o6A7G4xnNCVmR6FA,32만회,2개월 전,http://www.youtube.com/watch?v=U8e2_ERRhbY,2020. 3. 6.,"댓글 1,093개",4.2천개,145개,"
      8:16
    "
