﻿,name,thumbnail,view,previous_time,video_url,start_date,comment,likes_num,unlikes_num,time_duration
0,🍕치즈 왕창 들어간 시카고 피자 만들기!! 초거대 피자는 항상 맛있어♥,https://i.ytimg.com/vi/9WRIyHH_2dM/hqdefault.jpg?sqp=-oaymwEZCPYBEIoBSFXyq4qpAwsIARUAAIhCGAFwAQ==&rs=AOn4CLB8ggCs_1-jQuOJ_1S4quxrFvybJg,1.1만회,1일 전,http://www.youtube.com/watch?v=9WRIyHH_2dM,2020. 6. 3.,댓글 94개,629개,15개,"
      11:15
    "
1,"짜장면 1분컷🙊 2젓가락만에.. 짜장면,짬뽕,탕수육,볶음밥 먹방!  행복..❤️ SINCOOK MUKBANG",https://i.ytimg.com/vi/rd9AS04t2WE/hqdefault.jpg?sqp=-oaymwEZCPYBEIoBSFXyq4qpAwsIARUAAIhCGAFwAQ==&rs=AOn4CLCFOx-NJ8Mjb8uHGBijDvwHIrxkCA,4.2만회,6일 전,http://www.youtube.com/watch?v=rd9AS04t2WE,2020. 5. 29.,댓글 142개,1.4천개,26개,"
      9:42
    "
2,"3일 다이어트후 야식 먹방!! 매운 국물닭발,무뼈닭발,오돌뼈,주먹밥 뿌시기❤️드라마보면서 야식으로 다이어트 끝😋 SINCOOK MUKBANG",https://i.ytimg.com/vi/03toMBGsJ20/hqdefault.jpg?sqp=-oaymwEZCPYBEIoBSFXyq4qpAwsIARUAAIhCGAFwAQ==&rs=AOn4CLBhJTDniugsODZqoYkNesunjPjYqQ,5.7만회,1주 전,http://www.youtube.com/watch?v=03toMBGsJ20,2020. 5. 27.,댓글 202개,1.8천개,36개,"
      10:10
    "
3,유튜버의 24시간 밀착 브이로그⏰ 귀차니즘의 끝판왕 현실 일상 VLOG,https://i.ytimg.com/vi/6T8kDQxiVJo/hqdefault.jpg?sqp=-oaymwEZCPYBEIoBSFXyq4qpAwsIARUAAIhCGAFwAQ==&rs=AOn4CLD5yFHIG_tSBMzN0PYT7VIXijo4aw,2만회,1주 전,http://www.youtube.com/watch?v=6T8kDQxiVJo,2020. 5. 22.,댓글 128개,1천개,10개,"
      11:39
    "
4,자취한끼! 집밥 만들어먹자~ 묵은지 닭볶음탕에 중국당면까지 넣고! 밑반찬으로 마늘쫑 무침까지! 소소한 집밥먹방♥ SINCOOK MUKBANG,https://i.ytimg.com/vi/XsomgphYFBk/hqdefault.jpg?sqp=-oaymwEZCPYBEIoBSFXyq4qpAwsIARUAAIhCGAFwAQ==&rs=AOn4CLDTIfQu0aTEeYc3z2Bfo95Nu_78Tg,2.9만회,2주 전,http://www.youtube.com/watch?v=XsomgphYFBk,2020. 5. 20.,댓글 109개,1.2천개,22개,"
      12:47
    "
5,4kg 짜리 초거대 김밥 만들기!! 대왕 준하김밥 드디어 만들었다! 맛있는건 다들어갔다!!,https://i.ytimg.com/vi/VIsvNp4Zt0g/hqdefault.jpg?sqp=-oaymwEZCPYBEIoBSFXyq4qpAwsIARUAAIhCGAFwAQ==&rs=AOn4CLDC3TPmKdtNA9F3hmo6QjpR7VOZMw,2.7만회,2주 전,http://www.youtube.com/watch?v=VIsvNp4Zt0g,2020. 5. 15.,댓글 116개,1천개,22개,"
      14:47
    "
6,"초거대 김밥!! 직접만든 준하김밥 먹방♥ (삼겹살,명란마요,피자,김치전,순대,어묵,지단,튀김 등등..)",https://i.ytimg.com/vi/Cg5fXuf0dW4/hqdefault.jpg?sqp=-oaymwEZCPYBEIoBSFXyq4qpAwsIARUAAIhCGAFwAQ==&rs=AOn4CLDwvdGUm7vN0zbW3Z6-4dfQonO-Yg,2.3만회,3주 전,http://www.youtube.com/watch?v=Cg5fXuf0dW4,2020. 5. 14.,댓글 108개,798개,16개,"
      9:29
    "
7,"새벽 편의점 먹방!! 역시 새벽 야식은 편의점이지❤️(유산슬라면,불백도시락,맵칼떡볶이,자메이카 닭다리,샌드위치,펭수 마카롱)",https://i.ytimg.com/vi/QfeWitEX-vY/hqdefault.jpg?sqp=-oaymwEZCPYBEIoBSFXyq4qpAwsIARUAAIhCGAFwAQ==&rs=AOn4CLAd0XoC9GPqzpzxnpQBmpJ_lAK9oA,20만회,3주 전,http://www.youtube.com/watch?v=QfeWitEX-vY,2020. 5. 8.,댓글 352개,6.4천개,134개,"
      13:16
    "
8,*실험요리* 어묵으로 면을 뽑았다!! 수제 어묵면 만들기!! 어묵라면? 어묵우동? 떡볶이랑 먹으면 꿀조합♥,https://i.ytimg.com/vi/A8GltMsGvXY/hqdefault.jpg?sqp=-oaymwEZCPYBEIoBSFXyq4qpAwsIARUAAIhCGAFwAQ==&rs=AOn4CLAAUEsHCEkm3LMCOCPDozfYV_J3GA,1.7만회,1개월 전,http://www.youtube.com/watch?v=A8GltMsGvXY,2020. 5. 4.,댓글 110개,757개,8개,"
      10:12
    "
9,"모든 찹쌀떡 마스터 영상👍 초코찹쌀떡,딸기크림찹쌀떡,콘치즈팡팡 찹쌀떡,오레오 찹쌀떡 인절미까지 만들기!!",https://i.ytimg.com/vi/GssTuyp2ydw/hqdefault.jpg?sqp=-oaymwEZCPYBEIoBSFXyq4qpAwsIARUAAIhCGAFwAQ==&rs=AOn4CLAJ3ciuuLkxVZjcZDEH8FdBqocamw,1.9만회,1개월 전,http://www.youtube.com/watch?v=GssTuyp2ydw,2020. 4. 30.,댓글 132개,978개,13개,"
      10:55
    "
10,엽떡 매운맛에 허니콤보 먹방!! 야식 꿀조합❤️ 중국당면추가에 치즈까지 듬뿍!! 리얼 야식 먹방!! sincook mukbang,https://i.ytimg.com/vi/C5xZZz4ZQSY/hqdefault.jpg?sqp=-oaymwEZCPYBEIoBSFXyq4qpAwsIARUAAIhCGAFwAQ==&rs=AOn4CLDOh5sTlmNAjC2APUWNt5yz0ZWtHQ,13만회,1개월 전,http://www.youtube.com/watch?v=C5xZZz4ZQSY,2020. 4. 26.,댓글 308개,4.5천개,64개,"
      10:05
    "
11,"초간단 꿀타래 만들기❤️ 엔젤 헤어? 마이쥬,새콤달콤 이것만 있으면 나도 꿀타래 만들수 있다구!!",https://i.ytimg.com/vi/QSUIycquWHo/hqdefault.jpg?sqp=-oaymwEZCPYBEIoBSFXyq4qpAwsIARUAAIhCGAFwAQ==&rs=AOn4CLDar00wbtfW1Gh3qTVnp_f1u2yIXw,2만회,1개월 전,http://www.youtube.com/watch?v=QSUIycquWHo,2020. 4. 24.,댓글 139개,928개,13개,"
      8:32
    "
12,이제 데뷔 합니다..,https://i.ytimg.com/vi/9yum8Vpdr6g/hqdefault.jpg?sqp=-oaymwEZCPYBEIoBSFXyq4qpAwsIARUAAIhCGAFwAQ==&rs=AOn4CLDpORbJucHUmeVQ1dlwFgS5S2Hi5Q,2.7만회,1개월 전,http://www.youtube.com/watch?v=9yum8Vpdr6g,2020. 4. 22.,댓글 205개,1.5천개,17개,"
      6:47
    "
13,세상에서 제일매운 과자 먹방🔥 원칩 챌린지 도전!! 🔥KOREAN ONE CHIP CHALLENGE🔥 / HOTTEST PAQUI CHIP CHALLENGE MUKBANG,https://i.ytimg.com/vi/Q-mTTXblkoM/hqdefault.jpg?sqp=-oaymwEZCPYBEIoBSFXyq4qpAwsIARUAAIhCGAFwAQ==&rs=AOn4CLCEAWEFa3YCVScWHUIQshXOCEOfWw,9.7만회,1개월 전,http://www.youtube.com/watch?v=Q-mTTXblkoM,2020. 4. 17.,댓글 590개,5.5천개,107개,"
      12:25
    "
14,"※위꼴주의※ 레전드 먹방 모음❤️ 야식을 부른다! (명랑핫도그,짜파구리,불닭볶음면,킬바사,참치,응급실 떡볶이) 리얼사운드 먹방 ASMR mukbang",https://i.ytimg.com/vi/0GDjbyZLzw8/hqdefault.jpg?sqp=-oaymwEZCPYBEIoBSFXyq4qpAwsIARUAAIhCGAFwAQ==&rs=AOn4CLAK2JgtE_O7Ji9ltwXywNaRJ1ck-A,5.6만회,1개월 전,http://www.youtube.com/watch?v=0GDjbyZLzw8,2020. 4. 15.,댓글 127개,2.1천개,32개,"
      12:15
    "
15,"GS25 편의점 4월 신제품 몽땅 쓸어왔다!! 편의점 먹방리뷰! 펭수 특집❤️ (볶음밥,라면,삼각김밥,라떼,소세지,샌드위치,햄버거)",https://i.ytimg.com/vi/_DIZwbk33_A/hqdefault.jpg?sqp=-oaymwEZCPYBEIoBSFXyq4qpAwsIARUAAIhCGAFwAQ==&rs=AOn4CLAUaePWk2K1O6xbMzeA2aqv0xHebg,49만회,1개월 전,http://www.youtube.com/watch?v=_DIZwbk33_A,2020. 4. 10.,댓글 416개,1.3만개,364개,"
      16:01
    "
16,100배 큰 초거대 만두 만들기!! 이렇게 큰 만두는 처음 봐..,https://i.ytimg.com/vi/TAxgftKHRwE/hqdefault.jpg?sqp=-oaymwEZCPYBEIoBSFXyq4qpAwsIARUAAIhCGAFwAQ==&rs=AOn4CLDO2P9UbrIMVnTCM2VTfMSzW9VDhw,2.8만회,1개월 전,http://www.youtube.com/watch?v=TAxgftKHRwE,2020. 4. 8.,댓글 92개,1.1천개,22개,"
      15:18
    "
17,직접만든 초거대 만두 먹방!! 이렇게 큰 대왕 만두 보신적 있으신가요?ㅎㅎ,https://i.ytimg.com/vi/m4z-t-DUQ9c/hqdefault.jpg?sqp=-oaymwEZCPYBEIoBSFXyq4qpAwsIARUAAIhCGAFwAQ==&rs=AOn4CLA07NRkeTmmeXrceoHGmpPMG1DHZg,2.9만회,2개월 전,http://www.youtube.com/watch?v=m4z-t-DUQ9c,2020. 4. 4.,댓글 125개,1천개,25개,"
      8:43
    "
18,다이어트 한다 진짜로!! 단호박 고구마 케이크 사료 만들기..🍰,https://i.ytimg.com/vi/YxvHSJm-naI/hqdefault.jpg?sqp=-oaymwEZCPYBEIoBSFXyq4qpAwsIARUAAIhCGAFwAQ==&rs=AOn4CLAmCo2nd1eBvssTsFP8LhuO-MVGbw,1.5만회,2개월 전,http://www.youtube.com/watch?v=YxvHSJm-naI,2020. 4. 1.,댓글 96개,657개,16개,"
      10:31
    "
19,"60만 유튜버가 운영하는 식당 후기/ 화가 납니다../캐비어 파스타,리조또,스테이크",https://i.ytimg.com/vi/lKcgJZw8PqM/hqdefault.jpg?sqp=-oaymwEZCPYBEIoBSFXyq4qpAwsIARUAAIhCGAFwAQ==&rs=AOn4CLCqCSyJVlgVt-n_8mNVcacv42uD3g,2.7만회,2개월 전,http://www.youtube.com/watch?v=lKcgJZw8PqM,2020. 3. 27.,댓글 126개,885개,37개,"
      8:01
    "
