﻿,name,thumbnail,view,previous_time,video_url,start_date,comment,likes_num,unlikes_num,time_duration
0,냉삼의 전설! 파채삼겹살 봉용불고기,https://i.ytimg.com/vi/GGmMDkIlSWk/hqdefault.jpg?sqp=-oaymwEZCPYBEIoBSFXyq4qpAwsIARUAAIhCGAFwAQ==&rs=AOn4CLBqsL_iZVhm8gvNRZF-Xsniq39BCA,4.8만회,23시간 전,http://www.youtube.com/watch?v=GGmMDkIlSWk,2020. 6. 4.,댓글 255개,885개,29개,"
      11:20
    "
1,한우 스테이크 마장동 사장님처럼 먹었습니다.,https://i.ytimg.com/vi/4lMu6WaxEM4/hqdefault.jpg?sqp=-oaymwEZCPYBEIoBSFXyq4qpAwsIARUAAIhCGAFwAQ==&rs=AOn4CLB1VseSiekIgT0LtRoaLKUIyLPcUQ,5.6만회,2일 전,http://www.youtube.com/watch?v=4lMu6WaxEM4,2020. 6. 2.,댓글 107개,810개,51개,"
      11:09
    "
2,맛상무가 제일 좋아하는 불고기집 공개합니다,https://i.ytimg.com/vi/2NMfDCcEUtc/hqdefault.jpg?sqp=-oaymwEZCPYBEIoBSFXyq4qpAwsIARUAAIhCGAFwAQ==&rs=AOn4CLBY4jQq2vOy66Vo1g4H9EzHoEs8Yw,7.3만회,5일 전,http://www.youtube.com/watch?v=2NMfDCcEUtc,2020. 5. 30.,댓글 144개,1.1천개,53개,"
      10:02
    "
3,"이베리코 돼지보다 유명한 칼솟을 5,900원에?",https://i.ytimg.com/vi/8wvv0YDT5eg/hqdefault.jpg?sqp=-oaymwEZCPYBEIoBSFXyq4qpAwsIARUAAIhCGAFwAQ==&rs=AOn4CLCzsQDvYi1VqgMRMn6Y31d7l5HjRw,6.7만회,6일 전,http://www.youtube.com/watch?v=8wvv0YDT5eg,2020. 5. 29.,댓글 143개,924개,67개,"
      10:38
    "
4,진짜 생 소갈비가 나오는 무한리필,https://i.ytimg.com/vi/fm0x44kLFbw/hqdefault.jpg?sqp=-oaymwEZCPYBEIoBSFXyq4qpAwsIARUAAIhCGAFwAQ==&rs=AOn4CLBGWtXhIY9Po_QgPeDu2WJ3OyFKDg,26만회,1주 전,http://www.youtube.com/watch?v=fm0x44kLFbw,2020. 5. 27.,댓글 375개,2.3천개,108개,"
      12:46
    "
5,2040년 카페에 가 봤습니다.,https://i.ytimg.com/vi/t0la4Y_doDM/hqdefault.jpg?sqp=-oaymwEZCPYBEIoBSFXyq4qpAwsIARUAAIhCGAFwAQ==&rs=AOn4CLB3Q6hTMbKv_Y0Zd2IXPBNs6E-o9Q,2.3만회,1주 전,http://www.youtube.com/watch?v=t0la4Y_doDM,2020. 5. 25.,댓글 151개,557개,27개,"
      6:11
    "
6,냉동 삼겹살 소문난 집 가 봤습니다,https://i.ytimg.com/vi/s8cO2i5IQag/hqdefault.jpg?sqp=-oaymwEZCPYBEIoBSFXyq4qpAwsIARUAAIhCGAFwAQ==&rs=AOn4CLArSkUq3MIhTFFUz8EpzJ4u8mV61Q,11만회,1주 전,http://www.youtube.com/watch?v=s8cO2i5IQag,2020. 5. 24.,댓글 284개,1.4천개,65개,"
      11:30
    "
7,딱 오개월만 장사하고 문 닫는 집. 진미콩국수,https://i.ytimg.com/vi/2-rCGVYidJ8/hqdefault.jpg?sqp=-oaymwEZCPYBEIoBSFXyq4qpAwsIARUAAIhCGAFwAQ==&rs=AOn4CLBbDg1O70PxxyY_GIJnT6dSfx77zA,7.1만회,1주 전,http://www.youtube.com/watch?v=2-rCGVYidJ8,2020. 5. 22.,댓글 221개,1.1천개,46개,"
      8:39
    "
8,한우 뭉티기 이렇게 싼 집 처음입니다!,https://i.ytimg.com/vi/ePlTeInehsE/hqdefault.jpg?sqp=-oaymwEZCPYBEIoBSFXyq4qpAwsIARUAAIhCGAFwAQ==&rs=AOn4CLCRuxYMZRTxJFhHuRCUDvHfwwfzhA,13만회,2주 전,http://www.youtube.com/watch?v=ePlTeInehsE,2020. 5. 20.,댓글 265개,1.9천개,78개,"
      10:21
    "
9,역대급!! 한 방에 정리했습니다,https://i.ytimg.com/vi/PYAjK79UPyE/hqdefault.jpg?sqp=-oaymwEZCPYBEIoBSFXyq4qpAwsIARUAAIhCGAFwAQ==&rs=AOn4CLD3BylYIraXz-ah_-f78OAj9JOpmg,11만회,2주 전,http://www.youtube.com/watch?v=PYAjK79UPyE,2020. 5. 18.,댓글 260개,2천개,88개,"
      13:26
    "
10,갈비 빼곤 다 있는 갈비 무한리필#무한상무22,https://i.ytimg.com/vi/Ps5rFUd8ksY/hqdefault.jpg?sqp=-oaymwEZCPYBEIoBSFXyq4qpAwsIARUAAIhCGAFwAQ==&rs=AOn4CLAQWhy-lh91XSvVXSlly30vLLsizg,15만회,2주 전,http://www.youtube.com/watch?v=Ps5rFUd8ksY,2020. 5. 16.,댓글 337개,1.5천개,70개,"
      10:02
    "
11,군소장 챌린지. 인생은 기브앤 테이크여,https://i.ytimg.com/vi/44dh-0qQG0o/hqdefault.jpg?sqp=-oaymwEZCPYBEIoBSFXyq4qpAwsIARUAAIhCGAFwAQ==&rs=AOn4CLC6UX0tWcSaOKbGFszEKadkIc6spA,17만회,3주 전,http://www.youtube.com/watch?v=44dh-0qQG0o,최초 공개: 2020. 5. 14.,댓글 511개,2.4천개,72개,"
      6:47
    "
12,오지고 지린성 고추짜장 드디어 먹어봤습니다,https://i.ytimg.com/vi/LGY6niAfo_I/hqdefault.jpg?sqp=-oaymwEZCPYBEIoBSFXyq4qpAwsIARUAAIhCGAFwAQ==&rs=AOn4CLA3OQSRO7g8wsglns68BaV2e6A19Q,19만회,3주 전,http://www.youtube.com/watch?v=LGY6niAfo_I,2020. 5. 12.,댓글 660개,2.2천개,106개,"
      7:02
    "
13,"3,000번 조사놓은? 삼겹살을 먹었습니다",https://i.ytimg.com/vi/5V3Am4ucuzs/hqdefault.jpg?sqp=-oaymwEZCPYBEIoBSFXyq4qpAwsIARUAAIhCGAFwAQ==&rs=AOn4CLAwPC42y-W9regn_XycpgaZ9n71yQ,28만회,3주 전,http://www.youtube.com/watch?v=5V3Am4ucuzs,2020. 5. 9.,댓글 486개,2.7천개,123개,"
      12:18
    "
14,중국집 시작합니다. 상무관,https://i.ytimg.com/vi/Q678Tg69lUA/hqdefault.jpg?sqp=-oaymwEZCPYBEIoBSFXyq4qpAwsIARUAAIhCGAFwAQ==&rs=AOn4CLCCor3dwuYbtUdLbWx70Yzi1yZZdg,8만회,3주 전,http://www.youtube.com/watch?v=Q678Tg69lUA,2020. 5. 8.,댓글 147개,1천개,75개,"
      10:54
    "
15,정말 그 맛이 날까?  돈스파이크 킹스테이크,https://i.ytimg.com/vi/pl0sRnhIviE/hqdefault.jpg?sqp=-oaymwEZCPYBEIoBSFXyq4qpAwsIARUAAIhCGAFwAQ==&rs=AOn4CLCjPhnT75XBZKSmhoVRPsV-VF9epA,12만회,1개월 전,http://www.youtube.com/watch?v=pl0sRnhIviE,최초 공개: 2020. 5. 5.,댓글 200개,1.6천개,74개,"
      10:39
    "
16,도전하세요. 도와드릴게요!!,https://i.ytimg.com/vi/n0TbVs3ncwA/hqdefault.jpg?sqp=-oaymwEZCPYBEIoBSFXyq4qpAwsIARUAAIhCGAFwAQ==&rs=AOn4CLDTfFV6qRhBbQmjP3w2ZnAEhsed5A,1.3만회,1개월 전,http://www.youtube.com/watch?v=n0TbVs3ncwA,2020. 5. 3.,댓글 31개,246개,21개,"
      1:37
    "
17,중고나라에 되팔리는 소곱창이 있다??,https://i.ytimg.com/vi/Z2xVErZax7c/hqdefault.jpg?sqp=-oaymwEZCPYBEIoBSFXyq4qpAwsIARUAAIhCGAFwAQ==&rs=AOn4CLDjojNobxtl9s3s6koV4BUhWSr9Rw,16만회,1개월 전,http://www.youtube.com/watch?v=Z2xVErZax7c,최초 공개: 2020. 5. 3.,댓글 196개,2.1천개,82개,"
      10:45
    "
18,국밥충 뒷목 잡을 15.000원 국밥 먹어봤습니다,https://i.ytimg.com/vi/RbYSs7U4Qzs/hqdefault.jpg?sqp=-oaymwEZCPYBEIoBSFXyq4qpAwsIARUAAIhCGAFwAQ==&rs=AOn4CLAhHDVQYrhb2cjdou_GewRnf2U0Fg,36만회,1개월 전,http://www.youtube.com/watch?v=RbYSs7U4Qzs,2020. 5. 1.,댓글 793개,3.3천개,191개,"
      9:21
    "
19,편의점 신상 11가지 한 방에 정리해 드립니다. 진심리뷰,https://i.ytimg.com/vi/SXdwF5ZQTzQ/hqdefault.jpg?sqp=-oaymwEZCPYBEIoBSFXyq4qpAwsIARUAAIhCGAFwAQ==&rs=AOn4CLCKR0x74VxV7R6aD7ERsTUxfV1ftA,13만회,1개월 전,http://www.youtube.com/watch?v=SXdwF5ZQTzQ,2020. 4. 29.,댓글 218개,2천개,96개,"
      11:06
    "
