﻿,youtube_id,comment,like_num
0,KIM현덕카,"오늘 음향문제가 많네요.듣기 너무 거북합니다 각별히 신경써야될 기술적문제 같네요.정대표식사 모습 그리 흠이 되지는 않지만 제대로 ,상품 홍보도 안되고 먹방방송도 아니니분위기가 너무 어수선 합니다.먹을때 같이 먹고 음식 맛도 같이 공유 했으면 좋을듯 하고 대화가 자꾸 산으로 갑니다 주제에 맞쳐 간결히 치고 빠지는 단답형에, 추가 전문적 해설방법도 좋을듯 합니다.여하튼 시간에 맞춰 방송하시느라 고생 많았네요.더 좋아진 방송을 기대 해봅니다.수원 에서",4개
1,진경정,음질 왜이러냐 듣기 힘들다,2개
2,jonson,무농스 먹방꿀잼ㅋㅋ,1개
3,MinhwanKim,윤형빈님은 ARC 진행  선수소개 안하셔도 될듯 합니다. 그거는 원래 케이지 아나운서님께 맡겨주시고 차라리 승자 인터뷰를 해주세요. 재미도없는 진행드립 두어번 보다가 헝빈님 나올때마다 음스거 했습니다.,1개
4,태방샤방,문홍성님 정강이 보호대 좀 낍시다.,0개
5,즙또젠더감성,가오 밥굶었나,5개
6,탐켄치,인기 비제이들 이용해서 arc경기때 별풍좀 펀딩해요 김대표님,0개
