﻿,youtube_id,comment,like_num
0,하버지,문홍이형 경기 다 끝났는데 재 다브런 아니야 다브런? 이거 어덯게 받아들여야되?,23개
1,FierceKarshar,"가오형 뭐임? 미친ㅋㅋㅋㅋ
한 2경기동안 똥 때리고 들어오자마자 경기 끝나서 이제야 선수가 누군지 파악한거야?",5개
2,HayanmaumPaekgu,가오형님 진짜 어이가없네 ㅋㅋ,4개
3,,마지막 가오형님이 웃기네...ㅋ,5개
4,ARCGARAGE,다블혼 아니야 다블혼...얘 잘한댜,2개
5,,"ля, как я сюда попал вообще?",0개
