﻿,youtube_id,comment,like_num
0,SpoonHamilton,객투기 20년 봤는데 주먹 휘두르듯이 킥 연타 차는 애는 처음 본다 잘 참 ㅋㅋ,2개
1,탐켄치,박진우 주먹만 더 잘치면 멋지겠다 ㅎ  응원합니다 진우선수 차분히 경기 즐기는 모습 좋네요,1개
2,김석진,무에타이경기 보는줄ㅋㅋ잘하네요,2개
3,김쭈뿌,박상민씨 해설이 길바닥 취객 싸움 구경같애 ㅋㅋㅋㄱㅋㄱ,1개
4,ILM,와우..,1개
5,호날두와일본여행,미래가 밝네요 ㅎㅎ 잘한다,1개
6,AnandaRizeqia,Fight super,1개
