﻿,youtube_id,comment,like_num
0,Conniemoon,너무 해보고 싶은데 자취생이라 믹서기가 없네용🤣 하나 구매해야 하나... 언니 믹서기는 어디 제품 사용하세용??,11개
1,hyebinLee,스무디가 퍼란거에 놀라서 들어옴,36개
2,ba,예쁘게 떠먹을줄알았는데 다 비벼버리네 역시한국인,776개
3,전민지,"1. 냉동 바나나🍌 , 냉동 파인애플🍍(바나나보단 적게, 필수x)넣기!
2. 아몬드 브리즈 or 우유🥛 넣기
아이스크림🍦🍦농도 생각☆해서 조금 넣기
3.  레버를 파워로 조금씩 돌렀다가 섞어주기 반복!
 모터 좋은 거 사자!  (영상믹서기는 필립스 프로블렌드 6 HR3556)
4. 과일청크가 반정도 갈리면 중간중간 섞어주면서 일반적으로 갈아주기  ☆녹지않게 빨리빨리!☆
5.💙색넣기💜:유니콘슈퍼푸드해외직구!(비건색소가루,보관유의) (과일가루. 카카오파우더. 녹차가루 써도 ㄱㅊ)
*인스타에 스무디볼 검색! 브랜드 잘 찾아서~
6. 가루 넣고 믹서기 & 치아씨드 넣어도 ㄱㅊ
7. 코코넛그릇에 담기(유리,사기는 잘녹음 ㅠ)
8. 토핑🍒:냉동  베리믹스 (예쁜색으로는 냉동용과!)
생과일 🍊ㄱㅊ👉 코코넛 슬라이스, 볶은 화이트퀴노아(뻥튀기맛)👉포스트 골든  그래놀라(필수템) *아몬드 빈보다는 크런치볼이 맛있음,",955개
4,JaielaGalve,I really like this mixed content pony. it's interesting to know more about your lifestyle. I hope you'll do more of this type of content. It's great!,237개
5,이브,누가 카메라 초점을 저렇게 귀엽게 잡아요ㅠㅠㅠㅠㅠㅠㅠㅠㅠㅠ미쳤어미쳤어 포니사랑해.. 포니님 칭찬감옥에 가둬놓고 하루종일 숨만쉬어도 기립박수쳐주자..,398개
6,KristenLee,진짜 궁금한데 이렇게 해먹는이유가 맛 때문인가요 다이어트 때문인가요 영양섭취 때문인가요 원래 꾸미는거 요리하는거 좋아해서 그냥 아침식사도 예쁘게 해먹고싶어서 인가요???,257개
7,seonhyechoi,와 예술이다...언니는 음식 하나를 만들어도 되게 정성스럽고 예쁘게 해드시네요ㅋㅋㅋ 역시 최고는 달라,273개
8,olaf,메이크업 말구 이런 일상영상도 진짜 너무 힐링된다••• 오늘 너무 기운 없었는데 힐링하구 갑니당🤍🤍,230개
9,SherlyMeliani,Been living my life for 19 years and i've never found frozen fruit in a store... Lmao,149개
10,PearlynPurple,This looks good! I’m never interested in cooking and making such food. Now i’m inspired to make this dish. 😁😁😆😆😆,5개
11,클레오빡돌아,4:27 기분 좋다..,87개
12,뿌잉뿌잉,썸네일 스무디볼 색이 넘나 시강이당....,78개
13,konyanblo,It’s so nice of her saying to buy things online! So important during these quarantine times.,92개
14,HL,"인스타 보라빛필터나 촬영방법(중간은 화질좋은데 겉은 아닌사진들,,) 이나
입욕제 (배쓰밤, 배쓰솔트, 그외 이쁜 가루입욕제) 
가 궁금해요 ㅠㅠㅠㅠㅠㅠㅠㅠㅠ알려주세욥!!",73개
15,김채은,1:52 이거뭐얔ㅋㅋㅋㅋㅋㅋㅋㅋㅋㅋㅋ예전부터 생각해왔지만 포니언니는 참 특이하시고 귀여워요✌️✌️,47개
16,DDING2252,Wow it looked so appetizing I clicked right away!!!,51개
17,JuhyunKim,친절하게 어떻게 검색해야 되는지 알려주시는거 심쿵🤭❤️,33개
18,MagicShop,"Thank you so much, I loved this. It’s good to see you trying something new and different
The brand of powder you use seems nice

Have a nice day🌸bye bye",15개
19,DemiSirisak,"Omg, I made it one minute into the video when I realized I was only looking at Pony’s face, without reading the subtitles, then had to start the video over😂. I can’t get over how pretty Pony is, literally mesmerizing",1개
20,이쥬이IZUY,와 색감이 뭔가 우주 같아서 너무 예쁘고 신기해요❣,29개
21,moomin,이런 영상들 넘 좋아 ㅠㅠ 연예인 포니 아닌 인간 박혜민 볼수있어서 ㅠㅠㅠㅠ 아니 언니 인간도 아냐 넘 미인이고 귀엽잖아 ㅠㅠㅠㅠㅠㅠㅠㅠㅠㅠ,91개
22,dinah,When i say the title i was like “aww so cute pony do this kind of content” but i love it🥺 i want to see more of your daily lives like this😭🥺🥺👏🏻👏🏻👏🏻👏🏻,38개
23,몽실맹구,우와앙ㅇ 스무디볼이 뭔가 했는데 이렇게 튜토리얼을...ㅋㅋㅋ 대박대박,36개
24,FeniaTandy,"Hi Pony! It’s so nice to know more about your daily lifestyle, aside from your makeup
. Hope you post more these kinds of videos 💕 love from Indonesia ❤️❤️",39개
25,KhanhLinh,A content that we wish for. More Pony's daily life pleasee,40개
26,ITried,When you are early and all comments are in Korean!,56개
27,StellasRecipeFoodStylistTV,"I didn’t know that u r so good at making smoothie bowl 🍲 Looks so yummy 😋 I should try that, too",40개
28,LUCY루씨,부엌이 얼마나 넓으면 이렇게 울리는 거에요..??!👀😵🤭,20개
29,푸린,한끼 식사 대용으로 먹는 거예요? 아니면 맛있어서?? 건강식인건가요?? 처음 보는 음식이라 어떤 의도로 만들어진 건지 모르겠어서 여쭤봅니다ㅠ그리고 첨 보는데 깜짝 놀랐어요 너무 예쁘세요...,11개
30,김레몬,포니님 영상 볼때마다 느끼는건데 참 말투나 목소리톤이나 듣기좋게 말하시는 것 같아서 좋고 배우고싶어요 ㅠㅠ 새벽님 브이로그보고 진짜 궁금했는데 좋은 영상 감사합니다 ❤️,8개
31,HenriettaLore,"Aww i would love to try this! I think this would really lift my spirits, Pony. I have an intestinal disease so perhaps some of these ingredients will sit well with me and be healthy? Thank you for sharing the recipe, and your kitchen time with us :)",0개
32,SeonaSim,새벽님 영상에서 새벽님께 드린 비타민이랑 저분자콜라겐이랑 효소 정보 좀 주시술 있으세요?!?!,33개
33,AngelGelan,"I'm the first one 22 seconds ago❣
Thanks for the tips pony",5개
34,MoonlightFangs95,I’ve been loving the vlogs <3,8개
35,박하나,아몬드 우유 보여줄 때 파데 보여훈 것 같이 보여주심ㅋㅋ,17개
36,KidThompson,Yayy! New Pony content! You're my favorite! 💜💜💜,10개
37,Banditasydemas,"Love it! Thanks! Being missing you even more during this quaratine!
Funny though I have seen those coconut bowl in a trip to the jungle communities in the Amazon ( work trip). The tribes use them to serve what they eat ( mostly what they drink: masato).
I even got some ring made of coconut shells.
Just wanted to share this with u.😘",0개
38,송예은,와 오프닝 주방에서 너무 예쁘세요ㅠㅠㅠ,17개
39,Vivienne,Haven't even watched and i know I'll love the video! Good day girly ❤️❤️❤️,27개
40,Renosenpai,"First of.. I'M IN LOVE WITH THE HOODY 😍💙
Second of.. i never thought those fancy looking smothies are actually this simple 0-0!! Next time when i buy fruits I'll definitely make one 🤭 💙",44개
41,JSK,포니님 후드티 넘 예뻐요!! 어디껀지 알려주실 수 있나용???,5개
42,플레요,"이런 영상도 넘무 조아여ㅠㅠㅠ💙 뭔가 마음이 편안해지는 기분,,",8개
43,이지수,못하는게 뭐에요 공주님ㅠㅠㅠㅠㅠ진짜 포니포니 젤루 사랑해...💖,4개
44,RinuNarsha,I want this😭😭😭I just clicked the video as i saw the colour of the smoothie..its soo good...feel lyk want to have this right away as i saw the color and the toppings..omg its soo good...did anyone felt the same??,0개
45,곱창먹고싶다,포니님 오늘 영상 완전 해외 셀럽st 느낌이에여.. 물론 맞지만 >< 넘 조아용~~~!,7개
46,CrystalLin,"I ordered the unicorn superfood as soon as I saw your vlog, it looked so delish!!! Can’t wait to try it out😋🤤 thanks for the recipe🥰❤️",3개
47,잉잉,아 외국에서 유명하던게 이름이 스무디 볼이구나 ㅠㅠ 맨날 저거 먹을수 있는건가 싶었는데 ㅠㅠㅠㅠㅠㅜㅜ,2개
48,이미현,라이프스타일 너무좋아요ㅠㅠㅠㅠㅠㅜㅜ마니올려주세여,3개
49,DesyRahmiaty,"Pony-ssi thank you for always making detailed how-to in your videos, i really loved that part. Hope you always well and healthy to keep making quality videos like this ^^",0개
50,짱아는짱이야,언니! 그림그리는 영상이나 가르치는 영상을 너무너무 보고싶어요..존버할께요😱❤️😍,3개
51,ArusyakHarutyunyan,Omg you should do more vids like this!! Everything was perfect lol no need to be nervous,0개
52,Kana18Bigboss,I love “PONY CHEF” so muchhh ㅋㅋㅋ,0개
53,SyafinasArina,Loving this new content as much as your makeups tutorials ❤️,1개
54,한다혜,유니콘파우더 직구하는법 아시는분 정보 부탁드려요ㅠㅠ 사이트가니까 한국배송은 안돼는거 같던데ㅠㅠ,3개
55,이혜인,"언니!!! ㅠㅠㅠ 보는 내내 네일이 너무 예뻐서 음식은 무슨... 손밖에 안보여요 ㅠㅠ 어떤 네일 인거에요? 투명하고 너무 예뻐서 난리 ,,,ㅠㅠ",0개
56,예리무,믹서기에서 갈릴때 찰리와 초콜릿 공장에서 나오는 그 다람쥐들?이랑 호두 깔때 나오는 장면 ?이었남..? 거기에서 나오는 호두가 밑으로 내려가는 곳ㅋㅋㅋㅋㅋ 거기가 생각 났어욜ㅋㅋㅋㅋㅋ,2개
57,Ying8494,"I really wanted to try this! But I think it's gonna be hard to find the powders, or it might arrived late here. 
Nways, Pony always look stunning with or without makeups! 😍",0개
58,Andzarch,Been living my life for 25 years and i've never found frozen fruit in a store,0개
59,지나ZINA,1:53 장갑ㅋㅋㅋ 사람사는거 다 똑같네용 친근~,0개
60,TumpiRime,Thank you so much. I never expected a video like this from you. You should definitely keep doing these kinds of video.❤️❤️,0개
61,namjoontiddies,Pls pls pls I'm begging continue to upload contents like this... This is so much fun and exciting to watch 💜💜,0개
62,지은,"포니님, 혹시 라이프 스타일 영상도 가끔씩 올려주시면 안되나요? 너무 재밌어요~!!♡♡",1개
63,yololife,포니님 진짜 인간 비타민 🥺,2개
64,유알럽,이거 진짜 궁금했는데!ㅠㅠ 예전보다 훨씬 소통되는 기분이라 너무 좋았어요!!><,0개
65,ComHi,"와 포니님 이런 영상 자주 찍어주세요~!!!너무 좋아요ㅠㅠㅠㅠ뭔가 더 친근해진 너낌이랄까,,,💙",0개
66,닥스훈트피치,진짜 포니언니 보면서 대힐링 합니다 <3,2개
67,lovingchess,"Hi! Your videos are always amazing! Could you tell us what you eat every day? Do you lead a healthy lifestyle? Do you take vitamins in pills, like vitamin C, D and other? I hope, you will make such a kind of video. Thank you so much!",0개
68,JaneKim,Hi Pony! I love all your make up tutorial videos and i love this new content. I hope you’ll do more about this kind a content and also your a day in a life video too ☺️💜 hwaiting!! Thank you! Have a wonderful day! BTW You did well on this video ☺️,0개
69,너를위한나라를만들게민혁아,"헝 언니 메이크업 영상도 너무 좋지만
이런 영상도 좋아여ㅠㅠㅠㅠ많이 해주세여",0개
70,민승,포니언니가  스무디 영상을 찍어주셨다 ㅠㅠㅠ❤️저 언니 집소개랑 입욕제 소개 옷 소개 같은  생활영상 많이 보고싶오요☺️,0개
71,앳플,유니콘슈퍼푸드..오케이..캡쳐..오늘도 돈쓰러 유투브를잠시 나가야겟군..,1개
72,우왕,언니 앞으로 이런거 많이 올려줘야 ㅠㅠㅠㅠㅠ 일상 같은거 체구야 ❤️❤️❤️,0개
73,MrFitzwilliamDarcy,"Ayyy, Pony's branching out! I'll watch any type of content you post, but your makeup vids will always hold a special place in my heart (I love trying them out on myself lol)",0개
74,윤하,헐 언니 이거 정말 궁금했어요:) 센스쟁이💕 언니 입욕제로 힐링 많이 하시는 것 같던데 나중에 그런 것 추천도 언니가 괜찮으시다면 해주시면 좋겠어요💜🖤,3개
75,KevinThai,I want to try this! It’s nice to see you uploading new content 😊,1개
76,정은,성능 좋은 믹서가 없으니... 나도 새벽님처럼 포니님이 만들어준 스무디볼 먹어보고싶다😭💕,1개
77,존예린,이런 영상 많이 올려주심 안 될까요 ㅠㅠㅠㅠㅠ 제가 화장은 잘 안 하는데 이렇게 조곤조곤하게 말씀하시는 게 너무 좋아서요 ㅠㅠㅠㅠㅠㅠㅠㅠㅠ,0개
78,,1:53 순간 포니님...오랜만에 영상 봤는데 무슨 사연있는줄 알았어요.......😂,0개
79,MirabelleWang,Really enjoyed these types of content! Hoping for more to come 💖,0개
80,TrangNguyn,"I hope that you will share your daily life more. I love you, pony💓💓💓 i want meet you. When you organize makeup envent, can you invite me??? I'm sure that i will book plane ticket in order to go Korea 😁😁😁 I'm a big fan of you . Love ❤️",0개
81,수연,이런 영상 너무 좋고 힐링 됩니다ㅜㅜ 자주 올려주세요!!🥺💓,0개
82,GekAri,"pony, I really like this vlog. as my suggestion, chia seed should be consumed by soaking it in water overnight. because of its nature which absorbs fluid in the stomach if consumed directly. luvv",0개
83,양이,"배고파요ㅠㅠ
이번영상 되게 유익하고 힐링되서 제 기분도 많이 힐링됬어요 감사합니당",1개
84,홍석천머리끈,이 영상 뭔가 마약영상 될거같애... 올라온지 14시간 됐는데 계속 생각나서 벌써 3번째 보는중ㅠㅠ,1개
85,Samantha만만,I love this kind of content from you! Thank you so much !,0개
86,황랗,언니 이런 라이프 스타일 영상도 넘재밌어요ㅜㅜㅜㅜㅜㅡ❤️ 많이 올려주세요!!,0개
87,JOHSEFIN,"음식 영상이 이렇게 이쁠일이야...?
그리고 메이크업 제품 설명하는 것처럼 아주 간결하고 똑부러지는 설명 아주 조아욤🥰",0개
88,wt1607,love this kind of content as well!!! looking forward to more 😍,0개
89,adeliaj,언니 이런ㄱ거 나무 좋아요ㅠㅠㅠㅠㅠㅠ 이런 영상 또 민들어주세요ㅠㅠㅠ,1개
90,SkyNatsu,Thank you so much! I really liked the vid and I would like to try it! It looks delicious!,0개
91,이서영,내 포니 영상 4년 보면서 언니가 주방에서 스무디볼 만드는걸 다 보네요... 넘 행복하다😻,0개
92,CoraliePe,Thank you so much for this videos 💜 i want/need mooore vlog about your lifestyle 😔💜💜,1개
93,YusiShi,포니님 집 너무 구경하고싶어요 ㅜㅜ 침실 불빛이 너무 예쁘고 완전 제 취향인데요,0개
94,BillNixon,"Hello PONY, it's Mr. Bill!  Glad to see you're @ home!  Glad to see you're safe too!  Miss you!  Ok, since time is not so much the issue now I like UR way to an extent!  When have less time, more ABreeze &/or yogurt!  Even more fruit or raisins, flax seeds or protein powder!  Anyway, looks good!  U look fantastic!  Prayer for you and the world to win this war!  Love you always Quinn!  🌟👍👌😍😻",0개
95,리한아,언니제발 집들이 영상이나 언니 24시간 밀착 집순이 영상이라던가 이런영상 많이 보고싶어요..ㅠㅠ,1개
96,CeciliaJing,How come when youtubers make smoothie bowls they’re Pinterest everything but mine look like slodge like SLODGE,0개
97,purely,"凄い色のスムージーですね！！
どんな味がするのか食べてみたいです！！💟
ponyさんがcookingするのも新鮮でよかったです！！💟",0개
98,빛포,이런 영상 좋네요>< 힐링돼요ㅎ 안그래도 요즘 과일이랑 야채 스무디 만들어보려고 했는데 이거 보고 만들어 봐야겠어요 !!ㅎㅎ,0개
99,seonhyechoi,"포니언니의 럭셔리하우스도 궁금해요!!!! 랜선 집들이 소취🤩🤩🤩 인테리어가 너무 예쁘다,,,",1개
100,milkmel0n,this is a good content! people would like to see more other than makeup especially when ur growing.. people would like to see more like makeup collection or desk bed tour things like that,0개
101,잔잔,진짜.. 존..나.. 이쁘다...ㅠㅠ,0개
102,SusanDent,This was so calming to watch! thank you PONY,0개
103,AIraSakura,Smoothie bowl is already a staple food in my life lol hahaha,0개
104,유지희,이런영상 너무 조아요ㅠㅠ,0개
105,님들딸찍이,"예전에 외국 영상 통해서 보는데 크림이야 뭐야 하면서 계속 봤는데 (심지어 색이 여러가지라 예뻤음) 스무디라는 거 이제 앎,,",0개
106,graceloveswater,i love seeing these kinds of videos from you <3,0개
107,치로치로,7:40 궁금... 메이꾸업...... 이 영상 메꿥 영상 플리즈... 매우 궁금......,0개
108,강강,언니... 나 이거 했다가 믹서기 고장날뻔해서 엄마한테 뒤지게 혼났어...,1개
109,나옹이,헐 며칠전에 스무디볼 만드는거 궁금했었는데 ㅠㅠㅠ 포니님 최고❣️❣️❣️,0개
110,ArdisChang,I like this kind of video on your daily life. Hope to see more!,0개
111,쿵쾅쿵쾅,이런 영상 너무 좋아요ㅠㅠㅠㅠ 흐헝헝헝,2개
112,찬또웅탁,집 소개 격하게 원츄 ..ㅠㅠ 주방만 봤는데 엄청 예쁘네요..,0개
113,윤다빈,색이 파래서 염색약같아용ㅋㅋㅋ,0개
114,강지윤,진짜 예전부터 영상 봐오면서 저의 롤모델? 우상?인 포니언니가 되게 저 멀리에 있는 슈퍼스타 같은 느낌이었다면 요즘에 일상영상 올리고 힐링영상 올려주고 하니까 뭔가 친근한 언니 같은 느낌이라서 또 좋아요ㅠㅠㅠ사실 언니가 뭘해도 좋겠지만ㅠㅠㅠ언니가 친절히 알려주신만큼 꼭! 해먹어볼게요 고마워요 포니언니💛,0개
115,TheMoonstoneVids,"Enjoied it very much....thank you for sending this video..

And also : liked the gorgeous color of the smoothie!",0개
116,CuckooBird,7:13 uwu you're so cute unnie❤️🤗,0개
117,MerveY,i really like this type of videos omg you should definitely post more vlogs like that pony :) love you xo,0개
118,지민,"포니님 지금입고 있는옷 너무 예뻐서 그런데 
어디서 샀는지 알수있을까요??",1개
119,에베벱,이거 진짜 궁금했는데 감사합니당❤️❤️,0개
