﻿닉네임,댓글,좋아요수,날짜
SaeromMin개코의오픈스튜디오,"⭐️⭐️⭐️⭐️2020년 5월 6일 오후 3시 OPEN!⭐️⭐️⭐️⭐️
(5월5일에 보고 계신 여러분! 내일 오픈됩니다 ㅎㅎ 오늘 아니에유!)


🎁A박스
78%할인 186,000 → 39,900 무료배송
https://smartstore.naver.com/a_coi/products/4908757718


1. 롬앤 제로 레이어 립스틱 - 15,000
2. 롬앤 베러 댄 치크 - 12,000
3. 피카소 꼴레지오니 14 블러셔 브러쉬 - 32,000
(아래부턴 A,B 공통 구성품 입니다.)
4. 웰라쥬 원데이 앰플 키트 (4종) - 24,300
5. 로벡틴 닥터 마스크 아쿠어 5개입 - 20,000
6. 코스알엑스 하이드리움 모이스처 파워 인리치드 크림 - 23,000
7. 네이처 리퍼블릭 블랙빈 안티 헤어로스 샴푸 - 15,000
8. 헤라 셀 세럼 미니어처 - 23,750
9. 헤라 블랙 파운데이션 미니어처 - 17,000
10. 실리콘 립스틱 정리함+메세지카드





🎁B박스 
77%할인173,200 → 39,900  무료배송 
 https://smartstore.naver.com/a_coi/products/4908759794



1.롬앤 제로 레이어 립스틱 - 15,000
2. 롬앤 베러 댄 아이즈 - 18,000
3. 피카소 블랙몬스터 스펀지 - 12,900
(아래부턴 A,B 공통 구성품 입니다.)
4. 웰라쥬 원데이 앰플 키트 (4종) - 24,300
5. 로벡틴 닥터 마스크 아쿠어 5개입 - 20,000
6. 코스알엑스 하이드리움 모이스처 파워 인리치드 크림 - 23,000
7. 네이처 리퍼블릭 블랙빈 안티 헤어로스 샴푸 - 15,000
8. 헤라 셀 세럼 미니어처 - 23,750
9. 헤라 블랙 파운데이션 미니어처 - 17,000
10. 실리콘 립스틱 정리함+메세지카드




+
여러분 영상에도 나오지만,
꼭 롬앤 옵션 먼저 선택 하시고 헤라 옵션으로 넘어가셔야해요.
그래야 원활하게 구매가 가능하십니당❤️",781개,2020. 5. 4.
몽몽몽,"아 진짜 답답하네... 이런 혜자 구성이면 사람 몰릴거 당연한데 왜 본인들이 준비를 안해놓고 판매자 탓을 하지? 전 네이비즘 + 네이버 페이 연동 + 미리 로그인으로 제가 사고싶은 구성 성공 했구요, 저렇게 하니까 30초도 안걸렸어요. 그 시간을 까먹었던, 사정이 있었건, 로그인을 안해놨건, 다 본인 탓인데 대체 그걸 왜 수량 탓 재고 탓을 하죠? 본인이 똥손이거 준비를 안한거잖아요. 받아들이세요 좀. 왜 좋은 구성을 준비해주신 개코님이 욕먹는지 모르겠네요. 제품 Q&A 진짜 가관...",149개,2020. 5. 4.
아영,구매 못해서 속상한건 이해하는데 개코님 실망이라는 분들은 뭐지...,145개,2020. 5. 4.
송슬기,"네이버 스토어팜 Q&A가 난리네요
욕 적어놓고, 비리가 있니 마니 수량이 터무니 없다 어쩐다 보는 제가 다 눈이 찌푸려집니다
개코님은 좋은 마음에 설레하며 기획하고 하나하나 신경써서 준비하셨을텐데 저러니 Q&A 답변 담당하시는 분께도, 개코님에게도 참 무례한 짓 아닌가 싶네요ㅠㅠ 개코님 구독자든 아니든 우리 이렇게 예의없이 살지는 맙시다ㅠㅠ 영상 조회수만 해도 20만이 넘고 A박스 찜 개수는 2000이 넘어있었어요. 수량 터무니 없이 적게 준비한 건 절대 아니라고 보고, 너무 대혜자 이벤트다 보니 많이 몰리고 해서 1-2분만에 품절 됐을겁니다ㅜㅜ 속상한 마음 충분히 이해하지만 우리 욕하지 말아요ㅠㅠ...",275개,2020. 5. 4.
김갬굴,"진짜 수량으로 뭐라하시는 분들 엄청 많은 거 같아서 자체 수량조사라도 해볼까합니당,,,,
⭐️저처럼 성공하신분 대댓이나 좋아요 좀 눌러주세요,,,!⭐️",286개,2020. 5. 4.
,수량이 아무리 적어도 수익 내려고 만든 박스도 아니고 좋은 취지로 만든 박스고 또 이익은 전액 기부한다고 했는데 수량이 무슨 상관인가요 ㅠㅠ 본인 못 사면 수량 왜 이렇게 적냐는 식으로 불평해도 되는 건가요 🥺 댓글 좀 예쁘게 달읍시다 여러분,151개,2020. 5. 4.
자비,열심히 준비하셨는데 다들 쿨톤은..쿨톤은.. 하시니까 제가 다 힘빠짐 ㅜㅜ 새롬님 인생템이니까 새롬님이 좋아하는 색 넣으신거 일텐데.... 쿨톤색도 넣는다고 좋지도 않은 제품 넣으면 여러분도 싫을테잖아요..,336개,2020. 5. 4.
이유리,아니 이거 진짜 개미쳤는데...? 타 유튜버들이 진짜 별로인 제품 싸게 끼워넣는 게 아니라 구성품 미쳤음,316개,2020. 5. 4.
RickyMoslow,본인의 인생템 박스인데 자기에게 맞는 톤으로 당연히 구성을 하셨겠죠..,376개,2020. 5. 4.
먕먕,첫 번째라고 하셨으니 두 번째도 있겠죠..?! 아쉽게 광탈한 저는 두 번째 박스 기다리겠습니다 총총.. 큐앤에이에 욕까지 쓰는 사람 있는데 제반 비용 제외 모든 수익금 기부에 78% 할인 안 포장까지 꼼꼼히 신경 쓰셔서 열심히 기획하셨는데 광탈했다고 해서 욕까지 하는 건 좀 아닌 것 같아요 좋은 마음으로 열심히 기획하신 개코님이 보시면 얼마나 속상하시겠어요..ㅠ 안 좋은 말 쓰지 말고 두 번째 박스 기다립시다!!,142개,2020. 5. 4.
joshuaview,"좋은 취지로 기획했더니 오히려 재고가 왜 부족하냐, 실망이다 어쩐다 인스타그램이며 유튜브며 큐앤에이쪽에서도 징징대는거 보면 진짜 웜톤 쿨톤 운운은 애교 수준.. 
꼭 개코님 유튜브 아니더라도 좋은 취지로 하고싶어해도 몇몇 뷰티 유튜버들이 공구하는거 왜 두려워 하는지 알 것 같다 거지근성인지 뭔지 본인 운이 없었던걸로 역으로 감 놔라 배 놔라 하는 사람들 꼭 있고.. 글 써놓은거 보면
어쩔땐 진짜 몸서리 처질 정도로 역겨움",50개,2020. 5. 4.
yongkoon90,수량이 완전 터무니없이 적진않을거에요ㅠ 조회수가 20만인데... 저기서 1퍼센트만 사도 2천개입니다. 워낙 가격이 저렴하다보니 훨더 많은분들이 아마시도하지않앗을까싶네요. 제반비용제외 기부라니..ㅠ실패햇지만 좋은데잘쓰엿으면좋겟네요,119개,2020. 5. 4.
cukienikie,블로그때부터 느꼈지만 무엇이든 대충하는건 없는분이신거 같아요. 꼼꼼하시고 생각도 깊으시고. 항상응원합니다 ❤️,477개,2020. 5. 4.
,"한 번 쓰고 버려지는 쓰레기들을 많이 만들고 싶지 않아서 예쁜 박스를 포기했다니,,, 언니 너무 멋있어... 야무지다는 말을 인간으로 형상화하면 언니가 아닐까?",112개,2020. 5. 4.
흰둥이,구매는 못했지만 환경을 위해 예쁜 패키지를 포기했다는말에 정말 감동받았어요.  보이는거에 치중하는 요즘 시대에 뭐가 정말 더 중요한지 알고 계신 개코님! 멋있어요😘,24개,2020. 5. 4.
오레,자기들 못샀다고 뭐라하는거 진짜ㅋㅋ 개코님이 기부하는 좋은 마음으로 싸게 팔아주신 건데 그거 가지고 어이없다는 둥하는 거 진짜 보기싫다,41개,2020. 5. 4.
OE,댓글 내리면 내릴수록 유튜브나 판매는 아무나 하는게 아닌걸 실감하게된다.. ㅋㅋ 기부금이 마음쓰신만큼 좋은곳에 잘 쓰이길. 피카소브러쉬는 어차피 몰릴거 알았으니 필요한거 제값주고 사려합니다. 갖고싶은건 돈주고 사는게 당연하니까요.,38개,2020. 5. 4.
민정김,상품 Q&A는 일기장이 아닌데ㅋㅋ,36개,2020. 5. 4.
kayleekim,"진짜 이런 개코같은 분이 떡상하고 찬양 받아야될분임,,
진짜 자신의 경험을 토대로 알려주고 아낌없이 , 냉정하게 품평하고 
진짜 너무 유익한 정보들만 주시려고 노력하는 모습에 오늘도 언니가 더 좋아집니다..",101개,2020. 5. 4.
3전예은,"여러분 개코님은 봄웜톤이십니다.
개코님의 '인생템' 박스니깐 웜톤 위주의 섀도우나 립으로 구성이 되있는건 당연하다고 생각합니당ㅎ",113개,2020. 5. 4.
나하,저는 3시시험 1분 미룬다 생각하고 대기탔다가 네이버 페이 간편결제로 3:00:22초에 결제 성공했슴다 제발 못샀다고 물량이 10개밖에없었냐고 비리아니냐고  악질적으로 qna도배하시는 분들 자제좀 해주셨으면좋겠어요ㅡㅜㅜ 개코님 마음 상하실듯...,47개,2020. 5. 4.
은영,블루베리칩이나 피그피그 등 쿨톤 제품이 하나만 있었다면 고민도 안하고 바로 샀을텐데..!!너무너무 혜자롭고 좋은데 조끔 아쉬워요ㅜㅜ 립컬러 하나를 안쓰더라도 구매를 해야 하나 엄청 고민중입니당,278개,2020. 5. 4.
장윤영,"시계맞춰놧는데 결제가 느려서 실패햇네요..ㅠㅠ 아쉽지만 지나간거니 미련 안가질께요
다들 못사신분 날선 댓글 맘아파요 
엄청난 할인에 엄청난 구성 이고 
수익도 좋은데 쓰이는 일인데 못사서 속상한 마음을 개코님께 공격적으로 말 안하면 좋겠어요 ㅠㅠ",46개,2020. 5. 4.
삼식봇,"스토어팜 큐엔에이 보면 어이없다고, 재고 많이 준비 안하는거냐는 둥 산 사람이 있기는 하냐고 하시는 분들이 많은데 산 사람 봐도 있고 운이 안좋았던거지 이건 개코님 탓 할게 아닌데 왜 탓 하시는지,,",6개,2020. 5. 4.
누뉴뉸뉸,정각에 사서 성공했어요! 그냥 폰으로 수월하게 했구요!! 수량 넉넉하게 준비하셨는데 수요자가 많아서 금방 품절된 것 같아요... ㅜㅜ 더군다나 개코님은 좋은 의미에서 준비하신건데 왜 욕을 먹어야 하는지 ㅜㅜ,18개,2020. 5. 4.
먕먕,하 진짜 현생 불가... 괜히 욕심내서 크롬으로 대기티다가 결제 직전에 팝업 차단 때문에 광탈하고 아무것도 못 하고 광광 우는 중.. 언니 젭알.. 젭알 같은 제품으로 2차... 재입고 바랍니다... 제발제발제발ㅠㅠㅠㅠㅠㅠ 피카소 브러쉬 진짜 너무 갖고 싶어서 어제부터 기대했는데ㅠㅠㅠㅠ,38개,2020. 5. 4.
김지원,13:35에서 첫번째라고 하셨으니까 두번째도 있는거죠..?,14개,2020. 5. 4.
빵묵쟈,1:47 제품마다 이렇게 하나하나 설명해주고 이렇게 본인의 제품에 애정있는 사람에게 이벤트수량이 적니뭐니 욕적는사람들 제발 정신차리세요 애초에 수량 정해져있고 구매못하면 못하는거지 좋은취지로 기획한 사람에게 욕하지마세요 남한테 욕하고 비수꽂은거 본인에게 고대로 돌아갑니다.,4개,2020. 5. 4.
대복이는야옹,어제부터 2시 40분에 알람 맞춰놓고 네이버시계 키고 기다렸다만 결제창 갔는데 품절이라해서 현타온 1인,17개,2020. 5. 4.
HannaChoilee,진짜 한국은 뭔놈의 그놈의 웜톤쿨톤 ㅠㅠ,62개,2020. 5. 4.
난니가너무좋아도라에몽,완전 신경쓰신거 티 팍팍 나는데 댓글에 쿨톤 얘기밖에 없어서 저까지 마음이 쫌 그러네요..쿨톤분들 아쉬운건 알겠지만 댓글 대부분이 쿨톤얘기가 너무 많아서 괜히 개코님도 섭섭해하실거 같고...립이랑 색조는 친구한테 선물해주고 나머지만 써도 완전 혜자구성인대ㅠㅠㅠ,33개,2020. 5. 4.
신승민,산 거 기분좋아서 계속 영상 보러오는 중,46개,2020. 5. 4.
saraj,웜쿨 많이 타는 극쿨톤인데 피카소 브러쉬 하나만 있는 걸로 걍 끝났네 뭐 ㅋㅋㅋㅋㅋㅋㅋ 다른 기초들도 개이득,22개,2020. 5. 4.
민또,아니 이건 가성비도 아니고 그냥 혜자 아닌가요...? 근데 이거 언제까지 저 가격으로 파실건가요? 꼭 사고 싶은데 돈이 없어서 나중에 사려하는데ㅠㅠ,917개,2020. 5. 4.
ayj,"퍼스널컬러도 좋은데
내가 좋아하는 색, 다른 분위기를 내고
싶을 때 바르는 색 이렇게 사지 않나..
난쿨톤이니깐! 웜톤이니깐! 이건 절대 안돼면
남이 추천하는 아이템 영상은 안 맞지
않을까싶네요.. 허허...
가을웜 봄웜 여쿨 겨쿨 따로
준비해서 박스가 나왔다면 인생템이 아니라
퍼스널템인 이름이었겠죠...
쿨톤 1개 웜톤 1개 나왔어도 여쿨이랑 겨쿨이랑 둘 중 하나였을테고 갈웜이랑 봄웜하나였을텐데요..
봄웜~여쿨 이런식으로 겹치는 분이 더 많지
봄웜갈웜 겹치는 사람이 더 적죠...",10개,2020. 5. 4.
류산들,저처럼 품절이어서 못사신분 있나요ㅠㅠㅠ?,10개,2020. 5. 4.
뷔뷔뷕,"개혜자인 구성 환경까지 생각하는 센스 모든 제품에 팁+손글씨 선택지까지 있는 완벽한 구성이지만... 쿨톤은 울어요ㅜㅜ 언니,,, 어떻게 쿨톤 박스는 안나올까요......?",50개,2020. 5. 4.
하쿠랜드HAkuLAND,이번에 롬앤 신상 쿨톤이쁜거 많은데 ㅠㅠ 어째서 ㅠㅠㅠㅠㅠㅠㅠㅠㅠ 옵션 한가지는 쿨톤계열이였음 좋았을것 같아요 ㅠㅠㅠㅠ,56개,2020. 5. 4.
빛나리,미쳤다ㅠㅠㅠㅠㅠ 개 혜자에 환경 생각하는 마음까지ㅠㅠ 보통 이름을 걸고 박스를 만들면 연예인 굿즈같이 본인 자아가 너무 들어간 박스로 보기에는 이쁠지 몰라도 활용도는 없는... 구성이 많았는데 진짜 딱 구매자만 생각한 새롬님 마음이 너무 느껴져서 너무 좋아요ㅠ,35개,2020. 5. 4.
심예은,쿨톤은 뭘 사야 할까요ㅠㅜㅠㅠ 립이라도 쿨이었으면 바로 샀다 진짜루ㅠㅜㅠㅠㅠㅠ,75개,2020. 5. 4.
,"이거 아마 세시에 딱 새로고침 하시거나 정확히 세시에 들어가신분들은 많이 튕기셨을거에요ㅠㅠㅠㅜ 이 영상 조회수만 20만이기도 하구요ㅜㅜ 저는 깜빡하구 세시정각보다 2~30초 정도 늦게 들어갔는데 튕기거나 하진 않더라구요(그대신 헤라 블랙파운데이션 21호 품절..,) 못사신 분들 너무 새롬님에게 불평하시지 말아주셨으면해요,,🥰🥰😉",22개,2020. 5. 4.
우아한크루아상,"헐 ,, 진짜 3시 1분에 결제하는데 21호 재고 없다고 안 된다해서 23호로 바꾸고 하려는데 품절 ,,,,,,",6개,2020. 5. 4.
김보미,재고는 대충 어느정도인가요ㅠㅠ????? 꼭 사고싶은데 대박 사고싶은데 완전 사고싶은데,32개,2020. 5. 4.
나야,가격도 가격인데 다 기부한다니 거기다 친환경 포장지까지 개코님께 또 반했어요\\>< 이번에 못 사서 너무너무너무 아쉽지만 다음번에 또 하신다면 꼭 구매할게요!!ㅠ,8개,2020. 5. 4.
먕먕,"A에 블루베리칩이나 B에 말린 메밀꽃이 있었더라면,,8ㅅ8 하지만 안 살 수가 없는 구성... 쿨톤이 a 구성 사면 오바일까요? ㅠㅠㅠㅠ",136개,2020. 5. 4.
녕안,A에 쿨톤구성 B에 웜톤구성이면 좋았을텐데요ㅠㅠㅠ,72개,2020. 5. 4.
주은,가성비가 내려 와우,492개,2020. 5. 4.
에승,호엑...광탈   ㅜㅡ푸ㅠㅠㅠㅠㅠㅠㅠ,4개,2020. 5. 4.
쀼쀼,이런 대혜자 구성을 내가 원하는 A박스 21호로 구매했다는게 너무 뿌듯하다 ㅋㅋㅋ 아직도 기분 좋고 구성품이 대박이라 계속 들어와서 보는 중..,5개,2020. 5. 4.
뚜비뚜밥,왜 난 이걸 이제야 봤는가....,4개,2020. 5. 4.
뚜링,"언니...ㅠㅠㅠㅠ 한번만 더해주세요ㅠㅜㅜㅜㅠㅜㅜㅠ 
1분도 안돼서 품절...? 이게 말이 되나요ㅠㅠㅠㅠ",7개,2020. 5. 4.
tkfka사람,"언니 이거 진짜 2분만에 품절,,,,이거 완전 티켓팅이에욬ㅋㅋㅋㅋㅋㅋㅋㅋㅋㅋㅋㅋㅋㅋ",4개,2020. 5. 4.
토야,제발 2차 해주세요ㅜㅜㅜㅜ 대가탔는데 1분만에 품절되버리네요,9개,2020. 5. 4.
하뜨,배송지랑 카드등록 다해놓고 확인만 눌렀더니 성공했어여ㅠㅠㅠㅠㅠㅠㅠ행볶쓰ㅠㅠㅠㅠㅠㅠ언니 사랑해요💖💖💖,5개,2020. 5. 4.
아원츄,엑소 티켓팅으로 단련된 나의 손꾸락..여기서 빛을 보다..원하는거 바로 성공했습니당😘 감사합니다ㅇ 내가수..그리고 새롬님!!,4개,2020. 5. 4.
LestateLee,종이테이프 종이충전재 정말 좋은생각이에요 환경도 생각하는 새롬님 최고😁,398개,2020. 5. 4.
강낭콩,쓸때없는 쓰레기를 만들지 않은거 진짜 현명한 선택 하신거같아요!,10개,2020. 5. 4.
유희원,결제했는데 결제완료되었다가 품절이라고 뜨더니 결제취솤ㅋㅋㅋㅋㅋㅋㅋ 계좌에서 돈이 나갔다가 다시 들어옴ㅠㅜㅜㅜㅜㅜㅜ,5개,2020. 5. 4.
이애영,대기탔는데 그냥 광탈이네요ㅜㅜㅜㅜ,3개,2020. 5. 4.
,품절되서 당황했어유ㅠ구ㅜㅜㅜ,3개,2020. 5. 4.
OLNJES,평소 화장품에 관심이 막 있지도 않고 한데 판매 30분 전에 영상을 보고 꼭 사야겠다해서 기다렸다가 빨리 샀어요 ㅠㅠ 사고 좀 있다 바로 품절 됬는데 정말 이런 좋은 제품 내주셔서 정말 감사합니다 ...!,5개,2020. 5. 4.
이지희,인생템 박스 한번 더 해주시면 안될까요??ㅠㅠㅠㅠ,6개,2020. 5. 4.
쀼쀼,A박스 구매 성공했어요💕 좋은 화장품들 저렴하게 구매할 수 있게 해주신 개코님 감사합니다 ㅠㅠ❤️,5개,2020. 5. 4.
,b 세트 성공했어요! 새롬님 예쁜 것만 보시고 터무니 없는 말들에 상처받으시면 안돼요 ㅠㅠ 좋은 이벤트 감사합니다!,7개,2020. 5. 4.
정소,와 품절 돼버렸어ㅠㅠㅠㅠ 엄청 빨라ㅜㅜㅜㅜ,3개,2020. 5. 4.
kindaA,구성 너무 좋은데ㅜㅜ 쿨톤은 사고 후회할지 안 사고 후회할지 오조오억번 고민 중.....,5개,2020. 5. 4.
몽몽몽,아니 댓글은 또 뭐 단체로 쿨톤병 걸렸나 제품 얘기는 없고 쿨톤은요 ㅠㅠ 가 반 이상이네 진짜 두번째 박스 내달라면서 댓글은 죄다 쿨톤ㅠㅠ이고 제품 qna는 재고 제대로 준비한거 맞아요???? 이러는데 잘도 새롬님이 두번째 박스 내주시겠다 진짜 어이가 없어서 참나,5개,2020. 5. 4.
천소희,콘서트 티켓팅 보다 더 빡센 개코언니 화장품 세트.,3개,2020. 5. 4.
정수진,언니 진짜 결제버튼 바로 눌렀는데 결제불가... 뭔10초만에 픔절이야....,4개,2020. 5. 4.
방서인,아 못샀어ㅠㅠ 사람들 너무 빠른거 아니야? ㅋㅋㅋㅋㅠㅠ 꼭사고싶었는데 아쉽다..,3개,2020. 5. 4.
소연하다,결제 취소 실환가여,4개,2020. 5. 4.
JuneKang,개코님 여쿨은 어떤 조합을 선택해야할까요?ㅜㅜ,32개,2020. 5. 4.
안다연,ㅜㅜㅜ 언니 2시 30분부터  계속 대기하고 바로 들어가서 주문하는데 1분만에 품절됐어요ㅠㅜ 다음 재입고는 언제쯤일까요,4개,2020. 5. 4.
,대기타고있었는데 5분만에 품절 ㅋㅋㅋ큐ㅠㅠㅠ,4개,2020. 5. 4.
키읔,언니 다음엔 쿨톤도 꼭 해주세요ㅠㅠㅠㅠㅠ 진짜 광광울고있어요...,16개,2020. 5. 4.
로즈,8:30 이 부분 왜 잘렸지?? 뭔가 더 설명이 나오려던 거 같은데 갑자기 다음 장면으로 넘어가네유,4개,2020. 5. 4.
이경연,아 언니 진짜 손 덜덜 떨면서 시계 띄워놓고 성공했어요ㅠㅜ티켓팅 짬바가 이렇게 도움 되다니 엉엉ㅠㅜ얼른 입금하고 기다릴게요😭🥰,2개,2020. 5. 4.
5다형,ㅠㅡㅠ저만 광탈했나요...? 카드결제하려고 하니까 구매할 제품이 다 소진되었다구....ㅠㅠㅠ구매하신 분들 너무 부러워요🥺🥺,4개,2020. 5. 4.
,개코님 저 샀어용!!!!!!ㅠㅠㅠㅜㅜㅜㅜ엉어우ㅜㅜㅠㅜㅜㅜ,5개,2020. 5. 4.
DoriBear,AB가 웜쿨인줄 알았는데 웜웜이네요ㅜ 롬앤은 쿨톤색조 나름 유명하다고 생각하는데 없어서 아쉬워요...,72개,2020. 5. 4.
Amelia,솔찌키 피카소 브러쉬 있는걸로 끝났다구 봅니당...브러쉬하나 가격에 무슨 구성이 이렇게 미친구성일수가있져ㅜㅜㅠ여러분 지금 웜쿨이 중요한게 아니라구여😭😭 어제 포니14 세일하길래 홀라당 구매했는데...눈물을 머금고 B박스를 구매해야겠어여!!!살 수 있게쬬🥺,32개,2020. 5. 4.
Bluemoon,쿨톤은 돈이 있어도 못사는 구성이다... 너무해,9개,2020. 5. 4.
식빵,그래 난 못샀다... 다음 박스 노린다...,4개,2020. 5. 4.
이시언,개코님ㅜㅜㅜㅜㅜ너무 사고 싶어서 대기타고  기다렸는데 로그인하는 사이에 페운데이션이 매진되서 사지를 못했어요ㅜㅜㅜ한번만더 판매해주시면 안될까요 돈없는 학생이라 너무 사고싶었는데ㅜㅜㅜ,3개,2020. 5. 4.
이연,결제 승인 취소 문자를 받았을 때 그 참담한 심경이란...,4개,2020. 5. 4.
유웃,항상 이벤트하는거 실패한다ㅠㅠㅠㅠ언제 성공할수있을까,2개,2020. 5. 4.
YJ,워후.... 영상 지금봐서 바로 링크 들어가봤더니 둘다 품절..ㅎㅎㅎㅎ ㅠㅠㅠㅠㅠㅠ 언니 또 안열리나요ㅠㅠㅠㅠㅠ 너무 구매하고 싶은데ㅠㅠㅜ,3개,2020. 5. 4.
잇땅,딱 구매창 넘어가서 결제하는데 파데만품절ㅜㅜㄱ결국못샀네요ㅜㅜ,2개,2020. 5. 4.
한보니,언니 다음에는 쿨톤이 쓸 수도 있는 구성도 부탁드려요 ㅠㅠ 가성비갑인데 못사서 조금 아쉽네요ㅠㅠ언제나 응원합니당,344개,2020. 5. 4.
소양,여쿨뮤트는 살수가없겠군요ㅠㅠㅠㅠㅠㅠ너무 사고싶었는데..ㅜㅠㅜ,12개,2020. 5. 4.
최정원,예전에 덕질할 때 티켓팅을 많이 해서 그런가 ㅋㅋㅋㅋㅋㅋㅋㅋㅋ 한번에 원하는거 샀네요 배송 기다리겠습니다 ㅠㅠㅠㅠㅠ ❤️❤️,2개,2020. 5. 4.
김영은,아아아 언니 제발 많이 풀어주세요 ㅠㅠ 실패했어요 ㅠㅠㅠㅠㅠㅠㅠ다시 한번 더 해주세용 ㅠㅠ,3개,2020. 5. 4.
702,쿨톤은 웁니다ㅜㅜ,30개,2020. 5. 4.
도이,쿨돈구성도만들어주세요ㅜㅜ,8개,2020. 5. 4.
고은,언니ㅠㅠㅠㅠㅠㅠ 30초만에 매진 됐어요ㅠㅠㅠㅠㅠ 아 알람 맞춰놓고 존버했는데 결제하려니까 다 팔렸대요ㅠㅠㅠㅠㅠㅠ 아 너무 속상해ㅠㅠㅠ 혹시 재입고 예정은 있나요? 완전 티켓팅 수준의 치열함이었어요...ㅠㅠㅠ,3개,2020. 5. 4.
공주처돌이,너무너무 사고싶지만 쿨톤은 웁니다ㅠㅠ,42개,2020. 5. 4.
TodayIsme,언니1분만에품절은 넘심....ㅠㅠㅠㅠㅠㅠㅠ 로그인 하는 사이에 품절됐어요 1분도 아님 30초임,10개,2020. 5. 4.
hkrosyMarshmallowS2,"저 언니생일선물겸 제것까지 A, B박스 2개 다했어요ㅜㅜㅜㅜㅜ 지금까지 손떨리네요ㅠㅠ😥",2개,2020. 5. 4.
단아,아ㅠㅠㅠ 웜톤이면 바로 사는건뎅 ㅠ,6개,2020. 5. 4.
김아린,쿨톤박스도 부탁드려요ㅠㅠㅠㅠㅠ쮀에발😭❤️❤️,3개,2020. 5. 4.
keik,1분도 안되서 품절..,3개,2020. 5. 4.
mena,하... 쿨톤은 운다 진짜.. 하....,308개,2020. 5. 4.
포포,도대체 재고가 몇개길래ㅜㅜㅜㅠㅠ,2개,2020. 5. 4.
채은,ㅠㅠ딱 맞는 컬러들이라 너무너무 좋아했는데 초시계 보고 딱 3시 되자마자 들어갔는데도 품절이라뇨..!! 억울하네요😂😂 아무래도 한 박스당 제품량은 많은데에 비해 가격이 매우 싸서(=가성비가 엄청남. 걍 한마디로 혜자 그 자체) 2차 판매는 좀 무리이실 것 같은데 아쉽네요 그래도 이런 이벤트 해주셔서 감사합니다👍,9개,2020. 5. 4.
정현아,쿨톤은 ㅠㅠㅠ,15개,2020. 5. 4.
황찬성쌍꺼풀에끼어서죽고싶다,쿨톤은 뭘 사야 될까요..ㅠㅠ? 구성이 다 너무 혜자라서 사고 싶은데 거의 다 웜 하네요...ㅠㅠ,8개,2020. 5. 4.
김유리,이언니 진짜 좋아할 수 밖에 옶당ㅋㅋㅋ 이런 패키지?박스 같은거 많이 내주세요 이왕이면 이번엔 쿨톤으로요 ㅠㅠㅠ,5개,2020. 5. 4.
은지EUNJI,개코님 ㅠㅠ 진짜 일분만에 품절됐어요 ........ 2차 판매는 안하시나요 ㅠㅠ ??,3개,2020. 5. 4.
오연희,저 결제 약 20초 만에 끝내서 a세트 1번 구매했어요 ㅠㅠㅠㅠ네이버시계까지 맞춰서 달렸는데 네이버페이에 익숙해진 나자신 칭찬해😭😭 샴푸는 남친주고 크림 마스크는 동생주려고 겸사겸사 합리화해서 구매했어요! 좋은 이벤트 기획하시느라 고생하셨어요!! 화장품을 사는 편이 아니라서 롬앤 제품이 아직 없었는데 이런 좋은 기회로 쓰게 돼서 기분이 너무 좋네요:-)),4개,2020. 5. 4.
박낑깡,와ㅠㅠ 진짜 너무 사고 싶은데 다 좋은 것들이라 바로 품절 될 것 같아요..( ˃̣̣̥᷄⌓˂̣̣̥᷅ ),3개,2020. 5. 4.
먕먕,"쿨톤은 웁니다 엉엉😭😭
웜톤이었으면 바로 샀는데...! 그래도 고민 중이에요 롬앤 개코님은 저의 화장길을 열어주신분 화장의 어머니...사야되나 ㅠㅠ",682개,2020. 5. 4.
김소희,쿨톤박스도 있었으면 더좋았을거같아유 ㅠㅠㅠㅠ,2개,2020. 5. 4.
Ivegotadream,엥 잘 선택해서 주문까지 갔는데 주문불가상품 있다고 떠서 물거품 됐어요ㅠㅠㅠ흑흑 나만 그런가,6개,2020. 5. 4.
디카프리오왕자님,말이안된다 ㅠㅜㅜㅜ안사면 바보임 이건 그냥,2개,2020. 5. 4.
조다희,아 진짜 사고 싶은데 제 톤에는 안맞는 색조라서..... 엉엉 웁니다,3개,2020. 5. 4.
교수님은교수형,아 진짜.. 댓글창 보니까 내가 다 속상하네 좋은 취지로 연건데 쿨톤 웜톤 운운하고 못샀다고 괜히 짜증내고,3개,2020. 5. 4.
,하 제발 쿨톤으로도 내 주시면 안 될까요ㅠㅠㅠㅠ 너무 사고 싶은데 고민 돼요ㅠㅠㅠ,46개,2020. 5. 4.
앗쓰바씨바,"성공했습니다,,,후 네이비즘 네이버시계 보면서 초초했는데 다행히 사고싶은거 다 샀네용 행복하다",2개,2020. 5. 4.
민민,2시 50붐 부터 대기타다가 딱 3시에 옵션 다 누르고 결제할려고 했지만 품절 ㅠㅠ 아쉬워요 다들 왜이리 빨라용 ㅠㅠ,2개,2020. 5. 4.
미정,이렇게 혜자구성에 ㅠㅠ 기부에.... 환경을 생각한 친환경소재로 포장까지 ㅠㅠㅠㅠ 진짜 마음이 너무 따닷해져여 ㅠㅠ💕새롬님 팬이 될 수 밖에 없네요 ㅠㅠㅠ 💕💕💕💕💕💕💕,230개,2020. 5. 4.
강밍,쿨톤은 다음 박스를 존버하겠습니다ㅠㅠ,2개,2020. 5. 4.
,A박스 분위기 헤라 21호로 성공했습니다ㅠㅜ!! 3시 10분전부터 대기탔는데 성공할 줄 몰랐네요ㅎㅎㅎ,1개,2020. 5. 4.
박혜인,진심으로 개코님 진짜 정성이 하나하나 느껴져요.. ㅜㅜ 최고 아닌가요... 이렇게 착하고 예쁘고 다 하는 사람 처음 봐요...❤️,2개,2020. 5. 4.
오즈에맙소사,"이거 언제까지하나유ㅜㅜㅜㅜ
진짜 사고 싶은데 돈이 없어서...선착순인가요?",1개,2020. 5. 4.
홍수아,"구매성공해서 기분죠아서 영상 계속 들어옴,,ㅎㅎㅎㅎㅎ🥰💖💖",2개,2020. 5. 4.
김가희,쿨톤은...ㅠㅠ,9개,2020. 5. 4.
스폰지밥,a박스는 완전 바로 품절이었나봐요...못샀어요ㅠㅠㅠㅠ,2개,2020. 5. 4.
EnterName,친환경 포장재까지 너무 기획이 기특한거 아닙니까 ㅠㅠ 쿨톤도 껴서 한번 더 해주세요!!!! 🙏🏻🙏🏻🙏🏻,2개,2020. 5. 4.
상꼬맹이ss,전 왜 이 영상을 지금 본 거죠ㅠㅠㅠㅠㅠㅠㅠㅠ,1개,2020. 5. 4.
초식동물,저는 계속 대기하다 구매했어요! 친구 선물 고민하고 있었는데 진짜ㅜㅜ감사합니다!! 전액기부라는 예쁜 맘과 좋은 구성 개코님 찬양하라👏👏,2개,2020. 5. 4.
설이,"퍼스널컬러별로 이벤트 계속 해주시면 안될까요ㅠㅠ
저는 여름쿨톤라이트인데...여쿨라 모여ㅠㅠㅠ",16개,2020. 5. 4.
,"다음에는 쿨톤을 위한 A,B 박스로 부탁드려요ㅠㅠㅠㅠㅠㅠ",51개,2020. 5. 4.
,10분 대기하고 열리자마자 주문해서 성공했어요~ 이런 이벤트 기획해 주셔서 너무 감사해요!! 구매 못하신 분들은 아쉽지만 다음번에는 성공하시길 바랄게요ㅠㅠ,2개,2020. 5. 4.
BLight,진짜 혜자도 이런 혜자가 있을 수 있나ㅠㅠㅠㅠㅜㅠ대박이다ㅠㅠㅠㅠㅠ,0개,2020. 5. 4.
정민지,겨쿨딥 웁니다...ㅠㅠ  갈딥도 좋은데 전부 여뤼여뤼하댜... 광광,2개,2020. 5. 4.
Najoo나주,쿨톤인데 옵션 뭐고를ㅋ가요......ㅠ,3개,2020. 5. 4.
시니언즈시니의,아니 개코님 이건 그냥 떠먹여주시는 수준 아닌가요 그래서 사랑해요,4개,2020. 5. 4.
이승보,언니 진짜 사랑해요ㅠㅠㅠㅠㅠㅠ제가 좋아할만한 제품만 모아둔 거 실화입니까. 역시 언니랑 저는 데스티니...❤️😊,0개,2020. 5. 4.
꿀꿀요정,언니..1분만에 사라졌어..로그인하니깐 다 품절이야😭😭하긴..그 혜자스러운걸 누가 안사겠어..그래두 언니가 추천했으니깐 따로라두 사봐야지..😭🥰,2개,2020. 5. 4.
minmin,선생님....쿨톤은...그저 웁니다..,3개,2020. 5. 4.
유아네스,증정해주시는 실리콘 케이스는 브러쉬 세척하고 꽂아서 말리면 너무 좋을것 같아요. 증정품까지 센스넘치는 인생템 박스!! 지금 구매하러 갑니다~~,386개,2020. 5. 4.
뿝뺩,"A,B 조합 이면 웜 쿨로 나뉘어있겠지 하며 들어왔는데ㅠㅠ 아쉽네욤",2개,2020. 5. 4.
buzzprk,아 진짜 놓치면 안될 것 같은데 쿨톤이라 너모 슬프네요 ㅠㅠㅠㅠㅠ 피치칩이랑 코랄플랫? 그나마 베이스로 아주 옅게 쓸 수 있을 것 같기도... 하고.... 기부까지 하시구 제가 더 감사드려요 ㅠ ㅠ,2개,2020. 5. 4.
솔이녤,이거 한번만이라도 좋으니까 재발 재입고 해주세요..재발요ㅠㅠ살려고 했는데 시간상 안돼서요(중요한 사정)제발요ㅠㅠ혹시 재입고돼면 알려주셨으면해요..,2개,2020. 5. 4.
황유빈,아악 옵션까지 다 선택했는데 결제불가에여ㅜㅜㅜㅜㅜㅜㅜ 너무 아쉬워ㅠㅠㅠㅠㅠ 무슨 마스크사는것보다 더 빡세요 엉엉😭,0개,2020. 5. 4.
우루롹끼,왜 이제 봤는지ㅠㅠㅠㅠㅠㅠㅠㅠㅠㅠㅠㅠ제발 재판매 해주세요... 원래 인스타 셀럽이나 유튜버분들 제품 절대 안사는데 이건 미쳤어요 ㅠㅠ,1개,2020. 5. 4.
햇살,10분전부터 네이비즘 켜놓고 3시에 딱 결제눌렀는데 배송지를 안바꿔놔서 실패했어요ㅋㅋㅋㅋㅠㅠ 앞으론 배송지 잘봐놓고 해야겠네요 몇번의 티켓팅을 해도 항상 첫트실패라서 나중에 재입고가 되면 좋겠지만... 안된다면 너무 좋은 프로모션 성공하신분들 축하해드릴게요,3개,2020. 5. 4.
부승관아들부루마블,"와 잔짜 티켓팅 급이다
재입고할 생각 없으신가요ㅠㅠㅠㅠ쿨톤까지 해서ㅠㅠㅠㅠㅠ",1개,2020. 5. 4.
앩옹,진짜 정성 대박이에용ㅜㅜㅜ 보는내내 갬동😭,0개,2020. 5. 4.
먐먐,옛날부터 원했던건데 ㅜㅜ 공홈에 있는 모델 메이크업 가끔씩 올려주면 안될까요..? 모델분이 예쁜것도 있겠지만 화장이 너무 예쁘고 테그닉이 궁금하더라구욤 특히 말린복숭아꽃..,2개,2020. 5. 4.
아리아리,쿨톤 상품있으면 무적권 사는데 ㅜㅜㅠㅠ,8개,2020. 5. 4.
김은비,으아악 개코님!!ㅠㅠ💖 a박스 구매완료입니다! 너무 사랑해용...ㅠㅠ 알람 맞추고 딱 들어가서 아슬아슬 하게 a 박스 구했어요!!ㅠㅠ 결제하고 다시 보니깐 파데 다 품절이더라고요... 조금만 늦었어도 못샀을것 같아용ㅜㅜ 가슴 떨려서 미치는줄 알았습니다 못구할것같았는데 구해서 진짜진짜 행복해용... 너무너무 혜자템입니다 받아서 직접 사용해볼 생각하면 두근두근 거림... 이런 갓성비 혜자 행사 진짜 감사합니다ㅠㅠ!!!적게 일하시고 많이 버세요🥺🥺💖💖👍🏻‼️‼️,2개,2020. 5. 4.
딸기탕후르,이...이게 뭐에여..? 진짜 안살 수가 없잖아요ㅠㅠㅠㅠ 무조건 삽니다! 사랑해유❤❤❤,1개,2020. 5. 4.
이다현,한번 더 오픈 하실 생각 없나요....ㅠㅠ 품절되서 못 샀어요ㅠㅠㅠㅠ 간절히 바랍니다....ㅠㅠ,2개,2020. 5. 4.
재은,아니 다들 손이 얼마나 빠른거야..정각매진 실화?,2개,2020. 5. 4.
재은,개코님 알라뷰..슈퍼똥똥손인 나는 알았지..내가 실패할걸..그렇지만..난 당신을 정말 사랑해.. 앞으로도 승승장구하세여!..그럼..이만..♡♡,2개,2020. 5. 4.
이순간,"와 언니 진짜 최고예요 ㅠㅠㅠㅠㅠ 준비 많이 하신게 너무 잘 느껴져요,,,, 구성품들도 하나같이 마음에 들고 언니 말때문에 안 살 수가 없네요 랜덤박스라는 기획이 재밌어서 여러가지 랜덤박스 많이 봤는데 진짜 이렇게 알찬 구성도 드무네요 내일 사는 것도 치열하겠죠,, 딱 대기타고 있어야겠어요 ⸝⸝ʚ̴̶̷̆ ̯ʚ̴̶̷̆⸝⸝ ❤",4개,2020. 5. 4.
얼라와나두,언니 쿨톤꺼도 만들어주세요ㅠㅠ,74개,2020. 5. 4.
숭냔,엥 진짜 너무 좋은데요.....? 안믿겨져....... 영상 시작할때 롬앤있으면 믿고 산다했는데 바로 나왔네요...❤️,1개,2020. 5. 4.
하비,이거도 구성이 너무 좋아서 구매할거지만 쿨톤도 출시해주시면 그것도 구매할게요..쿨톤 박스 부탁드립니다,11개,2020. 5. 4.
