﻿닉네임,댓글,좋아요수,날짜
정은,"❤사려고 하시는 분들을 위한 가격표❤


💖 00:30 오렌즈 비비링 브라운 (원데이)
10개입/18000원, 20개입/32000원 
도수는 0.00부터 -8.00까지 가능
💓섀도우
00:46 라카 저스트 아이팔레트 #로투스
라카 공홈가격 25000원
00:54 트윙클팝 젤리글리터 11호 #벚꽃반짝 
클럽클리오에서 구매 가능, 단품 4900원
11호+12호+13호=9900원에 판매중!!

💖 02:40 스톤베리 3콘 그레이(2주)
4개입/25000원 도수는 0.00부터 8.00까지 가능
💓섀도우
02:53 롬앤 배러 댄 아이즈 #말린메밀꽃 
공홈 가격 18000원 !!무배!!

💖 04:07 시크리스 3콘 코랄 브라운(원데이)
20개입/32000원 도수는 0.00부터 10.0까지
💓 섀도우
04:21 롬앤 배러 댄 아이즈 #말린복숭아꽃
공홈 가격 18000원 무배!!

💖 06:11 오렌즈 블라썸 3콘 브라운(한달)
2개입/20000원 도수는 0.00부터 8.00까지 가능
💓섀도우
06:18 디어달리아 시크릿 가든 팔레트 #플라워베드
공홈가격 52000원... 현재 블루밍 에디션으로 판매중

참고로 렌즈는 현재 의료기사법때문에 온라인에서 구매불가합니다!! 가까운 오렌즈 매장을 찾아주세용",236개,2020. 4. 10.
sujinnoh,카메라 화질을 가장 잘 활용하는 유튜버....,1개,2020. 4. 10.
RinaLee,언니 렌즈 꼈다 뺐다해서 눈 빨개진거 봐ㅠㅠㅠ 우리를 위해서 이렇게까지나 해주시다니ㅠㅠ 역시 새롬쌤밖에 없어❤️,651개,2020. 4. 10.
yreal,스톤베리 그레이 ㄹㅇ 입니다...낄때마다 주변에서 렌즈뭐냐고 물음,382개,2020. 4. 10.
사랑해요윤지언니,"언니, 계절톤별 구분하는법이랑 그거에 맞는 메이크업 알려주실수 있어여??",221개,2020. 4. 10.
혜은,4:08 노래 : Ethan Dufault - Right There,44개,2020. 4. 10.
바나나빠따,ㅠㅠㅠㅠ 헉 렌즈 꼈다 뺐다라니...힘드셨을거 같은데 이렇게 예쁘게 올려주셔서 감사해요!!,57개,2020. 4. 10.
조정민,학생 신분이라 진하게 화장은 못하지만 언니 영상 보면서 좀 크면 꼭 저렇게 해봐야지 생각해요 지금도 립 화장 뿐이지만 언니가 알려준 방법으로 화장품 청소도 하고 깨끗하게 관리 중이에요 입술 각질 관리도요!매번 이쁜 영상 고마워요 언니 ㅎㅎ,61개,2020. 4. 10.
dkdkdnedmcmcs,0:38 노래제목좀 알려주세요ㅠㅠㅠㅠ,7개,2020. 4. 10.
MUSIC뮤직,"렌즈랑 섀도우랑도 조합이 있구나..... 몰랐어요ㅋㅋㅋㅋ😅
+언니 봄웜 브라이트톤 이해, 특징, 색조추천 해주세요 가을 딥톤 하셨던 것처럼요!!!!! 언니도 봄웜 브라이트셔서 잘 설명 가능하실듯ㅎㅎ",15개,2020. 4. 10.
다은,오늘도 좋은 영상 감사합니다 ❤️,29개,2020. 4. 10.
zxc,여름뮤트 인생 렌즈 오렌즈 아이스골드인데 언니가 끼면 어떤 모습일까 궁금해요 ㅠㅠㅠ 타 렌즈들에 비해 유명하지는 않은데 언니 영상에서 꼭 보고 싶어요 ㅠㅜ 렌즈 유목민이었던 내가 스무 통 넘게 쓴 렌즈는.. 아이스골드 니가 처음이야... 참고로 한달용 13.2 그레이 렌즈예용,54개,2020. 4. 10.
하빵빵,전부다 써봤고 쓰고있는 렌즈ㅋㅋㅋ 역시 내눈에만 이쁜 렌즈들이 아니였어요...,14개,2020. 4. 10.
은하수저편에서,"오늘도 고퀄리티...돈내고 보고싶네요 진짜..ㅠㅠㅠㅠ
아 근데 너무 렌즈를 자주갈아끼시는것같아서 영상이 늦게 올라가도 좋으니 제발 🙏 텀을 길게 해서 눈에
안정이 된다음에 하는것도 좋을것 같습니다..
눈이 빨갛게 충혈되셔서 걱정되네요 😥 
오늘도 좋은영상감사합니다 😍",5개,2020. 4. 10.
JesstarUwU,당신의 피부를 아름답게하는 방법을 멕시코 사람들에게 설명하십시오. ❤️😊😻,4개,2020. 4. 10.
유너블,아니....어쩜 이렇게 BGM마저 항상 찰떡으로 넣으시는지ㅠㅠ 찬양해 새롬님!,5개,2020. 4. 10.
이채은23,헐 ㅠㅠㅠ 언니 너무 이쁜데 다 원데이 인가용?,5개,2020. 4. 10.
FerBTS,나는 당신의 동영상이 가장 좋은 ❤️❤️,8개,2020. 4. 10.
윤햇님,"화질장인 새롬쓰.....
말린 라벤더 진짜 인생템되서 정말 잘 사용하고있으니 단종 절대안돼요.....
죽을때까지 쓰게 해주세여ㅜㅜㅜㅜㅠ",7개,2020. 4. 10.
이지현,이 컨텐츠 넘넘 찬성입니다 썸넬이랑 제목보자마자 안누를수가 없었어유❤,3개,2020. 4. 10.
오현정,렌즈미 오모댤 그레이 엄청 인기있고 많이끼던데 한번만 리뷰해주세요 ㅜㅜㅜ,2개,2020. 4. 10.
박지하,언니.. 브러쉬 관리법 올려주실 생각 없나요ㅠㅠㅠ 어떻게 관리해야 하는지 정말 막막해요..,1개,2020. 4. 10.
암낫언엠티멜론,아아ㅏㅏ 진짜 너무 예뻐요ㅠㅠㅠ 근데 조금더 자주 만너고 싶어요;;♡,0개,2020. 4. 10.
혜린,"진짜 개코님 영상 화장품 살때 넘 도움이돼서 좋아요♡
진짜 이쁘고 활용성 굿굿인 영상 많이 만들어주셔서 감시합니다>< 
진짜 화장품 살때 넘 도움이 되서 좋아요
개코님 화이팅!!♡",1개,2020. 4. 10.
와우와,헉 렌즈추천ㅜㅜㅜ 재밌게 보겠습니다!,3개,2020. 4. 10.
천국의계란,언니 저도 진로를 화장품쪽으로 가고 싶은데 언니처럼 잘하려면 많이 노력해야겠죠?ㅠㅠ 힘들겠지만 열심히 노력해볼께용! 오늘도 영상 잘봤어요 오늘도 좋은 정보 감사해요☺️,2개,2020. 4. 10.
JiHyeN,오렌즈의 렌즈들 중 직경이 작은 렌즈들 중에서 화려하진 않지만 그래도 꼈다는 티는 내고싶은 렌즈들  추천해주세요!,8개,2020. 4. 10.
YelimKang,"쿨톤이지만 웜톤 메이크업 왤케 이쁘죠ㅋㅋ쿠ㅜㅜ 2,3탄 꼭 해주세용! 렌즈 직경 13.0-13.3 까지의 그레이 컬러 렌즈도 보고 싶어요 !! 스페니쉬 라인이랑 어울리는 메이크업도 궁금해요☺️💓",0개,2020. 4. 10.
정유경,예뻐요❤❤,3개,2020. 4. 10.
으악,오렌즈 신상으로 나온 스칸디라인 정말 예뻐요..! 다음에 부탁드립니다!!,3개,2020. 4. 10.
다캡,나 이 언니 너무 쪼아 진짜 예쁘시고 매력 넘치시고 영상 하나하나가 다 도움되고 섬세하고 설명도 다 귀에 쏙쏙들어오고 진짜 너무 쪼아여😍😍,0개,2020. 4. 10.
내돈내산렌즈리뷰,"와아ㅜㅜ 대체 어떻게 이렇게 이쁜 화질로 촬영을 하시는건가요?
장비와 금손과 좋은 스튜디오가 필요한걸까요?
아무리 찍어봐도 이쁘게 따라하기가 힘드네요ㅠ 많이 배우고 갑니다🤣🤣
자주 영상보러 놀러올게요!",0개,2020. 4. 10.
조수빈,아 진짜 언니 화장 하는거 보면 힐링돼❣️,0개,2020. 4. 10.
이알맹,오렌즈 스페니쉬 리얼올리브랑 리얼피치 해주셨으면 좋겠어요‼,2개,2020. 4. 10.
victoriaD,진짜 언니 영상만큼 깔끔하고 고퀄인 영상 없더라구요 ㅠㅠㅠㅠㅠㅠㅠㅠ 뷰티유튜버중 최고...,0개,2020. 4. 10.
이지연,새롬님 영상미랑 편집 완전 내스탈이에요...❤,2개,2020. 4. 10.
,와악 미쳤다 진짜 이언닌 진짜 뭘 알아 ;;; 들어올 수 밖에없는 그거 알지 그거,0개,2020. 4. 10.
김민정,"헐헐 완전 넋빠지고 봤다ㅋㅋㅋㅋㅋ
그래픽까지 다보이니까 색다르고 더 이쁘다..ㅠㅠㅠㅠㅠㅠ",0개,2020. 4. 10.
진서,저 눈이진짜 콤플렉스여서요ㅜㅠ 렌즈없이도수있는안경꼈을때 눈커지는메이크업알려주세요ㅠㅜㅠㅜ,0개,2020. 4. 10.
bdbdbdbd,와 이건 진짜 정성이다,1개,2020. 4. 10.
정예빈,오늘도 영상 너무 잘봤어요ㅠㅠ💗 혹시 실례만 안된다면 렌즈미나 렌시스중에서 가장 좋아하시는 렌즈 소개랑 어울리는 섀도우 조합 소개해주실수 있나요?,0개,2020. 4. 10.
징니Wldms,언니.. ㅠㅠ 화장할때마다 너무 스트레스인게 있는데요ㅠㅠㅠ 피부 메이크업할때 다른곳들은 다 촉촉하고 정말 안뜨는데 눈밑만 어떤짓을해도 다 뜨고 주름에 끼이고 ㅠㅠㅠㅠ 어떻게 해야하나요ㅠㅠ꼭 알려주셨으면 좋겠어요😭😭,0개,2020. 4. 10.
민꾸리,헐 ㅠㅠㅠ 렌즈 고민하고 있었는데 마침 딱 ㅠㅠㅠ 감사해용 도움이 많이 됬어용 ❤️❤️,0개,2020. 4. 10.
여정수영,아이렌즈 끼고있는 것 과 그렇지 않은 것 차이가 별로없어 보는건 나 뿐 인가?,1개,2020. 4. 10.
급암,0:43 노래 제목 제발요,2개,2020. 4. 10.
써니s,언니 무쌍 모델분 모셔와서 눈 부어보이지 않는 메컵 해주세요!,0개,2020. 4. 10.
서리,화질도 넘 조코 렌즈도 짱짱 언니 영상은 항상 옳다 근데 눈 건강 조심해요 😭,0개,2020. 4. 10.
jhkIM,"오렌즈 카리브3콘 브라운(먼슬리, 직경 13.0) 진짜 넘 예쁘고 편해서 인생렌즈인데 잘 모르는거같아 아쉬워요ㅠㅠ 이거랑 메이크업 해서 알려주세용 항상 유용한 영상 감사합미다 최고에요👍👍💕",0개,2020. 4. 10.
이현경,언니ㅠㅠ 렌즈 나눠서 끼시지..ㅠㅠ 저번에두 눈 벌겋게 됐었는데...ㅠㅠ 도움 많이 됐어요,0개,2020. 4. 10.
수민,개코님 !! 오늘도 영상 잘보고갑니당 ❤️❤️❤️ 질문이 잇는데용 혹시 오렌즈 비비링 브라운렌즈 훌라현상이 잇나용 ???,0개,2020. 4. 10.
이하연,저는 직경 작은 렌즈를 선호해서 직경 작은 렌즈 위주로 2탄 기대해봐도 될까요💕💕💕,0개,2020. 4. 10.
전주연,맨날 언니 영상보고 화장품사요ㅎㅎ영상 볼때마다 너무 많은 도움이 되고있어요 무엇보다도 영상을 찍으실때 항상 준비도 많이 하시고 사람들이 정말 메이크업을 자신에게 맞게 예쁘게하고 다니셨으면 좋겠다는 마음이 느껴져서 늘 기분 좋게 영상보고 갑니다. 새롬언니 사랑해요❤️,0개,2020. 4. 10.
강연수,4:08 부터 나오는 노래 제목 뭔가요 ㅠㅠㅠㅠ,0개,2020. 4. 10.
하늘,"언니 영상 잘 보고있어요 ㅠㅠ 혹시 이제까지 내셨던 립중 봄 , 여름 , 가을 , 겨울 톤 모음 영상 만들어 주실 수 있나요 ㅠㅠ !! 감사합니다 항상 응원할게요 ❤️",0개,2020. 4. 10.
하얀나무,4:10 부터 나오는 노래 제목이 뭔가요 ㅠㅠ,0개,2020. 4. 10.
Newzzi유진,"와 렌즈 추천도 좋은데 섀도우 조합 너무 좋아요❣️ 그리고 비지엠,, 진짜 하트시그널같은 찰떡 브금",0개,2020. 4. 10.
이채은23,헐 ㅠㅠㅠ 언니 너무 이쁜데 다 원데이 인가용?,0개,2020. 4. 10.
강수경,사랑합니다 ㅠㅠㅠ,0개,2020. 4. 10.
박수민,렌즈관련 영상 너무 좋아요~~ 학생렌즈 추천도 부탁드려요👍👍,0개,2020. 4. 10.
이현경,언니ㅠㅠ 렌즈 나눠서 끼시지..ㅠㅠ 저번에두 눈 벌겋게 됐었는데...ㅠㅠ 도움 많이 됐어요...!!!,0개,2020. 4. 10.
우리엄마,이 컨텐츠 너무 좋아요 사랑해요! 너무너무 맘에 들어요!!ㅎㅎ 제가 더 보고싶은 렌즈가 있으면 찾아서 추가로 달아놓을게요!😊😊😊😊❤❤❤,0개,2020. 4. 10.
롱아서,영상에서 뭔가 다른 거 같아서 들어보니 녹음이 엄청 깔끔하게 된 거 같아요! 노이즈가 다른 영상들에 비해 거의 없는 거 같아요! 거의 ASMR 녹음할 때 같은 그런 음질...? 엄청 조아요~~~,0개,2020. 4. 10.
강새벽,선생님... 드디어 롬앤에서 여쿨 라이트를 위한 신상이 출시됐는데 라벤더색이 부담스러워서 구매하지 못하고 있는 어린 양을 도와주세요... ㅠㅠㅠㅠ,0개,2020. 4. 10.
하수영,"여쿨 라이트는 오렌즈 라벤더골드 왕추천합니다,, 막 부담스러운 라벤더 아니구 그레이시한 톤이에요ㅜㅜ 1달용인데 제발 사세요ㅠㅠㅠ",0개,2020. 4. 10.
,헐 짱이다...혹시 렌즈미 제품 추천영상도 올려주실수 있나요..?,0개,2020. 4. 10.
엽떡좀,스톤베리랑 비슷한 렌즈 없을까여ㅜㅠ 한달짜리로요😭😭,0개,2020. 4. 10.
cumongte,너무 신박하고 조아용 ㅠㅠ 롬앤 신상 말린라벤더 메이크업도 보고싶어요~,0개,2020. 4. 10.
밍밍구,렌시스! 에일린 그레이 / 스텔라 그레이 등 렌시스 제품 궁금해요! 사진 후기가 제일 많아서 필터 때문에 어떤 느낌인지 감이 안오더라구요 ㅜㅜ,0개,2020. 4. 10.
민지,"2탄, 3탄 너무 좋아요!!! 계속 해주세요❤❤",0개,2020. 4. 10.
하늘Haneul,아 정말 최고에요 영상미가... 롬앤 신상 팔레트 메이크업도 보여주세용!!!,0개,2020. 4. 10.
잠보mings,개코님 한가인 닮은거같아요ㅜㅜㅜㅜ,0개,2020. 4. 10.
FallincheezePenguin,언니 젭알 빨간머리앤 qna 부탁해요ㅜㅜ,0개,2020. 4. 10.
박수빈,7:24 이 팔레트 이름 뭔가요??ㅜㅜ 제발 아무나 알려주세요ㅠ,0개,2020. 4. 10.
용용,와 근데 새롬님 그냥 눈동자색도 너무 예쁘시네요....,0개,2020. 4. 10.
,대박 너무좋ㅇ아,0개,2020. 4. 10.
노랭이노랭,"혹시 직경 13.0 이하의 노란끼,초록끼 없는 그레이 렌즈 아시는 분ㅠㅠㅠ제발",0개,2020. 4. 10.
무쌍승희다요,오렌즈 메리미 그레이욤 ! 개코님 영상에서 봤는데 너무 예쁘더라구욥!,0개,2020. 4. 10.
마요,4:30 에 나온 노래 뭔지 알수잇을까요?ㅜㅠ,0개,2020. 4. 10.
남다름여친,"비비링 라인 이쁘죠 ㅠㅠ
브라운도 예쁜데 핑크도 예뻐요! 이질감드는 핑크가 아니라 은은한 핑크빛이라 눈색이랑 어우러지면서 자연스럽게 예쁘더라고요 다만 개인적으로 전 원래 눈보다 살짝 큰 직경을 좋아하는데 이건 좀 자연스러운 직경이라 좀 아쉬웠네용",0개,2020. 4. 10.
설화,오렌즈 비비링 브라운... 사러갑니다 넘무 예쁘잖아여~!~!~!~!~!@ 13.0 렌즈도 많이 추천해주세요!!!😍,0개,2020. 4. 10.
구마,오우.... 챡!하고 붙는 거봐... 렌즈 구매욕구 상승합니다,0개,2020. 4. 10.
준아,일찍 왔다!!,1개,2020. 4. 10.
SoobinsaQTxT,Thank you for the English captions!,0개,2020. 4. 10.
항상1등,ㄹㅇ 이뻐여 언니,1개,2020. 4. 10.
홍합에물린이특,초반에 나와서 얘기하는건데.. 언니 채널 배너 너무 이뻐요.. 메이크업이 너무 레전드인것같아요...,0개,2020. 4. 10.
최유진,"우와 서클렌즈 관련 영상은 처음봐요 
투명만끼고 서클껴본적없는데 뽐뿌오네요",0개,2020. 4. 10.
최유진,"우와 서클렌즈 관련 영상은 처음봐요 
투명만끼고 서클껴본적없는데 뽐뿌오네요",0개,2020. 4. 10.
예지,"유익한 영상 감사해요!!!
언니! 렌시스에 에일린 그레이도 해주세요!!",0개,2020. 4. 10.
이불,스톤베리 그레이 이거 ㄹㅇ 내 인생렌즈....,0개,2020. 4. 10.
하삐삐,새롬님 렌즈미에 칵테일 문라잇 그레이도 진짜 이뻐요!2만원짜리 한달착용인데 생각보다 너무 안튀어서 데일리 메이크업 하고 다니면 너무 이쁘답니다ㅠㅠ제 최애렌즈에요!,0개,2020. 4. 10.
330,"헐 언니 너무 좋아요..! 2탄 3탄 존버합니당 적당한 근접샷이랑 메이크업을 자세히 보여주시는게, 렌즈뽐뿌 오게하는 영상이네요..ㄷㄷ",0개,2020. 4. 10.
BLINK유진,오렌즈 비비링 렌즈는 지수가 광고했는데ㅔㅔ!!,0개,2020. 4. 10.
mmmkkk,오렌즈 비비링 브라운 너무 이뿌내요... 라카 팔레트도 뽐뿌 옵니다....!!!!!,0개,2020. 4. 10.
PraisetheLord,카메라는 대체 뭘 쓰시길래 현미경화질인거죠?! 와우!! 알려주세요 개코언니!❤️,0개,2020. 4. 10.
베이지집사,흑 쿨톤이어서 슬프댜ㅠ,0개,2020. 4. 10.
,"بحبك يا قمر صح ما بتعرفي اللغه العربيه 
بس هيك كتبت 
ههههه الكوريين عيونهم يجننو ❤❤",1개,2020. 4. 10.
백종원진심녀,"와; 온니는.. 차에 기름 넣을때 뭐 넣어요? 휘발유?


난 당신 온리유 ,,💖✨💗",0개,2020. 4. 10.
정창수,봄웜톤 메이크업 영상도 올려주세요!!,0개,2020. 4. 10.
유민,오렌즈 심포니 3콘 그레이요ㅠ!! 화려한 메이크업이랑 잘 어울리는 렌즈인데 개코님께서 어떻게 메이크업 룩을 연출하실 지 너무 궁금해요 ㅠㅠ 아니면 비비링 그레이 같이 데일리한 그레이 렌즈와 이번 롬앤 신상인 말린 라벤더 팔레트의 조합도 궁금해요 ㅠㅠ,0개,2020. 4. 10.
서지현,"렌즈미 악마 리얼핏 3칼라 브라운, 그레이,  홀로리스 마일드 그레이 오렌즈 시크리스 3콘 내츄럴 그레이, 스페니쉬 원데이 써클그레이요",0개,2020. 4. 10.
김민서,마스카라는 어디꺼에요 ?? ㅠㅠㅠ,0개,2020. 4. 10.
준아,일찍 왔다!!,0개,2020. 4. 10.
제시하다Jessiehada,크👍🏻👍🏻이뿌다.. 라식 한게 후회되네요 🤣,0개,2020. 4. 10.
가지가지하는령이,단연 현존하는 유튜버중 가장 친절하고 꼼꼼하게 정보 알려주는 유튜버👍🏻,0개,2020. 4. 10.
지후,"개코님 근데 이번에 새로나온 섀도우 팔레트 그 봄라이트한테 맞는 말린복숭아꽃 팔레트 기존에 있었던 말린망고튤립이랑 좀 비슷하나요?
라이트인데 제가 말린망고튤립이 있는데 새로나온 팔레트 보는순간 비슷하다고 생각했었거든요",0개,2020. 4. 10.
윤정민,왜 사람들이 새롬님만 찾는지 알수있는영상이네요 렌즈와어울리는 섀도우의 조합도 생각하시고 만드신거같아 메이크업계의 감히 천재라고 부르고싶네요❤,0개,2020. 4. 10.
세연,"저두 예쁜 렌즈 하나 추천 해두 되겠슴니까 ,,? 
오렌즈 블링썸 그레이 인데 햇빛 아래서 보면 존예고 조명 아래서 보면 개이쁘고 아 모르겧어요 진짜 이뻐요 ㅠㅠㅠㅠㅠㅠㅠㅠ 그거 끼고 이쁘다는 말 정말 많이 듣고 3통째 사용중!",1개,2020. 4. 10.
팀장,아이고... 렌즈 낄 때 손가락에 글리터 붙어있는 거... 조심하세용...ㅠㅠ,0개,2020. 4. 10.
걈냠댬럄먐뱜샴얌쟘챰캼턈퍔햠,제가 잘 못 본거일수도 있는데 개코님 삼백안이에요?? 진짜 삼백안이면 부럽네요ㅠㅠ,0개,2020. 4. 10.
나나나나나나,역시 믿고보는 개코님♡♡,0개,2020. 4. 10.
오리링봉봉,"분위기별로 맞는 렌즈 모음도 있었으면 좋겠어요! 사무직같은 일을 할때는 어떤 렌즈가 좋고, 놀러갈때 적당히 화사하게 보이는 렌즈는 어떤것들이 있는지 알려주는 강좌? 스타일로요!",0개,2020. 4. 10.
김나나,현미경으로 봐도 예쁜 개코님💕💕,0개,2020. 4. 10.
최혜원,완전 도움되는 영상😍😍,1개,2020. 4. 10.
이소림,가격도 적어주시면 좋을것같아요 ㅜㅜ,0개,2020. 4. 10.
유영주,요즘 신상렌즈 많이나왓는데 오렌즈랑 렌즈타운 신상렌즈도 보고싶어요,0개,2020. 4. 10.
체리링,"전 직경 작은 스페니쉬 라인만 어울리는데
스페니쉬 기본이랑 서클 리뷰랑
비슷한 느낌나는 렌즈 추천해주세요!💗",1개,2020. 4. 10.
최혜원,완전 도움되는 영상😍😍,0개,2020. 4. 10.
코코,"2,3탄 보고싶어요!!! 저는 코랄 그레이가 데일리에용ㅋㅋㅋㅋㅋㅋ 색감은 데일리가 아니지만  눈도 또렷해보이고 오묘해서 자주 끼게되요. 다른 렌즈들도 한번 도전해봐야겠어요💜💜💜",2개,2020. 4. 10.
영비,"쌍커풀은 어케해야 쉽게 되는지
알려주시면 안되나용 개코님이라면 분명히..
흑ㅎ흐흑 구훟극",0개,2020. 4. 10.
김순이,언니 눈동자 자체가 되게 갈색이고 예뻐요!!,0개,2020. 4. 10.
유히,"새롬님 제가 새롬님을 최근에 알았는데 새롬님이 롬앤과 무슨 관련이 있는지 자세히 모르겠어서요 ,, 알려주세요 🙏🏻 대신 답변 괜찮습니다",0개,2020. 4. 10.
SeoLee,그래픽이 비비링처럼 자연스럽지만 직경이 13.5인 렌즈 꼭 보고싶어요 ㅠㅠ 그런 렌즈 찾느라 몇 십만원은 투자했는데 아직도 못 찾았어요 (っ˘̩╭╮˘̩)っ,0개,2020. 4. 10.
PamelaVelazquez,"Se que no hablas español pero me encanta tu canal, saludos desde Mexico. <3",0개,2020. 4. 10.
주원,제가 눈 곡률이 엄청 특이해서 일반적으로 나오는 B.C 8.6은 못 끼는데 B.C가 여러개로 나오는 컬러렌즈 잇나요 ??,0개,2020. 4. 10.
아잉,이쯤에서 카메라렌즈가 궁금합니다.😱,0개,2020. 4. 10.
정솔,클렌징 영상 올려주세요. 화장을 시도 하려 할때마다 클렌징 할 줄 몰라가지고 포기해여...,0개,2020. 4. 10.
쑤민앙,언𓆗𓂭 렌즈 낄때마㉰ 눈⍤⃝𓂭 아픈데̄̈ 이게 뭘까요҉... 넣을때마㉰ 눈⍤⃝𓂭 따끔따끔거려요҉ ㅠㅠ,0개,2020. 4. 10.
missr0209,오렌즈 러시안골드랑 실버요!,0개,2020. 4. 10.
김슬기,스페니쉬 렌즈요!!,0개,2020. 4. 10.
날개달린로미Romie,렌즈를 쉐도우도 궁합이 있어따니.......오늘 또 배우고 갑니당,0개,2020. 4. 10.
,홍채가 좀 까만편인 사람이 껴도 괜찮나요? 개눈같이 보일까봐요ㅠㅠ,0개,2020. 4. 10.
,홍채가 좀 까만편인 사람이 껴도 괜찮나요? 개눈같이 보일까봐요ㅠㅠ,0개,2020. 4. 10.
혜주,오렌즈 스페니쉬 그레이!!!!도 찍어주세여!!,0개,2020. 4. 10.
사랑해요윤지언니,이란 기획을 하시다니...,0개,2020. 4. 10.
o다혜,"개코님 혹시 다이소 잉크틴트 예쁘게 바르는법있나요??
착색력이 어마어마해서 어떻게 해야될지 모르겠네요ㅠㅠ",0개,2020. 4. 10.
사랑해요윤지언니,"이란 기획을 하시다니,,",1개,2020. 4. 10.
천사,화려한 종류의 렌즈도 보고싶어요 !!,0개,2020. 4. 10.
김예은,자막까지 달아주는 세심한 사람♡,0개,2020. 4. 10.
백종원진심녀,언니... 제가 아홉통 쓴 인생탬이있는데요... 렌즈미 칼루아밀크..... 진짜진짜너무너무너무예뻐요.........ㅠ,0개,2020. 4. 10.
유키,렌즈타운이나 렌즈미 것도 해주세욥!,0개,2020. 4. 10.
Youtube쏘니아,와..  어울리는 섀도우까지..  이러니까 개코개코하지bb,0개,2020. 4. 10.
으논으논,언니 저는 안구건조증도 심하지 않은데 렌즈만 끼면 끼고난후 3분정도만에 1분간격으로 계속 눈이 흐려지고 뻑뻑하고 답답해요 왜 그럴까요ㅜㅜ,1개,2020. 4. 10.
서나리,렌즈 색깔별로 다른 점 이랑 분위기 보여주셨음 좋겠어욤 헿 일단 그레이에 정착하겠슴가,0개,2020. 4. 10.
주시,언니 기다렸어요 ˃̵ࡇ˂̵,0개,2020. 4. 10.
아린최,"그레이 렌즈 끼고 브라운계열 (솔솔말린 솔방울 , 해변에선 코코넛 ) 같은 셰도우를 바르면 이상한가요 .. ?",0개,2020. 4. 10.
어깨춤출래나도,"언늬,, 화질대박이야,, 이렇게 댓글 답 잘해주시는 유튜버는 언니가 최고인것 같아,, 그리고 화장솜씨까지 완벽해,,! 미춌따리ㅠ 넘모 이뿌자너",0개,2020. 4. 10.
메은,베러 댄 아이즈 말린장미에는 어떤렌즈가 어울리는지 알려주세요!!,0개,2020. 4. 10.
옹야미,예비중이 쓰기 좋은 화장품 추천 해주세요오,0개,2020. 4. 10.
이마크,4:21 쯤에 나오는 노래정보 좀 주세요..................................제발여,0개,2020. 4. 10.
쥐눈이콩,나는 내가 렌즈 알못이라고 생각했는데.... 전부 껴본 렌즈네.... 오늘도 좋은 영상 감사합니당 ❤️,0개,2020. 4. 10.
김수민,미친다 미쳐,0개,2020. 4. 10.
10101,본래 눈도 되게 예쁘세요....,0개,2020. 4. 10.
JSK,"개코님 저 짙은 눈화장이 안어울려서 말린라벤더 꼭 써보고싶은데 라벤더컬러는 어떻게 활용해야 좋을지 모르겠어서 사는게 망설여져욥...ㅠㅠ 말린라벤더로 하는 화장이랑, 어울리는 립컬러도 같이 알려주는거 보고싶어요ㅠㅠㅠ!!",0개,2020. 4. 10.
지우,자연스런컬러렌즈는 렌즈를 낀 불편함에 비해서 그만큼의 티가안나서 짜증나던데,0개,2020. 4. 10.
,언니 내가 사랑한다고 안했었나? 사랑해,0개,2020. 4. 10.
징진,렌즈가게 회사보다 더 영업이 잘되는 개코 님...,0개,2020. 4. 10.
조혜수,4:14 파인애플 같다,5개,2020. 4. 10.
조민선,학생들이 끼기에도 무난한 렌즈 있을까요?? 가격도 저렴한 편에서요!!,0개,2020. 4. 10.
전주연,그레이 렌즈도 많이 추천해주세요,0개,2020. 4. 10.
이현이누서노황홍현화율무차팸도금,13번쨔 좋아요! 색 너무 이쁜데 제가 눈이 안좋아서ㅠㅠㅠ,1개,2020. 4. 10.
