﻿,youtube_id,comment,like_num
0,EstherLee,STUNNA 🤩 the design is so refreshing and clean,5개
1,기원희,"""어머어머"" 와 ""네네""의 대환장파티ㅋㅋㅋㅋㅋㅋㅋ",135개
2,김민탱,한국에 이런브랜드들이 많이 자라나야 이미테이션에 의존하던 패션생태계가 파괴될 듯!! 문초이 화이팅입니다.,123개
3,페퍼킴PEPPERKIM,"콩고물 자켓 너무 예뻐요.







매번 무난한 무드의 옷을 사느라 어둡거나, 무난한 것 만 있었는데,
콩고물자켓은 정말 너무 튀지도 않지만, 따뜻해지는 날씨에 맞춰서 밝은 분위기에
화사한 느낌을 줘서 너무 입어보고 싶은 자켓같아요!!! 넘나 예뻐요 슈트는 사실 도전해보기 어려운 분야라고 생각했는데
슈스스 언니의 영상을 통해서 알게되서 좋아요!!!!!!!",3개
4,김지윤,테일러링 미친 “콩고물 재킷!!” 문초이 브랜드 핏 진짜 기가막히죠 ㅠ 옷들이 다 너무 이쁜데 저에겐 진입장벽이 넘 높아서 더블유컨셉에 몇개를 하트눌러놓고 매일매일 구경했는지 몰라요 ㅜㅜ 이 기가막힌 옷을 한번 경험해 보고싶습니다!!!! ❤️❤️,4개
5,Toki톡이,최근에 테일러드 원피스나 자켓에 관심 생겨서 찾아보는거 어케아시구...!!언니너무좋아요❤️언제들어두 기분좋은 언니의 베이비들~~,8개
6,황토,"문초이라는 브랜드가 처음엔 한국 디자이너 분이 하는 브랜드 인지도 몰랐습니다. 이미지 자체도 되게 국내에선 볼 수 없는 그런 퀄리티의 룩북 이미지들이었고, 분위기 자체도 되게 외국 풍이 많이 나더라고요…아뇨(?) 그냥 외국 브랜드 같았어요.. 홈페이지 들어가서 찾아보니 한국인인 최문경 디자이너와 최문호 디렉터가 하는 브랜드인 걸 알고 한 번 놀랬습니다. 그리고 룩북이미지 들어가서 옷을 보면서 두 번 놀랬습니다.. 어떻게 이런 디자인이 나올 수 있는가.. 라구요. 한국을 잘 알리고 있는 많은 디자이너 분들이 계시지만, 그중 문초이라는 브랜드도 한국을 대표하는 브랜드로 외국에서 국위선양하고 있는 브랜드가 아닌가 생각이 드네요! 저는 이번 20SS 아이템 중에 모든 아이템들이 다 좋지만 그 중 고른다면 트렌치 코트가 제일 마음에 드네요. 최문경 디자이너의 시그니처 라고 할 수 있는 어깨라인 디자인…! 환상적이네요… 과하지도 않아서 문초이의 저런 트렌치 코트를 입고 다니면 '나 오늘 쫌 뽐냈어' 라는 말이 옷에서 나오는 느낌이라 너무 좋은거 같습니다. 쉽게 말해 스타일리쉬한 저를 만들 수 있는거 같습니다. 제가 좋아하는 한혜연 실장님의 슈슈슈 티비에서 문초이가 소개 되니까 놀랍고도 또 놀랍고 너무 반갑네요… ㅎㅎㅎ 앞으로도 더 멋진 옷 기대하겠습니다. 그리고 롱~런하시기 바랍니다. 문초이 브랜드를 멀리서 지켜보는 한 명의 팬으로서 응원합니다!",113개
7,zoe,꺅 너무 이뻐요❤️ 잡지에서 많이 봤는데 한국 디자이너셨구나❤️❤️ 한철이 자켓 가지고 싶어요! 🥰,7개
8,JiSooBae,크으으으으으으 우리 슈스스 님 모델핏이 어마무시 장난 아니시네요!!!!>.< 넘나 멋지십니닷!!!,18개
9,임성준,준지 이후로 한국 다자이너 분의 옷을 보자마자 예쁘다 소리 나온 적은 처음 인 것 같네요. 커튼을 여는 순간 끝에 보인 콩고물 재킷이 눈에 확들어왔어요😂 색감이 너무 예뻤고 문초이 만의 시그니처함이 보이는 포켓 디자인도 정말 예쁘네요🥰 저런 재킷을 하나 갖고 싶었는데 하나 얻게 된다면 정말 행복할 것 같네요. 젠더리스를 추구하는 브랜드라서 더욱 한 번 입어보고 싶네요!! 문초이 화이팅🎉,2개
10,SoonKwon,우리 사무실은 왜 이게 안될까? 에서 끝나면 될걸 왜 불쌍한 현철씨를 똨ㅋㅋㅋㅋㅋㅋㅋㅋ,57개
11,JoyPark,심플하면서도 포인트가 있어 심심하지 않은 옷을 엄청 좋아하는데요... 문초이 브랜드가 딱 제 스타일이네요!! 콩고물 재킷 너무 예쁘구요!!! 브랜드 소개해주셔서 감사합니다~,2개
12,을내힘,공부셔츠.받고싶습니다♡이유는 자존감  낮아진..아기 엄마도 최대한 멋을 살릴수 있음을 보여드리고 싶습니다,6개
13,문지영,"우와 저는 딱 보자마자 특별한 포인트를 준 한철이 수트가 눈에 딱 들어왔어요!! 이제 막 알바를 해서 질 좋은 옷들을 사고 싶은데 맨날 인터넷으로 십만원 이하 옷들만 사다보니까 질 좋고 오래입을 수 있는 옷들은 어디서 사야하나 걱정이 요새 많았는데 슈스스 언니 유튜브 보면서 이렇게 좋은 브랜드들 알아가서 좋아요🤍🤍 특히나 이번에 콩고물재킷이랑 한철이수트,, 감각적인 디자인이 너무 예뻐요,, 입고 싶어요🤭💛😭",2개
14,슈스스TV,"🎁슈스스TV x 문초이 이벤트 신청 방법🎁

1. 이번 문초이 영상에 ""꼭 갖고싶은 문초이 제품과 이유"" 댓글 남기기 ❗️

2. 본인이 남긴 댓글 사진 캡처하기 📸

3. 문초이 컨택이메일(hello@moonchoistudio.com)로 캡처한 댓글 사진과 유튜브 닉네임 / 희망 제품 / 희망 사이즈 / 선물 받을 주소 / 연락처를 보내주면 응모 완료 💖

4. 보내준 사연을 문초이에서 꼼꼼히 확인 후 꼭❗️ 필요한 분들께 개별 연락할 예정 📞


🔹이벤트 기간 : 4월 16(목) ~ 4월 23일(목) 
🔹이벤트 선물 : 문초이 콩고물 재킷 1개(1명/09:08) / 한철이 수트 1개(1명/09:29) / 공부 셔츠 1개(1명/09:20)


(당첨자 별도 연락 및 추후 커뮤니티로  공개)",183개
15,DanielSeo,"헐 대박!!! SS18시절부터 모델들하구 옷들 비주얼부터 과감함까지 맨날 인스타 먼 발치에서 혼자 감탄하고 팔로우하고 있었는데,, 이제 한국까지 점령,,, 슈스스누나 채널에 나오다니,,, 최문경 디자이너님 흥할줄 알았어요!!! 이벤트까지 거의 천사 수준,, 🙏🏻 저는 조만간 결혼을 앞두고 있는 제 유일한 친누나에게 선물하고 싶은 Oversized trousers blazer / Sand 로 이벤트 신청합니다! 이제 가족 품을 떠나 결혼하게되면 갖춰서 입어야 할 일들이 많을텐데 활용성이 높은 이 블레이저와 함께라면 혼자여도 누구에게 꿀리지 않는 세련된 누나가 될 수 있을거 같아요!!! 안그래도 코로나 때문에 결혼 날짜가 옮겨져서 슬퍼하고 있는 누나에게 유일한 동생인 제가 떠나기전 마지막으로 세련된 기쁨을 선사할 기회를 주세요!!!
(간절한 마음으로 삼행시 읊어봅니다 ㅎ_ㅎ)

문: 을 열고 당신을 기다립니다.
초: 를 세어볼게요. 삼
이: 일. 당첨,,,!",47개
16,전은정,콩고물 슈트 짱. 문초이만의 시그니처도 귀엽네요. 키가커서 귀염귀염보단.매니시한 슈트 찾았는데 제마음에 저장 해놀게요 ㅋ,4개
17,심희수,0:17 ㅋㅋㅋㅋㅋㅋㅋㅋㅋㅋㅋ  첨부터 뒤지버진다잉💖💖💖💖,12개
18,장수빈,저는 한철 수트 같은 셋업 스타일을 선호하는데 제일 기본 스타일인 만큼 디테일이 정말 중요하잖아요..!디자이너 브랜드는 그런 면에서 너무 매력적인 것 같아요. 문초이 홈페이지에 모든 옷 색감 정말 다 하나쯤 있으면 일상에서도 부담없이 잘입을 수 있는? 옷들이라 욕심이 나네요ㅎ좋은 브랜드 알려주셔서 감사합니다♥,2개
19,태욘,슈스스 너무 재미따 이거 이거 알림 설정 안할수가 없네,4개
20,,진짜 너무 예쁘고 모르는 브랜드 문초이를 알려주시는 한혜연 언니 🖒🖒❤,2개
21,ByungSuLee,얼쓰th한 컬러인데 너무 고급져 보이고 한철슈트는 정말 반바지 정상 입어본적 없는데 입어보고 싶은 욕구가 샘솟아요. 문초이 문경최 디자이너님도 대단하시고 멋지신듯👍🏻 혜연언니 점점 살 너무 빠지시는듯 얼굴이 없어지겠어요 ㅠㅠ 오늘도 영상 너무 잘보았습니다:),3개
22,ChloeShin,11:15 제니님이 젠틀몬스터 행사에서 입은 의상인데 너무 예뻐요~,2개
23,니또지,지방에 살아서 백화점도 없고 요즘 트렌드도 모르고 사는 서른살 유부녀입니다!!! ㅠㅠ 문초이의 디자인을 보고 너무 신세계다 느꼈어요 블랙앤화이트 조합을 너무 좋아하는 저는 한철 슈트가 너무 인상적이에요 ! 특이한 옷을 좋아하는데 요즘 뱃살도 나오고 유일하게 자신있는 부위가 종아리인만큼 정말 입어보고 싶은 디자인이네요 💜,2개
24,SoonKwon,미치겠네 방범하다 설명뭔뎈ㅋㅋㅋㅋ진짜 제대로 터졌네 샤워하다갘ㅋㅋㅋㅋㅋ,5개
25,llaYu,"“콩고물자켓”
쇼룸열리면서 쭉 둘러 보면서 예쁘다고 생각했는데 역시 슈스스님의 안목짱! 저런 베이지는 진짜로 고급스러운 컬러를 찾기가 너무 힘든거같은데 너무 고급지네요ㅠㅠ 요즘 코로나 때문에 어디나가질 못하니 출근할때라두 이쁘게입자해서 맨날 엄청 신경쓰면서 다니는데요 콩고물자켓받아서 더 이쁘게 다니고 싶어요! 제발 저에게 오길 기도합니당!:)",1개
26,윤아,한철이 스타일을 정말 좋아하는데 여름에 저걸 입고 거리를 돌아다니고 싶어요ㅠㅠ 저는 보라색 캐쥬얼 정장도 있는데 너무 좋아하는데 입을 일이 없어서 못입었어요... 저거는 언제 어디든 입어두 예쁠거 같아요!! 한철씨 저에게 와주세여...,16개
27,popcornbox,10:37 너무 예뿌자나여❤️,8개
28,쵸쿵이,방금 올린 브랜드 가방 영상이 사라졌나요??보고 있는데 끊겼어요ㅠㅠ,5개
29,이지민,슈스스님 감동할때 미간 찌푸리는거 세상귀엽다,5개
30,정얀쥬,"제가 평소에 차정원씨 패션을 좋아하는데 차정원씨가 즐겨 입으실듯한 자켓이네요💗
 젠더리스 패션을 추구하시는 브랜드 답게 오버한 어깨라인, 일자로 떨어지는 허리라인이 젠더리스 뿜뿜하지만 과하지 않고 제가 정말 좋아하는 시크한 느낌이 나요! 
 기본 자켓 같지만 문초이 브랜드만의 시그니처와 주머니 디테일들이 옷을 심심해 보이지 않게 하면서 완성도가 높은 디자이너 브랜드라는 걸 보여주네요!",2개
31,EunAeKang,미쳤다 너무 제스타일이고 다 사고싶어여 ㅠㅠㅠ 진짜 쉐잎도 활용도도 트렌드도 신경쓰시는 디테일이 엄청나네요ㅠㅠㅠ 제 원픽은 당연 투웨이 자켓입니다 미쳤어 최고예요 ㅠㅠㅠㅠㅠㅠㅠㅠㅠㅠㅠㅠㅠㅠㅠㅠ,12개
32,Ally,언니~~~~ 저 호주사는데요. 이제 호주에 가을이 와서 드디어 언니 유튜브 보면서 배운 원피스 입고 코트입고 나가려고 사놨는데 !! 코로나땜에 나갈일이 없어요. ㅠㅠ 엉엉엉..... 너무 슬퍼요!!! 겨우 3개월 추운데 !! 가을이 왔는데 !!,23개
33,SonaLee,비지니스룩으로 디테일 있는 옷을 찾고있었는데 소재감이며 실루엣이 제취향이에요! 특히 투웨이 셔츠가 정말 예쁘네요 Moon Choi 건승하시길 바래요 :),41개
34,민정,"콩고물 재킷을 입고싶어요!!! 기본적인 셋업은 검정으로 있지만 항상 재킷(블레이져) 대한 갈망(?)은 있었어요😂 열심히 서칭해도 디테일이 아쉬운 제품들이 많았는데, 문초이 콩고물 재킷의 디테일이 너무 예쁘다고 느껴졌습니다.  이번 영상을 통해 '문초이'라는 브랜드를 접할 수 있어서 좋네요!! 제가 원하던 느낌과 브랜드에서 추구하는 이미지가 비슷하게 맞아 떨어지는 것 같아요~ 그래서 더더욱 제품 착용을 해보고싶은 마음이 듭니다ㅎㅎ. 만약, 재킷 당첨이 된다면 하의까지 함께 구매해서 셋업으로도 입고싶네요🙏🏻",2개
35,좋은열매,"이언니가 모델을 안 쓰는 이유가 있었네
본인만한 모델이 없는거야
수트빨 쥑이네
화이트트렌치코트는 아주그냥 여신강림",5개
36,오유재,"갖고싶은제품:한철이 수트
이유:제가 패션디자인을 꿈꾸고있는데 디자이너브랜드의 옷을 직접보고 느끼고싶습니다!!",14개
37,정영웅,남자옷브랜드 발굴해주세요,3개
38,율희,지금 취준생인데 깔끔한 자켓이 하나도 없어서 콩고물 자켓 입고 면접에 최종합격하고싶어요 ㅠㅠ 오늘도 슈스스님 영상 잘 보고 가요!!,1개
39,yeodal,"""한 철이 슈~~~~트!!""
>>이유<<
언늬!!! 저.....돌고 돌아 시국에 취업했다구욧!!ㅠㅠ
스물 아홉, 비교적 늦은 나이에 ""첫"" 직장을 갖게 되었답니다.ㅠㅜㅠ 
첫 출근 때 맵시나게 한철이 슈트 입고 싶어요~~~~
언늬의 사랑과 축하를 담아~ 한 철이 슈트 제 품으로 인도해주소서☆☆ 꺄르르륵",1개
40,miralee,"한철수트! 
흔하지 않은 디자인에 다양하게 연출 가능한 수트라니~! 평소 긴 기장의 수트만 입었는데, 이건 뭐... 도전하고 싶게 만드는 '작.품.'이네요!!
그동안 왜 몰랐을까요... 좋은 브랜드 소개해주셔서 감사해요~♡",1개
41,김지현,"<문초이 콩고물 자켓>
 제가 희망하는 아이는, 콩고물! 자켓입니다🤭

살짝! 제 이야기를 해보자면, 저는 조금 늦은 사회 초년생인 28살입니다! 요즘 내내 하던 고민과 곰곰이 생각해보던 답에 가까운 것 같아서, 이 영상을 보는데 되게 신기하기도, 반갑기도 했어요!😊🌸
 저는 옷을 좋아해요! 새로운 스타일에 쉽게 도전하거나 하지는 못하지만, 미니멀한 감성으로 입는 걸 좋아하고, 저만의  스타일을 갖고 싶어  하나씩 알아가는 중이에요😊😊
  사실 이전까지는 옷을 사는데 정말 최선을 다해 '가성비'를 따졌고, 비슷한 디자인이면 저렴한 브랜드, 저렴한 제품을 찾고, 구매하곤 했었습니다. 그러다 점점 나이가 들어가면서 느끼는게, '가성비'는 절대 답이 아니더라구요..😥 브랜드의 고유한 의도 혹은 가치나, 디자이너 브랜드의 세심한 디자인의 가치나 의미 등에 대해서 알게 되기 시작했고, 원단 등 '좋은 옷'에 대해서 알게 되었습니다. 저렴한 원단으로 만든, 그 시기 한창 유행하는 디자인의 옷을 사서 한 철 딱 입고- 결국 그 시기가 지나면 저렴한 원단의 옷은 태가 망가지기 마련이고, 고유의 정체성이 담기지 않은 디자인의 옷은 다음 해 손이 가지 않더라구요. 요즘 정말 많이 느끼고 있고, 하나씩 옷을 정리하며 '앞으로는 내가 어떤 옷을 사야하는 걸까?' 많이 고민하고 있어요😊 옷은 단지 피부를 보호하는 기능적인 역할만 하는 게 아니라, 내가 어떤 사람인지를 보여주는, 어떻게 비추어지는지 결정하는 '나'라는 사람을 담아내는 중요한 도구니까요! 
 
 요즘 한창 이런 생각들을 하고 있었어요ㅎㅎ 진짜 좋은, 가치 있는 옷을 이제 내 옷장에 데려오자, 이런 생각이요! 그러다 슈스스 TV에 소개된! 문초이(Moon Choi) 브랜드 홍보?!ㅋㅋ 소개 영상을 보게 되었습니다! 브랜드의 분위기와 정체성, 그리고 테일러링에 대한 자신감이 정말 매력적이에요! 특히나 시그니처 디자인이 있다는 것은, 그리고 다른 누군가에게 인정받고 사랑 받는다는 것이 정말 특별하다는 생각이 듭니다ㅎㅎ 디자인도 너무 안정적인 동시에 감성적인, 고유의 무드가 느껴져서 '가치있는 디자인, 그리고 브랜드'라는 생각이 딱 들었습니다!😃😃👍👍이런 브랜드를 알게 되다니! 기분이 좋네용😆😆❤ 제게 자켓이 감사하게도 와준다면, 그 가치를 충분히 느껴볼 수 있는 행복한 기회가 될 것 같아요😙😙🙏  제게 '좋은 옷'을 만나는 첫 기회를, 주시지 않으시겠어요?🤗🤗🌸🌼🌹🌺 앞서 말씀 드렸던  고민에 대한 나름의 답에 확신을 가질 수 있을 것 같아요, 부탁드립니다, 감사해요🥰",1개
42,권미정,"역시 ⭐️ 갓 슈 스 스 ⭐️ 문초이라니요 ... !!!!!!!!!! 정말 너무 좋아서 앞구르기 뒷구르기 옆구르기 다 했어여ㅠㅠㅠㅠㅠㅠㅠ 패션 공부하면서 디테일이 중요하다는 걸 많이 배웠어요. 그래서 디테일이 좋은 옷들을 많이 보러 다녔는데 한국 디테일 맛집이 여기 있었네요 ‼️바로 ~ 문초이 ~ 내 맘의 문을 연 그대들 ~ 이번 계기로 승승장구하시길 바랍니다! 저는 콩고물자켓이 너무 갖고 싶습니다. 얼시한 느낌을 너무 좋아해서 제 옷장은 모두 자연의 color,,,,, 흙빛,,,,,, 과 함께여요 ㅎㅎ 이번에 복학하는데 콩고물자켓입고 당당하게 걸어다니는 멋진 선배가 되고 싶네용💪🏻 문초이x슈스스 파이팅❤️",2개
43,hyerankim,디자인이 정말 군더더기가 없네요. 한철 슈트 하늘색 슈트 반바지요 꼭이여~~,2개
44,시니ImCini,한철이수트  !문초이브랜드가 갖고있는 창의적 감각이 잘 담겨있는 것 같아요! 언니덕분에 처음 알게 된 브랜드인데 보여주시는 옷마다 너무 제스타일이라 시간가는 줄 모르고 봤어🥺😖 한철이수트 너무 좋다아💕 당장 보러갈래용!!! 언니쵝오👍🏻,1개
45,김차차,버뮤다 팬츠로 수트를 꼭 입어보고싶어서 살빼는 중인데ㅠㅠㅠㅠ 정말 예쁘네요ㅠㅠㅠㅠㅠㅠㅠㅠㅠㅠ💜 진짜 로망이에요!! 그리고 개인적으로 마지막에서 두번째랑 마지막 스커트 착장 진짜 너무 예뻐요! 슈스스 언니와도 찰떡!!!,1개
46,MarkY,흰셔츠 같은 기본템 차이는 텍일뿐이라고 하는데 알고보면 기본템이 디자이너브랜드와 스파브랜드 차이가 가장 나는거 같아요. 소재나 디자인으로 인한 핏의 미묘한 차이로 그 사람 특유의 분위기가 달라지더라고요.,1개
47,박진주,"문초이 ~~~**
딱 입고싶은 스타일 **
찾던 스타일 **
세련미 어쩔**",1개
48,김예림,"💜한 철 수트💜
태어나서 한 번도 수트 못 입어본 사람 나야나 수트 디자인이 다 거기서 거기인 것 같아서 입고 싶다는 생각이 안 들었는데 이런 신박한 수트 디자인이라니!! 제가 한번 소화해 보겠습니다(비장)
자꾸 이런 브랜드 소개해주시면 정말 오예입니다 고마워욤❤",1개
49,백지영,"승진한지 얼마 되지않아서, 이렇다할 자켓이 없어 고민중이었는데 문초이의 콩고물 자켓이 너무 예쁘네요! 봄에 어울리는 컬러감도 그렇고, 슈스스님 말씀대로 테일러드 맛집이라 PT할때 없던 카리스마도 뿜뿜하게 해줄 것 같아요! 이번 기회로 문초이를 직접 경험하고 싶어요~ 늘 좋은 브랜드들을 알려주시는 슈스스채널! 콩고물 자켓! 이벤트 참여합니다◡̈",1개
50,Doublemo,문초이 브랜드를 슈스스언니 덕분에 처음 알게되었지만 미니멀하면서 젠더리스룩에 너무 걸맞는 멋진 디자인이 많은것 같아요! 정말 레이어드룩을 좋아하는 저에게 흥미로운 브랜드를 알아서 기쁩니다! ㅎㅎㅎ 코로나19때문에 계속 취직이 어려워 집콕 하면서 취업정보만 매일매일 초조하고 울면서 보고있습니다ㅠ 꼭 한철이 수트를 받아서 취업면접이 잡힐때마다 좋은 기운으로 입고 싶습니다! 좋은 옷이 좋은곳으로 데려다 준다는 기운을 믿습니다아🤍 좋은 국내 브랜드를 알려주시는데 힘쓰시는 슈스스언니 항상 감사하고 좋은 옷을 만들어주시는 문초이 브랜드 모든 디자이너님들께도 감사합니다! 모두 코로나19 조심하시고 같이 당차게 이겨냅시다!,32개
51,인사잘하는권소라,"디자이너 분 진짜 열일 하셨네염😮👍
GD가 이 브랜드를 알까? 라는 생각이 불연 듯 스쳐보네요🤠",1개
52,soob2,"콩: 콩알만 한 심장에 문초이 자켓이 불을 지폈다,,🔥(화르륵)
고: 고급스러운 실루엣에 등장부터 매료되었고,
물: 물씬 풍겨 오는 절제된 젠더리스 스타일👩🏻‍🤝‍👨🏼과 시그니처 포인트💡에 눈을 다른 곳에 돌릴 수 없었다.(어머X100할 만 함)
자: 자켓 하나만으로 스타일 업 가능한 🚪🕯🦷의 콩고물자켓!
켓: 켓(get/겟) 하고 싶어요 💛

W컨셉에서 봤었는데 애정하는 슈스스 채널에서 보게 되서 혼자 반가웠어요-! 저는 사회 초년생이구 키 173 여자입니다! 문초이의 젠더리스 스타일 도전해보고 싶어요오!",0개
53,김미선,ㅠㅠ원래 좋아하는 브랜드인데 슈스스님 감사합니다❤ 세상에 문초이브랜드 모르는 사람 없게해주세요🙏🏻,5개
54,조여원,💙,1개
55,고미엄마인공,이런 브랜드가 있었다니ㅠㅠㅠㅠ 남녀 같이 입을 수 있는 이런 브랜드 너무 좋아요!!!ㅠㅠ 지금 임산부 7개월인데 ㅠ 입을 수 있는 옷이 임부복 뿐이라ㅜ ㅠ 아가 태어나면 더 멋ㅈㅣ게 입어보고 싶어요ㅠㅠㅠㅠㅠ!!!!,1개
56,김경이,문초이 콩고물 재킷 너무 예쁘네요 ㅠㅠ 베이지 재킷 가지고 싶어 많이 찾아봤는데 원하는 디자인이 없더라구요 ! 근데 여기에 딱 ! 😂💓 영상에 나온 모든 제품들 다 예뻐요 ~ 😋,20개
57,난종티비,언니근데헤어진짜..넘따라하고싶네유♥️펌과고데기의조화겠쥬? ㅠ 반바지수트도전하고싶은데 키작아보일까봐고민고민..,2개
58,방소임,한철이 아니라 늙어 꼬부라질때 까지 입을 수 있는 명품인것 같아용~~ 언니가 아담녀 한테 어울린다 하여 용기내봅니당~~,1개
59,장미반,"콩고물 자켓 색상도 데일리하고, 주머니 디테일 시그니쳐가 너무예뻐서 한번빠지면 시리즈로 살 것같아요 ~~ 한번 경험 해 보규 싶어요❤️",1개
60,JiHyeonKim,"❤️문초이 콩고물 셔츠❤️
이번에 졸업반이라서 가을부터 면접나가는데 이런 정장 입고 가면 약간 돋보이고 센스있어 보일거 같아요~
그리고 취업합격하면 그때 입고간 정장은 저에게 평생 소중한 옷이 될거예요!
근데 제가 학생이라서 돈이 많이 없기 때문에 봄,가을에도 데일리 하게 입을 수 있을만한 정장을 사고 싶었는데 이번 기회에 당첨돼서 받으면
정말 여기저기 잘 입고 다닐것 같아요👍💕",1개
61,강윤미,콩고물 재킷! 시그니쳐 디테일 너무 예뻐요 제 맘을 빼앗겨 벌ㅋ임ㅋ 키가 작은 편인데 뽀인트 덕분에 키도 커보일 것 같네요! 슈스스 언니 덕분에 예쁜 브랜드도 알게 되고 너무 좋습니당^^,2개
62,달링,언니 뜯어오는거 아니냐고 ㅋㅋㅋㅋㅋㅋㅋㅋㅋㅋㅋㅋㅋㅋㅋㅋㅋㅋㅋㅋㅋㅋ ㅜㅜ 협찬 맞죠..?,2개
63,이은영,이 스타일리쉬함 뭥미까!!! 출근준비하다 문초이 홈피로 다다다🤪,1개
64,FKFKITILLI,공부 셔츠 천천이 나의 옷장으로 와줘 ㅠ 젠더리스한 브랜드라 남자인 저두 저 셔츠 너무 받구싶네요 ㅠㅠ 남자도 저런셔츠 입고 소화하는 모습 저 스스로 기대됩니다 나에게로와 공부셔츠~ㅠ🙏🏼,1개
65,수직낙하,한철 수트 진짜 예쁘네요ㅠㅜ 특히 색감이 완전 여름여름해서 수트인데도 시원하고 편해보입니다...반바지여서 더 활동성도 좋아보이구...!! 푸른계열 옷을 평소에도 좋아하는데 수트에 청량한 여름 파랑 넉김 낭낭한 옷이라니ㅠㅠ한철 수트 꼭 입어보고 싶네요💘,1개
66,핑크영애,온니온니온닝~~넘 실험적인 옷들이 많네요.재미있게 잘 봤습니다 💕,3개
67,강예또,"<공부셔츠>. 사이즈 6. 
38만2천오백원.. 입이 좀 벌려졌어요ㅋㅋ
옷에 대한 열정이 보통인 일반인(?)분들은 잘 안 살 듯 해요ㅋㅋ 저도 못 사지만 정말 사고 싶어요(무슨말이야) 
디자인이 유니크하고 세련되어서 자세히 볼수록 욕구가 강해지는 것 같아요. 
옷들을 이리저리 섞어보고 코디해보는데 블루셔츠는 활용성이 정말 좋죠
, 문초이 공부셔츠하나로 스타일뤼시하고 유닉하게 코디가능하니까  정말 가지고 싶어요. 
옷 좋아하게 되고 공부(?)하게 된지 2달정도 됐는데
 공부셔츠베이비를 저에게 맡긴다면 진짜 잘 입고 다닐 자신있어요.",2개
68,BEmil,"우와 멋이라는게 폭발하네요!!! 
‘한철수트’ 너무 예뻐요!! 디자이너 브랜드 느낌 물씬나면서 딱 떨어지는 핏이 너무 마음에들어요. 회사에서 미팅갈 때 저거 입고가면 시선강탈에 계약도 다 메이드될 것 같은 고런 느낌!! 멋지네요. 문초이 브랜드 응원합니다 😍😍",3개
69,공간시간,여자 남자가 같이 입을 수 있는 룩인 젠더리스 룩은 흔하게 보지 못했던거 같아요. 🌕문초이🌕라는 브랜드를 이번 슈스스 채널을 통해 모던한 스타일의 옷을 알게 되어 너무 기뻐요.🌝ㅎㅎ 디자인 하나하나에 담긴 유니크함이 저의 마음을 한 번더 사로 잡았어요.😍 현재 취준생으로🤓가끔 슈스스TV를 보며 대리만족하고 있어요. 🙃언젠가 나도 멋지게 입고 나의 인생의 길을 걸어가는 생각을 하곤 해요.😌 이번 영상을 통해 🌕문초이🌕 옷을 입고 사회생활의 첫 발걸음🏃‍♀️을 내딛는 상상😇을 하며 오늘도 저의 꿈을 향해 준비를 해요.👍 오늘부로 저의 리스트에 담긴 🌙문초이브랜드🌛! 이런 기회를 통해 알게 된것은 운명 🤗☄☄,32개
70,zzo,"♥_______"" 내게와, 한철 ""_______♥
갖고싶은 옷 : [2.한 철 슈트]
이유 : 저도 슈스스언니, 최문경디자이너처럼 패션업계에서 일하고 싶어 다시 취준중이에요.
'다시 취준'...사실 쉽지 않은 선택이었지만 제 선택을 믿고 꿈을 향해 차근차근 나아가고 있습니다.
옷을 만들 때 디자이너의 바램이 옷에 힘을 준다고 생각해요. 누구나 입을 수 있지만 평범하지 않은 멋짐☆
그 힘을 입고 면접 때 매력있는 첫인상 남기고 싶습니다. 이런 제게 행운이 와주길 : )
 "" 내게와, 문초이~♥ """,3개
71,귀신고래,코트에서 약간 한복 느낌도 나고 하늘하늘해서 세련되면서도 예쁜것 같다 오..,1개
72,다시또사랑,"옷이 진짜 너무 이뿌네요
언니가 워낙  뭐 쎈쓰가 뛰어나시니 고른옷들 모두 디자인 색상 다  장난아니네요 
갠적으로 콩고물 너무 좋아하는 색",1개
73,최유빈,"공부셔츠!!!!!
이름도 저에게 딱 필요한 셔츠인것같아요~~~~ 코로나로 인해 밀린 과제가 산더미인 대학생에게 공부셔츠를 입으면 왠지,, 공부가 잘될 것만 같은 니낌적인 늬낌~~ 😎
문초이! 브랜드 스타일 너무 깰끔하고 독특하면서도 무난해서 젛은것같아욤 응원합니다~!~!~!ʕ·ᴥ·ʔ",2개
74,안정연,젠더리스룩.시크하고 유니크한 디자인과 자연친화적 색감이 너무 멋스러워요.저도 다시 태어나면 최문경 디자이너님 같이 살아보고 싶어요.전 공부셔츠 특히 넘 맘에 들어요.^^,1개
75,MoonChoi,🖤🖤🖤,1개
76,이지나,"문초이를 만나고 
초라했던 내 인생 
이렇게 달라졌다 
콩콤한 냄새가 나는 
고시생 27살 지나는 
물욕도 없어진지 오래였지만 
자켓을 보는순간, 고급지고 멋스런 문초이 자켓을 입고, 
          열일하는 커리어우먼이 된 나의미래를 엿보았다
켓하고 싶당, 문초이 자켓 , 바로 내 인생",24개
77,HyewonChoi,헉... 모델착샷을 언니가 넘어섰다! 언니가 입어서 더 사고싶어졌어요! 소화력 어쩔...,1개
78,이경은,와 진짜... 오랜만에 너무 괜찮은 브랜드에여!! 너무 입어보고 싶어여 ㅠㅠ흐앙,1개
79,hojeonghan,문초이 w컨셉에서 첨보고 진짜 기절이였는데.가격도 좀 기절....암튼 언니가 픽한 브랜드를 알고있디는것만으로 뿌듯 ❣️ 디자인은 진짜 피터 도 못지않은거같아요 ! ✨문초이 대박나길요 ✨,1개
80,마농,세번째 착장에 말잇못...너무 예뻐.. 멋있어.. 게다가 상큼한 라이트블루 셔츠!! 공부셔츠 너무 예뻐!!갖고싶을만큼!!!,1개
81,애옹뽀짝,징쨔 너무예쁘다 슈스스님 하고싶응거 다해ㅠㅠㅠㅠㅠㅠㅠㅠㅠㅠㅠㅠㅠㅠㅠㅠㅍ,2개
82,상상구름,11:13 와 직접 착장 세팅하니까 또 느낌이 다르구나 ㅠㅠㅠㅠ와 갖고싶다...,1개
83,달리,"8:27 
너무 이쁘다ㅠㅠㅠㅠ
바로 검색하러 달려감...🥰❤️",0개
84,텐마,"오오 언니 이 영상도 너무 예쁘고 말투 너무 귀여우세요ㅠㅠ 항상 스타일링도 잘하시고 존경함다〰️❤️ 그리고 언니한테 궁금한게있는데 가능하면 답글주세요~~ 
1.왜 스타일 리스트를 했어요?
2.스타일 리스트가 되려면 어떤 공부를 해야해요?
이 두개가 항상 궁금했는데 가능하시면 답글 한번만 주세요ㅎㅎ🌈",2개
85,TV웅,"💗문초이의 한철이 수트를 꼭 입어보고 싶어요.💗
❤️저는 이색적이면서 활동하기엔 편한 옷들을 좋아하고 그런 스타일로 옷을 입을려고 하는 옷을 사랑하는 대학생입니다.
🧡슈스스 티비 유튜브 잘 챙겨보는데 문초이? 문초이가 뭐지하고 영상을 봤는데, 제가 추구하고 좋아하는 옷 스타일이 가득가득한 브랜드였어요.
💛저는 키가 170에 다리가 조금 긴편이라 길게 빠진 셋업을 좋아하는데 종아리와 발목이 좀 굵은 편이라 7부 5부는 어릴 때 이후로는 아직 도전해본 적이 없습니다 ㅜㅜ                   
💚근데 문초이의 한철이 수트는 독특하고 톡톡 튀는 작품 같은 디자인에 눈이 가서 다리로 시선이 덜 집중될 것 같아 꼭 !!! 도전해보고싶어요. 
💙 저는 베이지 화이트 브라운 같은 뉴트럴컬러를 정말정말 좋아하는데 슈스스님이 소개한 것처럼 얼씨해서 너무 좋았어요. 
💜 조금은 생소했던 좋은 브랜드 소개 뿐 아니라 이렇게 입어볼 수 있는 기회를 베이비들에게 줘서 너무너무 감사해요.",1개
86,SoonKwon,와 저 첫 카멜 코트 뒷태 어쩔꾸야? ㅠㅜ,2개
87,김에스더,"ㄱㄱㅑ 슈스스님 역시 발굴 프로젝트♡
진심 짱이에요~~
기깔나는 슈스님의 착장 핏과 함께
맛깔나는 설명과 그 웃음소리까지!!
저는 1번 콩고물 세트가 갖고 싶습니다
평소 수트핏을 좋아라 하는데
문초이 브랜드 스타일이 제 마음을 사로 잡았어요
ㅠ ㅡ ㅠ 색상도 진짜 영롱영롱 고급스러운것이 진심으로 원합니다♡
요새 코로나19  때문에도 일할때 대충 입었는데, 1번 콩고물세트 입고 일하면 일할맛 !! 외출할맛!!  나겠어요♡",2개
88,빡뻠,"가지고싶은 제품 : 공부셔츠
가지고싶은 이유 : 여자친구가 입으면 이쁠거같아서 입니다.",0개
89,여자사람,회사에서  유니폼만 오래 입다보니  사복은 어떻게 입어야할지 잘 모르겠어요 도와주세요ㅋㅋㅋ 혜연언니♥,2개
90,cecillia2,너무 예뻐요!!! 슈스스가 추천하면 신뢰도 상승!,3개
91,HaileyYeem,스타일링이 옷을 살린다 살려!!!!!,1개
92,YoungCha,"저는 공부셔츠 입고 비지니스 파티 가면 엘에이 에서 홍보 가능 할텐데.... 멀어서 배달 힘들겠죠?
인테리어 디자이너 라..... 뭔가 독특한 컷 을 좋아하고 잘 입어요. 머리 쓰는건 싫어하지만 본능 으로 승부를 해 보죠. 
몸길이 가 길고 미국 사이즈 6. 
근데, 자랑스럽네요. 젊은 한국 디자이너 가 이렇게 독특하고 멋진 디자인 브랜드를 이끈다니까요.",1개
93,뇽뇽,"한철이 수트! 너무 예쁘고 시원해보여서 봄 여름 가을 까지 내내 입고 다닐 수 있을 거 같아요 ㅠㅠ ❤️
문초이 라는 브랜드를 처음 알게 되었는데 옷이 심플하면서 세련된 것 같네요 !",0개
94,윤재훈,한국뿐아니라 뉴욕패션위크도 참여 하시는데 실력있는 한국디자이너의 활동의 항상 응원합니다!,1개
95,림,"🤎콩고물 재킷🤎 
샌드컬러 색감부터 너무 예뻐서 보자마자 반해버렸..어요!! 그냥 보통의 자켓이 아니라 구석구석 문초이만의 디테일들이 옷을 한층 더 스타일리쉬하게 만들어주는 것 같아서 너무 맘에 들어요 ◡̈  블랙자켓 밖에 없는 저한테 콩고물재킷을 만나게 된다면 너무 잘 입을 것 같아요!!! 꼭 입어보고 많은 분들께 전파하고싶어요♥️

이번에도 멋진 브랜드 발굴해주셔서 감사드려요 슈스스👍❣️",1개
96,지지,호와...넘모 예쁘다ㅜㅠㅜ,3개
97,fleury,"디자이너님 허리춤에 있는 디테일보고 현기증 났어여 .. 🤦🏻‍♀️ 얼른 주세여 입어보게,, 🙋🏻‍♀️ 
전 평소에 옷을 구입할 때 너무 무난한 디자인보단 조금 특이한 디테일들이 섞인  세미유니크한(😁?) 디자인을 찾아 선택하는 편이에요! 그리고 키와 체격이 있는 편이라 러블리보단 딱딱 떨어지는 시크한 자켓,,팬츠류를 좋아하는데 문초이브랜드의 의상들을 보고 완전 감탄연발했습니다 😭 디테일 미친 콩고물재킷 꼭 입고싶어요!! 못받게 되더라도 꼭 사입을게여.. (그래도 꼭 됐음 좋겠어요🙏🏻) 앞으로 문초이브랜드 머니로드만 걸으세효💵💕 화이팅!!",4개
98,김경희,"1번착!!!!!!!!!콩꼬물재킷ㅋ
대학생아들과.젊은엄마가.함께입을수있는
옷이라.기대만땅요",1개
99,JamesLee,전반적으로 색이 예쁘다!!,5개
100,신은경,"와,,, 진짜 대박이라는 말밖에 안나와요ㅠㅠ
패알못인 제가봐도 디테일 하나하나가 섬세하게 디자인 하셨구나 하는걸 보여주시는것 같아요ㅎ
저는 항상 쇼핑을 할때 주머니 사정땜에 싼것만 찾아 주문했었는데 배송와서 보면 진짜 재질도 별로고 가격값해서 매번 실패했었어요ㅠㅠ
자켓 하나 좋은것 있으면 두고두고 어디에 입어도 참 좋을텐데 좋은것들은 항상 가격이 있더라구요ㅠ 나이는 이십대 중반이지만 아가 둘이 있는지라 또래 친구들처럼 꾸미고도 싶은데 비싼 옷을 척척 사기에는 아무래도 무리가 있더라구요ㅠㅠ
자켓이라도 정말 좋은것 입어보고 싶어요ㅠ
참여하시는분들이 많아서 당첨이 되기는 힘들겠지만 그래도 너무 예쁘고 퀄리티도 정말 좋아보이는 콩코물자켓 !! 꼭 입어보고싶어서 참여해봅니다ㅎㅎ
이제 처음 알게된 브랜드지만 정말 디자인 하나하나에서 정성이 보여요!
입는사람까지 행복해질 갓 같아요ㅎ
문초이 대박나세요 !!♡",5개
101,KevSeoul,"6:48 슈스스 누나의 ""네네네"" 되게 프로페셔널한 이 말투 왜 좋죠?ㅋㅋㅋㅋㅋㅋㅋㅋ",0개
102,초이쥴리,"문초이 브랜드 진짜,이뿌네여....홀라당 반해뜸..... 오늘부터 문초이 빠순이 될듯합니다... 진심려...
공부셔츠 !!! 공부셔츠!!!!!!!!!! 너무 가지고싶어여 언니!!!! 돌아보리겟다리 !!! ps. 작명센스에 한번 웃고 갑니당 ㅎㅎㅎㅎ",0개
103,리환,공부셔츠 너무이쁘고 한번입어보고싶어요ㅠㅠ디자인딱보자마자 너무 개성이 있어서 매력적이예요ㅠㅠ😭😍,1개
104,꼴레리KIMtv,"누님은 그냥 보기만 해도 즐거워요!! 🤣🤣🤣.. 밝은기운, 의류쪽도 어려운데 ㅠㅠ 웃게 만드는 슈스스TV 감사요!",1개
105,쏘다니는망아지,고정댓긍이 없네요 ㅠㅠ 저는 콩고물자켓🙂!!! 대학졸업하고 사회 초년생이 된 베이비에용 ㅎㅎㅎ 아직 정장도 면접때 급히샀던 정장 뿐인데.. 자켓에 너무 눈이가네요 ㅎㅎ 출근할때 입고가면 아쥬그냥 빛이 날것같아요-! 저 주세욤 ㅠㅠㅠ❤,1개
106,귀신고래,한혜연님께서 입으신 패션 멋있어 ㅠㅜ,1개
107,채영,"“콩고물 자켓””한철수트””공부셔츠”상관없어요 ㅠㅠ
핏이 너무 이뻐서 갖고싶어요❤️
문초이님 자켓 너무너무 이쁘네요🤭❤️
포인트까지 장난이녀요 ㅠㅠ
이렇게 좋은 이벤트 열어주셔서 감사해요❤️❤️👍🏻
슈스스 혜연님 ㅜㅜ 옷입는데 ㅠㅠ 핏 장난아니네요 ㅠㅠ 베이비 된지 오래됬어요🤣🤣3탄에도 올께용!!",0개
108,현예원,콩고물 자켓 너무 갖고 싶어요 ㅠㅠ 사회 초년생이라 슬슬 자켓이 필요했는데 가격대 결정하기도 부담스럽고 고민이 많았어요 이번에 이벤트로 받아서 첫 자켓으로 입어보고 싶어용!!,1개
109,윤찡,어모나~~ 공부셔츠 한복같아 너무 이뻐유~~♡,1개
110,쓩현,슈트류는 남여 다 입어도 괜찮을 거 같다는 생각이 들었다...,1개
111,grapefruitade,기발하다고 생각되는 디자인들이 많네요...!,1개
112,꼼모아Commemoi,완전 제대로 테일러드맛집이네요 ㅎㅎㅎㅎ 요즘 테일러드 니 쇼츠 관심가는데 이 브랜드도 눈여겨봐야겠어용 💕,2개
113,윤서,공부셔츠 뭐냐구ㅠㅠㅠㅠㅠㅠ이렇게 활용도가 높은데ㅠㅠㅠㅠ뭘 어떻게 입어도 이쁘겠다 옷 하나로 활용도가 이렇게 높은데 제데로 된 셔츠 하나..여러 셔츠 안부럽다고..,0개
114,HeL,"문초이 콩고물 자켓!!
정말 취저당한 옷이에요!!
어쩜 저리도 입고싶게 만드셨을까요?ㅠㅠ",1개
115,HSH,11:27 매우 모던한 저승사자??..,1개
116,KangRaHee,오늘도 좋은 디자이너분 알게되었네요 ㅋ디게 이쁘시고 영하시네요~~~저보다도 동생 ㅋ 뭔가 특색있는데 편해보여서 다 입어보고싶어요 ㅋ 하나 고르기가 힘드네요 .. 저는 한철슈트가 입고싶어요 그나마 그중에 제일 어울릴듯 푸하하하하 ㅋㅋ 근데 언니는 정말 뭐든 잘어울려요.. 부러워요 ㅠ 저 살빼라고 독한소리좀 해주세요 흑흑흑 ㅠㅠ,3개
117,yulluy,와ㅜㅜㅜ 문초이 브랜드 입으면 완전 세련되고 멋있는 커리어 우먼이 될거같은 분.위.기... 수트 좋아하는데 너어어무 포인트들이 이뻐요ㅠㅠ,0개
118,햄토리짜장면,평소에 셔츠&가디건을 좋아했는데 오늘 보여주신 공부셔츠는 정말 유니크하고 이쁜거같아용♥️ 평소랑 다른 느낌의 셔츠 입어보고시퍼용😊,1개
119,김아연,"한철이 수트를 보면서 정말 딱 제 것이라는 느낌이 왔습니다.
현실에서는 가난한 취준생이기에 이렇게 예쁜 옷을 봐도 눈물을 삼키며 눈에만 고히 담아놔야 했지만 오늘 슈스스님의 영상을 보고 용기내어 한철이 옷을 욕심내 보게 되었습니다.
취준생이라고 꼬질꼬질한 유행지난 옷 입어야 하는거 아니잖아요! 예쁜 옷 있어도 꾹 참고 다음을 기약해야하는거 아니잖아요! 취준생도 예쁘게 꾸밀 수 있다는 것 보여주고 싶습니다!!",1개
120,Markisa,"어머 한 철 수트 너무 유니크하고 소장가치가 음청나네요,,, 집에서라도 패션쇼 하고 싶아지네융",1개
121,미주,00:04오프닝인사 너무중독돼요 hellobaby들❣️언니는 마스크를써도 마스크가외모를가리지않네요 마스크따위는우리혜연언니예쁜외모를가릴수없어😝라운드숄더아우터가너무너무잘어울리네요😄,1개
122,백경애,"문초이 디자이너님이 뉴욕물을 드셔서 그런가~ ,,고오급지면서도 부담스럽지 않은 디자인이 너무 멋스럽습니다. 자켓과 셔츠가 참으로 맘에듭니다. 앞으로 국내에서도 많은 활동 기대해 보겠읍니다., 건승하십시오,.",1개
123,김소영,"공부셔츠 궁굼합니다^^ 이리저리 공부해서 저의 몸에 맞게 잘입어보고 싶어용~ 문초이디자이너님 옷들 다 뮈쳣다뤼~~♡♡
콩고물자켓의 시그니쳐디자인 넘나 사랑스럽고 딱보자마자 머리에박힘♡ 
옷들이다 취져였어용~ 슈스스님의 홍보 대성공!!!!!",1개
124,passionfruit,슈스스님 넥스트인패션 우승자 민주킴 디자이너랑 콜라보 해주시면 너무 좋을것같아요😍,1개
125,jessicaJi,"“콩고물 재킷”
트렌치코트가 꼭 있어야 한다고 슈스스의 의견에 적극 동의합니다 그런데 전 없어요 ㅜㅜㅜ 문초이 옷들도 전부 제 스타일이고 멋져서 꼭 인터넷에 쇼핑몰 찾아봐야겠네요 더욱 크고 영향력 넘치는 브랜드로 성장하시길 바라겠습니다...! 슈스스 티비도 항상 응원해요 좋은 이벤트와 마음을 담아 주시는 선물들 감사합니다 💕",0개
126,천천히,"원하는 상품: 콩꼬물 자켓
언니 감사하고 넘 사랑하고 잘 보고 있어요ㅠㅠ 좋은 브랜드 추천해주셔서 감사합니다. 열심히 챙겨보고있어요! 안뽑힐 게 뻔하지만..그래도..조심스럽게 댓글 남겨봅니당. 언니 건강조심하셔요~",0개
127,김씨크릿,"2:50 저희 할머니도 옛날에,,,  삐ㅡ",0개
128,YooP,"중국 북경에서 여성 의류매장 운영중인데요! 
저는 동대문 옷을 주로 하지만 
문초이 콩고물 자켓은 사랑입니다..❤️ 
평소 너무 좋아하는 컬러에 
한혜연님이 입으신 핏만 봐도 너무너무 예쁩니다 !
혹시나 기회가 된다면 꼭 입어보고싶습니다
 
사업 번창하세요 문초이 화이팅",1개
129,SeungyeonYoon,"""문초이 콩고물 자켓""
처음에 저 커텐이 걷히자마자 딱 눈에 띈 제품이였어요! 베이지 아우터는 트렌치코트밖에 없어서 베이지 자켓을 눈여겨보고있었는데 디자인도 너무 예뻐요ㅠㅠ 독특하지만 그렇게 튀지않고 군데군데 디테일이 너무 잘 어우러진 자켓같아요! 색깔도 딱 맘에들구요! 하나쯤 있으면 여기저기 활용도가 높을듯합니당:))",27개
130,김정한,이런 프로그램 너무 좋다...ㅠㅜㅠ슈스스언니 진짜 좋은신 분 같아요ㅠㅠㅜ,2개
131,도르미,"꺄악 한철슈트!!!입어 보고 싶어요~~~제 자식들에게 엄마의 멋짐을 한번 보여주고 싶어요^,^!!!!!색도 저에게 찰떡일 것 같아용!!!!줌마도 멋짐이라는 걸 보여주고 싶네용ㅎ.ㅎ",1개
132,JuliaPark,"으앙 슈스스님~ 문초이 멋진 디자이너 소개 감사합니다!!!
파슨스 나오신 문초이님처럼 저도 코로나 지나면 뉴욕가서 공부셔츠입고 공부하러 가고 싶습니다!!
뉴욕가서 코리안 프라이드를 갖고 길을 여유롭게 다닐 수 있는 그날까지...<3",1개
133,runahan,현철수트ㅎㅎ아 진짜 사랑합니다!!!!,1개
134,VikiViKki,어머어머어머~ 그레이 컬러 수트 넘 예쁘고 마지막 볼레로 스타일같은 블레이져에 스커트를 고로케 매칭해주시니까 넘넘 예뻐여!!! 예쁜코디 보여주셔서 넘 감사해여~~~👍👍👏👏👏🤩,1개
135,박다영,이벤트 말고 그냥 덧글달고싶었어요 디자인 너무 취저예요 이런 브랜드 이제라도 알아서 너무 좋아요ㅋㅋㅋㅋㅋㅋㅋㅋㅋ🤍,1개
136,김갬갬,가격이 노베이비...,1개
137,최오리,"콩고물 재킷 너무 이쁜 것 같아요 ㅠㅠㅠ
곧 면접인데 재킷입고 예쁘게 가서 합격하고 싶어요!!!",1개
138,권민기,"와우~넘 이쁘네요
키작은 저에게 하늘색 반바지 슈트넘입어보구싶어요~~
저에게딱일것같은ㅋㅋ
언니의 옷 소화력은 어찌따라갈수 있을까요~보는내내 감탄만ㅋㅋ
다음시간이 기다려지네요~
오늘도 고생하셨습니다~감사합니다^^",1개
139,사라앙,꺄악 다 예뻐!! 슈스스님이 입어서 더 예뻐❤️❤️❤️,1개
