﻿닉네임,댓글,좋아요수,날짜
한별Hanbyul,"오랜만이에요🌹
다들 너무너무 보고 싶었어요!!!!
영상 끝에랑 더보기란에 짧게 남긴 편지도 꼭 읽어주세요! 
언제나 진심으로 감사드립니다❤️
이제 우리 자주자주 만나요!!❤️❤️",417개,2020. 4. 17.
JJ,흑별이 된 겟레디위드미🖤 한별님 유투브 자주올려야한다는 압박감 같은거 받지마세요ㅠ 의무도 아닌데... 영상 올리면 기다렸다가 재밌게보고 안올리시면 그냥 아직 안올리시는구나 보고싶다 한별님 바쁘신가보다 정도로만 생각하는 저같은 별별들도 많을거라고 생각해요! 비난하는 의견들은 스트레스 받으면 속상하니까 너무 스트레스받지 않으셨으면 좋겠어요😢 오랫만에 제가 젤 좋아하는 겟레디로 돌아와서 좋아요 이영상도 계속 돌려봐야징,360개,2020. 4. 17.
Followlifes,어쩌면 변한건 한별님을 보는 사람들의 시선이었을텐데 한별님은 자신이 변하거나 내가 부족하기에 감수해야하는 것들인거구나 그럴수있다 생각하면서 나보다 타인은 더 신경쓰고 점점 앓고있었을것같아요 어쩌면 한별님이 힘든 마음을 가졌다는걸 다들 알고있었을텐데 건강하게 언니가 다시 올거라 기대하면서 기다리고있었어요 든든한 친구같은 구독자님들이라면 언제나 그자리에서 언니가 오길 기다리고있었을테니 소중한 언니 더 가꾸고 탄탄해져서 언니를 돌아보고 건강하게 와주면 좋겠어요‼️🙏🏻❤️ 소중한 언니는 스스로 너무나 귀중한 존재니깐‼️❤️💃🏻,210개,2020. 4. 17.
이채린,백개의 선플보다 한개의 악플이 더 기억에 남고 그러겠지만....한별님 영상 꾸준히 잘 보고 있는 한 사람으로서  한별님이 즐겁고 건강한 유튜브 생활을 하셨으면 좋겠고 응원하고싶어요!,206개,2020. 4. 17.
knoffatata,Damn aesthetic 💖💗,11개,2020. 4. 17.
뚠뚠,"언니 심적으로 편안하신거죠??😭😭
두번째 별 보고 걱정도 하고
보고싶었던 마음에 반갑기도 하고
오늘도 언니 얼굴보니까 너무 좋아요🥰🥰🥰",151개,2020. 4. 17.
김수,악플 이런거 때문이라면 댓글 안보고 소통 이런거 안하셔도 돼요!! (제 생각이지만..허허) 영상 보는것만으로도 좋은걸요ㅜㅜ 상콤 톡톡 한별님 돌아와주셔서 감사해여💕💕,10개,2020. 4. 17.
5642,의자테스트 신기해요. 스스로가 기특하다가 그렇게 단순한 문제가 아니니까 화도 나다가... 뭔가 공감돼요.,96개,2020. 4. 17.
다니,한별님은 늘 성수기..🌱,9개,2020. 4. 17.
ohgood,멘탈이좀 약한거같은데 충분히 쉬었으면 좋겠네요. 건강하게 유튜브하셨으면 좋겠습니다.ㅠㅠ요즘 직장인도 워라밸따지는 시댄데 프리랜서라고 못할까요 .유튜브도 참 어려운 직업이네요. 좋은영상 항상 감사합니다.,160개,2020. 4. 17.
MarianaMari,I love you ❤️❤️❤️🍑🍑,2개,2020. 4. 17.
믹스견과류,와 근데 테스트하는거 진짜 신기하네요...,28개,2020. 4. 17.
해삐데이O,한별님 본업이 따로있나요?,7개,2020. 4. 17.
김야옹이,그냥 한별님이라 좋은거예요^^친한 친구는 어떠한 모습도 그냥 지켜봐줄수있는것같아요! 제겐 그런 친한친구의 느낌이든답니다💕💕💕,5개,2020. 4. 17.
김단비,어디서 들은 애기인데....자기가 좋아해서 어떤 일을 시작해서 그 일을 직업으로 삼으면 더 이상 그 일을 즐길수가 없다고....,28개,2020. 4. 17.
이윤주,"11:17 무슨 말을 해주고싶어? 왜 이질문 보니까 눈물 나지,,,,,",24개,2020. 4. 17.
팡팡서유니,아니 유튜브는 어디까지나 본인 자유인데 사람들 책임 여부 운운하는거 진짜 웃김 그냥 올리면 보고 안올리면 안올리는구나 하면 되는데 꼭 댓글에다가 구구절절.. 애정으로 갑질하고 이거 사랑인데 왜 몰라줘 징징대며 강요하는거 역겨움 ㅋㅋ 한별님 올리고싶을 때 올리고 싶은 거 올려주세요 비상식적 인간들 투성이에서 저처럼 동등한 위치에 있는 구독자도 있습니당 화이팅,44개,2020. 4. 17.
혜녕,"😭😭😭언니 보고싶었다구요😭😭😭



이사한 집 정말 스페인 같아요 스페인집인줄 알았어요!!
뭐랄까 언니는 저에게 있어서 자기관리의 왕이였는데 언니가 뭐랄까 자신을 잘 돌보고 있는만큼 채널에 애장이 있는줄 알았는데 점점 언니가 망가지고 있다고 하는걸 보니까 왜 이렇게 제가 다 속상한 그런 느낌이에요 잠도 잘 못 잤다고 하니까 언니가 좀 더 쉬었으면 하는 느낌이 들어요 언니가 기분 나빠 할 수 도 있으니까 말 하는게 조심스러운데 사실 언니가 너무 힘들어보인다고 해야 하나 그런 느낌이랄까요 언니가 말했듯이 언니는 정말 언니가 힘들때 쉬었던 사람이니까 그래서 언니는 저에게 정말 소중한 존재였어요 물론 지금도 정말 소중한 존재인데 언니한테 언니가 언젠가 부터 소중한 사람인가 라는 생각을 하게 되는 느낌이에요 오늘 영상에서 많이 느꼈어요 그런 생각을 하는게 저는 그래도 다행이에요 언니를 아껴주는 느낌이랄까요 
간섭은 정말 싫죠. 지금 말도 간섭이라고 느낄 수도 있어요 괜찮아요. 불편해도 이해해요 언니가 언니 삶을 살았으면 좋겠어요 저는 언니가 한달에 한 번 영상을 가져와도 좋아요 소중한 보물같은 느낌일 것 같아요 언니의 영상이 많았으면 좋겠지만 지금도 충분해요 언니 정말 좋아해요❤️ 말이 너무 두서없어요 언니 입장 너무 이해되요 언니는 지금도 충분히 잘 하고 있으니까요 잘 돌아왔어요 돌아와줘서 기뻐요 우리는 항상 이곳에 있어요 항상 뒤에서 지켜줄게요 잊어도 괜찮아요 생각날때 돌아보아도 웃어주는 사람이 되고 싶어요 그런 사람이 되었으면 좋겠어요 사랑해요🥰❤️❤️

+서브 채널에도 좋은 말 많겠지만 본 채널에도 이런 말 해주는 사람이 있으면 좋잖아요",85개,2020. 4. 17.
안소연,한별님 채널 본 지 거의 3년이 되어가는데 3년내내 제 최애유튜버는 한별님이에요 스트레스 안받으셨으면 좋겠어요 앞으로는 더 별별이들이랑 행복해져요❤️💖,40개,2020. 4. 17.
밤비,악플러들은 다시 한번 자기한테 하는 말이라고 생각해보고 댓글 다세요 아니면 조용히 맘 속으로만 생각하세요..🤫 언니 오늘 코디 완전 제 스타일이네요 화장도 너!무!좋!아! 가죽자켓 잃어버려서 슬펐는데 저거 산다!!트렌치 코트인데 저런 재질이라니!❤️,50개,2020. 4. 17.
앵쥬AENGJUU,한별님은 겟레디 할 때 더 친근한거같아요  옆집 언니랑 대화하면서 화장하는 모습 보는 그런 느낌(?) 💗,38개,2020. 4. 17.
이고은,미쳤나봐 이언니 왜이렇게 기여워ㅠ 보다가 급 댓글ㅠㅠ 사람 귀여워 보이면 끝난 거라던데 너무 귀엽다 언니 사랑해❤ 인스타에 안 올라간다고 올리신 거 보고 기다렸는데 역시나 기다린 보람이 있구나😉 언니 영상 올려줘서 고맙고 보고싶었서요🥰 겟레디별 넘나 애정하는 것💛💛,34개,2020. 4. 17.
YejiMun,헉 영상 보면서 댓글 또 다는데 동생분이 의지가 되어서 좋은 것 같아요🙂,25개,2020. 4. 17.
MILLL,마포멋쟁이 보고 왔는데 이 언니 어딘지 모르게 코쿤 닮았어.....,10개,2020. 4. 17.
에스실,"의자테스트 눈물나네요...🥺
친구관계도 선이 있는데 
유튜버야 자유로운건데
인기가 많아도 고충이 있네요
많은 구독자들을 갖고있는 유튜버들도 
한별님 같은 입장인지..
많이 힘들어하시는거 같아 응원합니다~",8개,2020. 4. 17.
김성경,다른 사람들이 뭐라고 하든지 언니 가치관대로 사셨으면 좋겠어요 그속에서 언니를 지키셨으면 좋겠어요☺️,16개,2020. 4. 17.
요한나,"심각한 얘기 하다가 화장하고, 화장품 설명도 하고..ㅎㅎㅎ
자신감 있고, 똘똘하고 예쁜 한별양..
다른 사람들 판단같은거 신경쓰지 말아요..인생 길지 않고, 나와 내가족, 주변인들 사랑하며 살기도 바쁜 시간들이랍니다..
쉬고 싶을때 맘껏 쉬고 그러다 또 한번씩 사는 모습 비춰주고, 어딘가 떠나고 싶을때 떠나고..그렇게 자유롭게 살아요..
50넘은 나이에 한별양같은 유튜버 알게 돼서 넘 좋아요..나도 젊은 날 저렇게 예쁘고 당당했을까 싶은..ㅎㅎ
응원할께요",4개,2020. 4. 17.
김지인,우리 언니 괴롭히면 다 죽어 ....... 주먹 꽉 .....,3개,2020. 4. 17.
Maria,"I'm so happy that you talk so naturally about mental health🥰 A lot of people see it as a taboo but I think... well we go for a check up to the doctor one in a while to see how we are. So why is it different with mental health? Our mental state deserves a check up too. So happy to see that you went and even talked openly about this🥺 you are amazing and you look great, you don't have dark circles anymore. Hope that happiness always go your way, much love 💕🌸",6개,2020. 4. 17.
Angeless,"Thanks a lot for your video, I was looking for your news<3",1개,2020. 4. 17.
JellyHan,"21:51 진짜 공감
아니 지들이 뭔데 이래라저래라야 ... 항상 이런거 보면 어이가없어 지들이 무슨 유투브 수신료를 내는거야 뭐야 클릭만 하면서 이래라저래라 오지랖좀 그만부려 ㅜㅜㅜ 당신들 일이나 잘하쇼.. 화풀이를 괜히 유투버한테 하지좀말고!!",2개,2020. 4. 17.
김또또,한별 사랑해❤️ 한별님 하고 싶은 거 다 하세요!!!!,3개,2020. 4. 17.
해누네자취생일상Vlog,"요 근래 언니 걱정되서 인스타도 자주 들어가봤는데 괜찮은거죠?!🥺
그래도 이렇게 와줘서 고마워요❤️",22개,2020. 4. 17.
MinYi,별이언니~ 제가 한국말은 잘하는게 아니지만 항상 언니의 영상 영어CC 없어도 업로드 하다가 바로 봐요! 근데 언니 하는말 대부분 이해했어요~ 진짜로 언니 지금 괜찮아졌엇어 다행이요! 언니 항상 행복하세요♡♡♡,1개,2020. 4. 17.
재은,나. 이 언니가 너무 좋다. 💜,10개,2020. 4. 17.
cherrychan,"it's like your brother is a therapist himself, what a cool brother you have. <3",0개,2020. 4. 17.
잊누너미래와이프,뭐야 언니.......오랜만이야♡♡♡♡♡,14개,2020. 4. 17.
FangirlLady,This 'look' suits you. You look so pretty Hanbyul! Love youuuuu ❤️,0개,2020. 4. 17.
Somsonn,💕💕💕🇦🇷,1개,2020. 4. 17.
도비는자유에요,언니 GRWM보면 친한 언니랑 여행가서 같이 이야기하면서 준비하는 기분이에요!!! 영상 감사합니다!!,12개,2020. 4. 17.
hoglglgl,"진짜 오랜만에 얼굴 보고 이야기를 들을수있어서 좋았습니다. 한별님이 하시는 이야기가 저한테 있어서 힐링이 되는 시간이 되어서 감사함을 느낍니다. 
오늘 하루도 편안하게 마무리하셨으면 좋겠고  따뜻한 밤이 되었으면 좋겠습니다. 한별님은 소중한 사람입니다. 다음에도 좋은 얼굴로 만나요",13개,2020. 4. 17.
민현,소중한 구독자라고 말해줘서 너무 고맙고 한별님도 너무 소중해요ㅜ 재미를 가지고 하는 일에 스트레스를 받게 되면 참 힘든 거 같아요... 제 말이 조금이나마 웃을 수 있게 해드리고 싶은데 뭐라고 써야할지 모르겠네욥 앞으로 한별님이 받는 스트레스 제가 부수고 싶어요,1개,2020. 4. 17.
Lua,한별님 덕분에 얼라이브랩이랑 코스알엑스에 빠지게되었다는걸 아시려나 hoxy~? 왜냐면 반해 반해 뻐렸어요~ 항상 영상에 취향저격 당하는데 내 취향 아시는건가 hoxy~?,29개,2020. 4. 17.
동그라미,첫 등장이 '앞머리만 감고온 한별'이라니...ㅋㅋㅋㅋㅋㅋㅋㅋㅋ친근포스잼ㅋㅋㅋ 물론 저녁에 머리를 감으셔서 까치가 집지은 앞머리만 다시 적신거지만 ㅎ,0개,2020. 4. 17.
꿀이,많이 기다렸어요😭😭,11개,2020. 4. 17.
이레,헐 한별님 오늘 ㄹㅈㄷ 진짜 너무 예쁘다 ㅠㅠㅠ 너무 기다렸어요 오늘도 잘 볼게요❤️❤️,9개,2020. 4. 17.
이주아,"언니 절대 의무감 갖진 마세요,,, 저희도 언니 보고싶어서 기다리긴 했지만 그 시간들도 언닐 사랑해요🧡
언니 스스로 잘 추스르고 돌아오시면 돼요!",8개,2020. 4. 17.
한결TV,저희 이쁜아들과 이름이 같은 한별님 그래서인지 오늘의 이야기가 마음이 아프네요.. 한별님! 힘내세요^^ 이름만큼 빛나는 예쁜 분이에요~~^^ 화이팅!😊,0개,2020. 4. 17.
그냥거북이,아잇 ㅡㅡ 요즘 흑발이 너무 예쁘네 ㅠㅠㅠ 보라에서 바꿔야 하나 ㅠㅠㅠ,1개,2020. 4. 17.
배꼽인사하자,"한별님 의자테스트얘기하실때 저도모르게 중간중간멈추고 해보게 되네요ㅋㅋㅋㅋㅋ
영상 항상 재밌게 보고있습니다❤
한별님영상이 제일 좋아요!",1개,2020. 4. 17.
쀼쀼쀼,"뭔가 ,, 맴이 너무 아프네요 ,,, 진짜 한별넴이 행복했으면 ,,, 💜💜,,,,",9개,2020. 4. 17.
이명화,갑자기 영상이 안올라와서 내 핸드폰이 잘못된건가 하다가.. 이렇게 쉼도 필요한거 아닌가!? 라는 생각하면서 기다리고 있었어요.💕 너무 보고싶었어요❣,0개,2020. 4. 17.
어디로갈지모르가나,언닝..😭😭❤,0개,2020. 4. 17.
MichelleGF,Somebody please sub her videos! I love her but my korean is too basic 🥺,0개,2020. 4. 17.
김공주,코드쿤스트 닮으셧다,2개,2020. 4. 17.
다재다능한하루,"별별라디오 몰랐는데 ㅠㅠ 구독하러 가야겠어요 ㅠㅠ
한별님만의 포근한 감성을 너무 좋아하는 구독자로서, 항상응원할게요🥰🙊💞",6개,2020. 4. 17.
placecocochanel제니,Hola Hanbyul! Qué es el producto que te echas en el cabello?? Min 01:13 🙂 te quiero,0개,2020. 4. 17.
야옹,언니 오랜만이에요ㅠㅠ 영상 기다렸어요ㅠㅠ💖💖,4개,2020. 4. 17.
Erica,"한별 언니ㅠㅠㅠㅠㅠㅠ 보고싶었어요ㅠㅠ 영상 더 자주 올려주세요, 겟레디도 좋습니다요 💜",1개,2020. 4. 17.
박채림,그렇게 내 30분이 지나갔다,2개,2020. 4. 17.
예림,언니 보니까 진짜 맘이 다 편해지네요ㅠㅠ 진짜 많이 보고싶었어용💖💖💖💖,0개,2020. 4. 17.
natalieHilly,❤🧡💛💚💙💜🖤,1개,2020. 4. 17.
으아닛,"악 언니 너무너무 기다렸어요ㅠㅠ
지금 너무 행복해요ㅠㅠㅠ 언니 겟
레디윗미가 세상에서 짱이야♥",1개,2020. 4. 17.
NELLE,기다렸어요 ㅠㅠㅠ 한별님 언제나 사랑해요 ❤❤,0개,2020. 4. 17.
쩜쩜,아 오랜만에 겟레디윗ㅁ ㅣㅜㅜㅜㅜ 진짜 옛날거 맨날 돌려보고 있었는데 후 너무 반가워요,0개,2020. 4. 17.
정이,오랜만에 봬용 ㅎㅎㅎ 넘 반갑네요❣ 그동안 한별님을 돌보는 시간을 갖으셨다니 다행입니다 혹시나 어디 아프신가했어용..ㅎ 프리랜서에게 출근하라는 말 ㅋㅋㅋㅋ 완전 공감입니다 저는 오늘처럼 한별님 영상이 뜬금없이??? 올라오는게 더 즐거워용 ㅋㅋㅋㅋ 뭔가 깜짝선물같고 오랜만에 만난 친구랑 밀린얘기 하는것같구요❣ 예전 영상들보다 훨씬 보기 좋아보여요 생기가 있달까요!?  앞으로도 한별님의 자신의 행복을 위해 지내주세용 ㅎㅎㅎ 한번도 뵌적은 없지만 다양한 의견 용기있게 늘 말씀해주시던것도 너무 멋있고 그래요 한별님의 당당함과 솔직함이 가장 부러운 1인입니다😳 그럼 오늘도 행복하세요❣늘 응원합니다,12개,2020. 4. 17.
정지우,ㅠㅠㅠ 보고싶었어요 언니😭,0개,2020. 4. 17.
규은,언니 사랑훼ㅠㅠㅠㅠ 오랜만에 봐서 그런가 더 이뻐졌어요ㅠㅠㅠ,0개,2020. 4. 17.
bellek,I missed you hanbyul~~,0개,2020. 4. 17.
Jojayoung,힘내세요!!! 건강 잘 챙기시고.. 너무 안조아보여요ㅜㅜㅜ마니먹구 맛있는거 먹구 재밋는것 좀 보구 하세요!!!!,0개,2020. 4. 17.
차초초,가죽트렌치 너무 예쁘다♥ 한별님처럼,0개,2020. 4. 17.
서지은,너무 오랜만ㅇ에요 한별님 ㅠㅠ,0개,2020. 4. 17.
Hamzzi,진짜 보고싶었어요..ㅠㅠ!!,0개,2020. 4. 17.
유영주,꺄 언니 보고싶엇어요ㅜㅜ❤❤ 겟레디 기다렷어요 이제 자주자주 봐요❤❤,0개,2020. 4. 17.
여왕꿀벌,언니 살도 빠지고 피부도 좋아진 거 같애요ㅠㅠㅠ♥️♥️♥️♥️,1개,2020. 4. 17.
나예원,언니 기다렸어요..ㅠㅠㅠ,0개,2020. 4. 17.
무지개떡,와줘서 고마워요 아껴 보고 두번 보고 복습하고 암기하면서 볼게요💗💗,0개,2020. 4. 17.
jieun92pm,Thank you for subbing!!,0개,2020. 4. 17.
Egal,"오랜만에 영상봐서 너무 재미있었어요 ㅎ헤헤해
궁금한게 있는데 저는 언니가 유튜브가 전업인 줄 알았는데 다른 작업이 또 있으신가여??
그냥 궁금해서 물어보는거게요!!!! 진짜 궁금해서,,
영상 오랜만에 올려주셔서 감사해유",5개,2020. 4. 17.
산토끼,한별언니 ! 더 솔직한 모습으로 돌아와줘서 고마워요 본채널도 두번째 별도 항상 잘보고 있으니까 언니의 마음에 여유가 생길때 틈틈히 와주새오 💙 그리고 그냥 고마워요,15개,2020. 4. 17.
이서윤,볼 화이트헤드나 코 좁쌀 어떻게 없애나요 ㅠㅠㅠ,0개,2020. 4. 17.
민정선,"한별님 항상 좋은 영상 돌려주실 때마다 배울점도 많고 열정적인 분, 긍정적인 영향을 주는 고마운 분이라고 항상 생각해왔는데 건강한 모습으로 돌아와 주셔서 반가워요❤️ 항상 응원하고 있어요 한별님  항상 행복하세요🌷🌷",0개,2020. 4. 17.
채빈김,꾸앙 ㅠㅠ,0개,2020. 4. 17.
장햄HAEM,헐 립컬러취저ㅜㅜㅜ넘예뻐요 오랜만이에요!,0개,2020. 4. 17.
뿌까,힝..너무 보고싶었다구요ㅠㅠ,0개,2020. 4. 17.
김지우,"언니 항상 힘내시고 부담감 심하게 갖지 마세요 ㅠㅠ
그리고 항상 언니 편이고  언니가 건강하고 즐거워야지 언니 영상보고 저희도 즐거워할 수 있어요!",1개,2020. 4. 17.
HYEONMIKIM,언니 ㅎㅎ 항상 응원합니다💜,0개,2020. 4. 17.
nakim,"다시 언니랑 썸타는 시절로 돌아가고 싶네요ㅜㅜ 우런니 힘들지마,,",0개,2020. 4. 17.
주주주,언니 두번째 별 보다가 한별로 올라와서 엄청 놀랐어용ㅠㅠㅠㅠ 항상 건강하시고 행복하세요 사랑합니다❤️,2개,2020. 4. 17.
정보경,인스타에서부터 대기탄 보람있네요ㅠㅜㅠ 잘볼게요 언니ㅠㅠㅠ,0개,2020. 4. 17.
MJ,주기적으로 쉬는거 좋은거 같아요ㅜㅜ 악플 제발 사라져,2개,2020. 4. 17.
여포방구석,"완전 오랜만에 보네요ㅠㅠ
기다렸어요ㅠㅠ",0개,2020. 4. 17.
mmo,헐 언니 얼마만에 겟레디ㅣㅠㅠ 넘 예쁜 거 아니냐구요 💛,0개,2020. 4. 17.
YK,언니 힘들면 언제든 쉬어요ㅠㅠ 힘들어하면서까지 영상 올려주지 않아도 괜찮아요 아프지 말고 건강하면 좋겠어요..,0개,2020. 4. 17.
푸푸,언니 ㅋㅋㅋㅋ 누워서 언니 영상 보는걸 정말 좋아하는데 언니 목소리가 너무 나긋나긋 하게 좋아서 계속 언니 영상만 보면 잠이 들어요...😂 보다보면 눈이 감겨서 잠들어 있어요... 그래서 계속 끊어서 보네요 ㅋㅋㅋㅋ 3번만에 영상 다 봤어요!! 이게 무슨일이야 증말 ㅋㅋㅋㅋ,1개,2020. 4. 17.
지유yijiyu,"한별님~! 영상 기다렸는데, 이런 일들이 있었군요 ㅠ 언제나 응원할게요 이번영상도 여신이시네유! 화이팅입니다 :)",0개,2020. 4. 17.
임비니,언니가 행복했으면 좋겠어요❤❤,0개,2020. 4. 17.
gpwn95000,한별언니 항상 행복하세요!!!! 응원해요❤️❤️❤️❤️,3개,2020. 4. 17.
Serendipity613,헐 오랜만이에요옹ㅠㅠ너무 기다렸어요 언니이이이이이이이이이💕💕💕💕,0개,2020. 4. 17.
똥으니,아껴뒀다강ㅎㅎ출근할 때 또봐야징🧡💚,0개,2020. 4. 17.
도도한백조,"오모낫,,나 왜땨무네 지금 봐쮸ㅠㅠㅜㅠㅠ",0개,2020. 4. 17.
교동,이뻐요 사랑해요 항상 응원해요 화이팅 ♥,0개,2020. 4. 17.
JENAASMR,헉..5분전영상이라니..!!!,0개,2020. 4. 17.
하랑,한별님 영상이 제일 재밌어요ㅠㅠㅠ,0개,2020. 4. 17.
마토토,한별님 오랜만에 봐서 너무 좋네요 🥺 사랑해요,0개,2020. 4. 17.
지나는지나감,언니 보고 싶었어요 오랜만이에요 진짜 사랑한다는 말만 번복할래요 사랑해요 ♡,0개,2020. 4. 17.
카밍,언니 살이 더 빠진거 같아요ㅠㅠㅠ먹는것도 잘챙겨드시구 몸도 마음도 건강했으면..❤️,0개,2020. 4. 17.
FENGYUANLYU,한별님~ 너무나 보고싶어요😭😭,0개,2020. 4. 17.
안채연,"ㅠㅠㅠㅠㅠㅠ너무 오랜만이애ㅛㅠㅠㅠㅠ
근데 트래이닝팬츠 정확히 어디건지 알수 있을까요ㅠㅠㅠ",1개,2020. 4. 17.
박수민,한별님이랑 구독자 관계말구 친구하고 싶어용💐 카페에서 10시간이고 하루죙일 수다떨 수 있는 베프가 될 수 있을 것 같은데..❣️❣️,2개,2020. 4. 17.
yeppi9603,심리상담썰...진짜 재밌어요!!!! 너무 스트레스 받지 말았으면 좋겠어요 ㅠㅠ 언니가 뭘해도 늦어도 조금 쉬어도 기다려줄수있으니깐ㅎㅎ,0개,2020. 4. 17.
YejiMun,:) 오랜만이에요 방가워요 한별님💛,0개,2020. 4. 17.
지슈짱짱,언니😍 씻고 나온 모습도 너무 귀엽구 잘생겼구 그래요♡♡ 사랑해요♡♡,0개,2020. 4. 17.
검은콩,"본채널에 영상 올라와서 너무 기뻐요😆
자기를 잘 보는건 정말 어려워요ㅜ  누나의 얘기 잘 들어주는 동생  멋있네요. 우리 항상 정신적으로 육체적으로 건강합니당♡
처음 보는 공간인데  스페인집 같네 예쁘다~라고 생각했어요 ㅎㅎ  편한 복장에  외투 톽 걸치고 악세서리 살짝만 해줘도 너무 예쁘네요",0개,2020. 4. 17.
민주,테스트 진행내용 말해쥬는데도 두 같은 한별이가 너무 달라져서 신기한데 언니가 실제로 그렇게 반응이 했다는게 너무 신기하네욤.. 대박..,0개,2020. 4. 17.
이소현,어서오세요! 조용히 기다리고 있었습니당ㅎㅎㅎ,0개,2020. 4. 17.
채빈김,사랑합니다ㅠㅠ,0개,2020. 4. 17.
최예나,9:45,0개,2020. 4. 17.
오로라,제발 근거없는 루머 퍼트리지 말고 비판을 넘어선 비난은 하지 맙시다. 그걸 보는 당사자 입장을 좀 생각해 주세요. 비난이 심해지면 좋아하던 것도 스트레스로 다가올 수 있습니다. 그동안 많이 힘드셨겠어요 한별님😢 이번 기회에 그래도 평소에 쌓여있던 것들 상담도 받고 휴식을 취하신 것 같아서 다행이에요! 유튜브가 한별님께 너무 부담이 되지는 않았으면 좋겠어요. 항상 응원할게요 건강하세요 한별님♥,41개,2020. 4. 17.
민주,오랜만에 봐서 그런가.. 더예뿌네 울언니..💛,0개,2020. 4. 17.
Ssun,영상에서 화나보이는게 보여요..ㅠㅠ 너무 다른사람들의 말에 휘둘리지 말아요 ㅠㅠㅠ,0개,2020. 4. 17.
정예은,"언니 항상 몸 건강,정신 건강 챙기면서 스트레스 받지 말고 즐겁고 건강하게 영상 찍어주셨으면 좋겠어요🥺🥺항상 한별언니가 행복하고 건강했으면 좋겠어요 오늘도 좋은 영상 올려주셔서 너무 감사해요 항상 응원하고 있어요💜😄",0개,2020. 4. 17.
수려,언니~ 영상보는데 왜 그냥 좋죠....?그냥 좋아요..아니...그냥 좋아요....❤️,0개,2020. 4. 17.
김하영,"그동안 한별님이 자기사람(구독자)를 애정으로 잘 챙겨주는 것도, 항상 솔직하게 다가오려고 노력하셨다는것도 보였습니다. 이렇게 속으로 많이 힘들어했을줄 몰랐고 꼭 건강하게 자신을 중무장하시길 바랄께요. 건강하세요!☆",2개,2020. 4. 17.
이지혜,이렇게 돌아오셨네!!♡♡♡(두번째별에서 이미들었지만 그래도 )하나씩 차근차근 한별님의 속마음(?!)풀어나가고 있어서 다행이네요!!,0개,2020. 4. 17.
천사,렌즈는 더보기에 안나와있어서..ㅠㅠㅠ 뭔지 알 수 있을까용..?,0개,2020. 4. 17.
Millie,한별님 목소리 들으면 마음이 편안해지고 기분 좋아져요👍🏻 한별채널에서 오랜만에 뵈니까 더더더더더 반갑고 정말 정말 좋아요ㅎㅎ💜,0개,2020. 4. 17.
SEP11,어서와요 언니💕,0개,2020. 4. 17.
유루,언니... 그냥 고마워요....ㅠㅠㅠ 스트레스 너무 많이 받지 말고 힘내세요ㅠㅠㅠㅠㅠ 이런식으로 언니의 생각을 듣게 되어서 너무 좋아요☺️,0개,2020. 4. 17.
YennneY,갠차나여... 언니가 저한테 힘이 되주었는데 되려 내가 힘이 되어주지 못해서 더 미안한... 휴식이 필요하다면 더 쉬고 오셔도 돼요 언제든지 기다릴 거에요!! 😍,0개,2020. 4. 17.
김재희,유투브에 너무 부담갖지마세요 가장 중요한건 한별님 마음의 건강이예요 한별님께서 생각도 많고 섬세한 사람이신것 같아서 더 힘드신것같아요ㅠㅠ  그래도 돌아오셔서 기쁜건 숨길수가 없지만ㅋㅋㅋㅋ 오늘도 영상 잘볼께요❤,0개,2020. 4. 17.
경은,언니 너무 기다렸어요ㅠ 언니 건강 조심하세요 마음 건강도 조심하시고요💚마음이 건강해야 몸도 건강하데요 힘내시고 쉬고 싶으시면 언제든 쉬셔도 되요💕,8개,2020. 4. 17.
해나,언니 저는 사실 언니 조금 보고 싶었어요 🥺🥰💛💛,0개,2020. 4. 17.
040최수진,언니....갑자기 붙임머리가 하고싶게 하네요....흑발긴머리 찰떡..ㅜ♡♡,0개,2020. 4. 17.
슈,"으앙 ㅠㅠ 한별님보고싶엇어요!! 친구 비유 넘 공감가요.. ㅠㅠ 저도,,, 친한 친구의 간섭에 지쳐 거리를 두게되게 됐는데,, 후회하진 않아요,, 그친구가 나를 위해서 한 조언인건 알지만, 거리두기를 하다보니,, 마음이 한결 편해지더라구요.. 나를 위한 말들이지만 지나친 간섭이 정당화되는건 아닌것 같아요...!! 한별님도 마음건강 잘 지켜서 돌아오고싶을때, 밝은 얼굴로 만나요👋🏻",0개,2020. 4. 17.
JieunJung,ㅠㅠㅠㅠㅠ 영상에서 해주는 얘기 너무 좋아요 상담썰 더 풀어주세요😭👍🏻💜,0개,2020. 4. 17.
뷰라니,"영상 속 언니가 예전보다 힘들어하는게 많다 라는건 느끼긴했는데, 진짜 많이 힘들었나봐요. 😢

제가 가끔 힘들때 그 힘든 자신한테 괜찮다, 괜찮다, 남들도 다 힘든데 이런일이 있을수있다. 이렇게 생각하고 그 생각조차도 스트레스 받고 안풀리면, 

저는 가끔 그런생각을 해요 지금 내 상황이 내 가장 소중한 사람한테 일어난다면 괜찮다고 말할수있을까. 
그 상황에서 괜찮지 않은게 당연한거고 그사람이 잘못한게 아니라는 판단이 들면 생각이나 상황을 바꾸려고 노력을 하는편이거나, 그 생각 만으로도 위로가 될때가 있어요 (내가 다른사람이라고 생각하고 한거지만 뭔가 편들어주는 사람이 생긴것같고..?)  

비난이 나쁘고 비판은 수용해야된다고 하지만, 비판의 기준은 뭐죠..? 남에게 상처주는 말을 그럴듯한 말로 예쁘게, 욕안하고 하면 비판일까요? 

한별님이 받아들이기에 무겁고, 힘들고 또 언니를 바꾸려 하는 것부터가 날이 서지 않은 칼날일수있잖아요. 

유투브는 구독자, 시청자들이 유투버들의 영상으로써 영상을 소비하면서 정보를 알아가고, 재미를 받아가는 공간이라고 생각하는데 자기들이 무슨 엄청난 고객이라도 된냥 갑질을 하고, 이렇다 저렇다 평가하고 잣대질하는게 진짜 아닌것같아요, 
오히려 언니가 만들어주는 영상이 힘이 될때가 많았고, 좋은 정보를 알려주면 같이 사용하며 몰랐던 정보를 받았음에 감사했는데. 뭘 변했네 마네 하는지. 그사람의 상황도 잘 모르면서, 올리지 못할 상황이 있겠지!

저는 댓글활동을 활발히 하거나, 뭔가 행사에 크게 참여하는 구독자는 아니지만, 옛날부터 언니영상을 좋아하고, 언니를 좋아하던(제일 좋아하는 유투버라고 생각 했어요 😢 언니는 항상 구독자들을 너무 아끼면서 별별이들~ 하며 웃으며 얘기하던게 너무 좋았던) 구독자였는데, 구독자가 많아질수록 언니가 너무 힘들어하는게 ㅠㅠㅠ 마음아프고 그정도로 힘들면 유투브를 그만 두라고 하고싶을 정도로 걱정되네요ㅠㅠㅠㅠㅠㅠ

언니가 한달에 하나 올려도 좋구, 진짜 심심할때 영상 하나 올려도 좋으니까 넘 스트레스 받지말구 ㅠㅠ
차라리 진짜 댓글창을 닫아 놓는건 안되나요 ㅠㅠㅠ
진짜 언니를 좋아하는 사람들은 인스타를 통해서 댓글을 다 달텐데 ㅠㅠㅠ(인스타는 익명성이 떨어지기도 해서 그래도 날이선 악플들은 1차 필터 될거같은데 😢)  

동생이 심리쪽이기도하고, 상담을 받는중이라니까 걱정이 덜어지지만, 진짜 언니 힘들지 말구 사..사..좋아해요💜💙 힘내고 언니 하고싶은거만 하자 !!",9개,2020. 4. 17.
이경희,언니 보고싶었어요ㅠㅠㅜ💖,0개,2020. 4. 17.
hyej,별별라디오보고  걱정햇엇는데 ㅠㅠ 이렇게 또 찾아와주니까 넘 고맙고 감사하고 미안해요 ㅠㅠㅠ 언니 코로나 조심하고 아프지말고 건강하세용 6년차 별별이는 또 이렇게 언니에게 반하고 갑니당 오늘영상도 고마워요💜💜💜💜💜💜💜 사랑해요💜💜💜💜💜💜💜💜,0개,2020. 4. 17.
망고링고,헐 한별님 피부타입이 저랑 너무 비슷해서 참고하기 너무좋아요 ㅠㅜ저번에 얼라이브랩 스킨 소개해주신거 너무 잘쓰고있는데 저도 두피 가렵고 건조해서 고생중이엇거든요 앰플도 사서 써볼게요 ㅠㅜ,0개,2020. 4. 17.
나야나,언니 왜이렇게 얼굴살이 많이 빠졌어요 ㅜㅜㅜ걱정되게 ㅠㅠㅠㅠ,0개,2020. 4. 17.
물고기뽈롱,기둘렸써요~~~🥰,0개,2020. 4. 17.
이현진,언니 사랑해요💕,0개,2020. 4. 17.
공학용계산기,반가워요!!!,0개,2020. 4. 17.
한라,언니 기다렸어요~~~ 오랜만에 이렇게 겟레디로 와주셔서 너무 감사하구 언니 응원하고 좋아하는 별별이 분들 있으니까 밝은 모습으로 꽃길만 걷길🙏🏻 언니 영상은 친구처럼 친근하고 편한 애정하는 분위기라서 매력있다는 거ㅎㅎ,0개,2020. 4. 17.
OuO,"진챠 복오싶엇다구 언니.., 언니 무뎌지는건 좋은데 쌓아놓지마로ㅠㅜ",0개,2020. 4. 17.
초밥,알러뷰❤️❤️❤️❤️❤️🌟❤️,0개,2020. 4. 17.
젤리빈JELLYVIN,언니가 점점 괜찮아지고 있어서 마음이 따듯해져요💓,0개,2020. 4. 17.
RoseD,언니 힘들면 당연히 쉬어 가야죠ㅠ 구독자들만 생각하는 나쁜사람ㅠㅠㅠ 언니 힘든거 몰라줘서 미안해요,0개,2020. 4. 17.
지니Jiny,"난 왜 이걸보는데 눈물이 나지?ㅜㅜ이렇게 웃으면서..카메라 앞에서 담담하게 말하기까지 몇번이고 스스로를 다독였을 거 같아서..ㅠ그래서 더 마음이 아파요ㅠㅠ
애써 괜찮아지려고 하지 않았으면 좋겠어요ㅠ이젠 진짜 괜찮아져야 할 때이니까..ㅠㅠ
스스로를 많이많이 사랑해주세요!❤️",0개,2020. 4. 17.
87dice,한별님 너무 많이 기다렸어요ㅠㅠ 무엇보다 건강조심하시구 하고싶은거 다 하시면 전 좋아요💕,0개,2020. 4. 17.
jiB,자주 봐도 좋고 오랜만에 봐도 좋아요. 한별님이라서 좋아요♡ 언제든 또 봐요~,0개,2020. 4. 17.
김민정,"너무오랜만이에요ㅠㅠ 별별라디오있는지몰라서ㅠ 언니의소식이 궁금했어요 오늘부터구독하고 열씸히볼거에요!! 영상기다렸지만 주기적으로 올려주시지않아도 괜찮아요ㅎㅎ 
그냥..... 언니하고싶은거다해앳!!!😍🥰",2개,2020. 4. 17.
JMK,너무 기다리다 목 빠질뻔 했어요 보고싶었어요 한별님 💜,0개,2020. 4. 17.
혜지,오랜만에 이목소리 ...요즘 알림이 너무 늦게와서 종종 들어와서 업뎃확이하는데 너무 반갑고좋네요♥약간 야윈거 같지만 자주봐요!!ㅎㅎ,0개,2020. 4. 17.
꿀곰탕,오랜만이에요😍 여전히 예쁜 한별님 ♡♡,0개,2020. 4. 17.
강혜인,같이 겟레디해버리기...♡♡ 새로운 디렉터님이!💜,0개,2020. 4. 17.
원재현,그냥 이말한마디해줘야지 보고싶었다규♡,0개,2020. 4. 17.
