﻿,youtube_id,comment,like_num
0,윤쨔미YoonCharmi,"여러분 나 좀 도와쥬라~~~~~😭😭!!!
쨔식들의 많은 참여가 윤쨔미 채널을 살립니다~~~🙇‍♀️!!!
 
▶참여방법
영상에 등장하는 3가지 고민 키워드에 1번 혹은 2번을 골라주세요~!
1번, 2번 외에도 여러분께서 보시고 싶은 영상이나 저에게 들려주고 싶은 좋은 아이디어 등등
여러분의 생각들을 자유롭게 적어주시는 것도 정말 큰 도움이 될 것 같아요❤️
 
▶참여기간
2020년 2월15일 토요일 ~ 2020년 2월22일 토요일 24시까지!
 
참여 댓글을 남겨주신 분들 중 10분께 감사의 뜻을 담아 소정의
'윤쨔미의 화장품 랜덤박스'를 선물로 보내드릴게요~:)
 
▶당첨자발표
당첨되신 10분께는 2020년 2월23일 일요일 저녁 6시에 
남겨주신 댓글 밑에 제가 대댓글을 통해 당첨여부를 알려드리겠습니다~:)
 
항상 시청해 주시고 응원해 주시는 우리 쨔미의 식구들💖
진심으로 감사하고 쨔랑합니다~~~❤️ 🧡 💛 💚 💙 💜
 
 
윤쨔미의 꿀잼 가득한 영상을 바로 받아 보시려면
구독은 필수! 좋아요는 사랑입니당~:3♥
 
★인스타그램 → http://instagram.com/yooncharmi",14개
1,젼이,언니 ㅠㅠㅠㅠㅠㅠㅠㅠ 진짜 무슨일 난 줄 알고 깜짝 놀랬잖아여 ㅠㅠㅠㅠㅠㅠ,13개
2,LoveLove,와 이거 편집 진짜 힘드셨겠다,84개
3,kgy,"3번의견 ㅎㅎ 전 1번도 2번도 좋은데 유재석이 유산슬 유플레쉬 등등 여러가지 부캐릭터로 활동 하듯이 윤짜미 언니두 여러 부캐릭터를 생성해서 여러 컨셉 모두 보여주심 좋을것 같아요 전 학생때 언니 영상 볼때는 로드샵 위주 추천템을 썼는데 지금 어느덧 직장인 되서는 백화점 제품 소소하게 사는게 하나의 낛인데 로드샵 제품은 실패해도 타격이 크지 않지만 백화점 제품은 타격이 커서 언니같은 뷰튜버의 도움이 필요해요♡
언니의 여러 캐릭터 생성을 추천합니다~",364개
4,민진,저는 뭐든 좋으니깐 구독자를 위한게 아닌.. 언니가 편하고 좋아하고 즐거운 유튜브 활동을 하셨음 좋겠어용 소소한 모습에도 행복을 느낄수 있으니깐,73개
5,유벙벙,"웅...둘다 섞읍시다!!!뮉스뮉스하쟈구여><
이건 너무 욕쉼쟁이인감?헤헤
그래도 1번!!!!가끔씩은 ☆블링블링☆한것도 좋겠지만 제가 언니를 몇년동안 봐 온것도 다른 뷰티유튜버분들보다 톡톡튀고 꺄악꺄악!!(?)해서 봐온것도 있어요. 언니 스타킹 따라하기부터 항상 보고 있는데 갑자기 바뀌어버리묜ㅠㅠㅠ슬퍼요ㅠㅠ속상하고 힘들때마다 언니 그 특유의 팡팡 튀는 그런것들이 너뮤 좋았어요. 그리고 반쪽은 할러윈,반쪽은 체육대회 메이크업해주셨음 좋겠어요!!!!
마지막으로 쨔미언뉘 쨔랑합니다♡♡♡

+오옹!좋아요 35개!글구 하이라이트 댓이다아아아--",158개
6,김은서,"아니 알람이랑 썸넬 사진보고 놀랜 짜식입니다ㅠㅠㅠㅠ 다행이다,,",224개
7,안누르면결혼못함구독,유산슬과유재석 처럼 역할이 바뀌듯 짜미언니가나오고 쨔미언니가 나오듯 다양한 모습을보여줍시다!!!! 언니를 다양한 모습을 파헤치자구요오!!!❤,46개
8,따따,학생들도 많이 보니까 말랑말랑한 채널이 좋아여,12개
9,소중쓰,이거봐 ㅠㅠㅠ 언니 쿨톤메컵 완젼 쨜떡이라구 ㅠㅠㅠ,19개
10,린아,"몇년을 봐왔어요
1 - 1번 ☝️
윤쨔미 언니의 특유의 말투 개성을 잃지않았으면 좋겠어요ㅜㅜ 그리고 제가 첫 영상을 본게 초등학생이었는데 벌써 고등학생이예요ㅜㅜ 다른 유튜버들은 고가의 화장품을 많이쓰셔서 저나 저와같은 학생분들한테 많이 부담스럽고 사고 싶어도 살수없어서 메이크업을 따라할수조차 없었는데 윤쨔미 언니는 저렴이 준브랜드도 많이 해주셔서 엄청  좋았어요 몇년동안 언니를 보면서 메이크업 실력도 늘고 언니의 밝은 텐션이 좋아요 가끔은 분위기 바꾸고 힙한 메이크업을 하는것도 좋지만 언니의 개성을 지켜가면서 하는게 좋을것같아요❤

2 - 2번✌
저는 화장하는 언니도 좋지만 언니의 소소한 일상까지도 알고 싶어요 ! 그리고 언니가 지금까지 저희들을 위해 노력했던것도 알아요ㅜㅜ 지금까지도 여러컨텐츠들로 저희의 기대에 부응해주시느라 힘드실텐데 이젠 중간중간 쉬어가는 타임으로 언니의 일상을 담는것도 우리 모두 이해하고 좋아할거예요 ! 전 어떤 영상이든 쨔미언니 팬이예요 😻

3 -  2번✌
쨔미언니랑 자주 만나고 싶어요ㅜㅜ
물론 퀄리티 좋은게 좋지만 전 언니가 무리하지 않으셨으면 좋겠어요ㅠㅠ
이런걸로 스트레스 안받으셨으면 좋겠어요ㅠ 저희는 언니를 보는것만으로도 좋거든요 !!
너무 많은 짐을 혼자 들려고 하지말아요ㅜㅜ 저희는 퀄리티보단 언니 건강이 더 중요해요 !!

항상 저희 생각하면서 이런저런 좋은컨텐츠 많이내주시는 모습이 좋았어요 쨔미언니가 어떤 모습이든 저희 쨔식들은 항상 언니 편이예요 그것만 알아주세요 항상 감사해요❤",86개
11,이용우,"쨔미님이 다른 모습을 보여주시는게 '변화'라고 생각하지않아요. 그 모습도 쨔미님이니까요! 사실 뷰티로 처음 쨔미님을 접한 구독자분들이 많으시겠지만, 이제는 쨔미님이 어떤 컨텐츠던지 어떤 제품을 쓰시는것보다 그냥 쨔미님의 밝은 에너지를 보시는 분들이 많으실거라고 생각해요! 뻔한 말이겠지만 쨔미님 하고싶은거, 하고싶으신대로 하세요!! 쨔식들은 쨔미 is 뭔들~~",496개
12,yunnyx,확실한건 트렌드가 바껴서 자주올리시는게 더 이득이실 것 같아요 ! 자주봐야지 안까먹어용,16개
13,짜증남,언니.  왜 구독자 줄엇어요 ㅠㅠㅠㅠ,4개
14,뽀야미,첫번째 고민의 1번 : 저렴이도 너무 저한텐 좋아요 ㅠㅠㅠㅠ 저도 학생 신분이다보니까 아무래도 알바는 힘들고 제가 돈을 벌더라도 쓰는 한계가 있는데... 많은 저렴이릉 알려주셔서 따라 구매해본 적도 몇 번 있었어요 !! 게다가 윤쨔미님은 저랑 피부타입도 비슷하셔서 알려주신 화장품은 너무 꿀팁이에여 ㅠㅠ 저는 그대로 계신것도 너무 좋습니당 :),11개
15,혜진인데꼽냐,"1.①
2.②
3.①
이게 진짜 될까 같은거 넘 재밌구요..ㅜㅜ새로운콘텐츠는 일상이나 요리영상 같은거넘 좋을것 같아요..ㅜㅜ
그리구 언니 무슨일 있눈줄알고 긍정왕 윤쨔미 왜이러지 했잖아요..누아어어아",11개
16,소중쓰,썸네일 보고 그만하실건줄 ㅠㅠㅠㅠㅠㅠ,221개
17,예린,"언니ㅜㅜㅜㅜㅜ 이대로 계속해주세여ㅜㅜㅜㅜ
1번이조아여여여ㅕ여ㅕ여  요기서 정보 많이 퍼갔는데ㅜㅜㅜㅜㅜ 후엥ㅇㅇ에에ㅔ에에에ㅔ      언니 진짜 사랑해여여여ㅕ여ㅕ여",5개
18,빅보,"즉흥적으로 할 수 있는 영상으로 쨔미 언니의 일상이나 브이로그 그리고 언니의 말대로 뷰티 콘텐츠의 폭은 아무래도  작다는 걸 알기에 1번을 토대로 언니의 매력을 보내고
2도 섞여서 새로운 변화의 윤쨔미를 보고 싶어요! 
그리고 제 개인적인 생각으론 제가 얘기한 대로 된다면
액세서리 소개 영상이나 언박싱 또 언니의 속눈썹 연장샵을 가거나 네일샵 브이로그를 하면 뷰티면서 언니 매력도 느껴질거 같아요!! 쨤언니 그동안 혼자 편집이어서
건강도 머리도 힘들었을 거 같네요 이 변화로 더 나아가는 유튜버가 되길!!",27개
19,박지민대체불가,"1: 1번이요 
제가 학생이다보니깐 너무 가격대가 있는걸로 화장하는건 쉽지 않더라고요ㅜ그래서 저렴한 화장품으로 리뷰하시거나 메이크업 해주시는 그런 채널 분위기를 원해요ㅠㅠ나중에 어른이 된다면 비ㅆ,,
2: 1번이요
다른 주제로도 올리는것도 좋지만,뷰티채널로 시작하게 됬는데 뷰티가 아닌 영상으로 찾아오게 된다면 뷰티와 완전 다른 채널이 될까봐,,,저는 뷰티에 관심이 많아서 구독하게 됬거든요:) 2번을 가끔씩 올리는것도 괜찮은것같긴해요😊
3: 1번이요
죄다 1번,,영상의 완성도가 중요하다고 생각해요! 가벼운 영상으로 자주 만나는 것도 좋지만, 윤쨔미님이 힘을 쓸수 있는 선에서 완성도가 좋았으면 좋겠어요♡지금 편집 방식 너무 좋다고 생각되요☆ 가벼운 영상은 새로운 채널을 만드시거나 카테고리를 새로 추가하셔서 하는게 괜찮을듯 하지만,힘드실까봐 걱정되요ㅠ 항상 퀄리티가 좋아서 보기 쉬웠거든요ㅠㅠ
--------------------------
영상 추천
_오빵빵님이랑 서로 안대씌우고 화장해주기😄",8개
20,이정윤,1번용 전 계속 쨔미언니가 하시는 방식이 넘 좋고ㅜㅜ 언니가 쓰시는 저렴이 화장품 보면서 도움도 마니 되고 있어용 전 언니가 계속 이렇게 쭉 가셨으면 좋겠어용❤️전 언니가 안 변했으면 좋겠어용 언니 이렇게 쭉 해주세용❤️😍🥰 근데 언니가 힘들게 무리 안하셨으묜 좋겠어용 언니가 힘들건 마음이 넘 아파용ㅠㅠ언니 계속 유튜브 해주세용 언니 사랑해용❤️,12개
21,윤서,오프닝 보고 엄청 심각한게 아니란걸 알았다 ㅋㅋㅋㅋㅋㅋㅋ 나만 그런가,202개
22,김도희,혹시 핫바리보셨나ㅋㅋㅋㅋㅋ,5개
23,족제비양말,1번 비싼건 다른분들이 많이 하시잖아요! / 2번 이건 1번도 좋지만ㅎ 2번 궁굼ㅋ / 2번 언니가 좀 더 편하길 원해서ㅎ,3개
24,고냥이,아 구냥 다 좋아여~~ 언니 텐션때문에 이 채널 오는겁니당!! 하고싶은거 다해유🥰,5개
25,리아전,언니 ㅜㅜㅠ 전 둘다 좋은데😭 구냥 1번을 바탕으로 하구 2컨셉의  코너?! 를 만들어서 둘다 업로드 하는거 어때용~😍,2개
26,강민호,언니 영상을 지금 봐서 1주가 지나서야 댓글을 다네용ㅠㅠ 죄송해요 하지만 나는 언니편 이에용ㅎㅎㅎ  언니사랑해요 앞으로도  재밌는 영상을  올려주세요ㅎㅎㅎ 그리구 저는1번이여 ㅎㅎㅎ 언니 파이팅~♡,2개
27,김이수,"1번->1번
비싼 명품 하울이나 소렴이 제품들로 메이크업하는 뷰티 유튜버 분들은 이미 너무 많은 것 같아요.. 저는 원래 쨔미님 스타일대로의 영상이 더 좋은 것 같아요 쨔미님이랑 말랑말랑한 분위기가 더 잘 어울리시기도 하고요 ᄒᄉᄒ 
2번->2번
물론 새로운 구독자 들의 이목을 끌려면 다양한 분야의 콘텐츠도 중요하지만 저는 쨔미님의 즐겁고 재미있는 뷰티 영상들이 더 좋은 것 같아요 만약에 쨔미님이 다양한 콘텐츠를 도전해 보고 싶으시다면 쨔미의 취미생활이라는 주제의 다른 채널을 오픈하시는 건 어떠세요??(채널 2개를 운영하시기에는 너무 힘드시겠죠?ㅠㅠ)
3번->??
사실 이 부분은 정말 많이 고민되지만 제 생각은 쨔미님이 조금이라도 덜 스트레스 받으시는 방법으로 운영하셨으면 해요 퀄리티 좋은 영상도 좋고 짧지만 가벼운 분위기의 영상도 저는 좋아요 그러니까 촬영이나 편집하실 때 조금이라도 스트레스가 덜한 방법을 선택해 주세요ㅠㅠㅠ


마지막으로 개인적인 생각이지만 골드쨔미님이 하시는 말씀이 쨔미님 자신에게 하는 혹독한 말들이라고 생각돼서 마음이 안 좋았어요 어떤 모습으로 찾아오셔도 좋아요ㅠ스트레스 받지 마시고 자책하지 않으셔도 돼요ᅲᅲᅲ",16개
28,명예소방관,1번이욤 ㅠㅠ 언니 그런 모습이 너무 좋았어요 ㅠㅠㅠ,2개
29,김효원,언니님 모 유튜브라도 접는 줄알았어요ㅠㅠㅠ저는 계속계속 해왔던거 처럼 1번1번!!!!!,2개
30,어머나,제가 모르는사이에 뭔일 있는줄알았잖아유 언니ㅠㅠㅠㅠㅜㅜㅠㅠㅠ,1개
31,쭈욤Youtube,전 둘다 너무 좋아서 못 골라여ㅠㅠㅠ 아마 전 그래도 윤쨔미님은 귀여우니 1번??♥♥♥,0개
32,맛소금,이 시나리오를 쓰면서 재밌게 키킥 웃으시는 윤쨔미님의 모습이 생각된다,2개
33,후르츠,제목보고 유트브 접는줄 알았어요ㅠㅠㅠㅠ,0개
34,규원,2번이용 쨔미언니는 패션 쪽으로도 뛰어나고 여러다방면으로 다 잘하니깐요 !,2개
35,조현우,"1번이좀더 괜찬은것갈아요  지금까지 
돈도 많이 쓰쎳는데 너무 돈 안들이셔도 돼요  돈안 써도 재미있어요 
윤짜미님 화이팅",2개
36,새우티김,"언니...구독자가 줄었어요ㅜㅜㅜㅜㅜㅜㅜㅜ누구야!! 언니 채널 구취한게 !! 엉엉.,,",0개
37,쟁쟁,"1 : 2번 / 2 : 2번 / 3 : 1번
변화가 없어도 항상 좋지만 색다른 느낌도 받으면 어떨까 싶은 것이고 아예 저렇게 변하라기보다는 원래의 쨔미언니를 잃지않았음해요!! 항상 응원해용!!!",1개
38,왕서영,"1:1번 언니가 이제까지 해왔던 것 처럼 친근하고 귀엽게 하는 것이 더 좋을 것 같아요 !!
2:1번 아마도 윤짜미 언니 채널에서는 학생분들이 많이 보실 것 같아요 !! 그래서 명품 화장품 보단 로드샵 화장품이 더 좋을 것 같아요 !!
3:2번  언니의 일상과 다른 것들도 영상으로 보고 싶어요 !! 
물론 다 제 개인적인 생각입니다 !! 
그리고 전 언니가 어떻든 상관없어요 💖",219개
39,에일리짱,저는 1번이 좋은것 갔아용♥♥ 언니 넘 이뻐요!! 1번이 더 튀어서 넘 좋아용!!♥ 언니 앞으로 좋은 모습 좋은 영상 올려주세용♥! 언니 화이팅 하세용♥!~~~,2개
40,인간사이다,"음...
1번!!힙한건 이해가 안대요ㅜㅠ
전 이제 3학년이데...",1개
41,명익,흑발 메이크업에서 립 제품 뭐 쓰셨는지 너무 궁금해요ㅠㅠㅠㅠㅠ,0개
42,쥬쥬,1.5번이 좋은 거 같아요 가끔은 말랑하고 귀엽고 지금하는 컨텐츠하시고 또 가끔은 블링하고 그런 영상을 올려도 좋을 것 같아요!!2번 말처럼 지금 하는 것도 하고 가끔은 지금하는 컨텐츠를 블링하게 해도 되고 다른 컨텐츠를 하는 것도 가장 좋은 것 같아요!!,2개
43,휘,쨔식들이라면 다 생각하겠지만 저희는 언니가 뭘 하던지 다 좋아요 ❤️ 그치만 되도록 자주보고싶은 욕심은 있죠 ... 흑 ... 넘 오랜만이라 눈물부터 날라그랩 .....,153개
44,박지혜,"1. 1번-2. 2번 3. 1번 
언니 저는 혼자 조용히 보고있는 
구독자인데요....언니 
운거 보고 진짜 속상했어요ㅠㅠ 
어떤일이 생겨도 무슨 시련 와도 항상
언니 사랑해주는 사람들만 사랑하자구여
지금도 앞으로도 화아팅!!!!!♥♥♥",3개
45,츠아,"다 1번이예요!!절대 1번해요!!ㅠ
쨔미언니는 원레했던 모습이 정들었는데 갑자기 바뀌면 안되요!! ㅠㅠ",2개
46,우주,"저는 지금의 쨔미언니가 조아요!

그리고..키르시 화장품 나왔어요!",2개
47,옝하,"언니 ㅠㅠ 썸네일 보고 놀랬자나요 ㅠㅠㅠㅠ😭😭😭😭😭 
저는 1번 이요!!! 언니에 변치 않는 모습과 저렴이 화장품도 좋고 조금 오래 걸려도 완성도가 있으면 더 좋을거 같아염!!!!💗👍🏻👍🏻👍🏻",0개
48,최윤지상담과2,전 다 너무너무 좋은데ㅠㅠㅠㅠㅠㅠ 그래도 1번이 더 좋아요ㅠㅠㅠㅠㅠ❤️ 언니 항상 응원해요,0개
49,임아미,1번이요! 전 윤쨔미의 뷰티가 좋구 2번은 너무 얄미워요..,1개
50,효서,1번이요 ! 윤짜미님은 그냥 귀여우셔서 ㅠㅠ 친근한게 제일 좋아요,0개
51,띰뽁이냠냠,"1,2번 섞어서 쓰는게 좋을 것 같아요 ㅠㅠㅠㅠ",0개
52,다이로그,지킬앤하이드처럼 두가지 다 가질 순 없는 건가요ㅠㅠ,56개
53,군,"1.1번이여~!! 오래봐온 쨔식이로써 친근한 분위기가 좋아요!!
2.2번이여! 분위기는 거의 유지하되 다른장르에도 조금은 확장시켜도 충분히 좋을 것 같아요!!
3.2번이요! 자주자주 보고싶어요ㅠㅠㅠㅠㅠㅠㅠ❤️❤️",2개
54,써니,ㅋㅋㅋ 짜미 누나   영상 왜케 웃겨요 ㅋㅋ,0개
55,우유맛2,저는 항상 언니를 응원해요!! 곧 100만 축하해요ㅠㅠ,0개
56,ms02kim,오늘 흑발메이크업 헤어부터 다 너무 멋지고 예뻐서 메이크업영상으로 보고 싶어요!!!,0개
57,뽀짝,재밌게 만들었지만 진짜 고민인 문제라는 게 느껴지구 그럴만한 문제라 ㅠㅠㅠ 옴청난 고민이다,1개
58,sunnyJ,"1-1 으른들도 저렴이 많이 쓰자나요ㅠㅠ 저렴이 활용한 말랑말랑한 컨셉 유지 해주세요ㅠㅠ(가끔 명품하울도 재밌겟지만 너무 자주는 말고...)
2-2 뷰티를 위주로하면서 겟레디위드미 같은거나 브이로그 같이 올라오면 재밌을것같아요!
3-2 자주보고싶어영",0개
59,처녕이,둘다 번갈아 가면서 해주셨으면 좋겠어요ㅎㅎ 언니는 뭐해도 다 어울려서 고를 수가 없다구요ㅠㅠ 너무 매력적이야 언니ㅠㅠ 사랑해요ㅠ❤❤,0개
60,이영인,썸낼보고 무슨일 있는줄알고 걱정했었어요ㅠㅠ,0개
61,이지우,ㅠㅠㅠ온니 고민이 느껴져서 이상하게 눈물날것 같엥,49개
62,효소닝,언니 죄송한데 흑발 언니 메이크업 영상 따로 올려 주시면 안될까요? 너무 매력있어요 ㅠㅜㅜㅜㅜㅜㅜㅜㅜㅜㅜㅜㅜ,0개
63,김지얭,"ㅌㅌㅋㅌㅋㅋㅋㅋㅋ연기너무재밋네오 1번고민은 1번, 2,3번고민은 2번이요'!! 근데 그냥 쨔미님 편하신대로 영상 만들어가주셨으면 좋겟어요 ㅜㅜ 중간중간 고민 많이 하셨던게 느껴져서 약간 마음이 쓰이네용",0개
64,,1번!!무조건 1번!! 언니 영상은 편하게 볼수있어서 좋아요ㅠㅠㅜ 가끔 2번 해두좋을거같아요 아니 언니가 하면 다 조아욥❤️❤️,0개
65,LIA리아,"언닝,,,, 둘다 좋은데여,,,,ㅠㅠㅠㅠㅠ",0개
66,신유진,"진짜 썸넬보고 무슨 일 있는 줄 알았잖아요ㅠㅜㅜ

1.지금까지 언니의 스타일대로 잘 해왔으니까 계속 언니의 방식대로 진행하는 것이 좋을 것 같아요! 언니가 갑자기 막 시크하고 멋있는(?) 그런 방식으로 하고 싶으시다면 가끔씩 그렇게 진행해도 좋을 것 같아요
구독자분들은 언니가 하는 모든 걸 좋아한다는 거 아시죠..? 언니가 하는 거 다 좋아해요!!

2.뷰티영상을 메인으로 하고 가끔씩 데이트 영상이나 브이로그 등 이런 영상 올리시는 게 좋을 것 같아요!!

3.우리 쨔식들을 위해 그렇게 노력해주신다니.. 너무 감동이에욥ㅎㅎ 지금의 편집도 너무너무 마음에 들고 좋지만..언니가 편집하느라 힘드시면...간단하게 하셔도 좋아요ㅎㅎ우리 쨔식들은 언니의 무슨 편집 방식이든 다 좋아하거든요ㅎㅎ


저뿐만 아니라 쨔식들은 언니가 편집방식을 바꾸던 진행방식을 바꾸던..하염없이 언니를 좋아할꺼에요!
항상 더 좋은 영상을 위해 쨔식들을 위해 항상 노력해주셔서 너무너무 감동이에요ㅠㅠㅜㅜㅠ언니 항상 감사하구요..영상을 위하는 것도 너무너무 좋지만..영상보다 언니가 우선인 거 아시죠??언니 영상 모두모두 다 좋아요☺️💕",144개
67,바까님,1번은 1번입니다 ㅜㅠㅠㅠㅠㅠ 쨔미님의 그런 모습이 너무 좋은걸요 ㅜㅠㅜㅠㅠㅠㅠ 2번은 2번이요! 뷰티뿐만이 아니라 그냥 다양한 모습도 보고싶어요! 다양한 모습을 봐도 언제나 언니는 저에게 뷰티유튜버잖아오! 뷰티를 아예 안 보여주신다는게 아니니까 ㅜㅠㅠㅠㅜㅠㅠ 3번은 2번이요! 그렇다고 너무 힘들게 자주는 안 하셔도 많이 보고싶어요... ㅎ... ㅎㅎㅎ 힘내세요 언니 항상 응원합니다💙,0개
68,햄찌낭자,99.9만명 어떡해 ㅠㅠㅠ,0개
69,1호의행방불명생갈치,헉... 앙대 ㅜ 요즘 다 힙한게 너무 많아서 귀여운게 좋아요 ㅜㅠㅠㅠ,0개
70,정원서,쨤언니 너무 오랜만이야요유ㅠㅠㅠㅠㅠㅠㅠㅠㅠㅠㅠㅠㅠ,0개
71,이한나,"1: 1번, 2번을 번갈아가면서 하시면 어떠세요??
2: 저는 언니가 뭘 하시든 다 좋아요!! 근데 솔직히 확장 안 하면 콘텐츠가 겹치지 않을까요?
3: 자주 보면 좋은데 완성도 좋은 지금의 영상이 더 좋아요!!",100개
72,유다빈,"1번 2번 2번 !!
친근한 분위기를 좋아한답니댜 ㅋㅋ ㅠㅠㅠ
그리구 뷰티 말고도 윤짜미님의 다양한 영상도 접해보고 싶어요❗️❗️
퀄리티 높은 것도 중요하지만 자주 자주 영상을 보고 싶답니당",0개
73,윤지,"1:2:2
언니가 어떤 선택을 하시고 어떻게 하시던지 저는 항상 응원할게요!!",0개
74,멋있는돼지씌,저도 댓글에 많은 3번 의견! 울 쨔미언니의 다양한 면을 모두 보여주세요오오~♡,1개
75,심선화,둘다해줘여 ㅋㅋㅋㅋㅋ시크한언니랑 귀여운언니 둘다좋은디 ㅋㅋㅋㅋ 시크한언니는 오빵빵님이 좋아하시니까 ㅋㅋㅋ오빵빵버전 두가지버전으루해줘여 ㅋㅋㅋ애기들 이십대들을위한것과 삼십대 언니나이에 맞는 시크하고 섹시한걸로♡♡♡,0개
76,이수민,"1 : 대부분의 사람들은 저렴이 브랜드를 자주 쓰고, 저렴한데도 불구하고 좋은 제품들을 찾아서 주로 사용하며 , 가끔 자신들이 여유가 있을때 명품 화장품 같은걸 가끔가다 하나씩 사는 사람들이 대부분이라고 생각해요 ! 제가 딱 그렇거든요 ! 그래서 쨔미 언니 영상 보면서 가성비갑 ! 저렴한데도 불구하고 좋은제품 !을 보면서 많이 도움을 받았었어요 그래서 전 1번을 선택하지만 아주 가끔씩! 가끔가다 한번씩 쨔미언니가 좋다고 생각하는 고가의 제품을 추천해 주시면 여유가 생길때 좋은 제품 사고 싶은 사람들에겐 도움이 많이 될꺼 같아요 !
2 : 뷰티 채널만 있는것도 좋은데 ! 뷰티채널만 보다보니깐 가끔씩은 쨔미언니의 일상이 궁금할때도 있어요 ! 그래서 전 일상 브이로그도 좋은거 같고 , 유튜브 생방송 이런걸하면서 먹방 ! 많이 먹지 않아도 소소하게 디져트 같은걸 먹으면서 쨔식님들이랑 소통도 하고, 고민도 들어주는 ! 이런게 진쨔 좋은꺼 같다는 저의 개인적인 의견 !!!
2 : 이건 뭔가 대부분의 구독자들이 같은 생각 일수도 있을꺼 같은데 !! 구독자 입장에서는 쨔미언니를 더 자주 만나고 싶어할꺼에요 ! 그래서 전 완성도 보간 , 자주 만날 수 있는 2번을 선택 합니당 !!",161개
77,신예은,"만명만 더 구독해주시면 100만...!!!!!!
100만 가자~!~!~!~!~!~!~~!~!~!
❤❤❤❤❤❤❤❤❤❤❤❤❤❤❤",1개
78,유댕,1번이옹 쨔미언니 ㅠㅠㅠㅠㅠ 쨔미언니는 2번도 잘 어울리지만 1번이 훨씬더 잘어울리는고 가태요 ㅠㅠㅜㅜㅜㅜㅜ ❤️❤️❤️,0개
79,진경,언니ㅠㅠㅠㅠ100만 얼마 안남았어요ㅠㅠ,0개
80,연우,앙~언니  제목보고 유튜브그만두는줄알았잖아요~ㅠㅠ,0개
81,oae1222,둘이 계속 같이나오면서 같은 제품을 다르게 해석하는 컨텐츠도 좋을 것 같아요!,35개
82,Eilsabeth,3번은 없나여?ㅋㅋㅋㅋㅋ 전 둘 다 좋아요~ 섞어주세요!! 😃,0개
83,다은Daeun,언니 구독자 떨어졌는데 어떡해여ㅠㅠ,0개
84,KO,"처음 질문은 1번! 언니 스타일 보고싶으니까 구독한거예요 ㅎㅎ
두번째 질문은 2번! 브이로그 보고싶어요!!
세번째 질문은 2번! 영상 자주 보고싶어요ㅠㅠㅠㅠ",0개
85,이주연,이 영상 자체도 너무 좋은 아이디어 ...🤍 언니가 얼마나 이 채널을 생각하고 발전 시키고 싶은지 너어무 느껴져요 ㅠㅠㅠ  1번 말도 맞고 2번 말도 맞는거 같아요 지금까지 해 온 언니의 방식이 너무 사랑스럽고 현실적으로 도움이되고 재미있고 좋았어요 ~ 근데 2번의 방식도 가끔 언니스타일로 흡수 시켜 업로드해주시면 너무 너무 좋을거같아요!💚 어떤 영상이든 언니라면 환영입니다💛,0개
86,탈모샴푸의요정,"1 : 1번을 위주로 하면서  2번도 가끔씩 섞어서 하면 좋을것 같아요 !
2 : 2번이요 ! 지금처럼 뷰티 컨텐츠를 하면서 다른 컨텐츠도 하면 더 좋을것 같아요 !
3 : 2번이요 ! 요즘 영상이 잘 안올라와서 더 자주 쨔미님을 만나고 싶어요 !",133개
87,jineehi,쨔식 놀라쨔 ㅜㅜㅜㅜㅜㅜ 윤/쨔\미♡입니다~~~♡♡ 좋아여♡♡♡♡,0개
88,강미애,122 쨔미님 동년배인데 지금같은 말랑말랑하고 활기찬 영상 좋아요 그게 매력입니다bbb 그리고 일상 브이로그 같이 가벼운 영상도 자주 보고 싶구요ㅎㅎ,0개
89,oo,연기 잘한다 ㅋㅋㅋㅋ,0개
90,서령,내가 쨔미언니 영상 처음본게 7살?!!! 넘 빨랐당...근데 벌써 중1이 되써ㅓㅓ!!,0개
91,민선,"중학생때부터 봐왔지만(진짜 올해 20살ㅋㅋㄱㅋㅋ) 개인적으로 윤쨔미언니의 색깔인 1번이...좋...헤헤😭 약간 윤쨔미 언니가 그간 만들어온 이미지와 공이 있고, 윤쨔미 하면 생각나는게 있어서... 아님 계정을 하나 더...?ㅋㅋㄱㅋㅋㅋㄱㅋㅋㅋ",78개
92,이유림,헉 윤쨔미님.. 아니 윤짜미님..? 아몰러 윤쨔ㅏ미님 오셨다 ㅇ엉ㅠㅠㅜㅜㅜㅠㅜ쨔ㅏ미님 전 1번 2번 둘 다 섞어서 했으면 좋겠어요 욕심인걸 알지만.. 다 보고싶단말이에요....,0개
93,김현희,1번이용 오랜만이에요ㅠㅠ❤️코로나😷 조심하시고 앞으로 더 자주볼게용,0개
94,,"저는 1/2/2 요 ㅠㅠ!
편집 면에서는 가끔은 쨔미님이 하는 편집도 보고싶지만 나머지는 편집자님이 담당해주셨음 좋겠어용ㅠㅠ 너무 고생하시는 것 같아서..",0개
95,하민이쳐돌이,1번 언니가 편한게 제일 재밌는 영상 아닙니까~?,0개
96,조아,"#1은 1번 #2는 2번 #3은 2번 
1번은 비싼화장품은 비싸서 쓰고싶지도  
사고싶지도 않을것같아서
2번은 뷰티에만 묶여있어서 기획하는게 힘드실것 같아서 일상같은것을 공유하여 채널 속 쨔미님도 좋지만 자신의 이야기를 쨔미라는 캐릭터가 아닌 자신의 이야기를 기획하시는게 좋을것같아요!ㅎㅎ
3번은 너무 한 영상에만 공들여서 퀄리티 좋게 만드는것 도 좋지만 가벼운 일상같은거를 올려주시면 친근하게 짜미님이랑 일상의 공통점?을 찾아가면서 소소한 행복을 느낄 수 있을것 같아요!!

제 의견이였어욤... 도움이 되셨으면 조켔네요! 제가 짜미님 영상보고 중1때 화장을 시작해서 지금중3까지 저렴이들로 생활 해 와서 쨔미님 영상을 보고 처음 화장을 시작했던 때가 정말 기뻤는데 진짜 감사해요!! 쨔미님 앞으로도 꽃길만 걸어요♡♡",138개
97,오현주,언니는 진짜 귀여운거 가성비좋은거 어디서왔는지 궁금한 신기한물건(?) 쓰는 모습 보는 재미가있어요 ㅎㅅㅎ 채널의 큰 특색이자 장점!! 그리고 가장 중요한건 그런 언니 모습이 귀엽다는거..♥,0개
98,치즈볼,1. 1번  2. 2번  3. 2번 언니 영상항상 잘보고있어요~~,0개
99,이수인,"언니언니ㅜㅜㅜ 저는 언니의 원래모습이 너무너무 좋아요 !! 
하지만 가끔 새로운 모습도 보고 싶은건 사실이죠ㅎㅎㅎㅎㅎ
그럼 우리 다 하면 되죠!!
원래 채널 분위기유지하면서 고렴이도 보고 힙한메이크업도하고 !!
한 채널이 한 분위기만 꼭 유지해야되는건 아니잖아용ㅎㅎㅎㅎ 그쵸 ?!?!
언니가 얼마나 고민이였으면 이렇게 영상까지 찍었을까ㅎㅎㅎㅎ
저는 언니가 고민많이 안하고 항상 행복했으면 좋겠어요!!
언니 사랑해용❤❤🥰",0개
100,tube여니,"4:11 전1번이요!
6:39이건2번요
9:04 이건못골르겠다ㅠㅠ 그레도2번이요. 짜미언니 취향대로해주세요!",0개
101,칼퇴요정,"ㅋㅋㅋ그냥 짜미님이 하고싶은대로 하면되지 먼 투표까지 ㅋㅋ 
먼일 났는지 알고 놀랐넼ㅋㅋㅋ",74개
102,가연,1번이 좋아요ㅜㅜ,0개
103,똥방귀의요정,"1:평소처럼 저렴이로 하다가 가끔 고급진 것두 해주시면 좋겠어요
2:여러가지로 자주 만나고싶어요
3:자쥬만나요 우링💜",0개
104,마그마,"1번이요!
언니 너무 귀여워요~~",0개
105,조세희,"그대로 가주세요ㅜㅜ
윤짜미 영상 챙겨보는 이유가 있는데요",0개
106,초,"ㅠㅠ 무슨일 생긴줄 알았잖아요ㅠㅠㅠ

1. 1번을 메인으로 가끔씩 2번도 해주셨음 좋겠어요!
2. 2번이용!
3. 2번이여!",48개
107,박세연,1번 (1) 2번 (2) 3번(2) 언니가 뭐하든 좋아요ㅠㅠ 검정화면보고 무슨일 생겼나 걱정했어요 ㅠㅠㅠㅠ 이번영상 부터 정성이 정말 보여요>< 짱,0개
108,이을채,헐 언니 저 말랑말랑한 쿨톤쨔미언니 메이크업 알려주셔욤ㅜㅠㅠㅠ 너무 이뻐😭❣,0개
109,은지EUNJI,1번이요ㅜㅜ 저는 쨔미언니 그대로인 모습이 도 좋아요 ㅜㅜ 변하지 마세요ㅜㅜㅜㅜ 그리고 귀엽고 러블리한게 더 좋아요 ㅜ 사랑해요 쨔미언니❤️💗💗,0개
110,꾸밍,1/1/2 언니의 말랑말랑하고 귀여운 분위기가 좋아요~~~,0개
111,박선희,안돼요ㅠㅠ구취자들 왜 윤쨔미님 100만에서 99.9만으로 만들어요ㅠㅜ,32개
112,먕먕,너무..다 좋은데.. 언니 어릴때부터보다가..어느순간..20대 중반이 다되가요 ㅠ 저는 둘다 섞어서 해주셨으면 좋겠어요,0개
113,lleynha,너무 재밌지만 2번도 궁금하네여~~♡,0개
114,루루링오너,1번이요 채널 접는줄 알았잖아요ㅠㅜ,0개
115,YJ,짜미 언니 ㅠㅠ 괜찮아요 온니 하고싶은고 다해요!!,0개
116,쪼꼬미,언니의 개성의 밝음이 너무 좋구 항상 즐겁게 봐요.하지만 짜식이기 때문에 언니가 어떻게 바뀌든 전 언니의 영상을 꾸준히 볼거예요. 전  언니의 어떤 모습이든 좋아요❤,64개
117,을가,언니 고민이겠다ㅠ...썸넬보고 깜놀했음 ㅠ,0개
118,정유진,저는 일상브이로그 많이많이 보고 싶어용~~ 남편분이랑 데이트영상도 좋구요~~🥰🥰,0개
119,또띠아또또,"초2부터봤던 현재 중1으로서 두개다좋아ㅇ... 하지만 
원래컨셉도 쨔미님의 소소한장면이나 다양한것도 해주시니까 1번이좋은것같아여 (? 뭐라는건지 저도모르겠습니다 하핳 (?)",0개
120,홍리나,"1번 좋아요(2번도 좋긴해요....ㅠㅠ)

일상브이로그도 좋을것같아요",0개
121,우주,"1: 1번이 쪼금 아주 쪼금 더 좋긴 한데! 막 가끔씩 2번으로 해도 좋을 것 같아요! 사실 언니가 뭘 해도 좋아요 소중해 🥰 그러니까 억지로 높은 텐션으로 하는 게 힘들다면 텐션을 내려도 괜찮아요 막 텐션 낮아지면 우리가 싫어할까봐 억지로 그러지는 않았으면 좋겠어요 언니의 멘탈이 제일 소중해요!!!
2: 2번 일상 영상이나 다른 여러 영상들도 보고 싶고 궁금해요! 
3: 2번 언니 자주 보고 싶어요 ㅠㅠ 이번에 한 달 넘게 영상 안 올라와서 왜 안 올라오나 채널 기웃기웃했다구요... 물론 퀄리티가 중요하다고 생각하시는 분들도 계시겠지만 전 어차피 막눈이고,,, 그리고 일상 영상 같은 걸 올리기 시작하신다면 비교적 편집이 덜 중요하니까 ㅎㅎ 자주 볼 수 있지 않을까요?! 🥺",137개
122,댱이,저는 3번이요! 3(1+2) 전 쨔미님 다양한 모습 다 보고싶다구요~,0개
123,김자영,"저는 윤짜미 언니가 힘들지 않은선에서 영상들을 보고싶어요~
첫번째: 1번
두번째: 2번
세번째: 1번
윤짜미언니~아자아자 화이팅~!!😊",0개
124,땅땅,음....일단은 썸네일을 중요한 부분만2~4개만 넣어서 심플하게 해야할것같은데요..그치만 전 이 그대로가 좋은걸ㅠㅠ,0개
125,뉸민YunMin,1번이 언니 매력이 더 잘 드러나서 더 조아요❤️❤️,0개
126,JiwonKim,"1: 1번위주+2번가끔
2: 2번(일상 브이로그 보구시퍼요!!)
3: 2번(너무 부담감 갖지마시구 영상 만들어주셨으면 좋겠어용)",18개
127,뇽뇽뇽,인트로 어그로에 놀랬네여 ㅋㅋㅋ,0개
128,랑무,12살 있습니딩~~,0개
129,김선구,바꾸지 마세용 ㅠㅠㅠㅠㅠㅠㅠㅠㅠㅠㅠㅠㅠㅜㅜㅜㅜㅜㅜㅜㅜㅜㅜ,0개
130,이보경2,"언니! 저는 2번이용!
영상의 완성도 보다는 다소 가벼운 영상이라도 더 쨔미언니를 자주 만나고 싶어요우ㅜㅜ ♡♡",0개
131,어움,그와중에 저 노란 컨셉 메쿠... ㄹㅇ찰떡이시고 우아함ㅜㅜ 전 적절히 섞는게 조타구생각해요,55개
132,이아름,첫번째 의견에 2번에 동의합니다. 쨔미님 영상 구독자분 연령 생각해보면 2번이 맞다고 생각합니다.,0개
133,09효진,"1번이요🔥언니는 항상 그대로인 모습이 더 예쁘고 귀여귀여워요❗❗2번인 모습도 좋다고 생각하지만  전 원래 하던대로가 더 낮다고 생각해요👌언니가 2번이더 좋은 방법이라생각하면 전 언니가 2번컨셉으로하도 좋고 1번이 더 좋은생가이라 생각한다면 1번컨셉으로하셔도 전 상관 없어요😁


그럼이만 지나가던 쨔식이었습니다😅😅",1개
134,멜하,이거 뿌까머리 메이크업 영상 찍어주길 수 잇나 존예다 진짜,1개
135,이채연,"(1번,2번) 메이크업도 진짜 좋은데 다른것도 보고싶긴해요 일상이라던지.. 윤짜미언니가하면 다재밌을거같아서 다른거 시도해보는것도 좋을거같아요❤️❤️",0개
136,무지개,1번!! 월래 윤쨔미로 도라와~~~,0개
137,쩡이U,"1번 저렴이vs 2번 고렴이 : 1번
1번 뷰티 vs 2번 멀티 : 2번
1번 정성 vs 2번 자주 : 지금보다는 좀더 자주 1.5번 
항상 응원해요 짜미짜미 윤짜미 화이팅❣",4개
138,문애지,1번이여여영여ㅕ영,0개
139,whdtj,1번에 1번 2번에 1번 3번에 2번이요오오 ㅠㅠㅠ 그리구 이번영상 윤쨔미 화장 윤짜미 화장 모두 올려주세요... 가장예쁩니다❤️❤️❤️❤️❤️❤️❤️❤️❤️ 저두 쨔미언니 중딩때 보기시작했는데 이제 고3이네요... 어느모습이든 다 좋아요😍❤️❤️ 화이티이잉💖,0개
