﻿,youtube_id,comment,like_num
0,호라드,"여윽시 빛형일 명강의 입니다^^
3번째 2:1패스로 돌리고 들어가면 그냥 바보되죠
정말 아마추어100번이면 200번 놓치는 상황이죠 
이제 사람을 놓치지 말고 의식을 하면서 플레이 해야겠네요
빨리 행복축구 하러 가고 싶네요
마티치PD님은 자신감  최고",2개
1,마티치,'더이상 윙백은 도구가 아니다',43개
2,김언빈,6:25 무리뉴형 탈압박ㄷㄷ,12개
3,짱임호날두무회전이,형일이형 진짜 존잘,26개
4,무난한문환씨,골키퍼도 있었으면 ...좋겠습니다..!,2개
5,동꾸준,고알레 정말 아낌없이 알려준다,12개
6,동꾸준,"3가지유형
1.빠른 공격
2.드리블 공격
3.연계 공격",8개
7,HaJunKu,"역시 형일다크!! ""수비는 절대 포기하지마!"" 멋있습니다!",1개
8,배찌,고체티노행님 치명적이에요..,2개
9,vuisvearldi,셋다 잘하면 어떻게 막아야 하죠ㅋㅋ,8개
10,GoAle,"누구인가? 누가 마티치를 뚫어볼텐가? ㅎㅎㅎ

💥댓글 이벤트💥
댓글을 달아주신 분들 중 추첨을 통해 한 분에게 고알레 중독팬츠를 선물로 드립니다!
당첨자 발표는 5/28일 목요일에 고정 댓글을 확인해 주세요~!!
(랜덤 추첨)
 
 
감독님들이 입은 유니폼이 궁금하시다면!
고알레 스마트스토어 https://bit.ly/39WB3xM",36개
11,이승혁,감독님들이랑 마티치 분위기 너무 재밌닼ㅋㅋ 사이드백한테 너무 유익한 수비꿀팁이네여~,2개
12,정민우,"아.. 그래서 아자르랑 네이마르 같은 사람들한테는 수비가  
먼저 압박하지 않는거 구나??
그래서 땅따먹기가 중요한거구",2개
13,지리산곰주먹,"마티치 제가 뚫어보겠습니다. 고알레 구독자 초청 한 번 가시죠!!!!!
.
.
.
.
.
.
코로나 끝나면...ㅎㅎㅎ 다들 코로나 조심하세요!",17개
14,동꾸준,퓨마 머리밴드 간지나네,3개
15,김경민,0:02앞머리...ㅋㅋㅋㅋ 초싸이언,3개
16,동꾸준,덤비지 말고 침착하게,2개
17,동꾸준,형일이형 옆에 박무리뉴 있으니 귀엽다 ㅋㅋ,8개
18,HRLee,와... 진짜 많이 당하고 어떻게 해야할지 모르겠던 것들인데 상황별 선수별로 이렇게 영상을 만들어주시니... 그저 감사할 뿐이예요 점점 수비 실력도 늘고 축구하는 재미도 점점 커져가네요,3개
19,정민우,"수비할때 가장중요한것
1.공격수와 땅따먹기를 한다 
2. 수비수와 사회적 거리두기를 한다.
3.중심을 뒤로둔다.
좋은 꿀팁 감사염 긋긋긋",2개
20,YGSeo,마티치님도 코치님들도 넘 유쾌하네옄ㅋㅋㅋㅋㅋ 방송 잘한닼ㅋㅋㅋㅋ 사이드백이라서 유익하게 봤습니다~~~👍,2개
21,이지민,축구잘하는 애들보면 공통점이 다 고알레를 시청한다는 우리 학교의 정설..,1개
22,동꾸준,고체티노 너무 웃겨,5개
23,이병현,"마티치 이겼습니다 하는거 넘모 귀엽자나,,,,😘",3개
24,이승진,선수용 수비방법 너무 웃기네요ㅋㅋㅋㅋㅋㅋㅋ,1개
25,아무개,9:47 여기부터 하이라이트  ㅋㅋㅋㅋㅋㅋㅋㅋㅋㅋㅋㅋㅋ,1개
26,햇반,마티치 루크쇼 만들기 프로젝트 ㅋㅋㅋ,2개
27,다비드비야,솔찍히 조기축구에서 윙백은 쩌리자리인데 1인분몫만하면 떡상자리기도 해서 많은도움되네요 ㅋㅋ이번주 떡상가즈아~!,1개
28,김건우,아 제가 윙인데 수비법을 알려주시면....하하..,1개
29,류성민,"형 진짜 개 잘생겼네




이렇게 하면 되지?",3개
30,동꾸준,중독팬츠 얻을려다가 고알레에 중독됐네,2개
31,동꾸준,마티치 하면 맨유에서 극장 골을 잊을 수 없지,2개
32,hsbdrb,"포항 스틸러스 직관 갔을때 김형일 일대일 상황에서 ""후"" 라고 하면서 공격수한테 드루와 하던거 생각나네 개간지였는데",2개
33,구준회,10:34 고체티노 형ㅋㅋㅋ...보는 내가 아프다...,1개
34,맛좋은현이,꿀팁 감사합니다. 실전에서 꼭 쓸게요,2개
35,정재원,진짜 써먹고 싶은데..  망할놈의 코로나땜시 ㅠㅠ,0개
36,이지민,9:47 아마도 늘겠지가 아니라 무조건 늘겠지임,0개
37,동꾸준,수비 스텝 자체가 다르네 다리도 길고,2개
38,김범진,진짜 유용한 팁인것같아요 마지막은 ㅋㅋㅋ싸움ㅋㅋㅋㅋ,0개
39,강휘성,센터포워드요 ㅠㅠ,3개
40,조성재,5:01 으아으 무리뉴형 귀여워ㅠㅜㅠㅜㅠ,5개
41,걸작품,중독 팬츠 꼭 갖고싶네요ㅎㅎ,1개
42,안중원,형일이형 설명 쏙쏙들어오네ㅋㅋㅋ,1개
43,KimJungmin,항상 그렇지만 오늘도 메모해야할 것들이 엄청 많네..ㅋㅋㅋ 오늘도 좋은 영상 올려주셔서 감사합니다~!,0개
44,최명진,수비의 핵심은 바디체크~,2개
45,박우빈,"또 제가 전북팬이라서 형일이형 팬이였어요
형일이형 아챔때 그 투지...생각나시는분있으려나 ㅎㅎ
쨋든 정말 잘 보고있습니다! 고알레 화이팅!",2개
46,권순우,"훗..마치티..  참 맛있는 한끼식사로 보이는걸?
ㅎ











덤벼라(드리블 윙어)",3개
47,뚱이,박무리뉴 미드필더 강의 기원 2일차,2개
48,라비오세,고알레 햄 CDM 강의도 해주세요 공수 방법 둘다요!,2개
49,겸Son한흥민이,실축에서도 가장 힘든 포지션 윙백:),1개
50,동꾸준,고알레와 함께라면 너도 축구 할 수 있엉ㅎㅎ,1개
51,한비,형일이형~,1개
52,김민제,이렇게 영상으로 보니깐 수비가 쉬어보이네요 와ㅋㅋㅋ 박메시 박사인볼트 다 나오눜ㅋㅋㅋㅋ,1개
53,CSAHN,고알레 영상 볼때마다 요즘 축구 너무 마렵습니다.....ㅠㅠㅠ 코로나 빨리끝나라제발.  ..,1개
54,꽃미남현,저도 배우고 갑니다,1개
55,손태풍,역시 고알레~~ 수비~~,0개
56,동꾸준,고알레 소리질러,1개
57,김승호,"진짜 이해하기 쉽게 알려주신다!
이제는 윙 공간을 절대 내어주지 않을것같다!
감사합니다 고알레! 축구하는 토요일이 기대되네요😊",1개
58,정제영,늘 좋은 영상보며 참고하고 있어 너무좋습니다 고알레 최고~~^^,1개
59,오범석,"와 여윽시 고알레!!!
형일이형! 형 잘보고 많이 따라해서 위험한 상황에서도 벗어날수 있게 연습 많이 할게요!♡♡ 앞으로도 많은 영상 부탁 드립니당^^
고알레 홧팅!!!",1개
60,문성준,ㅋㅋㅋㅋㅋㅋ 드리블도 잘하고 스피드도 빠르면 어떡하지..??,2개
61,축못말협도축구는못말려,축구에서 유익함은 아마 고알레 따라올 채널 없을듯..,1개
62,최용준,진짜 항상 개꿀팁 감사합니다 ㅋㅋㅋ,0개
63,심규상,윙백 팁 감사합니다 항상 좋은 영상 ㅎㅎ,1개
64,IPTVlHyoilKim,"진짜 너무 유익한 강의시리즈!!
이해도 너무 잘되고 최고에요!!",0개
65,동꾸준,난 고알레에 중독됐어 ㅠㅠ 매일 영상 보는 듯,1개
66,JaewonBoo,별책부록까지ㅋㅋㅋㅋ 너무 꼼꼼한 강의네요ㅎㅎ 무게중심을 뒤로 하는 거 꼭 기억할게요 고마워요 형일이형~😍,0개
67,00현대v7mo,"수비하는것 때문에 고민이 많았는데 잘보고  배우고 갑니다 
감사합니다 👏👍",1개
68,콩장금,형일이형 수비팁 진짜 도움되는데 감사합니다!!!,0개
69,이귭귭,이번주 축구 써먹을거 메모 ㅋㅋㅋㅋ 감사합니다,0개
70,장우최,제가 뚫어보겠습니다!ㅋㅋㅋㅋ빠른선수들 잡는법 와우ㅋㅋㅋ,0개
71,머저,영상 보는 것만으로도 마티치님처럼 자신감이 붙네요ㅋㅋㅋㅋ감사합니다!,0개
72,김하영,"이런 수비 영상 너무 좋습니다😃                                    
또 좋은 영상 기대하겠습니다!",1개
73,진진,1:11 순간 뇌정지 오신듯?ㅋㅋㅋㅋㅋㅋㅋㅋ,0개
74,정민민우,제가 마티치뚫고 고알레 팬츠 얻겠습니다 .,1개
75,조성호,"이번영상도 재미있게 봤습니다! 형일이형 가르쳐주실 때 ""어흥 사운드"" 가 너무 잘어울려욬ㅋㅋㅋㅋ",1개
76,SuperMoon,깨알 고체티노 감독님의 예능~~ㅋㅋㅋㅋㅋㅋㅋㅋㅋ,0개
77,김준우,모든 포지션 잘해서 올포지션 가즈아아(골키퍼 팁도 알려주세요!!!),1개
78,하준,질문있습니다!! 사이드 공격이 빠르고 드리블도 잘하면은 어떡해 하나요?,1개
79,동꾸준,선출은 발 감각도 남다르네요 ㄷㄷ,1개
80,감사함,내가 한번 뚫겠소~,1개
81,피파충,박무리뉴 졸귀,1개
82,예준,박무리뉴도 해주세여 ㅠㅠ,1개
83,이준희,형일이형 섬세한 설명..미첫잖아..완전도움이네,1개
84,동꾸준,마지막 별책부록 어깨로 하는 거 무섭네요 ㄷㄷ,1개
85,최준용,오늘도 하나 배워갑니다! 고알레 화이팅,1개
86,우디르,꿀팁 감사합니다ㅎㅎ,0개
87,익인암,마티치 화이팅,1개
88,홍지뉴풋볼TV,10:31 이게 꿀팁인데 형일이형이 아마추어들에게 알려주고 싶지 않는 이유.,0개
89,기버지,진짜 수비가 햇갈렸는데 공격 유형별로 다 알려주셔서 감사합니다. 고알레♡♡♡♡♡,0개
90,런던Ghost,왼쪽에 영화배우분 축구 잘하시네요.,1개
91,김정균,ㅋㅋㅋ 우사인볼트 개웃기넼ㅋㅋㅋㅋㅋ,0개
92,동꾸준,아마추어들이 자주 실수 하는 부분도 알려주고 친절하게 설명 해주는 고알레 최고~,1개
93,DHLee,진짜 간단하네요ㅠ,0개
94,동꾸준,별책부록:바디체킹 제이미 바디~,1개
95,프랭키더용,고알레 너무 도움된다..,1개
96,김병호,형일이형 진짜 쉽게 가르치신다.... 대박꿀팁 감사해요ㅎㅎ👍👍,0개
97,김도현,와 진짜 🐶꿀팁이다  형일이형 좋은 강의 진짜!!!감사합니다.,0개
98,JakeCho,수비 진짜 영상보고 배워서 열심히 하는데 태클도 너무 시도하고 싶네요 비사카처럼 깰끔하게,0개
99,라온애비,좋은 강의 정말 감사합니다ㅋㅋ3번째가 가장 궁금했는데 명쾌하군요ㅋㅋ,0개
100,강성범,GOD BLESS YOU ♡,0개
101,황도영,음바페는 스피드도 빠르고 드리블도 좋고 연계도 좋네 ㅋㅋㅋㅋㅋ,0개
102,축구는장비빨,우리 축구 도사님 박무리뉴 감독님은 아마도 늘겠지에 강의 하러 안오나요??,1개
103,InSungLee,빛형일 화이팅!!!,1개
104,김건,형 진짜 개멋있어 고알레 좋아요 구독 ~,0개
105,시또,별책부록 ㅋㅋㅋㅋㅋ,0개
106,민제,빠른데 드리블 잘하는 애들은 어떻게 막아야하나....?,1개
107,루트,감사합니다 잘 배우고 갑니다. ^~^,0개
108,김지욱,언제 당첨되나~ㅠ,0개
109,배문규,수비는 포기하지마!,1개
110,이주섭,진짜 잘못하는데 이거 보면서 엄청 연습하고있습니다!!감사해요,0개
111,박우진,감사합니다 항상 잘보고 있습니다,0개
112,임인택,와 수비강습 짜앙~,0개
113,김준영,바디체크 배워갑니다..,1개
114,이수영,"항상 많이 보고 배우고 있습니다..
좋은 영상 많이 부탁드립니다..",0개
115,권오정,잘보고갑니다~ㅎㅎ,0개
116,붐래,역시 미남 수비수 ㅋㅋㅋ 잘 보았습니다!,0개
117,동꾸준,포지션 별로 해주시니 감사 할 따름~,1개
118,TIWSY,와 진짜 유익하다,0개
119,리빙타란,다음에 김민재선수 출연 가능한가요?ㅋㅋㅋ,0개
120,백일장,항상감사합니다 고알레!!!♡,0개
121,정의용,항상 잘 보고 있습니다~~ ㅎ 저도 코로나 끝나면 꼭 참석해서 배우고 싶네요,0개
122,xewczweaou,진짜 유익하다,0개
123,jung,형일선생님덕분에 수비 잘 할 수있을 것 같아여~!!  이해하기 쉽게 알려줘서 고맙슙니다,1개
124,재모,난 지금까지 열심히 백봤는데 이런 유형이 나뉘는줄을 잘몰랐는데 정리해서 알려주시니까 진짜 편하고 유용하네요 역시 형일이형인가....,1개
125,,호형 고체티노 박무리뉴 도 다 축구선수 출신인가요?,1개
126,박건우,고알레 분들 덕분에 수비는 마스터한듯ㅋㅋ,0개
127,주이클,"제 앞 공격수늘빠른데 드리블도 잘하고 연계잘해요ㅜㅜ
어케 막나요?",0개
128,이계명,"항상 영상 감사합니다. 
중독팬츠로 블로그 리뷰 남겨보고싶어요.",0개
129,부천축덕,좋아요가 많으면 많을수록 이벤트에 당첨되기가 쉬운가요,1개
130,고야드,이제 좀 수비 재미보면서 할 수 있을 것 같네요 ㅋㅋㅋ,0개
131,최권위,"이 영상 보고 세개의 유형별 공격수 대처법을 인지한 상태로 경김에 임해도, 사이드에서 막상 스피드 진짜 빠른 공격수가 제 쪽으로 드리볼 하










려환 조명이 나를 감싸네... 
바로 화려한 조명속에서 형일선수님의 말을 기억하면서 완벽하게 수비 성공 할 수 있을것 같네요ㅎㅎ",1개
132,이동현,수비가 진짜 중요한거 같아요!!,0개
133,MessiMr,"진짜 존잘ㄷㄷ
얼굴보다 공 뺕길듯",0개
134,하핫,형님들 영상보며 복습하고 있습니다,0개
135,입축구발전위원회,형 너무 머싯..👏🏻,0개
136,지성근,오늘도 영상보고 축구하러 갑니다 좋은영상 감사합니다 ~~이벤트 이번엔 제발🙏🙏🙏,0개
137,스콜TV,"고체티노님 ㅋㅋㅋㅋ 
소개 장인이시네요 ㅋㅋㅋㅋㅋㅋㅋㅋㅋ
박메시 ㅋㅋㅋㅋㅋㅋ",0개
138,장윤석,드리블이 좋은데 빠른 사람은 어떻게 막죠....?ㅋㅋㅋㅋㅋ,0개
139,공운독,매번 영상 잘 보고있습니다,0개
140,혹영씅,고알레 너무 유용하자너~~,0개
141,SJ,정말 중요한 수비 꿀팁인거같습니다 ㅎㅎ,1개
142,박민수,제이케이아트싸커랑 합방해주세여  퓨ㅠㅠㅠㅠ,0개
143,김찬수,우리팀 윙백들 보여줘야겠네요 ㅎㅎㅎ,1개
144,LolliPop,고알레를 본 공격수와 수비수 피지컬 에서 졌습니다....ㅋㅋㅋㅋ 수비영상 너무 도움 많 됬어요!!!,0개
145,이동훈,"6:25  박무리뉴 볼컨트롤 눈호강 +ㅁ+  
3달째축구못하고있는데 고알레영상 써먹어봐야지",0개
146,vip공자,매번 좋은 영상 감사합니다~~👍👍,0개
147,31225번정수현,와..ㄷㄷ 고알레는 축구 1타 강사들만 모이셨넹..,0개
148,동꾸준,고알레 덕분에 축구실력 많이 늘었어요 ㅎㅎ 감사하고 응원합니다,1개
149,스글리,수비할때 도움될꺼 같네요~ 좋은영상 입니다!!,0개
150,부천축덕,이번에야말로 꼭 고알레이벤트에 참여를해서 꼭 중독팬츠나 7부팬츠 받고싶어요,1개
151,김다한,"마티치 피디님 전부터 얘기하고 싶었는데 살짝 미역 닮으셨어요 


저랑 붙어보실래요 제가 광주 반다이크에여",2개
152,동꾸준,고알레 항상 응원하고 중독팬츠 갖고싶어요,1개
153,1별해도괜찮아,오 윙백 이다 크로스도 부탁드려요 ㅎㅎㅎ,0개
154,이화영,꿀팁 감사합니다~,0개
155,김승택,"와...진짜좋은영상입니다! 팁 너무너무좋았습니다! PD님들이 직접 보여주시니 진짜 확 와닿네요! 사이드잘막아보겠습니다!!!! 감사합니다, 고알레굳굳굳!",0개
156,김시온,바로 해보러 나가야즤~,0개
157,엔돌핀엔돌핀TCN826,요건 진짜 팁이다,0개
158,이현우,"와.. 진짜 너무 꿀팁 아닌가요? 진짜 아낌없네요ㅎㅎ
특히.. 3.연계를 잘하는 공격에 대한 수비 타이밍, 시선, 압박 와.. 진짜 큰거 배워갑니다 
고맙습니다.",0개
159,YeonghunLee,세가지 유형 장착 완료!! 제가 한번 써 먹어보겠습니다!!,0개
