﻿,youtube_id,comment,like_num
0,허원준,근데 진짜로 자기 슛팅폼을 딱 찾으면 그때부터 축구 더 재밌어짐,2개
1,토게피,자세에는 정답이 없는듯. 수 없이 연습해보면서 자기에게 맞는 편안한 자세가 제일 좋은 자세가 아닐까,15개
2,이다솜,"볼때마다 호형은 어릴때부터 알던 동네오빠느낌이고
고체티노는 장난꾸러기 학교선배같고
박무리뉴는 좀 멀어서 자주 못보는 사촌오빠같음ㅋㅋㅋㅋㅋㅋㅋㅋㅋㅋㅋㅋㅋㅋㅋㅋㅋㅋㅋㅋ나만 그런가🤔",10개
3,FCIAB,5:44 오늘의 하이라이트,5개
4,sangsunPark,박무리뉴 감독님이 가볍고 정확하게 제일 잘 차시는 듯~,5개
5,정민우,"각자만의 갸성을 살린 슈팅폼이 다 
 너무 멋져요",4개
6,이진솔,박무리뉴 귀여웡 ㅠ,11개
7,한주성,4:52 발가락 위쪽으로 차는건가요?,3개
8,SHK,"항상 골킥같은 슛이였는데 참고해서 호형처럼 차보겠슴다!








양말받으면 헿",3개
9,남스모찌,"1:00 지구밀기 파워
3:40궁디 파워
5:10깡총 파워
모든 파워 총 집합",4개
10,시또,"매번 킥할때 힘이 좀 덜 실린다는 
느낌 받았는데 무리뉴님처럼 
체중 실어 차봐야겠네요 감사합니다
진짜 유익한 영상이네요 🤓",2개
11,아빠콩이,크으 울산에 박태윤 슛팅 왜케 싸냐..,2개
12,박지원,개인적으로 박무리뉴감독님 슛이 인상적이다..,4개
13,WansooJo,무리뉴 감독님 깡총슛 연습합니다!,2개
14,KING도현,내 최애 유튜브 채널ㅋㅋㅋㅋ,2개
15,정일순,박무리뉴감독님처럼 차는 날까지 빡축!,2개
16,화학II마스터,0:58 찐텐으로 놀라는 거 보소 ㅋㅋㅋㅋ,1개
17,,4:09 왼쪽 위에 무지개 떴다,1개
18,박우빈,슈팅폼까지 멋진 감독님들...정말...,2개
19,축못말협도축구는못말려,트레제게 PD님이 되게 의외에요 ㅋㅋㅋ,2개
20,황체스터유나이티드,고체티노님은 예능하시네ㅋㅋㅋ,1개
21,동꾸준,논슬립 신으면 진짜 안 미끄러지는감~,1개
22,박은재,고알레형들 jk형이랑 대결해주세요!,2개
23,오서진,4:10 뒤에 무지개,1개
24,전성빈,저는 손 동작이 너무 어려워요ㅠㅠㅠㅠ,1개
25,SJ,호형의 피지컬 너무 부럽습니다...,1개
26,최대리머해,"코치님들 슛팅 자세 잘 봤습니다!!
엉감 한번 도전해보고 싶네요 ㅎㅎ
잘봤습니다!!",1개
27,박성민,자세가 각각 달라도 다 엄청나네 ㄷㄷ 그래도 호형슈팅이 강력한게 제일멋있는듯,1개
28,손미남,1:20 나였으면 아무 잘못은 없지만 먼저 죄송하다고 했을거같다..,1개
29,한상철,"ㅋㅋㅋㅋ호형 발목힘이 대단하네 공 속도봐
부러워 ㅠㅠ",0개
30,AGUEROKUN,호형슛  지구를 밀래~ ㅋㅋㅋㅋㅋㅋㅋㅋㅋㅋㅋㅋㅋㅋㅋㅋㅋㅋ,0개
31,현준,4:54 뻐뀨 ㅗ,0개
32,동꾸준,호멜레온 ㅋㅋㅋ,1개
33,윈토TV,"0:52  역시 호형 힘이 좋아ㅋ
지구를 민대ㅋ",2개
34,최석현,"진짜 다들 대단하시네요 ㄷㄷ,, 저도 영상보고 열심히 연습할게요!",0개
35,justicechung,pd 가 더 잼있노~ㅋㅋㅋ,0개
36,dave킴,나이 오십 중반에 이제 축구를 시작했습니다. 동영상 잘보고 있습니다,0개
37,배선욱,분석 기다리고 있었다 ㅠ!,1개
38,김희재,엉감ㅋㅋㅋㅋㅋㅋ,0개
39,이지환,고체티노처럼 차면 랄부 아프던데... 나만 그런가?,2개
40,조우현,ㅋㅋㅋㅋ 지구 밀기 슛. 하나 배웠네요.,0개
41,JaebeomHong,저도 힘이 부족한 편이라 박무리뉴감독님처럼 체중싣는 깡총슛이 잘 나가는거 같아요!,1개
42,김시형,"엉감ㅋㅋㅋㅋ 
ㄱㅐ웃기니깐 양말ㄱㄱ",0개
43,d오b,박무리뉴님 슛찰때 ㅋㅋㅋㅋㅋㅋ손하트 무엇 ㅋㅋㅋㅋㅋㅋㅋㅋㅋㅋㅋ,0개
44,동꾸준,겨울 양말밖에 없어서 너무 더워요 ㅠㅠ,1개
45,김한결,세분다 너무 잘차네여,1개
46,매덩병,저도 작고 힘이 없으니까 박무리뉴 감독님 방식대로 차면 되겠구만😌땡스,1개
47,김현철,저 모습을 그대로 복붙하고 싶네요ㅜㅜ,0개
48,오준성,호형 첫번째 슈팅 ㅎㄷㅎㄷ,0개
49,여준혁,고체티노 엉감 나도 해봐야지 ㅎㅎ,1개
50,FullbangSong,1:50 두루치기,0개
51,kim석현,"와 분석해줘서 감사합니다 
따라해야겠어요 ㅋㅋ",1개
52,강고한,중독팬츠 입으면 슛 잘차는건가요ㅋㅋ,0개
53,김준우,와..진짜 잘한다ㅋㅋㅋㅋ,3개
54,황체스터유나이티드,박무리뉴님의 하트 저한테 날린거로 생각할게요ㅎ,1개
55,최명진,지구를 밀어라~,1개
56,홍지호,호형 슛팅 진짜 ㄹㄱㄴ,0개
57,민형,지구를 민다는게 뭐죠?ㅋㅋ,0개
58,김태영,세분다 자신만의 슈팅루틴이있네요! 엉감ㅋㅋㅋ 웃기면서도 놀랍네요👍🏻,0개
59,MoonkyuLee,화이팅~!,0개
60,나우성,ㅋㅋㅋㅋ잘차시네요,0개
61,니가생각해,자세가 정말 좋네요 오늘도 잘배우고 갑니다,1개
62,소신,나이키 양말 샀는데 너무 맘에 안 드네요 ㅠㅠ 고알레 논슬립 양말 갖고 싶어요~!,1개
63,GSok,저도 슈팅 잘하고 싶어요..ㅠㅜ,0개
64,류정우,박무리뉴 다리 죤나 짧네ㅋㅋㅋㅋㅋㅋㅋ,1개
65,변호준,ㅋㅋㅋㅋ지구를 밀려면 발목힘이 굉장해야할텐데 역시 호형,0개
66,박찬민,엉감 ㅋㅋㅋ 어감이 좋네요,0개
67,링크의분노,슛 차는 방법 돌려보면서 저한테도 대입해야겠습니당 ㅋㅋㅋ,0개
68,야오우,진짜 슛이 약해서 고밍인데 감사함니다 무리뉴님,0개
69,김건우,트레제게PD님 엄청 잘 차시네요 오우,1개
70,salgooo,ㅋㅋㅋㅋㅋㅋ다들 개성있지만 온도니 감차가 매력적이군요,0개
71,축팬TVFM,영상 너무 재밌습미다,0개
72,빵좋아,매일 혼자서 슛연습하고있는데 저도 잘차는 날이 왔으면 좋겠네요ㅠㅠ,1개
73,곽준후,저도 영상찍어보고 해봐야겟어요!엉감 미쳣닼ㅋㅋ,0개
74,주희준,우와...,0개
75,RyeolLee,감독님들 너무 멋지네요ㅠ,0개
76,앙띠,저도 슈팅 잘차고싶어서 매일 연습하고있어요 ㅠㅠ,0개
77,근찬악동tv,슛팅 알려주셔서 감사해요 한수 배우고 갑니다ㅎ,0개
78,정병혁,지구를 미는것처럼! 기억하고 연습하겠습니다~!,0개
79,김형진,믿고보는 고알레~ 슛에 대해 배우고 갑니다^^,0개
80,주은혁,고체티노 형님 저랑 좀 비슷하시네요!,1개
81,정우,역시 호 형님 !! 잘보고 갑니닷!,0개
82,홍정우,양말 받고 싶어요 ㅜㅜ 힝구,0개
83,이캉테,감독님들 오늘 신은 축구화들 다 궁ㄱㅁ하당..,0개
84,김민우,"영상 잘보고 갑니다!! 항상 좋은 영상 감사드려요 고알레 화이팅!!
앞으로도 좋은 영상 많이 부탁드립니다.!!",0개
85,정기윤,호형 슈팅 지렸다,0개
86,김종요멍충이,엉감 ㄷㄷ;,0개
87,이상혁,와 저는 개인적으로 박무리뉴 코치님 스타일대로 해야 파워가 나가더라고요 ㅎㅎ,1개
88,영찬,페북에서도 봤는데,0개
89,T봉황,지구를 밀면 ~~^^,0개
90,위고하민스,"항상 좋은 영상 만들어 주셔서 감사합니다 
코로나 조심하시면서 축구 열심히 하세요 
항상응원합니다",0개
91,guitaristKangHo,호형.. 만나서 배우고 싶다..,0개
92,윤호,호형: 무.회.전,0개
93,박재성,호형 존멋...,0개
94,김대훈,멋진 영상입니다!,0개
95,정마이비디오,4:24초 왼쪽 하늘에 무지개 떴다,0개
96,코워커Coworkers,이번에 축구화를 샀는데 축구양말을 꼭 받고 싶어요ㅜ,0개
97,SB1234,역시 자신만의 슈팅폼과 감각을 갖는게 중요하군요ㅎㅎ,0개
98,비타민,"이 영상 너무 필요한 영상입니다.....보고 또보고 실전연습 하겠습니다...
코알레 멤버분들 모두 귀엽고 ...대단하신분들....늘 감사합니다...",0개
99,1411신다원,와우 슈팅 레전드들,0개
100,싄난돠,'엉감'생심,0개
101,석현,아니...무슨..슈팅 실력이...축구 그물 찢길듯이;;대박!!,1개
102,박정민,양.말. 받고싶어요 !!!!!!!!! 엡비베베ㅔ베베베베베ㅔㅔㅐㅂ베ㅔ벱,0개
103,크하하하핫,사랑합니다 형님들!!,0개
104,김경민,4:54아니 하트머냐곸ㅋㅋㅋㅋㅋㅋㅋㅋ,2개
105,김기현,바로 연습하러 갑니다!!,0개
106,GKC,엉감이라 하는 부분에서 스털링이 생각난건 저뿐인가요ㅋㅋㅋ,0개
107,의찬홍,"할때마다 양말이 찢어져요 ㅠㅜ 양말좀 부탁드려요!!
근데 진짜 잘찬다 ㅎㄷㄷ;;",0개
108,이성현,와우 지난번 영상에서 댓글 달았던 내용이네요!! 좋은 영상감사합니다!!!^^,0개
109,킹구리,진짜 고알레 보면서 실력 많이늘었다고 많이들었어요 감사합니다 앞으로도 잘부탁드려요 고알레 화이팅!,0개
110,jungwoomoom,호형의 슈팅전 제쳐놓는 강의 영상 올려주세요!!,0개
111,DksoccerPong,"슛할때 차는발 무릎이 잘안접혀지는데 알이켜 주세요
그거 때매 매일 혼나요😭😭",1개
112,HJK,"다음에는 다른 감독님 브이로그도 기대하고있습니다ㅠㅎㅎ
슛폼이 다들 개성이 넘치네요 ㅋㅋ
코로나 조심하세욤",0개
113,준형엔터테인먼트,트레제게pd님 멋지셔요!!!! ㅎㅎ,0개
114,조창근,슈팅차면서까지 우리 구독자를 위해 하트날리는 박무리뉴 그는 도덕책...😘,5개
115,함홍규,와 진짜 역대급 슛팅이네요 역시 고알레 감독님들 최고최고,0개
116,임규민,세 분다 정말 잘차시네요 ㄷ ㄷ,0개
117,데식이,"나도 파워는 되는데 정확도가 ㅠㅠ
감독님들 슈팅의 비결은 논슬립..?!!",0개
118,파노력,오우홧팅,0개
119,차태곤,감사합니다,0개
120,이성종,박무리뉴 감독님 슛 대박이네요 저도 닮고픈,1개
121,장효진,영상에 박무리뉴님 신발은 뭔가요~?,1개
122,유희상,군대 가기 전에 논슬립 양말 한번 신어보고 가고 싶습니다ㅜㅜㅜ,0개
123,이성주,"와... 진짜 각자 다 다르네요 ㅋㅋ 갠적으로 모두 다 하고 싶네요 ㅜㅜ 너무 멋있습니다!!
호형 수제자 트레제게 파이팅입니다 ㅋㅋㅋ
고알레도 파이팅!",0개
124,JosephKim,나 논슬립 양말 갔고싶다냥!,0개
125,우상윤,정말로 잘하시네요..굳,0개
126,재현ljh,"와 지려요
저도 언젠가 저렇게....ㅠ",1개
127,이관주,고알레파이팅!!,0개
128,GoAle,"<고알레 논슬립 양말 댓글 당첨 발표!>

닉네임:허원준
근데 진짜로 자기 슛팅폼을 딱 찾으면 그때부터 축구 더 재밌어짐


축하드립니다 메일 주소 남겨주시면 추후 연락드리도록 하겠습니다!",0개
129,김민규,슛파워가 셋 다 오져;;,0개
130,크리스티아누호날두,감독님들 슈팅읻ㄷ,0개
131,이제철,파워슛하고 싶은데 잘 안돼요...고체티노 점점 귀요미 캐릭터 장착하시는듯 ㅋㅋ,1개
132,이동훈,"이번영상도 수고하셨습니다행님 ( ^^)(  _ _)
저도양말받고 축구해보고싶습니다 ㅋㅋㅋ",0개
133,CKY,자신만의 루틴 잘봤어요 ㅎㅎ,0개
134,안현범,호형 무릎 조심하세요~!,0개
135,최강민,호형 골대에서 골데슛 보고싶어요,0개
136,강민규,와 멋있다ㄷㄷ👍👍,0개
137,임정훈,무리뉴님 슈팅연습 얼마나했을까 ㄷㄷ 젤 시원하게 차시네,0개
138,박상유,저 갖고싶어요....,0개
139,부천축덕,5월8일고정댓글은 어떻게된거죠,1개
140,JUNGYOSEO,진짜 존경하고 배우고싶다,0개
141,지아대디TVDaddyS,역시 호형이 제일 안정적인것 같아요 ㅎㅎ,0개
142,이주호,와.... 슈팅이 장난아니네요...,0개
143,이채민,도움 많이 됬슴둥!!,0개
144,하준,트레제게 웃기누,0개
145,InSungLee,"선 좋아요👍
후 감상 🧐",0개
146,황체스터유나이티드,고리킥 잘배워갑니다,1개
147,김동환,다들 다 잘차신다...,0개
148,온연경,지구밀기슛ㄸㄸㄷ,0개
149,김창현,뭘 신어도 잘 차시네요,0개
150,권기현,고알레 화이팅입니다!,0개
151,신희숙,다 멋있다,0개
152,버파파007,서로의 슈팅자세로 바꿔서 슛팅대결 해주세요 !,0개
153,Jul,뒤에 무지개 있어요,0개
154,이기현,고고고!!!!알레알레알레!!!,0개
155,JinBae,박무리뉴 감독형님 매력있어요,0개
156,김김태진,뿌이뿌이뿌이,0개
157,응너3년전,축구 유튜버 꿀팁좀 주세요~~,0개
158,경민준,"전 약간 무리뉴 형하고 비슷하게 차는거 같아요
무리뉴 형 👍",1개
159,김승호,지구를 미는 슛vs엉감vs껑충슛,0개
