﻿,youtube_id,comment,like_num
0,GoAle,"sitohoo - 댓글 이벤트 당첨자입니다!

형일이형 !
혹시 찾아보니 나보다 동생이네
그래도 나보다 축구 잘하면 형이지~
한 수 배우고 갑니다 !
고알레 화이팅


이번 화 축구화 당첨자는 '이동현'님입니다!
메일로 연락 드리도록 하겠습니다! 

참여해 주셔서 진심으로 감사드립니다!",2개
1,동꾸준,너무 멋지다.. 키도 크고,12개
2,HJK,"전북현대 최고의 센터백이 알려주는건데 귀찮아도 일어나서 해야지 ㅎㅎ
최고의 영상 감사합니당",5개
3,GoAle,"축구장을 못 나가 답답하신 여러분들을 위한 이벤트!!
 
1. 형일이형과 함께 운동하는 영상(위 영상을 보고 따라서 운동하는 영상)을 
   trezeguet@goale.co.kr 로 보내주시면 추첨을 통해 1명에게 축구화(랜덤박스)를 보내드립니다!
  (※사이즈는 최대한 맞춰서 보내드리나, 원하는 사이즈를 못 받으실 수 있습니다)
 
2. 댓글을 달아주신 분들중 1분께 추첨을 통하여 고알레 논슬립 삭스를 드립니다!
    당첨자는 5월18일 고정댓글을 통해서 알려드립니다!
 
 
고알레 쭉쭉 팬츠 펀딩 참여하기👉 https://bit.ly/3cXPVgL
 
감독님들이 입은 유니폼이 궁금하시다면!
고알레 스마트스토어 https://bit.ly/39WB3xM",17개
4,링크의분노,집에서 항상 해야지~ 해야지~ 하는데 정작 집에 가면 누워 버리고 배달음식 시켜먹는 제자신이 부끄럽네요 ㅠㅠ. 이번엔 그래도 공이라도 발로 터치해봤습니다. 저를 움직이게 해준 고알레 고마워용!!,1개
5,장성일,드디어 고알레에서 가장 좋아하는 형일이형이...!ㅠㅠㅠㅠㅠ 완전 기다렸어요 열심히 할게요!!!,3개
6,이정우,항상 좋은 정보들 감사합니다!! 실력향상되도록 열심히 연습해야겠네요ㅎㅎ,1개
7,축구선수,"아 진짜 형일이형 










이렇게 좋은 운동을 가르쳐주면 너무 좋자나",2개
8,류성민,집에서 다라하다가 아랫집에서 올라왔습니다....,1개
9,해리포터,"GoAle형님들 영상보고 배운 개인기를 사용하여 어제 축구할때 10골이나 넣었습니다
감사합니다!! 앞으로도 알찬 영상 기대할게요!!",1개
10,오준택,형일이형 수비 너무 멋져요ㅠㅠ,2개
11,sitohoo,"형일이형 !
혹시 찾아보니 나보다 동생이네
그래도 나보다 축구 잘하면 형이지~
한 수 배우고 갑니다 !
고알레 화이팅",3개
12,sangsunPark,"어제(5/10 일) JTBC3 K리그 개막 특집 다큐-THE RIVAL 동해안 더비 포항 vs 울산 영상에서 김형일감독님 인터뷰하는 모습 봤는데, 고알레 영상에서 감독님 모습을 보니 넘 신기합니다~~ 앞으로 좋은 영상 기대하겠습니다.",2개
13,짱구,수비수가 공격수 잘 가로채는 감각연습도 알려주세요ㅠㅠ,1개
14,son,고알레 영상 도움이 많이되서 좋아요^^ (시작때부터 보고 있어요.지원받아서 영상찍어서 편집해서 올리실 때부터.....),1개
15,송태권,논 슬립 영상 꼭 가지고싶으여ㅠㅠㅠ,0개
16,트와이스포에버,"와...키 진짜 크다 ㄷㄷ!
역시 축구선수는 피지컬이 장난 아니구나",0개
17,한비,형일이형~~~,1개
18,정민우,"여기서 한수 배우고 갑니다 고알레님들 
항상 즐축 하시길 ㅋ",1개
19,진기숙,나도 형일이형처럼 축구 잘하고 싶으니까 이거라도연습 해야지,1개
20,김구너,간지나네 형.. 그런데 60초 운동시간은 지켜줘.. ㅋㅋㅋㅋㅋㅋㅋㅋㅋㅋㅋㅋㅋ,0개
21,JoJohnny,3번째 응용동작은 너무 어렵네요ㅠㅠ,0개
22,BayernFan,형일이형 완전 잘생겼어ㅜㅜㅜ,0개
23,동꾸준,형일이형~,1개
24,김하영,형일 형님 항상 응원합니다 잘 보고갑니다,1개
25,부천축덕,저는코로나19라도 축구하고있는데요 혼축이요ㅋㅋㅋㅋ,1개
26,남기원,진짜 선수는 태부터가 다르구나... 잘 배워서 유용하게 사용할게요! 감사합니다!,0개
27,청엄청,처음에보고 호형인줄 알았다ㅋㅋ,0개
28,김준우,홈트레이님 계속 보고 따라하다보니 축구를 더 하고 싶어서 미치겠네요ㅠ,1개
29,김민제,형일이형 쪼금 힘들어보네여... ㅋㅋ 힘내세용 ㅎㅎ,1개
30,SEONUHIM,논슬립 신고나가서 축구화신다 손가락 찢어질뻔ㅋㅋㅋㅋㅋ,0개
31,임세준,"형일이형 ㅎ 너무 좋아여 ㅎ

축구도 잘하시고 멋지고 ㅎㅎ 잘 배우고갑니다👍👍👍",0개
32,GKC,이런 영상 너무 좋네요ㅎㅎ 집에서 할게 없는데 너무 도움 되네요ㅎㅎ,0개
33,차차호그,양말 가지고 싶어요 ㅠㅜㅜ,0개
34,한창희,혼자 훈련하기 너무 힘들어요 ㅠㅠ,1개
35,매애앵구우,매주마다 알려주시는 분이 달라서 자세와 스타일이 각각 달라서 그걸 보는 재미도있네요!!😁😝,1개
36,조재원,이걸로 기본을 다져서 꼭 실전에서 써먹도록 하겠습니다 고알레화이팅!!,1개
37,이성주,"형일이형 부드러운 드리블 멋있습니다 연습하겠습니다!! 
고알레 파이팅!!",1개
38,박코공,요즘 축구 너무 하고싶은데 다양한 컨텐츠 해주셔서 너무 집안에서도 재밌어요 ><,0개
39,ArtisticMJ,"형일이형 엄청 잘 알려주시네요👍






슈팅은 저렇게하는거군요.",2개
40,이동현,좋은 영상 감사합니다!!,0개
41,아이린팬,형  너무 좋아 더 많이 올려줘,0개
42,김춘삼,내가하면 저렇게 가볍게 안되냐...ㅋㅋㅋ,0개
43,현탁,와 저 양말 디게 쫀쫀할듯 ㅋㅋㅋㅋㅋㅋ,0개
44,박건우,글고 형일이 형 올만에 나왔넹ㅎㅎ,0개
45,Asxpz,형ㄴ 넘 잘생겻어!!,0개
46,유정우,형 저 전북찐팬이예요~~좋은강의 잘배우고 갑니다,1개
47,비갈TV,와우!,1개
48,정민우,하늘에서 ~~고알레가~ 내려~와요~~,1개
49,족구하는남자,김형일 선수님 너무 멋지세요 ^^ 화이팅,0개
50,축팬TVFM,"진짜 논슬립 삭스 갖고싶어요 ㅠㅠㅠ
한번도 당첨되본적없러용 유일하게 유튜브 구독하는게 2개잇는데 그중에 하나가 고알레입니당ㅇ 당첨되게 해주세요🤟🤙",0개
51,T봉황,형일감독님은 보여주는 모습이 넓은 운동장에서 미친듯이 뛰고 싶은 욕망을 억누르고 있는게 느껴집니다 ㅎ,1개
52,이은찬,좋은 팁 감사합니다!,0개
53,이이창욱,"진짜 주나요 이거,,? ㅎㅎ",0개
54,양희민,논습립신고싶어요ㅠㅠ,0개
55,공운독,좋은영상 감사합니다,0개
56,상종TV,영상 잘 봤습니다,0개
57,킹구리,잘봤습니다ㅎㅎㅎ,0개
58,이호준,새로운 머리 스타일 시원해보이고 잘 어울리세요 ㅎㅎ,1개
59,괴도키드1412,집에서 할수있는 수비도 알려주세요 ㅠㅠ,0개
60,김동규,"아 이거 보니까, 어제 풋살하고 와서 오늘 쉬어줘야 하는데, 또 연습하러 가고 싶네요 ㅋㅋ",0개
61,JooHwanNa,부천에 오셨을때 너무 좋았는데 고알레에서도 보니 너무 좋네요.ㅎㅎ,0개
62,동꾸준,코로나 물러가라~,1개
63,FantaCider,꿀팁 감사합니다,0개
64,황체스터유나이티드,피지컬뭐야ㄷㄷ...,0개
65,최민준,형일이형 제 롤모델이십니다ㅜㅜ,0개
66,JunhoYoun,코로나 끝나고 얼렁 축구 차고 싶어요~,0개
67,김영웅,열심히 해보겟습니다 감사합니다 !,0개
68,김동혁,따라해봐야겠네여~~,0개
69,이지민,키는 개 큰데 얼굴은 작아 ㅗㅜ 너무 멋있고,0개
70,둘이서산다,잘생겼다~,0개
71,강민규,역시 형일이형~ 열심히 따라하겠습니다ㅎ,0개
72,박샷,덕분에 요즘에 집에서 혼축중 입니다 ㅎㅎ,0개
73,허원준,키도 크고 미남 ㄹㅇ 모델형 축구선수,0개
74,재용킥킥킥,저 축구부인데 논슬립 양말 갖고싶어요 축구화도ㅎㅎ,0개
75,김건우,하...오늘 축구하기로 했는데 비가;;;;,1개
76,축구잘하고싶당,항상 영상 잘 보고있습니다 저도 빨리 공차러 나가고 싶넹요ㅠㅠ,0개
77,박준현,저 신청했어요~,0개
78,오윤기쌤,너무 멋있어요!!! 열심히 따라할게요 ㅎㅎ,0개
79,1별해도괜찮아,이거하고 컨트롤 늘었네요 감사합니다!,0개
80,정상호,"형일이형 앞으로 부상 당하지 말고 자주 나와주세요ㅠㅠ
고알레 화이팅!!",0개
81,김지호,와 진짜 전부터 생각했는데 형일이형 딱 볼때 되게 듬직해 보이는데 수비하는 거 보면 진짜 ㄹㅇ 듬직 그자체..이렇게 알려주시니 볼 때마다 유익합니다👍👍,0개
82,미미,운동하고 싶었는데 홈트 굿,0개
83,r쭌,빨리 코로나 끝나서 다함께 모여 훈련 하고 싶네요 ^^고알레 화이팅ㅎ,0개
84,유도우,기본기에 꼭 필요한 영상이네요 감사합니다~~^^,0개
85,진기숙,고알레 형일이형 기다렸어요.,1개
86,동꾸준,중독팬츠 갖고싶다,1개
87,차차호그,잘생겼어요....,0개
88,박민석,3등우와,0개
89,여포콜여포,간다 근데 뻥이야 ㅎㅎㅎ. 재밌어요. 첨에 걍 봤는데 응용동작까지 보니 쩌네요,0개
90,나윤상,이 영상을 보고 공을 훨씬 더 잘 다룰 수 있게 된거 같아요 감사합니다!,0개
91,김병호,이제 홈트도 감독님들 돌아가면서 찍어주시는건가요!! 오늘도 좋은 영상 너무 감사합니다!!:),0개
92,박진우,피지컬 지린다,0개
93,레피리,이제 까지나온거 앞으로 나올 홈트 계속 따라하면 축구할때 진짜 유용하게 쓸듯~!!,1개
94,이용호,감사합니다 열심히 연습하겠습니다,0개
95,신준수,형일이형 머리 자르셧네요 멋있습니다 !!!!,0개
96,음바페,피지컬 보소 ㄷㄷ 역시 국대출신,0개
97,시또,"아웃사이드 감각도 진짜 중요하군요
매번 좋은 강의영상 감사합니다 🍿",0개
98,InSungLee,"오와~!!
빛이 난다 형일이형🤩🤩",0개
99,RoySeo,드디어 고알레 감독님들 전원등장이네요!,0개
100,박진영,오 기초가 부족했는데 감사합니당,0개
101,이채민,ㅎㅎ,0개
102,류현명,열심히 따라하겠습니다!,0개
103,JaewonBoo,형일이형 오랜만이에요! 수비수 입장에서 수비하기 힘든 드리블 알려주셔서 너무 감사합니다ㅎㅎ 고알레 화이팅!,0개
104,이재준,멋있어요 형일이형 ㅎㅎ,0개
105,손승철,형일이형 왜 점점 회춘함 ㅎㅎㅎㅎㅎ 머리 스타일 바뀌신게 더 잘어울리시는듯! 형일이형 얼굴만 보이는건 나만 구럼?,0개
106,OTL,와 형일이형이 알려준다 필독,1개
107,이재원,나오는거 마다 따라하고있어욥...양말...같고싶다..양말이란♡,0개
108,호준,파이터 형일이 형 살 빠졌어요!,0개
109,도리도리귀여운척,내가 1임,0개
110,HohoLee,양말주세요~~~~,0개
111,축못말협도축구는못말려,전에 형일이 형 실제로 봤는데 포스도 ㄷㄷ하고 키도 크십니다 집에서 할 수 있는 트레이닝 발목핀다는 식으로 꼼꼼하게 알려줘서 도움 되는듯합니다 또 실내 트레이닝 기대할게요!,0개
112,선물,형일이형 사실 축구선수인척 하는 배우지? 너무 잘생겼잖아...,0개
113,최민준,700회,0개
114,JEONGKIBAEK,"삭 삭 삭 삭~
하나 둘 삭삭삭삭삭",0개
115,권오훈,"좋은 동영상 감사드립니다~ 아이들이 집에서 답답했는데, 이 동영상 보여주면서 시켜보니 정말 좋아라 하네요 ㅎㅎ 축구를 좋아하는 아이들에게 참 도움이 많이 되는 기초 훈련인것 같습니다. 고알레 화이팅~",0개
116,김팔자,He is handsome... 부럽다...,0개
117,김대현,이제 공을 찰 수 있네요. 체력이 될지 모르겠네요ㅋ,0개
118,축구스타쭌,자알 생겼다 ㅎㅎㅎㅎㅎㅎㅎㅎㅎㅎ,0개
119,유창선,잘보구갑니다~ 축구마려운데 코로나좀 끝나길,0개
120,박수혁,저도 꾸준히 연습해서 실력이 늘었으면 좋겠네요.,0개
121,kim석현,"형님들 항상 잘 따라하고 있습니다 
확실히 느는 것 같아요 ^^",0개
122,권학재,저번 센터백영상과 같이 이번 훈련도 센터백에게 굉장히 중요할 듯 !!,0개
123,박도원,"하나둘 땅  
잘봤습니다~^^",0개
124,정민민우,"수비수가 알려주는 수비수 자 제치는 특훈 ㅋㅋ 재밌어요 꿀팁
감사욤",0개
125,더콰이엇,고알레 홈트너무좋게따라하고있습니당ㅎ,0개
126,salgooo,쨔스 또 나왔군요.,0개
127,크하하하핫,형님 간지 개쩌네요,0개
128,김은회,축구선수라는 꿈을 늦게 가진 선수들을 위한 팁영상 올려주세용ㅎㅎ,0개
129,동꾸준,고알레 반팔 트레이닝도 예쁘네요,1개
130,김경현,와 진짜 꿀팁이다. 가볍게 제치려다 제 다리를 쳤습니다.,0개
131,,피지컬 좋고 잘생기고 키 커서 모든 여자들이 좋아하겠네요 ㅋㅋ 👍,0개
132,임규민,축구하고 싶은 마음을 고알레로 견디고 있습니다 ㅠ,0개
133,박건우,역시 제일 유익한 축구 채널은 고알레 밖에 없는듯ㅎㅎ,0개
134,심규상,형일이형 훈련 많이 도움될 것 같아요 미리 감사합니당,0개
135,,형일이형 존잘,0개
136,맜있는과자,"gkrchs1@naver.com
축구 매일 봐요",0개
137,송희재,갖고 싶다...논슬립 양말....,0개
138,동꾸준,공은 앞으로 빼서 v자,1개
139,주희준,완전 딱이야,0개
140,Juhyun,다시 축구장에갈때 내실력이 향상되였길,0개
141,에라모르겠다,김형일 선수의 강좌를 볼 수 있어서 영광입니다.감사합니다!!!,0개
142,김민석,한성아,1개
143,여군,아주 꿀 정보네요.,0개
144,한재흥,"축구화를 벗고 맨발로 직접 설명해 주니까 훨씬 이해가 잘 되네요
다음 영상도 기대해 봅니다 ~~",0개
145,축구,"형일이형 땀나면
잘생김",1개
146,정종익,코로나19 때문에 집에 있어야하는 힘든 상황에도 좋은 정보를 주실려고 하시는 형일이형 ㅠㅜ 화이팅.!,0개
147,ZAZA,오빠랑 축구 자주했는데 요즘 못하고 있어서 혼자 이거 매주 따라하고 있어요ㅎ 오빠놈 놀 때 칼 가는 중 두고봐라,0개
148,JaewookSim,형 이거 따라하다가 이랫집에서 올라왔네 ㅠ,0개
149,흑형,열심히 하겠습니당,0개
150,규동,바로 할게요,0개
151,김재선,역시 형일이형 나올줄 알았어,0개
152,핑구,바닥에 깐 매트뭐에요?,0개
153,떵김,1빠,0개
154,도형,1빠,0개
155,KimShinYoung,미국이라 축구도 못하고 집에 갇혀 있는데 ㅠㅠ 넘 도움이 되네요! 감사합니다 빨리 축구하고싶네요,0개
156,핸슥,형일형님 볼 때 마다 09년 포항 트레블 순간이 생각나서 기분이 좋아져요ㅎㅎ지는게 어색한 포항축구...👍🏻,0개
157,채윤준yoonjun,정말 도움이 되는 것 같아요 앞으로도 계속 할게요,0개
158,polkor,"국대 출신 형일 옹 
꾸준히 연습하겠습니다",0개
159,승훈,요즘 축구 얼굴로하나봐요...축구 못하겠네,0개
160,이건우,형일이형 포항시절부터 팬이였어요 은퇴하시고 나서도 이렇게 한국축구발전에 기여하시난거 정말 존경합니다!! 항상 좋은 영상 올려주시는 고알레 응원합니다!,1개
161,mgc,축구 못나가서 홈트만 열심히 하고 있는데 실축에서도 많이 늘었을지 궁금합니다... 저는 처음 홈트할 때보다 많이 늘었다고 느끼네요 ㅎㅎㅎ,0개
162,김규연,댓글,0개
163,이동현,형님들 영상 보냈어요.계속 홈트로 꿀팁 얻어가서 정말 감사드립니다.홈트 컨텐츠 앞으로도 계속 있기를 바라며 영상을 보내고있습니다.,0개
164,이제철,몇일전에 형일님 k리그 인터뷰 봤는데 멋졌어요...실전에서 유용한 드리블이네요...감사합니다~~~,0개
165,축구선수가되고싶은자,몸싸움 잘하는 방법도 알려주세요,1개
166,한성민,이거 좀 많이 어렵네요,0개
167,박형인,다음 주에 축구 잡혔는데 그 전까지 이거 연습해둬야 겠네요 ㅎㅎ 고알레 화이팅!!,0개
168,김찬수,존잘이네요 정말,0개
169,차차호그,이승우선수가형일선수 조심하라고 했는데 ㅎㅎ,0개
