﻿,youtube_id,comment,like_num
0,권권,"힘콩님 혹시나 나중에 시간 되시면 힘콩님 인생 이야기 한 번 제작해 주시면 안됩니까??
물론 옛날에 어떤 강연 프로그램에 나가셔서 이야기 하신 것도 봤지만 더 듣고 싶습니다..",6개
1,시골남자힐링운동countrymanfitness,0:35 0:35  미역국에 고기 대박 많네요. 저 정도면 닭가슴살 100g은 될 듯.,5개
2,히팝,0:33 다들 청약드세요,2개
3,SJL,밥을 식판에?? 설겆이 줄이려는 생활의 지혜인가?,1개
4,갓땜빵,그만 먹어 돼지야♡,4개
5,zuzuvivid,식판 개웃기네 진짜 ㅋㅋㅋㅋ,0개
6,당일,다음엔 무편집 풀버전으로 올려주세요!,1개
7,아임뚜꾹,형님 철봉 문의로 페메 보냈는데 읽어주세요🙂🙂,1개
8,Teamcross,미역국 엄청 맛있어보여요ㅎㅎ,1개
9,김우진,진짜 짐승 역시 킹콩 ㄷ,0개
10,savior9317,펠리컨ㅋㅋㅋㅋㅋㅋ,0개
11,앙기모리,형님 아직 멸치시네요.,1개
12,쉬운이름,우리귀여운 애기♡,1개
13,조창래,왜 메추리🔥알 3개를 남긴 것이지? 무슨 의미인 것이지? 레바불러와,0개
14,내차에타바,실제로보면 잘생기고 얼굴이 진짜 작아요  젠틀해요!!!!!!!,0개
15,야채쏭,"혹시...  제가 밴드 11개월정도에샀었는데
밴드가 끊어져서그러는데 밴드만 따로구입할수있나요?ㅜㅜ 연두색ㅜㅜ",0개
16,잠자리채와잠자리,저 살찌고 싶고해서 밥도막 3에서5공기먹고 운동도 턱걸이 앞뒤로 16개  할정도로 키웠는데 살은 아직도 50키로입니다 어떻게 하면 좋을까요??,0개
17,세일미,맛있게먹고 재미있게 운동하자♥,0개
18,이정도,2년전 대학교 강의오셨을때 봤는데 ㄹㅇ 생각보다 얼굴 작고 단단한 괴력몬같이 생기셨음ㅋㅋㄲ끝나고 집가는길에 우연히 보게됫는데 차가 간지나서 차타는 모습이 더 멋졌던 기억이 남네요,0개
19,김태민,힘콩형님 힘콩밴드 세트 사려고 고민중인데 고시원에서 사용이 가능할까?,0개
20,곤충이,필콩,0개
21,영통닭강정,gym승,0개
22,bsp,김치전  맛있어 보여요  ㅎㅎ,0개
23,우고,힘콩님 얼굴도 생각보다 많이 갸름(?)하시고 몸이 진짜진짜 좋으세요 그래서 얼굴이 더 작아보이는 효과도 있는거같아요 ㅋㅋㅋㅋㅋ 아 물론 실제로 본적은 없습니다^^7,3개
24,송진섭,이 형 요즘 조회수 안나오나보네 재미도 의미도 없는 2분짜리 영상 올리는거보니,0개
25,장경태,힘콩님 갑자기 뜬금없지만 푸쉬업바 놀때 그냥 일직선으로 놔요 아니면 대각선으로 놔요?,0개
26,NoName,힘콩님 집에냉동고 추가로 있는거 보고 저도 냉동고 추가로 구매할 생각을 처음으로 했습니다. 꽤 도움됐네요.,0개
27,현한,"힘콩형 실제 청라에서 만나서 사진찍었는데
얼굴은근작고 몸큼",0개
28,JSAHN,개미다리,0개
