﻿,youtube_id,comment,like_num
0,재미어트,"안녕하세요 힘콩입니다~!
체다운 신청자가 많아 보다 더 정확하고 많은 정보 공유와 피드백 동기부여를
드리기 위해 참가 신청서를 아래 링크와 같이 요약하였습니다~!
●체다운,체다식 신청 링크▶https://forms.gle/N4jGRFzcA3qU7viA8
보다 더 현실적인 조언과 피드백 동기부여를
드리기 위해 점점 더 거침없이 잔소리를 해드릴 테니
다소 번거로우시더라도 꼼꼼히 적어서 주시면 감사하겠습니다~!
.
체다운 - 운동 동기부여
체다식 - 잘못된 식습관 등의 문제점 찾아 냉정히 귓구녕에 피딱지 지도록 잔소리 해드림
.
전 국민이 재미어트 하는 그날까지~!!
더 좋은 잔소리를 고민해서 귓구멍에 피딱지가 지도록
해드리겠습니다~!!
.
절대 포기하지 마시고,
시작이 반이 아니라. 시작은 시작입니다.
운동은 기간을 정해 끝내는 게 아니고
습관을 만드는 게 중요합니다~!",0개
1,석정훈,형 고정댓글에 체다운 신청 링크(?)같은게 없어 어트케해야하지 체다은 신청하고싶은데ㅠ,7개
2,오제훈게임못하는사람,형 오늘 철봉 왔어요 안해보던거 하려니까 정말 힘들더라고요 형 영상 보면서 운동하고 꼭 형처럼 멋진 몸 만들께요 응원해주세요 !!,41개
3,공부와무관한영상에서보면욕을해주세오,분명 운동 했는데 뭔가 편안한 이상한 기분이 느껴지면 몸이 안크는 거 같아요.,2개
4,이22,몸매가... 광배없는 이소룡 느낌...?,2개
5,성원,책가방에 책이나 아령넣고 중량 풀업 푸쉬업ㄱㄱ,3개
6,ghg,운동강도가 딱 그정도인거임  몸은 비슷한 운동강도는 적응해버려서 딱 그정도만 성장하고 말아버리지 매일 토할때까지 하면 무조건 큰다,52개
7,이한빈,힘콩님 저 지금 체다운 신청 보냈습니다 !,2개
8,성장기,학생의 고민에 대해서 정말로 정성스럽게 답변을 하는 모습을 보고 멋있다고 생각했습니다 굿굿,1개
9,김지호,저도 고2에 헬스2년돼가는데 비슷한분이 신청해줘서 저에게도 도움이많이 된거같습니다 감사합니다. 콩콩이형 화이팅!,5개
10,이상민,홈트할려고  오늘 닥치고 힘콩철봉 질럿습니다  유느님!!,1개
11,강영숙,형 저 제보 체다형 제보했어여 꼭봐주세여. ㅠㅠ,1개
12,강태웅,형님 영상 오늘도 챙겨봤습니다 오늘도 정말 좋은 피드백과 정확하게 얘기해주시네요~ 저도 신청했는데 피드백 부탁드립니다....,1개
13,쿠팡,하나   ~~~ (아오 겨털  내눈) 둘  ~~~ (아악  내눈) ㅋㅋㅋㅋㅋ  운동해볼게요 자극영상 잘보다갑니다,1개
14,민돌이,정답 : 중량,25개
15,허언증끝판왕,이번엔 힘콩형 진짜 좋았다,6개
16,성주환,필콩!,0개
17,DD,화이팅!,1개
18,김우진,역시 대표 새kki,0개
19,BLK,"펙트: 몸이 성장 덜딘이유 너가 열심히 안해서 그런다.더열심히해
벌크업:먹는양이 올라가면 운동수행능력 도 같이 올려줘라.",13개
20,휴지의꿈,나인제트 티 보내주는거 부럽당....ㅠㅠ,0개
21,곤충이,필콩,0개
22,취미땡이,굿,0개
23,머루츄,벌크업 현재진행중..?,0개
24,김민철,뭐야뭐야 나눠져있어,0개
25,배주현,불균형이 생겨도 계속 하란말인가요? 대답해주세요,1개
26,김성마,벌크업하고 커팅하기가 힘들다던데..,0개
27,,확실히 다이어트해서 체지방 한번 쫙 뺀다음에 벌크시작하면 먹는족족 몸이 쪽쪽 빨아들이는 느낌이 없지않아 있음ㅋㅋㅋㅋ,0개
28,맨몸운동,형나도 고딩이야.. 요즘고딩들 다탈인간이여...😭,0개
29,또라이,깜찍이 형,0개
30,정윤하,"오늘 복근운동 했는데 끝난 직후에
복근이 타들어가고 엄청아픈데 근육통인가요?",0개
31,조성빈,체다운 신청 어떻게 해요?,0개
32,17번정여민,진심으로 내애기네 몸하고 나이하고 진짜 ㄷㄷ 너무공감됏다 형앞으로도 ㅎㅇㅌ,0개
33,클램,나도운동1년했는대 변한게없음,0개
34,사천,혹시 이런 피드백은 어디다가 올려서 힘콩형님이 보실 수 있나요?,0개
35,옹레,오른쪽 어깨에 힘이 안들어갈때는 어떻게 해야되나요??,0개
36,수박,ㅎ,0개
37,멸치탈출75kg,진짜 벌크업은 말하신대로 힘콩형님이 말하신대로 많이 자주 먹는게 중요해요 저는 살찌울라고 진심 하루 6끼씩 먹었습니다 ㅎㅎ,0개
38,가방,매일운동하는데 왜 1주일쉬어야하나요?,0개
39,남김군,"나랑 비슷한 사례네 난 176에 59였고 11개월 꾸준히 했고 6개월전 66kg에서 정체기온뒤로 5개월간 1kg도 안 늘음
지금은 2분할로 나눠서 한곳 집중적으로 조지는 식으로 루틴이랑 강도를 바꿈. 변화가 생기겠지?",2개
40,전해찬,와 왜케멋있냐,0개
41,두운,여러명도 아니고 한명에게 이렇게 좋은 조언을 해주시는게 정말 멋집니다.,0개
42,클램,운동경력1년임,0개
43,ColbyCov,난줄알았다,0개
44,LEMON,벌크업=뻘컵,0개
45,,"솔직히 양쪽 밸런스는 생길수밖에 없음
우리가 양손잡이가 아닌이상 자주 쓰는 손으로 생활 했기때문에 자주쓰는 손이 힘이 더 가는게 정상임 그래서 운동할때 나도모르게 자주쓰는손 힘이 더 들어가게됨",1개
46,,우리 몸은 횟수가 아니라 무게로 성장한다,0개
47,꼬마,아진이 누나 하체 운동영상좀..,2개
48,김홍원,"5×5 스트렝스 훈련 점진적 과부화 빡시게 해서 60 -> 68 약 8~9개월
키는 180.5 
정답은 중량이다...",0개
49,기모취,응 코로나,0개
50,김지원,완전 나랑똑같네 집에서만 운동하는데 근육 잘 안큰지도 좀 된거같고 비대칭도 좀 있고,0개
51,찹쌀모찌,그렇구나..너무 안먹어서 내가 운동을 매일매일 꾸준히 해도 몸이 커지질 않았구나 ㅅ발 ㅠㅠㅠㅠㅠ 닭가슴살만 사이사이 간식으로 먹어야겠다 헹,0개
52,박준혁,얼굴 크기 궁금하다,0개
53,잣간지,힘콩형이랑...얘기못하겠다,0개
54,김성마,몸이 나랑 비슷하지만 몸무게는 내가 아래인데 왜 더 작아보이지..?,0개
55,박찬웅,누구나 변할 수 있다는 메세지를 전달하려고 항상 노력하는 힘콩 형님 멋있습니다!!,0개
56,이성관,이형 안본사이에 몸이 왜케 뭉게졌나요ㅠㅠ,3개
57,senulyt,"발음이 약간 안좋으신거같아요
식슥깐이라고들리곸ㅋㅋ",3개
58,21,썸네일 몸이랑 힘콩 몸이랑 별반 차이없이는데..,0개
59,바르셀로나,힘콩님은 몸이왜맨날 똑같음??   군대에서 힘콩님 처음알게됫는데 4년전인데..지금도 몸이 비슷,4개
60,박진영,형 피드백 받고싶은데 어디로 문의드리면 될까요?? 형의 피드백을 꼭듣고싶습니다! 영상 잘조고있습니다 항상 화이팅!,0개
61,JAVA자전거,근육성장속도 저거 인정함 나도 오른쪽 가슴만 자극오고 왼쪽은 안왔는데 어느날부터 점점 자극오기 시작함,0개
62,도시현,"맨몸운동은 처음에 변화가 빠른데 나중에되면 중량 채우지 않는 이상 변화못함 ㅇㅇ
푸쉬업 백개씩 하던 사람이 벤치하면서 8~12회로만 엄청난 펌핑과 자극을 느끼면 뽕맛오짐",1개
63,한걸음,매일 토할때까지 하면 오버트레이닝 오니까 볼륨 값 설정해서 차근차근 올려보세요,0개
64,클램,나도173에60kg개멸치 고2임,1개
65,loadjjang,179  81인데 벌크업 하고 싶은데 힘드네요 매일 3키로가 워밍업 입니다 습관이 무서운지라 ㅠ 안하면 쑤십니다 쇠질만할까요? 유산소가 문제입니까 ? 쇠질만하고 유산소 하지 말까요? 90까지 키우고 쉽습니다 쇠질후 유산소 순서바꿔서 유산소후 쇠질 바꿔도 90까지 안크네요,0개
66,피카츄,힘콩님 저도 정체기가 와서 말씀대로 운동을 쉬어볼려고 하는데 1주면 적당할꺼요?,0개
67,장원우,1,1개
68,한윤규,와 어떻게 나랑 아예 똑같냐;;고2에 173 60,0개
69,KHK,근육 볼륨 맨몸 10년=고중량 헬스 3년=스테로이드 6개월,0개
70,거임,나는 172에 61키로인데 왤케  넓적하고 뚱뚱하지 뭐지 ㅠ 운동은 계속하고있긴한데 나도마르고싶다앙,0개
71,Dope지훈tubeLee,초보자가 근육이 커지게 할려면 자기가 들수있는 고중량을 8개할수있는 무계로 안정된자세로 해야되고 천천히 피라미드 식으로 중량을 올리면서 속근까지 올리면서 해야되고 3세트이상 해줘야된다고 생각합니다 무조건 고중량을 해야지 근육이 잘커집니다 그리고 충분히 48시간 휴식취하고,0개
72,조동현,"저는 몸이 변하지 않는 이유가 체중이 늘지 않아서 입니다. 많이 드세요. 운동만 한다고 몸이 변하지 않아요. 제 경험이지만 173
60kg면 멸치입니다. 탄수화물 많이 드세요. 단백질만 많이 먹는다고 몸이 좋아지지 않아요. 제 2년전 몸무게가 60kg이었는데 지금 몸무게는 73-75kg 왔다갔다합니다. 복근 다 보이구요. (아랫배 제외)) 많이 성장했다는 느낌을 받습니다. 몸무게가 갑자기 급격히 늘었지만 그만큼 중량도 팍팍 늘었습니다. 몸무게가 늘어난 만큼 더 무겁게 드셔야 합니다. 몸무게가 늘어난 만큼 중량이 늘어도 들어지더라구요.  중량이 늘지만 관절도 안 좋아지기 시작하는데요. 그때는 휴식을 조금 더 늘리시구요. 선수할거 아니면 일주일에 3-4일만 하세요. 관절 진짜 중요합니다. 지금 3년차인데 재밌어서 10년 뒤에도 계속 할 생각입니다.",0개
73,전민영,힘콩형 체지방이 18%정도 되는데 복근운동을하면 효과가 있을까요? 다이어트도 같이 병행하고 있긴한데 잘 모르겠어요,0개
74,김태현,저 친구 사연이랑 똑같은 상황이네요 군대가기전 175 53이었는데 군대에서 처음 운동해가지고 반년에 걸쳐 62키로까지 늘렸다가 그 이후 1년동안 61~62을 계속 유지중이에요. 하루 2끼먹던거 3끼로 늘리고 닭가슴살도 하루에 한두덩이씩 먹었지만 너무 무리였는지 바로 체해서 2키로씩 빠져버리고 이거때문에 끼니를 늘리기가 너무 무서워졌어요. 또 체해서 몸무게 감량될까봐요. 그래도 영상보고나니 다시한번 도전해보려고합니다. 도움 많이됐어요 감사합니다,0개
75,보노보노,헬스장 핑계 대면서 운동 안하는 생키들 이거 보고 반성 좀.,1개
76,김성우,여기서 청소년분들이 근성장 속도가 더딘 이유는 청소년분들은 성장을 할시기입니다.근성장을 할 시기가 아니고요. 때문에 몸에 필요한 적당한 운동은 근육을 붙여주는게 아닌 성장에 도움이 갈겄입니다(다리운동은 제외입니다.키성장에 방해를 줄수 있습니다.키 많이 크고 싶으신 청소년분들은 다리운동을 삼가해주세요.한가지 더!몸이 버틸수 없을 정도의 급식한 운동은 키성장을 방해 시키고 부상을 줄수 있으니 조심해주세요.).청소년분들!근육이 잘 안 붙는다고 걱정하지 마세요!다 키가 잘 크고 있다는 증거 입니다!!,0개
77,성근김,몸이 진짜 안좋으신데 어떻게 헬스유튜버 하시는지...,0개
